,file,start_time,end_time,Cheer,A,Check,B,K,C,Chits,M,Growl,D,J,O,I,F,G,H,E,N,L
20,/mnt/class_data/Shelby/One_Minute_Audio/AZ02_Trial_2_trim.WAV,0.0,3.0,False,False,False,False,True,False,False,False,False,False,False,False,False,False,False,False,False,False,False
21,/mnt/class_data/Shelby/One_Minute_Audio/AZ02_Trial_2_trim.WAV,3.0,6.0,False,False,False,False,False,False,False,False,False,False,False,False,False,False,False,False,False,False,False
22,/mnt/class_data/Shelby/One_Minute_Audio/AZ02_Trial_2_trim.WAV,6.0,9.0,True,False,False,False,False,False,False,False,False,False,False,False,False,False,False,False,False,False,False
23,/mnt/class_data/Shelby/One_Minute_Audio/AZ02_Trial_2_trim.WAV,9.0,12.0,True,False,False,False,False,False,False,False,False,False,False,False,False,False,False,False,False,False,False
24,/mnt/class_data/Shelby/One_Minute_Audio/AZ02_Trial_2_trim.WAV,12.0,15.0,False,False,False,False,False,False,False,False,False,False,False,False,False,False,False,False,False,False,False
25,/mnt/class_data/Shelby/One_Minute_Audio/AZ02_Trial_2_trim.WAV,15.0,18.0,False,False,False,False,False,False,False,False,False,False,False,False,False,False,False,False,False,False,False
26,/mnt/class_data/Shelby/One_Minute_Audio/AZ02_Trial_2_trim.WAV,18.0,21.0,False,False,False,False,False,False,False,False,False,False,False,False,False,False,False,False,False,False,False
27,/mnt/class_data/Shelby/One_Minute_Audio/AZ02_Trial_2_trim.WAV,21.0,24.0,False,False,False,False,False,False,False,False,False,False,False,False,False,False,False,False,False,False,False
28,/mnt/class_data/Shelby/One_Minute_Audio/AZ02_Trial_2_trim.WAV,24.0,27.0,False,False,False,False,False,False,False,False,False,False,False,False,False,False,False,False,False,False,False
29,/mnt/class_data/Shelby/One_Minute_Audio/AZ02_Trial_2_trim.WAV,27.0,30.0,False,False,False,False,False,False,False,False,False,False,False,False,False,False,False,False,False,False,False
30,/mnt/class_data/Shelby/One_Minute_Audio/AZ02_Trial_2_trim.WAV,30.0,33.0,False,False,False,False,False,False,False,False,False,False,False,False,False,False,False,False,False,False,False
31,/mnt/class_data/Shelby/One_Minute_Audio/AZ02_Trial_2_trim.WAV,33.0,36.0,False,False,False,False,False,False,False,False,False,False,False,False,False,False,False,False,False,False,False
32,/mnt/class_data/Shelby/One_Minute_Audio/AZ02_Trial_2_trim.WAV,36.0,39.0,False,False,False,False,True,False,False,False,False,False,False,False,False,False,False,False,False,False,False
33,/mnt/class_data/Shelby/One_Minute_Audio/AZ02_Trial_2_trim.WAV,39.0,42.0,True,False,False,False,False,False,False,False,False,False,False,False,False,False,False,False,False,False,False
34,/mnt/class_data/Shelby/One_Minute_Audio/AZ02_Trial_2_trim.WAV,42.0,45.0,True,False,False,False,False,False,False,False,False,False,False,False,False,False,False,False,False,False,False
35,/mnt/class_data/Shelby/One_Minute_Audio/AZ02_Trial_2_trim.WAV,45.0,48.0,False,False,False,False,False,False,False,False,False,False,False,False,False,False,False,False,False,False,False
36,/mnt/class_data/Shelby/One_Minute_Audio/AZ02_Trial_2_trim.WAV,48.0,51.0,True,False,False,False,False,False,False,False,False,False,False,False,False,False,False,False,False,False,False
37,/mnt/class_data/Shelby/One_Minute_Audio/AZ02_Trial_2_trim.WAV,51.0,54.0,False,False,False,False,False,False,False,False,False,False,False,False,False,False,False,False,False,False,False
38,/mnt/class_data/Shelby/One_Minute_Audio/AZ02_Trial_2_trim.WAV,54.0,57.0,False,False,False,False,False,False,False,False,False,False,False,False,False,False,False,False,False,False,False
39,/mnt/class_data/Shelby/One_Minute_Audio/AZ02_Trial_2_trim.WAV,57.0,60.0,False,False,False,False,False,False,False,False,False,False,False,False,False,False,False,False,False,False,False
40,/mnt/class_data/Shelby/One_Minute_Audio/AZ02_Trial_3_trim.WAV,0.0,3.0,True,False,True,False,False,False,False,False,False,False,False,False,False,False,False,False,False,False,False
41,/mnt/class_data/Shelby/One_Minute_Audio/AZ02_Trial_3_trim.WAV,3.0,6.0,True,False,True,False,False,False,False,False,False,False,False,False,False,False,False,False,False,False,False
42,/mnt/class_data/Shelby/One_Minute_Audio/AZ02_Trial_3_trim.WAV,6.0,9.0,True,False,False,False,False,False,False,False,False,False,False,False,False,False,False,False,False,False,False
43,/mnt/class_data/Shelby/One_Minute_Audio/AZ02_Trial_3_trim.WAV,9.0,12.0,True,False,True,False,False,False,False,False,False,False,False,False,False,False,False,False,False,False,False
44,/mnt/class_data/Shelby/One_Minute_Audio/AZ02_Trial_3_trim.WAV,12.0,15.0,False,False,True,False,False,False,False,False,False,False,False,False,False,False,False,False,False,False,False
45,/mnt/class_data/Shelby/One_Minute_Audio/AZ02_Trial_3_trim.WAV,15.0,18.0,True,False,True,False,False,False,False,False,False,False,False,False,False,False,False,False,False,False,False
46,/mnt/class_data/Shelby/One_Minute_Audio/AZ02_Trial_3_trim.WAV,18.0,21.0,True,False,True,False,False,False,False,False,False,False,False,False,False,False,False,False,False,False,False
47,/mnt/class_data/Shelby/One_Minute_Audio/AZ02_Trial_3_trim.WAV,21.0,24.0,True,False,True,False,False,False,False,False,False,False,False,False,False,False,False,False,False,False,False
48,/mnt/class_data/Shelby/One_Minute_Audio/AZ02_Trial_3_trim.WAV,24.0,27.0,True,False,True,False,False,False,False,False,False,False,False,False,False,False,False,False,False,False,False
49,/mnt/class_data/Shelby/One_Minute_Audio/AZ02_Trial_3_trim.WAV,27.0,30.0,True,False,False,False,False,False,False,False,False,False,False,False,False,False,False,False,False,False,False
50,/mnt/class_data/Shelby/One_Minute_Audio/AZ02_Trial_3_trim.WAV,30.0,33.0,False,False,True,False,False,False,False,False,False,False,False,False,False,False,False,False,False,False,False
51,/mnt/class_data/Shelby/One_Minute_Audio/AZ02_Trial_3_trim.WAV,33.0,36.0,True,False,True,False,False,False,False,False,False,False,False,False,False,False,False,False,False,False,False
52,/mnt/class_data/Shelby/One_Minute_Audio/AZ02_Trial_3_trim.WAV,36.0,39.0,True,False,True,False,False,False,False,False,False,False,False,False,False,False,False,False,False,False,False
53,/mnt/class_data/Shelby/One_Minute_Audio/AZ02_Trial_3_trim.WAV,39.0,42.0,True,False,True,False,False,False,False,False,False,False,False,False,False,False,False,False,False,False,False
54,/mnt/class_data/Shelby/One_Minute_Audio/AZ02_Trial_3_trim.WAV,42.0,45.0,True,False,False,False,False,False,False,False,False,False,False,False,False,False,False,False,False,False,False
55,/mnt/class_data/Shelby/One_Minute_Audio/AZ02_Trial_3_trim.WAV,45.0,48.0,True,False,True,False,False,False,False,False,False,False,False,False,False,False,False,False,False,False,False
56,/mnt/class_data/Shelby/One_Minute_Audio/AZ02_Trial_3_trim.WAV,48.0,51.0,True,False,True,False,False,False,False,False,False,False,False,False,False,False,False,False,False,False,False
57,/mnt/class_data/Shelby/One_Minute_Audio/AZ02_Trial_3_trim.WAV,51.0,54.0,True,False,True,False,False,False,False,False,False,False,False,False,False,False,False,False,False,False,False
58,/mnt/class_data/Shelby/One_Minute_Audio/AZ02_Trial_3_trim.WAV,54.0,57.0,True,False,True,False,False,False,False,False,False,False,False,False,False,False,False,False,False,False,False
59,/mnt/class_data/Shelby/One_Minute_Audio/AZ02_Trial_3_trim.WAV,57.0,60.0,True,False,False,False,False,False,False,False,False,False,False,False,False,False,False,False,False,False,False
60,/mnt/class_data/Shelby/One_Minute_Audio/AZ08_Trial_1_trim.WAV,0.0,3.0,False,False,False,False,False,True,False,False,False,False,False,False,False,False,False,False,False,False,False
61,/mnt/class_data/Shelby/One_Minute_Audio/AZ08_Trial_1_trim.WAV,3.0,6.0,True,False,False,False,False,True,False,False,False,False,False,False,False,False,False,False,False,False,False
62,/mnt/class_data/Shelby/One_Minute_Audio/AZ08_Trial_1_trim.WAV,6.0,9.0,True,False,False,False,False,True,False,False,False,False,False,False,False,False,False,False,False,False,False
63,/mnt/class_data/Shelby/One_Minute_Audio/AZ08_Trial_1_trim.WAV,9.0,12.0,True,False,False,False,False,True,False,False,False,False,False,False,False,False,False,False,False,False,False
64,/mnt/class_data/Shelby/One_Minute_Audio/AZ08_Trial_1_trim.WAV,12.0,15.0,False,False,False,False,False,True,False,False,False,False,False,False,False,False,False,False,False,False,False
65,/mnt/class_data/Shelby/One_Minute_Audio/AZ08_Trial_1_trim.WAV,15.0,18.0,False,False,False,False,False,True,False,False,False,False,False,False,False,False,False,False,False,False,False
66,/mnt/class_data/Shelby/One_Minute_Audio/AZ08_Trial_1_trim.WAV,18.0,21.0,False,False,False,False,False,True,False,False,False,False,False,False,False,False,False,False,False,False,False
67,/mnt/class_data/Shelby/One_Minute_Audio/AZ08_Trial_1_trim.WAV,21.0,24.0,False,False,False,False,False,True,False,False,False,False,False,False,False,False,False,False,False,False,False
68,/mnt/class_data/Shelby/One_Minute_Audio/AZ08_Trial_1_trim.WAV,24.0,27.0,False,False,False,False,False,True,False,False,False,False,False,False,False,False,False,False,False,False,False
69,/mnt/class_data/Shelby/One_Minute_Audio/AZ08_Trial_1_trim.WAV,27.0,30.0,False,False,False,False,False,True,False,False,False,False,False,False,False,False,False,False,False,False,False
70,/mnt/class_data/Shelby/One_Minute_Audio/AZ08_Trial_1_trim.WAV,30.0,33.0,False,False,False,False,False,True,False,False,False,False,False,False,False,False,False,False,False,False,False
71,/mnt/class_data/Shelby/One_Minute_Audio/AZ08_Trial_1_trim.WAV,33.0,36.0,False,False,False,False,False,True,False,False,False,False,False,False,False,False,False,False,False,False,False
72,/mnt/class_data/Shelby/One_Minute_Audio/AZ08_Trial_1_trim.WAV,36.0,39.0,False,False,False,False,False,True,False,False,False,False,False,False,False,False,False,False,False,False,False
73,/mnt/class_data/Shelby/One_Minute_Audio/AZ08_Trial_1_trim.WAV,39.0,42.0,False,False,False,False,False,True,False,False,False,False,False,False,False,False,False,False,False,False,False
74,/mnt/class_data/Shelby/One_Minute_Audio/AZ08_Trial_1_trim.WAV,42.0,45.0,False,False,False,False,False,True,False,False,False,False,False,False,False,False,False,False,False,False,False
75,/mnt/class_data/Shelby/One_Minute_Audio/AZ08_Trial_1_trim.WAV,45.0,48.0,False,False,False,False,False,True,False,False,False,False,False,False,False,False,False,False,False,False,False
76,/mnt/class_data/Shelby/One_Minute_Audio/AZ08_Trial_1_trim.WAV,48.0,51.0,False,False,False,False,False,True,False,False,False,False,False,False,False,False,False,False,False,False,False
77,/mnt/class_data/Shelby/One_Minute_Audio/AZ08_Trial_1_trim.WAV,51.0,54.0,False,False,False,False,False,True,False,False,False,False,False,False,False,False,False,False,False,False,False
78,/mnt/class_data/Shelby/One_Minute_Audio/AZ08_Trial_1_trim.WAV,54.0,57.0,False,False,False,False,False,True,False,False,False,False,False,False,False,False,False,False,False,False,False
79,/mnt/class_data/Shelby/One_Minute_Audio/AZ08_Trial_1_trim.WAV,57.0,60.0,False,False,False,False,False,True,False,False,False,False,False,False,False,False,False,False,False,False,False
100,/mnt/class_data/Shelby/One_Minute_Audio/AZ08_Trial_3_trim.WAV,0.0,3.0,False,False,True,False,False,False,False,False,False,False,False,False,False,False,False,False,False,False,False
101,/mnt/class_data/Shelby/One_Minute_Audio/AZ08_Trial_3_trim.WAV,3.0,6.0,False,False,True,False,False,False,False,False,False,False,False,False,False,False,False,False,False,False,False
102,/mnt/class_data/Shelby/One_Minute_Audio/AZ08_Trial_3_trim.WAV,6.0,9.0,False,False,True,False,False,False,False,False,False,False,False,False,False,False,False,False,False,False,False
103,/mnt/class_data/Shelby/One_Minute_Audio/AZ08_Trial_3_trim.WAV,9.0,12.0,False,False,True,False,False,False,False,False,False,False,False,False,False,False,False,False,False,False,False
104,/mnt/class_data/Shelby/One_Minute_Audio/AZ08_Trial_3_trim.WAV,12.0,15.0,False,False,True,False,False,False,False,False,False,False,False,False,False,False,False,False,False,False,False
105,/mnt/class_data/Shelby/One_Minute_Audio/AZ08_Trial_3_trim.WAV,15.0,18.0,False,False,True,False,False,False,False,False,False,False,False,False,False,False,False,False,False,False,False
106,/mnt/class_data/Shelby/One_Minute_Audio/AZ08_Trial_3_trim.WAV,18.0,21.0,False,False,True,False,False,False,False,False,False,False,False,False,False,False,False,False,False,False,False
107,/mnt/class_data/Shelby/One_Minute_Audio/AZ08_Trial_3_trim.WAV,21.0,24.0,True,False,False,False,False,False,False,False,False,False,False,False,False,False,False,False,False,False,False
108,/mnt/class_data/Shelby/One_Minute_Audio/AZ08_Trial_3_trim.WAV,24.0,27.0,False,False,True,False,False,False,True,False,False,False,False,False,False,False,False,False,False,False,False
109,/mnt/class_data/Shelby/One_Minute_Audio/AZ08_Trial_3_trim.WAV,27.0,30.0,False,False,True,False,False,False,True,False,False,False,False,False,False,False,False,False,False,False,False
110,/mnt/class_data/Shelby/One_Minute_Audio/AZ08_Trial_3_trim.WAV,30.0,33.0,False,False,True,False,False,False,False,False,False,False,False,False,False,False,False,False,False,False,False
111,/mnt/class_data/Shelby/One_Minute_Audio/AZ08_Trial_3_trim.WAV,33.0,36.0,False,False,True,False,False,False,False,False,False,False,False,False,False,False,False,False,False,False,False
112,/mnt/class_data/Shelby/One_Minute_Audio/AZ08_Trial_3_trim.WAV,36.0,39.0,False,False,True,False,False,False,False,False,False,False,False,False,False,False,False,False,False,False,False
113,/mnt/class_data/Shelby/One_Minute_Audio/AZ08_Trial_3_trim.WAV,39.0,42.0,False,False,False,False,False,False,True,False,False,False,False,False,False,False,False,False,False,False,False
114,/mnt/class_data/Shelby/One_Minute_Audio/AZ08_Trial_3_trim.WAV,42.0,45.0,False,False,True,False,False,False,False,False,False,False,False,False,False,False,False,False,False,False,False
115,/mnt/class_data/Shelby/One_Minute_Audio/AZ08_Trial_3_trim.WAV,45.0,48.0,False,False,True,False,False,False,False,False,False,False,False,False,False,False,False,False,False,False,False
116,/mnt/class_data/Shelby/One_Minute_Audio/AZ08_Trial_3_trim.WAV,48.0,51.0,False,False,True,False,False,False,True,False,False,False,False,False,False,False,False,False,False,False,False
117,/mnt/class_data/Shelby/One_Minute_Audio/AZ08_Trial_3_trim.WAV,51.0,54.0,False,False,False,False,False,False,False,False,False,False,False,False,False,False,False,False,False,False,False
118,/mnt/class_data/Shelby/One_Minute_Audio/AZ08_Trial_3_trim.WAV,54.0,57.0,True,False,True,False,False,False,False,False,False,False,False,False,False,False,False,False,False,False,False
119,/mnt/class_data/Shelby/One_Minute_Audio/AZ08_Trial_3_trim.WAV,57.0,60.0,False,False,True,False,False,False,True,False,False,False,False,False,False,False,False,False,False,False,False
120,/mnt/class_data/Shelby/One_Minute_Audio/AZ13_Trial_1_trim.WAV,0.0,3.0,False,False,True,False,False,False,False,False,False,False,False,False,False,False,False,False,False,False,False
121,/mnt/class_data/Shelby/One_Minute_Audio/AZ13_Trial_1_trim.WAV,3.0,6.0,False,False,True,False,False,False,False,False,False,False,False,False,False,False,False,False,False,False,False
122,/mnt/class_data/Shelby/One_Minute_Audio/AZ13_Trial_1_trim.WAV,6.0,9.0,False,False,True,False,False,False,False,False,False,False,False,False,False,False,False,False,False,False,False
123,/mnt/class_data/Shelby/One_Minute_Audio/AZ13_Trial_1_trim.WAV,9.0,12.0,False,False,True,False,False,False,False,False,False,False,False,False,False,False,False,False,False,False,False
124,/mnt/class_data/Shelby/One_Minute_Audio/AZ13_Trial_1_trim.WAV,12.0,15.0,True,False,True,False,False,False,False,False,False,False,False,False,False,False,False,False,False,False,False
125,/mnt/class_data/Shelby/One_Minute_Audio/AZ13_Trial_1_trim.WAV,15.0,18.0,False,False,True,False,False,False,False,False,False,False,False,False,False,False,False,False,False,False,False
126,/mnt/class_data/Shelby/One_Minute_Audio/AZ13_Trial_1_trim.WAV,18.0,21.0,True,False,True,False,False,False,False,False,False,False,False,False,False,False,False,False,False,False,False
127,/mnt/class_data/Shelby/One_Minute_Audio/AZ13_Trial_1_trim.WAV,21.0,24.0,False,False,True,False,False,False,False,False,False,False,False,False,False,False,False,False,False,False,False
128,/mnt/class_data/Shelby/One_Minute_Audio/AZ13_Trial_1_trim.WAV,24.0,27.0,True,False,True,False,False,False,False,False,False,False,False,False,False,False,False,False,False,False,False
129,/mnt/class_data/Shelby/One_Minute_Audio/AZ13_Trial_1_trim.WAV,27.0,30.0,False,False,True,False,False,False,False,False,False,False,False,False,False,False,False,False,False,False,False
130,/mnt/class_data/Shelby/One_Minute_Audio/AZ13_Trial_1_trim.WAV,30.0,33.0,False,False,True,False,False,False,False,False,False,False,False,False,False,False,False,False,False,False,False
131,/mnt/class_data/Shelby/One_Minute_Audio/AZ13_Trial_1_trim.WAV,33.0,36.0,False,False,True,False,False,False,False,False,False,False,False,False,False,False,False,False,False,False,False
132,/mnt/class_data/Shelby/One_Minute_Audio/AZ13_Trial_1_trim.WAV,36.0,39.0,False,False,True,False,False,False,False,False,False,False,False,False,False,False,False,False,False,False,False
133,/mnt/class_data/Shelby/One_Minute_Audio/AZ13_Trial_1_trim.WAV,39.0,42.0,True,False,True,False,False,False,False,False,False,False,False,False,False,False,False,False,False,False,False
134,/mnt/class_data/Shelby/One_Minute_Audio/AZ13_Trial_1_trim.WAV,42.0,45.0,False,False,True,False,False,False,False,False,False,False,False,False,False,False,False,False,False,False,False
135,/mnt/class_data/Shelby/One_Minute_Audio/AZ13_Trial_1_trim.WAV,45.0,48.0,False,False,True,False,False,False,False,False,False,False,False,False,False,False,False,False,False,False,False
136,/mnt/class_data/Shelby/One_Minute_Audio/AZ13_Trial_1_trim.WAV,48.0,51.0,True,False,True,False,False,False,False,False,False,False,False,False,False,False,False,False,False,False,False
137,/mnt/class_data/Shelby/One_Minute_Audio/AZ13_Trial_1_trim.WAV,51.0,54.0,False,False,True,False,False,False,True,False,False,False,False,False,False,False,False,False,False,False,False
138,/mnt/class_data/Shelby/One_Minute_Audio/AZ13_Trial_1_trim.WAV,54.0,57.0,False,False,True,False,False,False,False,False,False,False,False,False,False,False,False,False,False,False,False
139,/mnt/class_data/Shelby/One_Minute_Audio/AZ13_Trial_1_trim.WAV,57.0,60.0,False,False,True,False,False,False,False,False,False,False,False,False,False,False,False,False,False,False,False
140,/mnt/class_data/Shelby/One_Minute_Audio/AZ13_Trial_2_trim.WAV,0.0,3.0,False,False,True,False,False,False,False,False,False,False,False,False,False,False,False,False,False,False,False
141,/mnt/class_data/Shelby/One_Minute_Audio/AZ13_Trial_2_trim.WAV,3.0,6.0,False,False,True,False,False,False,False,False,False,False,False,False,False,False,False,False,False,False,False
142,/mnt/class_data/Shelby/One_Minute_Audio/AZ13_Trial_2_trim.WAV,6.0,9.0,False,False,True,False,False,False,False,False,False,False,False,False,False,False,False,False,False,False,False
143,/mnt/class_data/Shelby/One_Minute_Audio/AZ13_Trial_2_trim.WAV,9.0,12.0,False,False,True,False,False,False,False,False,False,False,False,False,False,False,False,False,False,False,False
144,/mnt/class_data/Shelby/One_Minute_Audio/AZ13_Trial_2_trim.WAV,12.0,15.0,False,False,True,False,False,False,False,False,False,False,False,False,False,False,False,False,False,False,False
145,/mnt/class_data/Shelby/One_Minute_Audio/AZ13_Trial_2_trim.WAV,15.0,18.0,False,False,True,False,False,False,False,False,False,False,False,False,False,False,False,False,False,False,False
146,/mnt/class_data/Shelby/One_Minute_Audio/AZ13_Trial_2_trim.WAV,18.0,21.0,False,False,True,False,False,False,False,False,False,False,False,False,False,False,False,False,False,False,False
147,/mnt/class_data/Shelby/One_Minute_Audio/AZ13_Trial_2_trim.WAV,21.0,24.0,False,False,True,False,False,False,False,False,False,False,False,False,False,False,False,False,False,False,False
148,/mnt/class_data/Shelby/One_Minute_Audio/AZ13_Trial_2_trim.WAV,24.0,27.0,False,False,False,False,False,False,False,False,False,False,False,False,False,False,False,False,False,False,False
149,/mnt/class_data/Shelby/One_Minute_Audio/AZ13_Trial_2_trim.WAV,27.0,30.0,False,False,True,False,False,False,False,False,False,False,False,False,False,False,False,False,False,False,False
150,/mnt/class_data/Shelby/One_Minute_Audio/AZ13_Trial_2_trim.WAV,30.0,33.0,False,False,True,False,False,False,True,False,False,False,False,False,False,False,False,False,False,False,False
151,/mnt/class_data/Shelby/One_Minute_Audio/AZ13_Trial_2_trim.WAV,33.0,36.0,False,False,True,False,False,False,False,False,False,False,False,False,False,False,False,False,False,False,False
152,/mnt/class_data/Shelby/One_Minute_Audio/AZ13_Trial_2_trim.WAV,36.0,39.0,False,False,True,False,False,False,False,False,False,False,False,False,False,False,False,False,False,False,False
153,/mnt/class_data/Shelby/One_Minute_Audio/AZ13_Trial_2_trim.WAV,39.0,42.0,False,False,True,False,False,False,False,False,False,False,False,False,False,False,False,False,False,False,False
154,/mnt/class_data/Shelby/One_Minute_Audio/AZ13_Trial_2_trim.WAV,42.0,45.0,False,False,True,False,False,False,False,False,False,False,False,False,False,False,False,False,False,False,False
155,/mnt/class_data/Shelby/One_Minute_Audio/AZ13_Trial_2_trim.WAV,45.0,48.0,False,False,True,False,False,False,False,False,False,False,False,False,False,False,False,False,False,False,False
156,/mnt/class_data/Shelby/One_Minute_Audio/AZ13_Trial_2_trim.WAV,48.0,51.0,False,False,True,False,False,False,False,False,False,False,False,False,False,False,False,False,False,False,False
157,/mnt/class_data/Shelby/One_Minute_Audio/AZ13_Trial_2_trim.WAV,51.0,54.0,False,False,True,False,False,False,True,False,False,False,False,False,False,False,False,False,False,False,False
158,/mnt/class_data/Shelby/One_Minute_Audio/AZ13_Trial_2_trim.WAV,54.0,57.0,False,False,True,False,False,False,False,False,False,False,False,False,False,False,False,False,False,False,False
159,/mnt/class_data/Shelby/One_Minute_Audio/AZ13_Trial_2_trim.WAV,57.0,60.0,False,False,True,False,False,False,False,False,False,False,False,False,False,False,False,False,False,False,False
160,/mnt/class_data/Shelby/One_Minute_Audio/AZ13_Trial_3_trim.WAV,0.0,3.0,False,False,True,False,False,False,False,False,False,False,False,False,False,False,False,False,False,False,False
161,/mnt/class_data/Shelby/One_Minute_Audio/AZ13_Trial_3_trim.WAV,3.0,6.0,False,False,True,False,False,False,False,False,False,False,False,False,False,False,False,False,False,False,False
162,/mnt/class_data/Shelby/One_Minute_Audio/AZ13_Trial_3_trim.WAV,6.0,9.0,False,False,True,False,False,False,False,False,False,False,False,False,False,False,False,False,False,False,False
163,/mnt/class_data/Shelby/One_Minute_Audio/AZ13_Trial_3_trim.WAV,9.0,12.0,False,False,True,False,False,False,False,False,False,False,False,False,False,False,False,False,False,False,False
164,/mnt/class_data/Shelby/One_Minute_Audio/AZ13_Trial_3_trim.WAV,12.0,15.0,False,False,True,False,False,False,False,False,False,False,False,False,False,False,False,False,False,False,False
165,/mnt/class_data/Shelby/One_Minute_Audio/AZ13_Trial_3_trim.WAV,15.0,18.0,False,False,True,False,False,False,False,False,False,False,False,False,False,False,False,False,False,False,False
166,/mnt/class_data/Shelby/One_Minute_Audio/AZ13_Trial_3_trim.WAV,18.0,21.0,False,False,True,False,False,False,False,False,False,False,False,False,False,False,False,False,False,False,False
167,/mnt/class_data/Shelby/One_Minute_Audio/AZ13_Trial_3_trim.WAV,21.0,24.0,False,False,True,False,False,False,False,False,False,False,False,False,False,False,False,False,False,False,False
168,/mnt/class_data/Shelby/One_Minute_Audio/AZ13_Trial_3_trim.WAV,24.0,27.0,False,False,True,False,False,False,False,False,False,False,False,False,False,False,False,False,False,False,False
169,/mnt/class_data/Shelby/One_Minute_Audio/AZ13_Trial_3_trim.WAV,27.0,30.0,False,False,True,False,False,False,False,False,False,False,False,False,False,False,False,False,False,False,False
170,/mnt/class_data/Shelby/One_Minute_Audio/AZ13_Trial_3_trim.WAV,30.0,33.0,False,False,True,False,False,False,False,False,False,False,False,False,False,False,False,False,False,False,False
171,/mnt/class_data/Shelby/One_Minute_Audio/AZ13_Trial_3_trim.WAV,33.0,36.0,False,False,True,False,False,False,False,False,False,False,False,False,False,False,False,False,False,False,False
172,/mnt/class_data/Shelby/One_Minute_Audio/AZ13_Trial_3_trim.WAV,36.0,39.0,False,False,True,False,False,False,False,False,False,False,False,False,False,False,False,False,False,False,False
173,/mnt/class_data/Shelby/One_Minute_Audio/AZ13_Trial_3_trim.WAV,39.0,42.0,False,False,True,False,False,False,False,False,False,False,False,False,False,False,False,False,False,False,False
174,/mnt/class_data/Shelby/One_Minute_Audio/AZ13_Trial_3_trim.WAV,42.0,45.0,False,False,True,False,False,False,True,False,False,False,False,False,False,False,False,False,False,False,False
175,/mnt/class_data/Shelby/One_Minute_Audio/AZ13_Trial_3_trim.WAV,45.0,48.0,False,False,True,False,False,False,False,False,False,False,False,False,False,False,False,False,False,False,False
176,/mnt/class_data/Shelby/One_Minute_Audio/AZ13_Trial_3_trim.WAV,48.0,51.0,False,False,True,False,False,False,False,False,False,False,False,False,False,False,False,False,False,False,False
177,/mnt/class_data/Shelby/One_Minute_Audio/AZ13_Trial_3_trim.WAV,51.0,54.0,False,False,True,False,False,False,True,False,False,False,False,False,False,False,False,False,False,False,False
178,/mnt/class_data/Shelby/One_Minute_Audio/AZ13_Trial_3_trim.WAV,54.0,57.0,False,False,True,False,False,False,False,False,False,False,False,False,False,False,False,False,False,False,False
179,/mnt/class_data/Shelby/One_Minute_Audio/AZ13_Trial_3_trim.WAV,57.0,60.0,False,False,True,False,False,False,False,False,False,False,False,False,False,False,False,False,False,False,False
180,/mnt/class_data/Shelby/One_Minute_Audio/AZ15_Trial_1_trim.WAV,0.0,3.0,False,False,True,False,False,False,False,True,True,True,False,False,False,False,False,False,False,False,False
181,/mnt/class_data/Shelby/One_Minute_Audio/AZ15_Trial_1_trim.WAV,3.0,6.0,False,False,True,False,False,False,False,True,False,True,False,False,False,False,False,False,False,False,False
182,/mnt/class_data/Shelby/One_Minute_Audio/AZ15_Trial_1_trim.WAV,6.0,9.0,False,False,True,False,False,False,False,True,True,False,False,False,False,False,False,False,False,False,False
183,/mnt/class_data/Shelby/One_Minute_Audio/AZ15_Trial_1_trim.WAV,9.0,12.0,False,False,False,False,False,False,False,True,True,True,False,False,False,False,False,False,False,False,False
184,/mnt/class_data/Shelby/One_Minute_Audio/AZ15_Trial_1_trim.WAV,12.0,15.0,False,False,False,False,False,False,False,True,False,False,False,False,False,False,False,False,False,False,False
185,/mnt/class_data/Shelby/One_Minute_Audio/AZ15_Trial_1_trim.WAV,15.0,18.0,False,False,True,False,False,False,False,False,True,False,False,False,False,False,False,False,False,False,False
186,/mnt/class_data/Shelby/One_Minute_Audio/AZ15_Trial_1_trim.WAV,18.0,21.0,False,False,True,False,False,False,False,False,False,False,False,False,False,False,False,False,False,False,False
187,/mnt/class_data/Shelby/One_Minute_Audio/AZ15_Trial_1_trim.WAV,21.0,24.0,False,False,True,False,False,False,False,False,False,False,False,False,False,False,False,False,False,False,False
188,/mnt/class_data/Shelby/One_Minute_Audio/AZ15_Trial_1_trim.WAV,24.0,27.0,False,False,True,False,False,False,False,True,False,True,False,False,False,False,False,False,False,False,False
189,/mnt/class_data/Shelby/One_Minute_Audio/AZ15_Trial_1_trim.WAV,27.0,30.0,False,False,True,False,False,False,False,True,False,True,False,False,False,False,False,False,False,False,False
190,/mnt/class_data/Shelby/One_Minute_Audio/AZ15_Trial_1_trim.WAV,30.0,33.0,False,False,True,False,False,False,False,True,False,True,False,False,False,False,False,False,False,False,False
191,/mnt/class_data/Shelby/One_Minute_Audio/AZ15_Trial_1_trim.WAV,33.0,36.0,False,False,True,False,False,False,False,True,False,True,False,False,False,False,False,False,False,False,False
192,/mnt/class_data/Shelby/One_Minute_Audio/AZ15_Trial_1_trim.WAV,36.0,39.0,False,False,True,False,False,False,False,True,False,True,False,False,False,False,False,False,False,False,False
193,/mnt/class_data/Shelby/One_Minute_Audio/AZ15_Trial_1_trim.WAV,39.0,42.0,False,False,True,False,False,False,False,False,False,True,False,False,False,False,False,False,False,False,False
194,/mnt/class_data/Shelby/One_Minute_Audio/AZ15_Trial_1_trim.WAV,42.0,45.0,False,False,True,False,False,False,False,True,False,True,False,False,False,False,False,False,False,False,False
195,/mnt/class_data/Shelby/One_Minute_Audio/AZ15_Trial_1_trim.WAV,45.0,48.0,False,False,True,False,False,False,False,True,False,False,False,False,False,False,False,False,False,False,False
196,/mnt/class_data/Shelby/One_Minute_Audio/AZ15_Trial_1_trim.WAV,48.0,51.0,False,False,True,False,False,False,False,False,False,False,False,False,False,False,False,False,False,False,False
197,/mnt/class_data/Shelby/One_Minute_Audio/AZ15_Trial_1_trim.WAV,51.0,54.0,False,False,True,False,False,False,False,False,False,True,False,False,False,False,False,False,False,False,False
198,/mnt/class_data/Shelby/One_Minute_Audio/AZ15_Trial_1_trim.WAV,54.0,57.0,False,False,True,False,False,False,False,False,False,False,False,False,False,False,False,False,False,False,False
199,/mnt/class_data/Shelby/One_Minute_Audio/AZ15_Trial_1_trim.WAV,57.0,60.0,False,False,True,False,False,False,False,True,False,False,False,False,False,False,False,False,False,False,False
220,/mnt/class_data/Shelby/One_Minute_Audio/AZ15_Trial_3_trim.WAV,0.0,3.0,False,False,True,False,False,True,False,False,False,False,False,False,False,False,False,False,False,False,False
221,/mnt/class_data/Shelby/One_Minute_Audio/AZ15_Trial_3_trim.WAV,3.0,6.0,False,False,True,False,False,True,False,False,False,False,False,False,False,False,False,False,False,False,False
222,/mnt/class_data/Shelby/One_Minute_Audio/AZ15_Trial_3_trim.WAV,6.0,9.0,False,False,True,False,False,True,False,False,False,False,False,False,False,False,False,False,False,False,False
223,/mnt/class_data/Shelby/One_Minute_Audio/AZ15_Trial_3_trim.WAV,9.0,12.0,False,False,True,False,False,True,False,False,False,False,False,False,False,False,False,False,False,False,False
224,/mnt/class_data/Shelby/One_Minute_Audio/AZ15_Trial_3_trim.WAV,12.0,15.0,False,False,True,False,False,True,False,False,False,False,False,False,False,False,False,False,False,False,False
225,/mnt/class_data/Shelby/One_Minute_Audio/AZ15_Trial_3_trim.WAV,15.0,18.0,False,False,True,False,False,True,False,False,False,False,False,False,False,False,False,False,False,False,False
226,/mnt/class_data/Shelby/One_Minute_Audio/AZ15_Trial_3_trim.WAV,18.0,21.0,True,False,True,False,False,True,False,False,False,False,False,False,False,False,False,False,False,False,False
227,/mnt/class_data/Shelby/One_Minute_Audio/AZ15_Trial_3_trim.WAV,21.0,24.0,False,False,True,False,False,False,False,False,False,False,False,False,False,False,False,False,False,False,False
228,/mnt/class_data/Shelby/One_Minute_Audio/AZ15_Trial_3_trim.WAV,24.0,27.0,False,False,True,False,False,True,False,False,False,False,False,False,False,False,False,False,False,False,False
229,/mnt/class_data/Shelby/One_Minute_Audio/AZ15_Trial_3_trim.WAV,27.0,30.0,False,False,False,False,False,False,False,False,False,False,False,False,False,False,False,False,False,False,False
230,/mnt/class_data/Shelby/One_Minute_Audio/AZ15_Trial_3_trim.WAV,30.0,33.0,False,False,True,False,False,False,False,False,False,False,False,False,False,False,False,False,False,False,False
231,/mnt/class_data/Shelby/One_Minute_Audio/AZ15_Trial_3_trim.WAV,33.0,36.0,False,False,True,False,False,False,False,False,False,False,False,False,False,False,False,False,False,False,False
232,/mnt/class_data/Shelby/One_Minute_Audio/AZ15_Trial_3_trim.WAV,36.0,39.0,False,False,True,False,False,True,False,False,False,False,False,False,False,False,False,False,False,False,False
233,/mnt/class_data/Shelby/One_Minute_Audio/AZ15_Trial_3_trim.WAV,39.0,42.0,False,False,False,False,False,True,False,False,False,False,False,False,False,False,False,False,False,False,False
234,/mnt/class_data/Shelby/One_Minute_Audio/AZ15_Trial_3_trim.WAV,42.0,45.0,False,False,False,False,False,True,False,False,False,False,False,False,False,False,False,False,False,False,False
235,/mnt/class_data/Shelby/One_Minute_Audio/AZ15_Trial_3_trim.WAV,45.0,48.0,False,False,True,False,False,True,False,False,False,False,False,False,False,False,False,False,False,False,False
236,/mnt/class_data/Shelby/One_Minute_Audio/AZ15_Trial_3_trim.WAV,48.0,51.0,False,False,True,False,False,True,False,False,False,False,False,False,False,False,False,False,False,False,False
237,/mnt/class_data/Shelby/One_Minute_Audio/AZ15_Trial_3_trim.WAV,51.0,54.0,False,False,True,False,False,True,False,False,False,False,False,False,False,False,False,False,False,False,False
238,/mnt/class_data/Shelby/One_Minute_Audio/AZ15_Trial_3_trim.WAV,54.0,57.0,False,False,False,False,False,True,False,False,False,False,False,False,False,False,False,False,False,False,False
239,/mnt/class_data/Shelby/One_Minute_Audio/AZ15_Trial_3_trim.WAV,57.0,60.0,False,False,True,False,False,True,False,False,False,False,False,False,False,False,False,False,False,False,False
280,/mnt/class_data/Shelby/One_Minute_Audio/EF01_Trial_2_trim.WAV,0.0,3.0,False,False,False,False,False,False,False,False,False,False,False,False,False,False,False,False,False,False,False
281,/mnt/class_data/Shelby/One_Minute_Audio/EF01_Trial_2_trim.WAV,3.0,6.0,False,False,False,False,False,False,False,False,False,False,False,False,False,False,False,False,False,False,False
282,/mnt/class_data/Shelby/One_Minute_Audio/EF01_Trial_2_trim.WAV,6.0,9.0,False,False,True,False,False,False,False,False,False,False,False,False,False,False,False,False,False,False,False
283,/mnt/class_data/Shelby/One_Minute_Audio/EF01_Trial_2_trim.WAV,9.0,12.0,False,False,True,False,False,False,False,False,False,False,False,False,False,False,False,False,False,False,False
284,/mnt/class_data/Shelby/One_Minute_Audio/EF01_Trial_2_trim.WAV,12.0,15.0,False,False,True,False,False,False,False,False,False,False,False,False,False,False,False,False,False,False,False
285,/mnt/class_data/Shelby/One_Minute_Audio/EF01_Trial_2_trim.WAV,15.0,18.0,False,False,True,False,False,False,False,False,False,False,False,False,False,False,False,False,False,False,False
286,/mnt/class_data/Shelby/One_Minute_Audio/EF01_Trial_2_trim.WAV,18.0,21.0,False,False,True,False,False,False,False,False,False,False,False,False,False,False,False,False,False,False,False
287,/mnt/class_data/Shelby/One_Minute_Audio/EF01_Trial_2_trim.WAV,21.0,24.0,False,False,True,False,False,False,False,False,False,False,False,False,False,False,False,False,False,False,False
288,/mnt/class_data/Shelby/One_Minute_Audio/EF01_Trial_2_trim.WAV,24.0,27.0,False,False,True,False,False,False,False,False,False,False,False,False,False,False,False,False,False,False,False
289,/mnt/class_data/Shelby/One_Minute_Audio/EF01_Trial_2_trim.WAV,27.0,30.0,False,False,True,False,False,False,False,False,False,False,False,False,False,False,False,False,False,False,False
290,/mnt/class_data/Shelby/One_Minute_Audio/EF01_Trial_2_trim.WAV,30.0,33.0,False,False,True,False,False,False,False,False,False,False,False,False,False,False,False,False,False,False,False
291,/mnt/class_data/Shelby/One_Minute_Audio/EF01_Trial_2_trim.WAV,33.0,36.0,False,False,True,False,False,False,False,False,False,False,False,False,False,False,False,False,False,False,False
292,/mnt/class_data/Shelby/One_Minute_Audio/EF01_Trial_2_trim.WAV,36.0,39.0,False,False,False,False,False,False,False,False,False,False,False,False,False,False,False,False,False,False,False
293,/mnt/class_data/Shelby/One_Minute_Audio/EF01_Trial_2_trim.WAV,39.0,42.0,False,False,True,False,False,False,True,False,False,False,False,False,False,False,False,False,False,False,False
294,/mnt/class_data/Shelby/One_Minute_Audio/EF01_Trial_2_trim.WAV,42.0,45.0,False,False,False,False,False,False,True,False,False,False,False,False,False,False,False,False,False,False,False
295,/mnt/class_data/Shelby/One_Minute_Audio/EF01_Trial_2_trim.WAV,45.0,48.0,False,False,False,False,False,False,False,False,False,False,False,False,False,False,False,False,False,False,False
296,/mnt/class_data/Shelby/One_Minute_Audio/EF01_Trial_2_trim.WAV,48.0,51.0,False,False,False,False,False,False,False,False,False,False,False,False,False,False,False,False,False,False,False
297,/mnt/class_data/Shelby/One_Minute_Audio/EF01_Trial_2_trim.WAV,51.0,54.0,False,False,False,False,False,False,False,False,False,False,False,False,False,False,False,False,False,False,False
298,/mnt/class_data/Shelby/One_Minute_Audio/EF01_Trial_2_trim.WAV,54.0,57.0,False,False,False,False,False,False,False,False,False,False,False,False,False,False,False,False,False,False,False
299,/mnt/class_data/Shelby/One_Minute_Audio/EF01_Trial_2_trim.WAV,57.0,60.0,False,False,False,False,False,False,False,False,False,False,False,False,False,False,False,False,False,False,False
300,/mnt/class_data/Shelby/One_Minute_Audio/EF01_Trial_3_trim.WAV,0.0,3.0,False,False,True,False,False,False,False,False,False,False,False,True,False,False,False,False,False,False,False
301,/mnt/class_data/Shelby/One_Minute_Audio/EF01_Trial_3_trim.WAV,3.0,6.0,False,False,False,False,False,False,False,False,False,False,False,True,False,False,False,False,False,False,False
302,/mnt/class_data/Shelby/One_Minute_Audio/EF01_Trial_3_trim.WAV,6.0,9.0,False,False,False,False,False,False,False,False,False,False,False,True,False,False,False,False,False,False,False
303,/mnt/class_data/Shelby/One_Minute_Audio/EF01_Trial_3_trim.WAV,9.0,12.0,False,False,False,False,False,False,False,False,False,False,False,True,False,False,False,False,False,False,False
304,/mnt/class_data/Shelby/One_Minute_Audio/EF01_Trial_3_trim.WAV,12.0,15.0,False,False,False,False,False,False,False,False,False,False,False,True,False,False,False,False,False,False,False
305,/mnt/class_data/Shelby/One_Minute_Audio/EF01_Trial_3_trim.WAV,15.0,18.0,False,False,False,False,False,False,False,False,False,False,False,True,False,False,False,False,False,False,False
306,/mnt/class_data/Shelby/One_Minute_Audio/EF01_Trial_3_trim.WAV,18.0,21.0,False,False,False,False,False,False,False,False,False,False,False,True,False,False,False,False,False,False,False
307,/mnt/class_data/Shelby/One_Minute_Audio/EF01_Trial_3_trim.WAV,21.0,24.0,False,False,False,False,False,False,False,False,False,False,False,False,False,False,False,False,False,False,False
308,/mnt/class_data/Shelby/One_Minute_Audio/EF01_Trial_3_trim.WAV,24.0,27.0,False,False,False,False,False,False,False,False,False,False,False,False,False,False,False,False,False,False,False
309,/mnt/class_data/Shelby/One_Minute_Audio/EF01_Trial_3_trim.WAV,27.0,30.0,False,False,False,False,False,False,False,False,False,False,False,False,False,False,False,False,False,False,False
310,/mnt/class_data/Shelby/One_Minute_Audio/EF01_Trial_3_trim.WAV,30.0,33.0,False,False,True,False,False,False,False,False,False,False,False,False,False,False,False,False,False,False,False
311,/mnt/class_data/Shelby/One_Minute_Audio/EF01_Trial_3_trim.WAV,33.0,36.0,True,False,False,False,False,False,False,False,False,False,False,False,False,False,False,False,False,False,False
312,/mnt/class_data/Shelby/One_Minute_Audio/EF01_Trial_3_trim.WAV,36.0,39.0,False,False,False,False,False,False,False,False,False,False,False,False,False,False,False,False,False,False,False
313,/mnt/class_data/Shelby/One_Minute_Audio/EF01_Trial_3_trim.WAV,39.0,42.0,False,False,False,False,False,False,False,False,False,False,False,False,False,False,False,False,False,False,False
314,/mnt/class_data/Shelby/One_Minute_Audio/EF01_Trial_3_trim.WAV,42.0,45.0,True,False,False,False,False,False,False,False,False,False,False,False,False,False,False,False,False,False,False
315,/mnt/class_data/Shelby/One_Minute_Audio/EF01_Trial_3_trim.WAV,45.0,48.0,False,False,False,False,False,False,False,False,False,False,False,True,False,False,False,False,False,False,False
316,/mnt/class_data/Shelby/One_Minute_Audio/EF01_Trial_3_trim.WAV,48.0,51.0,True,False,False,False,False,False,False,False,False,False,False,False,False,False,False,False,False,False,False
317,/mnt/class_data/Shelby/One_Minute_Audio/EF01_Trial_3_trim.WAV,51.0,54.0,False,False,False,False,False,False,False,False,False,False,False,False,False,False,False,False,False,False,False
318,/mnt/class_data/Shelby/One_Minute_Audio/EF01_Trial_3_trim.WAV,54.0,57.0,False,False,False,False,False,False,True,False,False,False,False,True,False,False,False,False,False,False,False
319,/mnt/class_data/Shelby/One_Minute_Audio/EF01_Trial_3_trim.WAV,57.0,60.0,False,False,False,False,False,False,False,False,False,False,False,False,False,False,False,False,False,False,False
340,/mnt/class_data/Shelby/One_Minute_Audio/EF04_Trial_2_trim.WAV,0.0,3.0,False,False,True,False,False,False,False,False,False,False,False,False,False,False,False,False,False,False,False
341,/mnt/class_data/Shelby/One_Minute_Audio/EF04_Trial_2_trim.WAV,3.0,6.0,False,False,True,False,False,False,False,False,False,False,False,False,False,False,False,False,False,False,False
342,/mnt/class_data/Shelby/One_Minute_Audio/EF04_Trial_2_trim.WAV,6.0,9.0,False,False,True,False,False,False,False,False,False,False,False,False,False,False,False,False,False,False,False
343,/mnt/class_data/Shelby/One_Minute_Audio/EF04_Trial_2_trim.WAV,9.0,12.0,True,False,True,False,False,False,False,False,False,False,False,False,False,False,False,False,False,False,False
344,/mnt/class_data/Shelby/One_Minute_Audio/EF04_Trial_2_trim.WAV,12.0,15.0,False,False,True,False,False,False,False,False,False,False,False,False,False,False,False,False,False,False,False
345,/mnt/class_data/Shelby/One_Minute_Audio/EF04_Trial_2_trim.WAV,15.0,18.0,False,False,True,False,False,False,False,False,False,False,False,False,False,False,False,False,False,False,False
346,/mnt/class_data/Shelby/One_Minute_Audio/EF04_Trial_2_trim.WAV,18.0,21.0,False,False,False,False,False,False,False,False,False,False,False,False,False,False,False,False,False,False,False
347,/mnt/class_data/Shelby/One_Minute_Audio/EF04_Trial_2_trim.WAV,21.0,24.0,False,False,False,False,False,False,False,False,False,False,False,False,False,False,False,False,False,False,False
348,/mnt/class_data/Shelby/One_Minute_Audio/EF04_Trial_2_trim.WAV,24.0,27.0,False,False,False,False,False,False,True,False,False,False,False,False,False,False,False,False,False,False,False
349,/mnt/class_data/Shelby/One_Minute_Audio/EF04_Trial_2_trim.WAV,27.0,30.0,False,False,False,False,False,False,False,False,False,False,False,False,False,False,False,False,False,False,False
350,/mnt/class_data/Shelby/One_Minute_Audio/EF04_Trial_2_trim.WAV,30.0,33.0,False,False,False,False,False,False,True,False,False,False,False,False,False,False,False,False,False,False,False
351,/mnt/class_data/Shelby/One_Minute_Audio/EF04_Trial_2_trim.WAV,33.0,36.0,False,False,False,False,False,False,True,False,False,False,False,False,False,False,False,False,False,False,False
352,/mnt/class_data/Shelby/One_Minute_Audio/EF04_Trial_2_trim.WAV,36.0,39.0,False,False,False,False,False,False,True,False,False,False,False,False,False,False,False,False,False,False,False
353,/mnt/class_data/Shelby/One_Minute_Audio/EF04_Trial_2_trim.WAV,39.0,42.0,False,False,False,False,False,False,False,False,False,False,False,False,False,False,False,False,False,False,False
354,/mnt/class_data/Shelby/One_Minute_Audio/EF04_Trial_2_trim.WAV,42.0,45.0,False,False,False,False,False,False,False,False,False,False,False,False,False,False,False,False,False,False,False
355,/mnt/class_data/Shelby/One_Minute_Audio/EF04_Trial_2_trim.WAV,45.0,48.0,False,False,False,False,False,False,False,False,False,False,False,False,False,False,False,False,False,False,False
356,/mnt/class_data/Shelby/One_Minute_Audio/EF04_Trial_2_trim.WAV,48.0,51.0,False,False,False,False,False,False,False,False,False,False,False,False,False,False,False,False,False,False,False
357,/mnt/class_data/Shelby/One_Minute_Audio/EF04_Trial_2_trim.WAV,51.0,54.0,False,False,False,False,False,False,False,False,False,False,False,False,False,False,False,False,False,False,False
358,/mnt/class_data/Shelby/One_Minute_Audio/EF04_Trial_2_trim.WAV,54.0,57.0,False,False,False,False,False,False,False,False,False,False,False,False,False,False,False,False,False,False,False
359,/mnt/class_data/Shelby/One_Minute_Audio/EF04_Trial_2_trim.WAV,57.0,60.0,False,False,False,False,False,False,False,False,False,False,False,False,False,False,False,False,False,False,False
360,/mnt/class_data/Shelby/One_Minute_Audio/EF04_Trial_3_trim.WAV,0.0,3.0,False,False,False,False,False,False,False,False,False,False,False,False,False,False,True,False,False,False,False
361,/mnt/class_data/Shelby/One_Minute_Audio/EF04_Trial_3_trim.WAV,3.0,6.0,False,False,True,False,False,False,False,False,False,False,False,False,False,False,True,False,False,False,False
362,/mnt/class_data/Shelby/One_Minute_Audio/EF04_Trial_3_trim.WAV,6.0,9.0,False,False,False,False,False,False,False,False,False,False,False,False,False,False,True,False,False,False,False
363,/mnt/class_data/Shelby/One_Minute_Audio/EF04_Trial_3_trim.WAV,9.0,12.0,False,False,False,False,False,False,False,False,False,False,False,False,False,False,True,False,False,False,False
364,/mnt/class_data/Shelby/One_Minute_Audio/EF04_Trial_3_trim.WAV,12.0,15.0,False,False,False,False,False,False,True,False,False,False,False,False,False,False,False,False,False,False,False
365,/mnt/class_data/Shelby/One_Minute_Audio/EF04_Trial_3_trim.WAV,15.0,18.0,False,False,True,False,False,False,True,False,False,False,False,False,False,True,False,False,False,False,False
366,/mnt/class_data/Shelby/One_Minute_Audio/EF04_Trial_3_trim.WAV,18.0,21.0,False,False,False,False,False,False,False,False,False,False,False,False,False,False,True,False,False,False,False
367,/mnt/class_data/Shelby/One_Minute_Audio/EF04_Trial_3_trim.WAV,21.0,24.0,False,False,False,False,False,False,False,False,False,False,False,False,False,False,False,False,False,False,False
368,/mnt/class_data/Shelby/One_Minute_Audio/EF04_Trial_3_trim.WAV,24.0,27.0,False,False,False,False,False,False,False,False,False,False,False,False,False,False,True,False,False,False,False
369,/mnt/class_data/Shelby/One_Minute_Audio/EF04_Trial_3_trim.WAV,27.0,30.0,False,False,False,False,False,False,True,False,False,False,False,False,False,False,False,False,False,False,False
370,/mnt/class_data/Shelby/One_Minute_Audio/EF04_Trial_3_trim.WAV,30.0,33.0,False,False,False,False,False,False,False,False,False,False,False,False,False,False,True,False,False,False,False
371,/mnt/class_data/Shelby/One_Minute_Audio/EF04_Trial_3_trim.WAV,33.0,36.0,False,False,False,False,False,False,True,False,False,False,False,False,False,False,False,False,False,False,False
372,/mnt/class_data/Shelby/One_Minute_Audio/EF04_Trial_3_trim.WAV,36.0,39.0,False,False,False,False,False,False,True,False,False,False,False,False,False,False,False,False,False,False,False
373,/mnt/class_data/Shelby/One_Minute_Audio/EF04_Trial_3_trim.WAV,39.0,42.0,False,False,False,False,False,False,True,False,False,False,False,False,False,False,False,False,False,False,False
374,/mnt/class_data/Shelby/One_Minute_Audio/EF04_Trial_3_trim.WAV,42.0,45.0,False,False,False,False,False,False,False,False,False,False,False,False,False,False,False,False,False,False,False
375,/mnt/class_data/Shelby/One_Minute_Audio/EF04_Trial_3_trim.WAV,45.0,48.0,False,False,True,False,False,False,False,False,False,False,False,False,False,False,False,False,False,False,False
376,/mnt/class_data/Shelby/One_Minute_Audio/EF04_Trial_3_trim.WAV,48.0,51.0,False,False,False,False,False,False,False,False,False,False,False,False,False,False,False,False,False,False,False
377,/mnt/class_data/Shelby/One_Minute_Audio/EF04_Trial_3_trim.WAV,51.0,54.0,False,False,False,False,False,False,False,False,False,False,False,False,False,False,False,False,False,False,False
378,/mnt/class_data/Shelby/One_Minute_Audio/EF04_Trial_3_trim.WAV,54.0,57.0,False,False,True,False,False,False,True,False,False,False,False,False,False,True,False,False,False,False,False
379,/mnt/class_data/Shelby/One_Minute_Audio/EF04_Trial_3_trim.WAV,57.0,60.0,False,False,False,False,False,False,False,False,False,False,False,False,False,True,False,False,False,False,False
380,/mnt/class_data/Shelby/One_Minute_Audio/RC02_Trial_1_trim.WAV,0.0,3.0,False,False,True,False,False,False,False,False,False,False,False,False,False,False,False,False,False,False,False
381,/mnt/class_data/Shelby/One_Minute_Audio/RC02_Trial_1_trim.WAV,3.0,6.0,False,False,True,False,False,False,False,False,False,False,False,False,False,False,False,False,False,False,False
382,/mnt/class_data/Shelby/One_Minute_Audio/RC02_Trial_1_trim.WAV,6.0,9.0,False,False,True,False,False,False,True,False,False,False,False,False,False,False,False,False,False,False,False
383,/mnt/class_data/Shelby/One_Minute_Audio/RC02_Trial_1_trim.WAV,9.0,12.0,False,False,True,False,False,False,True,False,False,False,False,False,False,False,False,False,False,False,False
384,/mnt/class_data/Shelby/One_Minute_Audio/RC02_Trial_1_trim.WAV,12.0,15.0,False,False,True,False,False,False,False,False,False,False,False,False,False,False,False,False,False,False,False
385,/mnt/class_data/Shelby/One_Minute_Audio/RC02_Trial_1_trim.WAV,15.0,18.0,False,False,True,False,False,False,False,False,False,False,False,False,False,False,False,False,False,False,False
386,/mnt/class_data/Shelby/One_Minute_Audio/RC02_Trial_1_trim.WAV,18.0,21.0,False,False,True,False,False,False,False,False,False,False,False,False,False,False,False,False,False,False,False
387,/mnt/class_data/Shelby/One_Minute_Audio/RC02_Trial_1_trim.WAV,21.0,24.0,False,False,True,False,False,False,True,False,False,False,False,False,False,False,False,False,False,False,False
388,/mnt/class_data/Shelby/One_Minute_Audio/RC02_Trial_1_trim.WAV,24.0,27.0,False,False,True,False,False,False,True,False,False,False,False,False,False,False,False,False,False,False,False
389,/mnt/class_data/Shelby/One_Minute_Audio/RC02_Trial_1_trim.WAV,27.0,30.0,False,False,True,False,False,False,True,False,False,False,False,False,False,False,False,True,False,False,False
390,/mnt/class_data/Shelby/One_Minute_Audio/RC02_Trial_1_trim.WAV,30.0,33.0,False,False,True,False,False,False,False,False,False,False,False,False,False,False,False,False,False,False,False
391,/mnt/class_data/Shelby/One_Minute_Audio/RC02_Trial_1_trim.WAV,33.0,36.0,False,False,True,False,False,False,True,False,False,False,False,False,False,False,False,False,False,False,False
392,/mnt/class_data/Shelby/One_Minute_Audio/RC02_Trial_1_trim.WAV,36.0,39.0,False,False,True,False,False,False,True,False,False,False,False,False,False,False,False,False,False,False,False
393,/mnt/class_data/Shelby/One_Minute_Audio/RC02_Trial_1_trim.WAV,39.0,42.0,False,False,True,False,False,False,False,False,False,False,False,False,False,False,False,False,False,False,False
394,/mnt/class_data/Shelby/One_Minute_Audio/RC02_Trial_1_trim.WAV,42.0,45.0,False,False,True,False,False,False,False,False,False,False,False,False,False,False,False,False,False,False,False
395,/mnt/class_data/Shelby/One_Minute_Audio/RC02_Trial_1_trim.WAV,45.0,48.0,False,False,True,False,False,False,False,False,False,False,False,False,False,False,False,False,False,False,False
396,/mnt/class_data/Shelby/One_Minute_Audio/RC02_Trial_1_trim.WAV,48.0,51.0,False,False,True,False,False,False,True,False,False,False,False,False,False,False,False,False,False,False,False
397,/mnt/class_data/Shelby/One_Minute_Audio/RC02_Trial_1_trim.WAV,51.0,54.0,False,False,True,False,False,False,False,False,False,False,False,False,False,False,False,False,False,False,False
398,/mnt/class_data/Shelby/One_Minute_Audio/RC02_Trial_1_trim.WAV,54.0,57.0,False,False,True,False,False,False,True,False,False,False,False,False,False,False,False,False,False,False,False
399,/mnt/class_data/Shelby/One_Minute_Audio/RC02_Trial_1_trim.WAV,57.0,60.0,False,False,True,False,False,False,False,False,False,False,False,False,False,False,False,False,False,False,False
400,/mnt/class_data/Shelby/One_Minute_Audio/RC02_Trial_2_trim.WAV,0.0,3.0,False,False,False,False,False,False,True,False,False,False,False,False,False,False,False,False,False,False,False
401,/mnt/class_data/Shelby/One_Minute_Audio/RC02_Trial_2_trim.WAV,3.0,6.0,False,False,False,False,False,False,False,False,False,False,False,False,False,False,False,False,False,False,False
402,/mnt/class_data/Shelby/One_Minute_Audio/RC02_Trial_2_trim.WAV,6.0,9.0,False,False,False,False,False,False,True,False,False,False,False,False,False,False,False,False,False,False,False
403,/mnt/class_data/Shelby/One_Minute_Audio/RC02_Trial_2_trim.WAV,9.0,12.0,False,False,False,False,False,False,False,False,False,False,False,False,False,False,False,False,False,False,False
404,/mnt/class_data/Shelby/One_Minute_Audio/RC02_Trial_2_trim.WAV,12.0,15.0,False,False,False,False,False,False,False,False,False,False,False,False,False,False,False,False,False,False,False
405,/mnt/class_data/Shelby/One_Minute_Audio/RC02_Trial_2_trim.WAV,15.0,18.0,False,False,False,False,False,False,False,False,False,False,False,False,False,False,False,False,False,False,False
406,/mnt/class_data/Shelby/One_Minute_Audio/RC02_Trial_2_trim.WAV,18.0,21.0,False,False,False,False,False,False,True,False,False,False,False,False,False,False,False,False,False,False,False
407,/mnt/class_data/Shelby/One_Minute_Audio/RC02_Trial_2_trim.WAV,21.0,24.0,False,False,False,False,False,False,True,False,False,False,False,False,False,False,False,False,False,False,False
408,/mnt/class_data/Shelby/One_Minute_Audio/RC02_Trial_2_trim.WAV,24.0,27.0,False,False,False,False,False,False,True,False,False,False,False,False,False,False,False,False,False,False,False
409,/mnt/class_data/Shelby/One_Minute_Audio/RC02_Trial_2_trim.WAV,27.0,30.0,False,False,False,False,False,False,False,False,False,False,False,False,False,False,False,False,False,False,False
410,/mnt/class_data/Shelby/One_Minute_Audio/RC02_Trial_2_trim.WAV,30.0,33.0,False,False,False,False,False,False,True,False,False,False,False,False,False,False,False,False,False,False,False
411,/mnt/class_data/Shelby/One_Minute_Audio/RC02_Trial_2_trim.WAV,33.0,36.0,False,False,False,False,False,False,True,False,False,False,False,False,False,False,False,False,False,False,False
412,/mnt/class_data/Shelby/One_Minute_Audio/RC02_Trial_2_trim.WAV,36.0,39.0,False,False,False,False,False,False,True,False,False,False,False,False,False,False,False,False,False,False,False
413,/mnt/class_data/Shelby/One_Minute_Audio/RC02_Trial_2_trim.WAV,39.0,42.0,False,False,False,False,False,False,True,False,False,False,False,False,False,False,False,False,False,False,False
414,/mnt/class_data/Shelby/One_Minute_Audio/RC02_Trial_2_trim.WAV,42.0,45.0,False,False,False,False,False,False,True,False,False,False,False,False,False,False,False,False,False,False,False
415,/mnt/class_data/Shelby/One_Minute_Audio/RC02_Trial_2_trim.WAV,45.0,48.0,False,False,False,False,False,False,True,False,False,False,False,False,False,False,False,False,False,False,False
416,/mnt/class_data/Shelby/One_Minute_Audio/RC02_Trial_2_trim.WAV,48.0,51.0,False,False,False,False,False,False,True,False,False,False,False,False,False,False,False,False,False,False,False
417,/mnt/class_data/Shelby/One_Minute_Audio/RC02_Trial_2_trim.WAV,51.0,54.0,False,False,False,False,False,False,True,False,False,False,False,False,False,False,False,False,False,False,False
418,/mnt/class_data/Shelby/One_Minute_Audio/RC02_Trial_2_trim.WAV,54.0,57.0,False,False,False,False,False,False,False,False,False,False,False,False,False,False,False,False,False,False,False
419,/mnt/class_data/Shelby/One_Minute_Audio/RC02_Trial_2_trim.WAV,57.0,60.0,False,False,False,False,False,False,True,False,False,False,False,False,False,False,False,False,False,False,False
420,/mnt/class_data/Shelby/One_Minute_Audio/RC02_Trial_3_trim.WAV,0.0,3.0,False,False,False,False,False,False,False,False,False,False,False,False,False,False,False,False,False,False,False
421,/mnt/class_data/Shelby/One_Minute_Audio/RC02_Trial_3_trim.WAV,3.0,6.0,False,False,False,False,False,False,False,False,False,False,False,False,False,False,False,False,False,False,False
422,/mnt/class_data/Shelby/One_Minute_Audio/RC02_Trial_3_trim.WAV,6.0,9.0,False,False,False,False,False,False,False,False,False,False,False,False,False,False,False,False,False,False,False
423,/mnt/class_data/Shelby/One_Minute_Audio/RC02_Trial_3_trim.WAV,9.0,12.0,True,False,False,False,False,False,False,False,False,False,False,False,False,False,False,False,False,False,False
424,/mnt/class_data/Shelby/One_Minute_Audio/RC02_Trial_3_trim.WAV,12.0,15.0,False,False,False,False,False,False,False,False,False,False,False,False,False,False,False,False,False,False,False
425,/mnt/class_data/Shelby/One_Minute_Audio/RC02_Trial_3_trim.WAV,15.0,18.0,False,False,False,False,False,False,False,False,False,False,False,False,False,False,False,False,False,False,False
426,/mnt/class_data/Shelby/One_Minute_Audio/RC02_Trial_3_trim.WAV,18.0,21.0,False,False,False,False,False,False,False,False,False,False,False,False,False,False,False,False,False,False,False
427,/mnt/class_data/Shelby/One_Minute_Audio/RC02_Trial_3_trim.WAV,21.0,24.0,False,False,False,False,False,False,False,False,False,False,False,False,False,False,False,False,False,False,False
428,/mnt/class_data/Shelby/One_Minute_Audio/RC02_Trial_3_trim.WAV,24.0,27.0,False,False,False,False,False,False,False,False,False,False,False,False,False,False,False,False,False,False,False
429,/mnt/class_data/Shelby/One_Minute_Audio/RC02_Trial_3_trim.WAV,27.0,30.0,False,False,False,False,False,False,False,False,False,False,False,False,False,False,False,False,False,False,False
430,/mnt/class_data/Shelby/One_Minute_Audio/RC02_Trial_3_trim.WAV,30.0,33.0,True,False,False,False,False,False,False,False,False,False,False,False,False,False,False,False,False,False,False
431,/mnt/class_data/Shelby/One_Minute_Audio/RC02_Trial_3_trim.WAV,33.0,36.0,False,False,False,False,False,False,False,False,False,False,False,False,False,False,False,False,False,False,False
432,/mnt/class_data/Shelby/One_Minute_Audio/RC02_Trial_3_trim.WAV,36.0,39.0,False,False,False,False,False,False,False,False,False,False,False,False,False,False,False,False,False,False,False
433,/mnt/class_data/Shelby/One_Minute_Audio/RC02_Trial_3_trim.WAV,39.0,42.0,False,False,False,False,False,False,False,False,False,False,False,False,False,False,False,False,False,False,False
434,/mnt/class_data/Shelby/One_Minute_Audio/RC02_Trial_3_trim.WAV,42.0,45.0,False,False,False,False,False,False,False,False,False,False,False,False,False,False,False,False,False,False,False
435,/mnt/class_data/Shelby/One_Minute_Audio/RC02_Trial_3_trim.WAV,45.0,48.0,False,False,False,False,False,False,True,False,False,False,False,False,False,False,False,True,False,False,False
436,/mnt/class_data/Shelby/One_Minute_Audio/RC02_Trial_3_trim.WAV,48.0,51.0,True,False,False,False,False,False,True,False,False,True,False,False,False,False,False,False,False,False,False
437,/mnt/class_data/Shelby/One_Minute_Audio/RC02_Trial_3_trim.WAV,51.0,54.0,False,False,False,False,False,False,False,False,False,True,False,False,False,False,False,False,False,False,False
438,/mnt/class_data/Shelby/One_Minute_Audio/RC02_Trial_3_trim.WAV,54.0,57.0,False,False,False,False,False,False,True,False,False,False,False,False,False,False,False,False,False,False,False
439,/mnt/class_data/Shelby/One_Minute_Audio/RC02_Trial_3_trim.WAV,57.0,60.0,False,False,False,False,False,False,True,False,False,True,False,False,False,False,False,False,False,False,False
460,/mnt/class_data/Shelby/One_Minute_Audio/SL01_Trial_3_trim.WAV,0.0,3.0,False,False,False,False,False,False,False,False,False,False,False,False,False,False,False,False,False,False,False
461,/mnt/class_data/Shelby/One_Minute_Audio/SL01_Trial_3_trim.WAV,3.0,6.0,False,False,True,False,False,False,False,False,False,False,False,False,False,False,False,False,False,False,False
462,/mnt/class_data/Shelby/One_Minute_Audio/SL01_Trial_3_trim.WAV,6.0,9.0,False,False,False,False,False,False,False,False,False,False,False,False,False,False,False,False,False,False,False
463,/mnt/class_data/Shelby/One_Minute_Audio/SL01_Trial_3_trim.WAV,9.0,12.0,False,False,False,False,False,False,False,False,False,False,False,False,False,True,False,False,False,False,False
464,/mnt/class_data/Shelby/One_Minute_Audio/SL01_Trial_3_trim.WAV,12.0,15.0,False,False,False,False,False,False,True,False,False,False,False,False,False,True,False,False,False,False,False
465,/mnt/class_data/Shelby/One_Minute_Audio/SL01_Trial_3_trim.WAV,15.0,18.0,False,False,False,False,False,False,False,False,False,False,False,False,False,True,False,False,False,False,False
466,/mnt/class_data/Shelby/One_Minute_Audio/SL01_Trial_3_trim.WAV,18.0,21.0,False,False,True,False,False,False,True,False,False,False,False,False,False,False,False,False,False,False,False
467,/mnt/class_data/Shelby/One_Minute_Audio/SL01_Trial_3_trim.WAV,21.0,24.0,False,False,False,False,False,False,False,False,False,False,False,False,False,True,False,False,False,False,False
468,/mnt/class_data/Shelby/One_Minute_Audio/SL01_Trial_3_trim.WAV,24.0,27.0,False,False,False,False,False,False,False,False,False,False,False,False,False,False,False,False,False,False,False
469,/mnt/class_data/Shelby/One_Minute_Audio/SL01_Trial_3_trim.WAV,27.0,30.0,False,False,False,False,False,False,True,False,False,False,False,False,False,False,False,False,False,False,False
470,/mnt/class_data/Shelby/One_Minute_Audio/SL01_Trial_3_trim.WAV,30.0,33.0,False,False,False,False,False,False,True,False,False,False,False,False,False,False,False,False,False,False,False
471,/mnt/class_data/Shelby/One_Minute_Audio/SL01_Trial_3_trim.WAV,33.0,36.0,False,False,False,False,False,False,False,False,False,False,False,False,False,False,False,False,False,False,False
472,/mnt/class_data/Shelby/One_Minute_Audio/SL01_Trial_3_trim.WAV,36.0,39.0,True,False,False,False,False,False,False,False,False,False,False,False,False,False,False,False,False,False,False
473,/mnt/class_data/Shelby/One_Minute_Audio/SL01_Trial_3_trim.WAV,39.0,42.0,False,False,False,False,False,False,False,False,False,False,False,False,False,False,False,False,False,False,False
474,/mnt/class_data/Shelby/One_Minute_Audio/SL01_Trial_3_trim.WAV,42.0,45.0,False,False,False,False,False,False,False,False,False,False,False,False,False,False,False,False,False,False,False
475,/mnt/class_data/Shelby/One_Minute_Audio/SL01_Trial_3_trim.WAV,45.0,48.0,False,False,True,False,False,False,False,False,False,False,False,False,False,False,False,False,False,False,False
476,/mnt/class_data/Shelby/One_Minute_Audio/SL01_Trial_3_trim.WAV,48.0,51.0,False,False,True,False,False,False,False,False,False,False,False,False,False,False,False,False,False,False,False
477,/mnt/class_data/Shelby/One_Minute_Audio/SL01_Trial_3_trim.WAV,51.0,54.0,False,False,True,False,False,False,True,False,False,False,False,False,False,False,False,False,False,False,False
478,/mnt/class_data/Shelby/One_Minute_Audio/SL01_Trial_3_trim.WAV,54.0,57.0,False,False,False,False,False,False,False,False,False,False,False,False,False,True,False,False,False,False,False
479,/mnt/class_data/Shelby/One_Minute_Audio/SL01_Trial_3_trim.WAV,57.0,60.0,False,False,True,False,False,False,True,False,False,False,False,False,False,True,False,False,False,False,False
480,/mnt/class_data/Shelby/One_Minute_Audio/SL02_Trial_1_trim.WAV,0.0,3.0,False,False,True,False,False,False,False,False,False,False,False,False,False,False,False,False,False,False,False
481,/mnt/class_data/Shelby/One_Minute_Audio/SL02_Trial_1_trim.WAV,3.0,6.0,False,False,False,False,False,False,False,False,False,False,False,False,False,False,False,False,False,False,False
482,/mnt/class_data/Shelby/One_Minute_Audio/SL02_Trial_1_trim.WAV,6.0,9.0,False,False,True,False,False,False,False,False,False,False,False,False,False,False,False,False,False,False,False
483,/mnt/class_data/Shelby/One_Minute_Audio/SL02_Trial_1_trim.WAV,9.0,12.0,False,False,True,False,False,False,False,False,False,False,False,False,False,False,False,False,False,False,False
484,/mnt/class_data/Shelby/One_Minute_Audio/SL02_Trial_1_trim.WAV,12.0,15.0,False,False,False,False,False,False,False,False,False,False,False,False,False,False,False,False,False,False,False
485,/mnt/class_data/Shelby/One_Minute_Audio/SL02_Trial_1_trim.WAV,15.0,18.0,False,False,False,False,False,False,False,False,False,False,False,False,False,False,False,False,False,False,False
486,/mnt/class_data/Shelby/One_Minute_Audio/SL02_Trial_1_trim.WAV,18.0,21.0,False,False,False,False,False,False,False,False,False,False,False,False,False,False,False,False,False,False,False
487,/mnt/class_data/Shelby/One_Minute_Audio/SL02_Trial_1_trim.WAV,21.0,24.0,False,False,False,False,False,False,False,False,False,False,False,False,False,False,False,False,False,False,False
488,/mnt/class_data/Shelby/One_Minute_Audio/SL02_Trial_1_trim.WAV,24.0,27.0,False,False,False,False,False,False,False,False,False,False,False,False,False,False,False,False,False,False,False
489,/mnt/class_data/Shelby/One_Minute_Audio/SL02_Trial_1_trim.WAV,27.0,30.0,False,False,False,False,False,False,False,False,False,False,False,False,False,False,False,False,False,False,False
490,/mnt/class_data/Shelby/One_Minute_Audio/SL02_Trial_1_trim.WAV,30.0,33.0,False,False,False,False,False,False,False,False,False,False,False,False,False,False,False,False,False,False,False
491,/mnt/class_data/Shelby/One_Minute_Audio/SL02_Trial_1_trim.WAV,33.0,36.0,False,False,False,False,False,False,False,False,False,False,False,False,False,False,False,False,False,False,False
492,/mnt/class_data/Shelby/One_Minute_Audio/SL02_Trial_1_trim.WAV,36.0,39.0,False,False,False,False,False,False,False,False,False,False,False,False,False,False,False,False,False,False,False
493,/mnt/class_data/Shelby/One_Minute_Audio/SL02_Trial_1_trim.WAV,39.0,42.0,False,False,False,False,False,False,False,False,False,False,False,False,False,False,False,False,False,False,False
494,/mnt/class_data/Shelby/One_Minute_Audio/SL02_Trial_1_trim.WAV,42.0,45.0,False,False,False,False,False,False,False,False,False,False,False,False,False,False,False,False,False,False,False
495,/mnt/class_data/Shelby/One_Minute_Audio/SL02_Trial_1_trim.WAV,45.0,48.0,False,False,True,False,False,False,False,False,False,False,False,False,False,False,False,False,False,False,False
496,/mnt/class_data/Shelby/One_Minute_Audio/SL02_Trial_1_trim.WAV,48.0,51.0,False,False,True,False,False,False,False,False,False,False,False,False,False,False,False,False,False,False,False
497,/mnt/class_data/Shelby/One_Minute_Audio/SL02_Trial_1_trim.WAV,51.0,54.0,False,False,True,False,False,False,False,False,False,False,False,False,False,False,False,False,False,False,False
498,/mnt/class_data/Shelby/One_Minute_Audio/SL02_Trial_1_trim.WAV,54.0,57.0,True,False,True,False,False,False,False,False,False,False,False,False,False,False,False,False,False,False,False
499,/mnt/class_data/Shelby/One_Minute_Audio/SL02_Trial_1_trim.WAV,57.0,60.0,False,False,True,False,False,False,False,False,False,False,False,False,False,True,False,False,False,False,False
500,/mnt/class_data/Shelby/One_Minute_Audio/SL02_Trial_2_trim.WAV,0.0,3.0,True,False,True,False,False,False,False,False,False,False,False,False,False,False,False,False,False,False,False
501,/mnt/class_data/Shelby/One_Minute_Audio/SL02_Trial_2_trim.WAV,3.0,6.0,False,False,True,False,False,False,False,False,False,False,False,False,False,True,False,False,False,False,False
502,/mnt/class_data/Shelby/One_Minute_Audio/SL02_Trial_2_trim.WAV,6.0,9.0,True,False,True,False,False,False,False,False,False,False,False,False,False,False,False,False,False,False,False
503,/mnt/class_data/Shelby/One_Minute_Audio/SL02_Trial_2_trim.WAV,9.0,12.0,True,False,False,False,False,False,False,False,False,False,False,False,False,True,False,False,False,False,False
504,/mnt/class_data/Shelby/One_Minute_Audio/SL02_Trial_2_trim.WAV,12.0,15.0,False,False,True,False,False,False,False,False,False,False,False,False,False,True,False,False,False,False,False
505,/mnt/class_data/Shelby/One_Minute_Audio/SL02_Trial_2_trim.WAV,15.0,18.0,False,False,False,False,False,False,False,False,False,False,False,False,False,False,False,False,False,False,False
506,/mnt/class_data/Shelby/One_Minute_Audio/SL02_Trial_2_trim.WAV,18.0,21.0,False,False,False,False,False,False,False,False,False,False,False,False,False,True,False,False,False,False,False
507,/mnt/class_data/Shelby/One_Minute_Audio/SL02_Trial_2_trim.WAV,21.0,24.0,False,False,False,False,False,False,False,False,False,False,False,False,False,True,False,False,False,False,False
508,/mnt/class_data/Shelby/One_Minute_Audio/SL02_Trial_2_trim.WAV,24.0,27.0,True,False,False,False,False,False,False,False,False,False,False,False,False,True,False,False,False,False,False
509,/mnt/class_data/Shelby/One_Minute_Audio/SL02_Trial_2_trim.WAV,27.0,30.0,False,False,False,False,False,False,False,False,False,False,False,False,False,True,False,False,False,False,False
510,/mnt/class_data/Shelby/One_Minute_Audio/SL02_Trial_2_trim.WAV,30.0,33.0,False,False,True,False,False,False,False,False,False,False,False,False,False,False,False,False,False,False,False
511,/mnt/class_data/Shelby/One_Minute_Audio/SL02_Trial_2_trim.WAV,33.0,36.0,False,False,True,False,False,False,True,False,False,False,False,False,False,True,False,False,False,False,False
512,/mnt/class_data/Shelby/One_Minute_Audio/SL02_Trial_2_trim.WAV,36.0,39.0,False,False,True,False,False,False,False,False,False,False,False,False,False,True,False,False,False,False,False
513,/mnt/class_data/Shelby/One_Minute_Audio/SL02_Trial_2_trim.WAV,39.0,42.0,False,False,True,False,False,False,False,False,False,False,False,False,False,True,False,False,False,False,False
514,/mnt/class_data/Shelby/One_Minute_Audio/SL02_Trial_2_trim.WAV,42.0,45.0,False,False,False,False,False,False,False,False,False,False,False,False,False,True,False,False,False,False,False
515,/mnt/class_data/Shelby/One_Minute_Audio/SL02_Trial_2_trim.WAV,45.0,48.0,False,False,False,False,False,False,False,False,False,False,False,False,False,False,False,False,False,False,False
516,/mnt/class_data/Shelby/One_Minute_Audio/SL02_Trial_2_trim.WAV,48.0,51.0,False,False,True,False,False,False,True,False,False,False,False,False,False,False,False,False,False,False,False
517,/mnt/class_data/Shelby/One_Minute_Audio/SL02_Trial_2_trim.WAV,51.0,54.0,False,False,True,False,False,False,False,False,False,False,False,False,False,True,False,False,False,False,False
518,/mnt/class_data/Shelby/One_Minute_Audio/SL02_Trial_2_trim.WAV,54.0,57.0,False,False,True,False,False,False,False,False,False,False,False,False,False,False,False,False,False,False,False
519,/mnt/class_data/Shelby/One_Minute_Audio/SL02_Trial_2_trim.WAV,57.0,60.0,False,False,True,False,False,False,False,False,False,False,False,False,False,False,False,False,False,False,False
520,/mnt/class_data/Shelby/One_Minute_Audio/SL02_Trial_3_trim.WAV,0.0,3.0,False,False,True,False,False,False,False,False,False,False,False,False,False,False,False,False,False,False,False
521,/mnt/class_data/Shelby/One_Minute_Audio/SL02_Trial_3_trim.WAV,3.0,6.0,False,False,True,False,False,False,False,False,False,False,False,False,True,False,False,False,False,False,False
522,/mnt/class_data/Shelby/One_Minute_Audio/SL02_Trial_3_trim.WAV,6.0,9.0,False,False,True,False,False,False,False,False,False,False,False,False,False,False,False,False,False,False,False
523,/mnt/class_data/Shelby/One_Minute_Audio/SL02_Trial_3_trim.WAV,9.0,12.0,False,False,True,False,False,False,False,False,False,False,False,False,False,False,False,False,False,False,False
524,/mnt/class_data/Shelby/One_Minute_Audio/SL02_Trial_3_trim.WAV,12.0,15.0,False,False,True,False,False,False,False,False,False,False,False,False,False,False,False,False,False,False,False
525,/mnt/class_data/Shelby/One_Minute_Audio/SL02_Trial_3_trim.WAV,15.0,18.0,False,False,False,False,False,False,False,False,False,False,False,False,True,False,False,False,False,False,False
526,/mnt/class_data/Shelby/One_Minute_Audio/SL02_Trial_3_trim.WAV,18.0,21.0,False,False,True,False,False,False,False,False,False,False,False,False,True,False,False,False,False,False,False
527,/mnt/class_data/Shelby/One_Minute_Audio/SL02_Trial_3_trim.WAV,21.0,24.0,False,False,False,False,False,False,False,False,False,False,False,False,False,False,False,False,False,False,False
528,/mnt/class_data/Shelby/One_Minute_Audio/SL02_Trial_3_trim.WAV,24.0,27.0,False,False,True,False,False,False,False,False,False,False,False,False,True,False,False,False,False,False,False
529,/mnt/class_data/Shelby/One_Minute_Audio/SL02_Trial_3_trim.WAV,27.0,30.0,False,False,True,False,False,False,False,False,False,False,False,False,False,False,False,False,False,False,False
530,/mnt/class_data/Shelby/One_Minute_Audio/SL02_Trial_3_trim.WAV,30.0,33.0,False,False,True,False,False,False,False,False,False,False,False,False,True,False,False,False,False,False,False
531,/mnt/class_data/Shelby/One_Minute_Audio/SL02_Trial_3_trim.WAV,33.0,36.0,False,False,False,False,False,False,False,False,False,False,False,False,False,False,False,False,False,False,False
532,/mnt/class_data/Shelby/One_Minute_Audio/SL02_Trial_3_trim.WAV,36.0,39.0,False,False,True,False,False,False,False,False,False,False,False,False,True,False,False,False,False,False,False
533,/mnt/class_data/Shelby/One_Minute_Audio/SL02_Trial_3_trim.WAV,39.0,42.0,False,False,True,False,False,False,False,False,False,False,False,False,True,False,False,False,False,False,False
534,/mnt/class_data/Shelby/One_Minute_Audio/SL02_Trial_3_trim.WAV,42.0,45.0,False,False,True,False,False,False,False,False,False,False,False,False,False,False,False,False,False,False,False
535,/mnt/class_data/Shelby/One_Minute_Audio/SL02_Trial_3_trim.WAV,45.0,48.0,False,False,True,False,False,False,False,False,False,False,False,False,False,False,False,False,False,False,False
536,/mnt/class_data/Shelby/One_Minute_Audio/SL02_Trial_3_trim.WAV,48.0,51.0,False,False,False,False,False,False,False,False,False,False,False,False,True,False,False,False,False,False,False
537,/mnt/class_data/Shelby/One_Minute_Audio/SL02_Trial_3_trim.WAV,51.0,54.0,False,False,True,False,False,False,False,False,False,False,False,False,True,False,False,False,False,False,False
538,/mnt/class_data/Shelby/One_Minute_Audio/SL02_Trial_3_trim.WAV,54.0,57.0,False,False,True,False,False,False,False,False,False,False,False,False,False,False,False,False,False,False,False
539,/mnt/class_data/Shelby/One_Minute_Audio/SL02_Trial_3_trim.WAV,57.0,60.0,False,False,True,False,False,False,False,False,False,False,False,False,True,False,False,False,False,False,False
540,/mnt/class_data/Shelby/One_Minute_Audio/SL07_Trial_1_trim.WAV,0.0,3.0,True,False,True,False,False,False,False,False,False,True,False,False,False,False,False,False,False,False,False
541,/mnt/class_data/Shelby/One_Minute_Audio/SL07_Trial_1_trim.WAV,3.0,6.0,True,False,False,False,False,False,False,False,False,True,False,False,False,False,False,False,False,False,False
542,/mnt/class_data/Shelby/One_Minute_Audio/SL07_Trial_1_trim.WAV,6.0,9.0,True,False,True,False,False,False,False,False,False,True,False,False,False,False,False,False,False,False,False
543,/mnt/class_data/Shelby/One_Minute_Audio/SL07_Trial_1_trim.WAV,9.0,12.0,True,False,True,False,False,False,False,False,False,True,False,False,False,False,False,False,False,False,False
544,/mnt/class_data/Shelby/One_Minute_Audio/SL07_Trial_1_trim.WAV,12.0,15.0,True,False,True,False,False,False,False,False,False,True,False,False,False,False,False,False,False,False,False
545,/mnt/class_data/Shelby/One_Minute_Audio/SL07_Trial_1_trim.WAV,15.0,18.0,True,False,True,False,False,False,False,False,False,True,False,False,False,False,False,False,False,False,False
546,/mnt/class_data/Shelby/One_Minute_Audio/SL07_Trial_1_trim.WAV,18.0,21.0,True,False,True,False,False,False,False,False,False,True,False,False,False,False,False,False,False,False,False
547,/mnt/class_data/Shelby/One_Minute_Audio/SL07_Trial_1_trim.WAV,21.0,24.0,True,False,False,False,False,False,False,False,False,True,False,False,False,False,False,False,False,False,False
548,/mnt/class_data/Shelby/One_Minute_Audio/SL07_Trial_1_trim.WAV,24.0,27.0,False,False,False,False,False,False,False,False,False,True,False,False,False,False,False,False,False,False,False
549,/mnt/class_data/Shelby/One_Minute_Audio/SL07_Trial_1_trim.WAV,27.0,30.0,True,False,False,False,False,False,False,False,False,True,False,False,False,False,False,False,False,False,False
550,/mnt/class_data/Shelby/One_Minute_Audio/SL07_Trial_1_trim.WAV,30.0,33.0,True,False,False,False,False,False,False,False,False,True,False,False,False,False,False,False,False,False,False
551,/mnt/class_data/Shelby/One_Minute_Audio/SL07_Trial_1_trim.WAV,33.0,36.0,True,False,False,False,False,False,False,False,False,True,False,False,False,False,False,False,False,False,False
552,/mnt/class_data/Shelby/One_Minute_Audio/SL07_Trial_1_trim.WAV,36.0,39.0,False,False,False,False,False,False,False,False,False,True,False,False,False,False,False,False,False,False,False
553,/mnt/class_data/Shelby/One_Minute_Audio/SL07_Trial_1_trim.WAV,39.0,42.0,True,False,False,False,False,False,False,False,False,True,False,False,False,False,False,False,False,False,False
554,/mnt/class_data/Shelby/One_Minute_Audio/SL07_Trial_1_trim.WAV,42.0,45.0,True,False,False,False,False,False,False,False,False,True,False,False,False,False,False,False,False,False,False
555,/mnt/class_data/Shelby/One_Minute_Audio/SL07_Trial_1_trim.WAV,45.0,48.0,True,False,False,False,False,False,False,False,False,True,False,False,False,False,False,False,False,False,False
556,/mnt/class_data/Shelby/One_Minute_Audio/SL07_Trial_1_trim.WAV,48.0,51.0,True,False,False,False,False,False,False,False,False,True,False,False,False,False,False,False,False,False,False
557,/mnt/class_data/Shelby/One_Minute_Audio/SL07_Trial_1_trim.WAV,51.0,54.0,True,False,False,False,False,False,False,False,False,True,False,False,False,False,False,False,False,False,False
558,/mnt/class_data/Shelby/One_Minute_Audio/SL07_Trial_1_trim.WAV,54.0,57.0,True,False,False,False,False,False,False,False,False,True,False,False,False,False,False,False,False,False,False
559,/mnt/class_data/Shelby/One_Minute_Audio/SL07_Trial_1_trim.WAV,57.0,60.0,False,False,False,False,False,False,False,False,False,True,False,False,False,False,False,False,False,False,False
580,/mnt/class_data/Shelby/One_Minute_Audio/SL07_Trial_3_trim.WAV,0.0,3.0,False,False,True,False,False,False,False,False,False,True,False,False,False,False,False,False,False,False,False
581,/mnt/class_data/Shelby/One_Minute_Audio/SL07_Trial_3_trim.WAV,3.0,6.0,False,False,False,False,False,False,False,False,False,True,False,False,False,False,False,False,False,False,False
582,/mnt/class_data/Shelby/One_Minute_Audio/SL07_Trial_3_trim.WAV,6.0,9.0,False,False,True,False,False,False,False,False,False,True,False,False,False,False,False,False,False,False,False
583,/mnt/class_data/Shelby/One_Minute_Audio/SL07_Trial_3_trim.WAV,9.0,12.0,False,False,True,False,False,False,False,False,False,True,False,False,False,False,False,False,False,False,False
584,/mnt/class_data/Shelby/One_Minute_Audio/SL07_Trial_3_trim.WAV,12.0,15.0,False,False,True,False,False,False,False,False,False,True,False,False,False,False,False,False,False,False,False
585,/mnt/class_data/Shelby/One_Minute_Audio/SL07_Trial_3_trim.WAV,15.0,18.0,False,False,True,False,False,False,False,False,False,True,False,False,False,False,False,False,False,False,False
586,/mnt/class_data/Shelby/One_Minute_Audio/SL07_Trial_3_trim.WAV,18.0,21.0,False,False,True,False,False,False,False,False,False,True,False,False,False,False,False,False,False,False,False
587,/mnt/class_data/Shelby/One_Minute_Audio/SL07_Trial_3_trim.WAV,21.0,24.0,False,False,True,False,False,False,False,False,False,True,False,False,False,True,False,False,False,False,False
588,/mnt/class_data/Shelby/One_Minute_Audio/SL07_Trial_3_trim.WAV,24.0,27.0,False,False,True,False,False,False,False,False,False,False,False,False,False,True,False,False,False,False,False
589,/mnt/class_data/Shelby/One_Minute_Audio/SL07_Trial_3_trim.WAV,27.0,30.0,False,False,True,False,False,False,False,False,False,True,False,False,False,False,False,False,False,False,False
590,/mnt/class_data/Shelby/One_Minute_Audio/SL07_Trial_3_trim.WAV,30.0,33.0,False,False,False,False,False,False,False,False,False,True,False,False,False,True,False,False,False,False,False
591,/mnt/class_data/Shelby/One_Minute_Audio/SL07_Trial_3_trim.WAV,33.0,36.0,False,False,True,False,False,False,False,False,False,True,False,False,False,False,False,False,False,False,False
592,/mnt/class_data/Shelby/One_Minute_Audio/SL07_Trial_3_trim.WAV,36.0,39.0,False,False,False,False,False,False,False,False,False,True,False,False,False,True,False,False,False,False,False
593,/mnt/class_data/Shelby/One_Minute_Audio/SL07_Trial_3_trim.WAV,39.0,42.0,False,False,True,False,False,False,False,False,False,True,False,False,False,True,False,False,False,False,False
594,/mnt/class_data/Shelby/One_Minute_Audio/SL07_Trial_3_trim.WAV,42.0,45.0,False,False,True,False,False,False,False,False,False,True,False,False,False,False,False,False,False,False,False
595,/mnt/class_data/Shelby/One_Minute_Audio/SL07_Trial_3_trim.WAV,45.0,48.0,False,False,False,False,False,False,False,False,False,True,False,False,False,False,False,False,False,False,False
596,/mnt/class_data/Shelby/One_Minute_Audio/SL07_Trial_3_trim.WAV,48.0,51.0,False,False,True,False,False,False,False,False,False,True,False,False,False,False,False,False,False,False,False
597,/mnt/class_data/Shelby/One_Minute_Audio/SL07_Trial_3_trim.WAV,51.0,54.0,False,False,True,False,False,False,False,False,False,True,False,False,False,True,False,False,False,False,False
598,/mnt/class_data/Shelby/One_Minute_Audio/SL07_Trial_3_trim.WAV,54.0,57.0,False,False,False,False,False,False,False,False,False,True,False,False,False,False,False,False,False,False,False
599,/mnt/class_data/Shelby/One_Minute_Audio/SL07_Trial_3_trim.WAV,57.0,60.0,False,False,True,False,False,False,False,False,False,True,False,False,False,False,False,False,False,False,False
600,/mnt/class_data/Shelby/One_Minute_Audio/SL09_Trial_1_trim.WAV,0.0,3.0,True,False,True,False,False,False,False,False,False,False,False,False,False,False,False,False,False,False,False
601,/mnt/class_data/Shelby/One_Minute_Audio/SL09_Trial_1_trim.WAV,3.0,6.0,True,False,False,False,False,False,False,False,False,False,False,False,False,False,False,False,False,False,False
602,/mnt/class_data/Shelby/One_Minute_Audio/SL09_Trial_1_trim.WAV,6.0,9.0,False,False,True,False,False,False,False,False,False,False,False,False,False,False,False,False,False,False,False
603,/mnt/class_data/Shelby/One_Minute_Audio/SL09_Trial_1_trim.WAV,9.0,12.0,False,False,True,False,False,False,False,False,False,False,False,False,False,False,False,False,False,False,False
604,/mnt/class_data/Shelby/One_Minute_Audio/SL09_Trial_1_trim.WAV,12.0,15.0,False,False,True,False,False,False,False,False,False,False,False,False,False,True,False,False,False,False,False
605,/mnt/class_data/Shelby/One_Minute_Audio/SL09_Trial_1_trim.WAV,15.0,18.0,False,False,True,False,False,False,False,False,False,False,False,False,False,False,False,False,False,False,False
606,/mnt/class_data/Shelby/One_Minute_Audio/SL09_Trial_1_trim.WAV,18.0,21.0,False,False,False,False,False,False,False,False,False,False,False,False,False,True,False,False,False,False,False
607,/mnt/class_data/Shelby/One_Minute_Audio/SL09_Trial_1_trim.WAV,21.0,24.0,False,False,True,False,False,False,False,False,False,False,False,False,False,True,False,False,False,False,False
608,/mnt/class_data/Shelby/One_Minute_Audio/SL09_Trial_1_trim.WAV,24.0,27.0,False,False,True,False,False,False,False,False,False,False,False,False,False,False,False,False,False,False,False
609,/mnt/class_data/Shelby/One_Minute_Audio/SL09_Trial_1_trim.WAV,27.0,30.0,False,False,True,False,False,False,False,False,False,False,False,False,False,False,False,False,False,False,False
610,/mnt/class_data/Shelby/One_Minute_Audio/SL09_Trial_1_trim.WAV,30.0,33.0,False,False,True,False,False,False,False,False,False,False,False,False,False,True,False,False,False,False,False
611,/mnt/class_data/Shelby/One_Minute_Audio/SL09_Trial_1_trim.WAV,33.0,36.0,False,False,True,False,False,False,False,False,False,False,False,False,False,False,False,False,False,False,False
612,/mnt/class_data/Shelby/One_Minute_Audio/SL09_Trial_1_trim.WAV,36.0,39.0,False,False,True,False,False,False,False,False,False,False,False,False,False,False,False,False,False,False,False
613,/mnt/class_data/Shelby/One_Minute_Audio/SL09_Trial_1_trim.WAV,39.0,42.0,False,False,True,False,False,False,True,False,False,False,False,False,False,False,False,False,False,False,False
614,/mnt/class_data/Shelby/One_Minute_Audio/SL09_Trial_1_trim.WAV,42.0,45.0,False,False,True,False,False,False,False,False,False,False,False,False,False,True,False,False,False,False,False
615,/mnt/class_data/Shelby/One_Minute_Audio/SL09_Trial_1_trim.WAV,45.0,48.0,False,False,False,False,False,False,False,False,False,False,False,False,False,True,False,False,False,False,False
616,/mnt/class_data/Shelby/One_Minute_Audio/SL09_Trial_1_trim.WAV,48.0,51.0,False,False,False,False,False,False,False,False,False,False,False,False,False,True,False,False,False,False,False
617,/mnt/class_data/Shelby/One_Minute_Audio/SL09_Trial_1_trim.WAV,51.0,54.0,False,False,False,False,False,False,True,False,False,False,False,False,False,True,False,False,False,False,False
618,/mnt/class_data/Shelby/One_Minute_Audio/SL09_Trial_1_trim.WAV,54.0,57.0,False,False,False,False,False,False,True,False,False,False,False,False,False,True,False,False,False,False,False
619,/mnt/class_data/Shelby/One_Minute_Audio/SL09_Trial_1_trim.WAV,57.0,60.0,False,False,False,False,False,False,True,False,False,False,False,False,False,False,False,False,False,False,False
620,/mnt/class_data/Shelby/One_Minute_Audio/SL09_Trial_2_trim.WAV,0.0,3.0,False,False,True,False,False,False,False,False,False,False,False,False,False,False,False,False,False,False,False
621,/mnt/class_data/Shelby/One_Minute_Audio/SL09_Trial_2_trim.WAV,3.0,6.0,False,False,False,False,False,False,False,False,False,False,False,False,False,False,False,False,False,False,False
622,/mnt/class_data/Shelby/One_Minute_Audio/SL09_Trial_2_trim.WAV,6.0,9.0,False,False,True,False,False,False,True,False,False,False,False,False,False,False,False,False,False,False,False
623,/mnt/class_data/Shelby/One_Minute_Audio/SL09_Trial_2_trim.WAV,9.0,12.0,False,False,False,False,False,False,False,False,False,False,False,False,False,False,False,False,False,False,False
624,/mnt/class_data/Shelby/One_Minute_Audio/SL09_Trial_2_trim.WAV,12.0,15.0,False,False,True,False,False,False,False,False,False,False,False,False,False,False,False,False,False,False,False
625,/mnt/class_data/Shelby/One_Minute_Audio/SL09_Trial_2_trim.WAV,15.0,18.0,False,False,True,False,False,False,False,False,False,False,False,False,False,False,False,False,False,False,False
626,/mnt/class_data/Shelby/One_Minute_Audio/SL09_Trial_2_trim.WAV,18.0,21.0,False,False,False,False,False,False,False,False,False,False,False,False,False,False,False,False,False,False,False
627,/mnt/class_data/Shelby/One_Minute_Audio/SL09_Trial_2_trim.WAV,21.0,24.0,False,False,True,False,False,False,True,False,False,False,False,False,False,False,False,False,False,False,False
628,/mnt/class_data/Shelby/One_Minute_Audio/SL09_Trial_2_trim.WAV,24.0,27.0,False,False,True,False,False,False,False,False,False,False,False,False,False,False,False,False,False,False,False
629,/mnt/class_data/Shelby/One_Minute_Audio/SL09_Trial_2_trim.WAV,27.0,30.0,False,False,False,False,False,False,False,False,False,False,False,False,False,False,False,False,False,False,False
630,/mnt/class_data/Shelby/One_Minute_Audio/SL09_Trial_2_trim.WAV,30.0,33.0,False,False,False,False,False,False,False,False,False,False,False,False,False,False,False,False,False,False,False
631,/mnt/class_data/Shelby/One_Minute_Audio/SL09_Trial_2_trim.WAV,33.0,36.0,False,False,False,False,False,False,False,False,False,False,False,False,False,False,False,False,False,False,False
632,/mnt/class_data/Shelby/One_Minute_Audio/SL09_Trial_2_trim.WAV,36.0,39.0,False,False,False,False,False,False,False,False,False,False,False,False,False,False,False,False,False,False,False
633,/mnt/class_data/Shelby/One_Minute_Audio/SL09_Trial_2_trim.WAV,39.0,42.0,False,False,False,False,False,False,True,False,False,False,False,False,False,False,False,True,False,False,False
634,/mnt/class_data/Shelby/One_Minute_Audio/SL09_Trial_2_trim.WAV,42.0,45.0,False,False,False,False,False,False,False,False,False,False,False,False,False,False,False,False,False,False,False
635,/mnt/class_data/Shelby/One_Minute_Audio/SL09_Trial_2_trim.WAV,45.0,48.0,False,False,False,False,False,False,False,False,False,False,False,False,False,False,False,False,False,False,False
636,/mnt/class_data/Shelby/One_Minute_Audio/SL09_Trial_2_trim.WAV,48.0,51.0,False,False,True,False,False,False,False,False,False,False,False,False,False,False,False,False,False,False,False
637,/mnt/class_data/Shelby/One_Minute_Audio/SL09_Trial_2_trim.WAV,51.0,54.0,False,False,False,False,False,False,False,False,False,False,False,False,False,False,False,False,False,False,False
638,/mnt/class_data/Shelby/One_Minute_Audio/SL09_Trial_2_trim.WAV,54.0,57.0,False,False,True,False,False,False,False,False,False,False,False,False,False,False,False,False,False,False,False
639,/mnt/class_data/Shelby/One_Minute_Audio/SL09_Trial_2_trim.WAV,57.0,60.0,False,False,True,False,False,False,False,False,False,False,False,False,False,False,False,False,False,False,False
640,/mnt/class_data/Shelby/One_Minute_Audio/SL09_Trial_3_trim.WAV,0.0,3.0,True,False,False,False,False,False,False,False,False,False,False,False,False,False,False,False,True,False,False
641,/mnt/class_data/Shelby/One_Minute_Audio/SL09_Trial_3_trim.WAV,3.0,6.0,True,False,False,False,False,False,False,False,False,False,False,False,False,False,False,False,False,False,False
642,/mnt/class_data/Shelby/One_Minute_Audio/SL09_Trial_3_trim.WAV,6.0,9.0,False,False,False,False,False,False,False,False,False,False,False,False,False,False,False,False,True,False,False
643,/mnt/class_data/Shelby/One_Minute_Audio/SL09_Trial_3_trim.WAV,9.0,12.0,True,False,False,False,False,False,False,False,False,False,False,False,False,False,False,False,True,False,False
644,/mnt/class_data/Shelby/One_Minute_Audio/SL09_Trial_3_trim.WAV,12.0,15.0,False,False,False,False,False,False,False,False,False,False,False,False,False,False,False,False,True,False,False
645,/mnt/class_data/Shelby/One_Minute_Audio/SL09_Trial_3_trim.WAV,15.0,18.0,True,False,True,False,False,False,False,False,False,False,False,False,False,False,False,False,False,False,False
646,/mnt/class_data/Shelby/One_Minute_Audio/SL09_Trial_3_trim.WAV,18.0,21.0,False,False,False,False,False,False,False,False,False,False,False,False,False,False,False,False,True,False,False
647,/mnt/class_data/Shelby/One_Minute_Audio/SL09_Trial_3_trim.WAV,21.0,24.0,False,False,False,False,False,False,False,False,False,False,False,False,False,False,False,False,True,False,False
648,/mnt/class_data/Shelby/One_Minute_Audio/SL09_Trial_3_trim.WAV,24.0,27.0,False,False,False,False,False,False,False,False,False,False,False,False,False,False,False,False,True,False,False
649,/mnt/class_data/Shelby/One_Minute_Audio/SL09_Trial_3_trim.WAV,27.0,30.0,True,False,False,False,False,False,False,False,False,False,False,False,False,False,False,False,False,False,False
650,/mnt/class_data/Shelby/One_Minute_Audio/SL09_Trial_3_trim.WAV,30.0,33.0,False,False,False,False,False,False,False,False,False,False,False,False,False,False,False,False,True,False,False
651,/mnt/class_data/Shelby/One_Minute_Audio/SL09_Trial_3_trim.WAV,33.0,36.0,False,False,False,False,False,False,False,False,False,False,False,False,False,False,False,False,True,False,False
652,/mnt/class_data/Shelby/One_Minute_Audio/SL09_Trial_3_trim.WAV,36.0,39.0,False,False,False,False,False,False,False,False,False,False,False,False,False,False,False,False,True,False,False
653,/mnt/class_data/Shelby/One_Minute_Audio/SL09_Trial_3_trim.WAV,39.0,42.0,True,False,False,False,False,False,False,False,False,False,False,False,False,False,False,False,False,False,False
654,/mnt/class_data/Shelby/One_Minute_Audio/SL09_Trial_3_trim.WAV,42.0,45.0,False,False,True,False,False,False,False,False,False,False,False,False,False,False,False,False,True,False,False
655,/mnt/class_data/Shelby/One_Minute_Audio/SL09_Trial_3_trim.WAV,45.0,48.0,False,False,True,False,False,False,False,False,False,False,False,False,False,False,False,False,True,False,False
656,/mnt/class_data/Shelby/One_Minute_Audio/SL09_Trial_3_trim.WAV,48.0,51.0,False,False,False,False,False,False,False,False,False,False,False,False,False,False,False,False,True,False,False
657,/mnt/class_data/Shelby/One_Minute_Audio/SL09_Trial_3_trim.WAV,51.0,54.0,False,False,False,False,False,False,False,False,False,False,False,False,False,False,False,False,True,False,False
658,/mnt/class_data/Shelby/One_Minute_Audio/SL09_Trial_3_trim.WAV,54.0,57.0,True,False,False,False,False,False,False,False,False,False,False,False,False,False,False,False,False,False,False
659,/mnt/class_data/Shelby/One_Minute_Audio/SL09_Trial_3_trim.WAV,57.0,60.0,False,False,False,False,False,False,False,False,False,False,False,False,False,False,False,False,True,False,False
660,/mnt/class_data/Shelby/One_Minute_Audio/SL10_Trial_1_trim.WAV,0.0,3.0,True,False,False,False,False,False,True,False,False,False,False,False,False,True,False,False,False,False,False
661,/mnt/class_data/Shelby/One_Minute_Audio/SL10_Trial_1_trim.WAV,3.0,6.0,True,False,False,False,False,False,False,False,False,False,False,False,False,False,False,False,False,False,False
662,/mnt/class_data/Shelby/One_Minute_Audio/SL10_Trial_1_trim.WAV,6.0,9.0,True,False,False,False,False,False,False,False,False,False,False,False,False,True,False,False,False,False,False
663,/mnt/class_data/Shelby/One_Minute_Audio/SL10_Trial_1_trim.WAV,9.0,12.0,False,False,False,False,False,False,False,False,False,False,False,False,False,True,False,False,False,False,False
664,/mnt/class_data/Shelby/One_Minute_Audio/SL10_Trial_1_trim.WAV,12.0,15.0,True,False,False,False,False,False,False,False,False,False,False,False,False,True,False,False,False,False,False
665,/mnt/class_data/Shelby/One_Minute_Audio/SL10_Trial_1_trim.WAV,15.0,18.0,True,False,False,False,False,False,False,False,False,False,False,False,False,True,False,False,False,False,False
666,/mnt/class_data/Shelby/One_Minute_Audio/SL10_Trial_1_trim.WAV,18.0,21.0,False,False,False,False,False,False,False,False,False,False,False,False,False,True,False,False,False,False,False
667,/mnt/class_data/Shelby/One_Minute_Audio/SL10_Trial_1_trim.WAV,21.0,24.0,True,False,False,False,False,False,False,False,False,False,False,False,False,True,False,False,False,False,False
668,/mnt/class_data/Shelby/One_Minute_Audio/SL10_Trial_1_trim.WAV,24.0,27.0,True,False,False,False,False,False,False,False,False,False,False,False,False,True,False,False,False,False,False
669,/mnt/class_data/Shelby/One_Minute_Audio/SL10_Trial_1_trim.WAV,27.0,30.0,True,False,False,False,False,False,False,False,False,False,False,False,False,True,False,False,False,False,False
670,/mnt/class_data/Shelby/One_Minute_Audio/SL10_Trial_1_trim.WAV,30.0,33.0,True,False,False,False,False,False,False,False,False,False,False,False,False,True,False,False,False,False,False
671,/mnt/class_data/Shelby/One_Minute_Audio/SL10_Trial_1_trim.WAV,33.0,36.0,True,False,False,False,False,False,False,False,False,False,False,False,False,True,False,False,False,False,False
672,/mnt/class_data/Shelby/One_Minute_Audio/SL10_Trial_1_trim.WAV,36.0,39.0,True,False,False,False,False,False,False,False,False,False,False,False,False,True,False,False,False,False,False
673,/mnt/class_data/Shelby/One_Minute_Audio/SL10_Trial_1_trim.WAV,39.0,42.0,True,False,False,False,False,False,False,False,False,False,False,False,False,True,False,False,False,False,False
674,/mnt/class_data/Shelby/One_Minute_Audio/SL10_Trial_1_trim.WAV,42.0,45.0,True,False,False,False,False,False,False,False,False,False,False,False,False,True,False,False,False,False,False
675,/mnt/class_data/Shelby/One_Minute_Audio/SL10_Trial_1_trim.WAV,45.0,48.0,True,False,False,False,False,False,False,False,False,False,False,False,False,True,False,False,False,False,False
676,/mnt/class_data/Shelby/One_Minute_Audio/SL10_Trial_1_trim.WAV,48.0,51.0,True,False,False,False,False,False,False,False,False,False,False,False,False,True,False,False,False,False,False
677,/mnt/class_data/Shelby/One_Minute_Audio/SL10_Trial_1_trim.WAV,51.0,54.0,True,False,False,False,False,False,False,False,False,False,False,False,False,True,False,False,False,False,False
678,/mnt/class_data/Shelby/One_Minute_Audio/SL10_Trial_1_trim.WAV,54.0,57.0,True,False,False,False,False,False,False,False,False,False,False,False,False,True,False,False,False,False,False
679,/mnt/class_data/Shelby/One_Minute_Audio/SL10_Trial_1_trim.WAV,57.0,60.0,True,False,False,False,False,False,False,False,False,False,False,False,False,True,False,False,False,False,False
700,/mnt/class_data/Shelby/One_Minute_Audio/SL10_Trial_3_trim.WAV,0.0,3.0,True,False,False,False,False,False,False,False,False,False,False,False,False,False,False,False,False,False,False
701,/mnt/class_data/Shelby/One_Minute_Audio/SL10_Trial_3_trim.WAV,3.0,6.0,True,False,False,False,False,False,False,False,False,False,False,False,False,True,False,False,False,False,False
702,/mnt/class_data/Shelby/One_Minute_Audio/SL10_Trial_3_trim.WAV,6.0,9.0,True,False,False,False,False,False,False,False,False,False,False,False,False,True,False,False,False,False,False
703,/mnt/class_data/Shelby/One_Minute_Audio/SL10_Trial_3_trim.WAV,9.0,12.0,True,False,False,False,False,False,False,False,False,False,False,False,False,True,False,False,False,False,False
704,/mnt/class_data/Shelby/One_Minute_Audio/SL10_Trial_3_trim.WAV,12.0,15.0,True,False,False,False,False,False,False,False,False,False,False,False,False,True,False,False,False,False,False
705,/mnt/class_data/Shelby/One_Minute_Audio/SL10_Trial_3_trim.WAV,15.0,18.0,True,False,False,False,False,False,False,False,False,False,False,False,False,True,False,False,False,False,False
706,/mnt/class_data/Shelby/One_Minute_Audio/SL10_Trial_3_trim.WAV,18.0,21.0,True,False,False,False,False,False,False,False,False,False,False,False,False,True,False,False,False,False,False
707,/mnt/class_data/Shelby/One_Minute_Audio/SL10_Trial_3_trim.WAV,21.0,24.0,True,False,False,False,False,False,False,False,False,False,False,False,False,True,False,False,False,False,False
708,/mnt/class_data/Shelby/One_Minute_Audio/SL10_Trial_3_trim.WAV,24.0,27.0,True,False,False,False,False,False,False,False,False,False,False,False,False,True,False,False,False,False,False
709,/mnt/class_data/Shelby/One_Minute_Audio/SL10_Trial_3_trim.WAV,27.0,30.0,True,False,False,False,False,False,False,False,False,False,False,False,False,True,False,False,False,False,False
710,/mnt/class_data/Shelby/One_Minute_Audio/SL10_Trial_3_trim.WAV,30.0,33.0,True,False,False,False,False,False,False,False,False,False,False,False,False,True,False,False,False,False,False
711,/mnt/class_data/Shelby/One_Minute_Audio/SL10_Trial_3_trim.WAV,33.0,36.0,True,False,False,False,False,False,False,False,False,False,False,False,False,True,False,False,False,False,False
712,/mnt/class_data/Shelby/One_Minute_Audio/SL10_Trial_3_trim.WAV,36.0,39.0,True,False,False,False,False,False,False,False,False,False,False,False,False,True,False,False,False,False,False
713,/mnt/class_data/Shelby/One_Minute_Audio/SL10_Trial_3_trim.WAV,39.0,42.0,True,False,False,False,False,False,False,False,False,False,False,False,False,True,False,False,False,False,False
714,/mnt/class_data/Shelby/One_Minute_Audio/SL10_Trial_3_trim.WAV,42.0,45.0,True,False,False,False,False,False,False,False,False,False,False,False,False,True,False,False,False,False,False
715,/mnt/class_data/Shelby/One_Minute_Audio/SL10_Trial_3_trim.WAV,45.0,48.0,True,False,False,False,False,False,False,False,False,False,False,False,False,True,False,False,False,False,False
716,/mnt/class_data/Shelby/One_Minute_Audio/SL10_Trial_3_trim.WAV,48.0,51.0,True,False,False,False,False,False,False,False,False,False,False,False,False,True,False,False,False,False,False
717,/mnt/class_data/Shelby/One_Minute_Audio/SL10_Trial_3_trim.WAV,51.0,54.0,True,False,False,False,False,False,False,False,False,False,False,False,False,True,False,False,False,False,False
718,/mnt/class_data/Shelby/One_Minute_Audio/SL10_Trial_3_trim.WAV,54.0,57.0,False,False,False,False,False,False,False,False,False,False,False,False,False,True,False,False,False,False,False
719,/mnt/class_data/Shelby/One_Minute_Audio/SL10_Trial_3_trim.WAV,57.0,60.0,True,False,False,False,False,False,False,False,False,False,False,False,False,True,False,False,False,False,False
720,/mnt/class_data/Shelby/One_Minute_Audio/SL11_Trial_1_trim.WAV,0.0,3.0,True,False,False,False,False,False,False,False,False,False,False,False,False,False,False,False,False,False,False
721,/mnt/class_data/Shelby/One_Minute_Audio/SL11_Trial_1_trim.WAV,3.0,6.0,True,False,False,False,False,False,False,False,False,False,False,False,False,False,False,False,False,False,False
722,/mnt/class_data/Shelby/One_Minute_Audio/SL11_Trial_1_trim.WAV,6.0,9.0,True,False,False,False,False,False,False,False,False,False,False,False,False,False,False,False,False,False,False
723,/mnt/class_data/Shelby/One_Minute_Audio/SL11_Trial_1_trim.WAV,9.0,12.0,True,False,False,False,False,False,False,False,False,False,False,False,False,True,False,False,False,False,False
724,/mnt/class_data/Shelby/One_Minute_Audio/SL11_Trial_1_trim.WAV,12.0,15.0,False,False,False,False,False,False,False,False,False,False,False,False,False,True,False,False,False,False,False
725,/mnt/class_data/Shelby/One_Minute_Audio/SL11_Trial_1_trim.WAV,15.0,18.0,False,False,False,False,False,False,False,False,False,False,False,False,False,True,False,False,False,False,False
726,/mnt/class_data/Shelby/One_Minute_Audio/SL11_Trial_1_trim.WAV,18.0,21.0,False,False,False,False,False,False,False,False,False,False,False,False,False,True,False,False,False,False,False
727,/mnt/class_data/Shelby/One_Minute_Audio/SL11_Trial_1_trim.WAV,21.0,24.0,True,False,False,False,False,False,False,False,False,False,False,False,False,True,False,False,False,False,False
728,/mnt/class_data/Shelby/One_Minute_Audio/SL11_Trial_1_trim.WAV,24.0,27.0,False,False,False,False,False,False,False,False,False,False,False,False,False,True,False,False,False,False,False
729,/mnt/class_data/Shelby/One_Minute_Audio/SL11_Trial_1_trim.WAV,27.0,30.0,False,False,False,False,False,False,False,False,False,False,False,False,False,True,False,False,False,False,False
730,/mnt/class_data/Shelby/One_Minute_Audio/SL11_Trial_1_trim.WAV,30.0,33.0,False,False,False,False,False,False,False,False,False,False,False,False,False,True,False,False,False,False,False
731,/mnt/class_data/Shelby/One_Minute_Audio/SL11_Trial_1_trim.WAV,33.0,36.0,False,False,False,False,False,False,False,False,False,False,False,False,False,False,True,False,False,False,False
732,/mnt/class_data/Shelby/One_Minute_Audio/SL11_Trial_1_trim.WAV,36.0,39.0,False,False,False,False,False,False,False,False,False,False,False,False,False,False,True,False,False,False,False
733,/mnt/class_data/Shelby/One_Minute_Audio/SL11_Trial_1_trim.WAV,39.0,42.0,False,False,False,False,False,False,False,False,False,False,False,False,False,False,True,False,False,False,False
734,/mnt/class_data/Shelby/One_Minute_Audio/SL11_Trial_1_trim.WAV,42.0,45.0,False,False,False,False,False,False,False,False,False,False,False,False,False,False,True,False,False,False,False
735,/mnt/class_data/Shelby/One_Minute_Audio/SL11_Trial_1_trim.WAV,45.0,48.0,False,False,False,False,False,False,False,False,False,False,False,False,False,False,True,False,False,False,False
736,/mnt/class_data/Shelby/One_Minute_Audio/SL11_Trial_1_trim.WAV,48.0,51.0,False,False,False,False,False,False,False,False,False,False,False,False,False,False,True,False,False,False,False
737,/mnt/class_data/Shelby/One_Minute_Audio/SL11_Trial_1_trim.WAV,51.0,54.0,False,False,False,False,False,False,False,False,False,False,False,False,False,False,True,False,False,False,False
738,/mnt/class_data/Shelby/One_Minute_Audio/SL11_Trial_1_trim.WAV,54.0,57.0,False,False,False,False,False,False,False,False,False,False,False,False,False,False,True,False,False,False,False
739,/mnt/class_data/Shelby/One_Minute_Audio/SL11_Trial_1_trim.WAV,57.0,60.0,False,False,False,False,False,False,False,False,False,False,False,False,False,False,True,False,False,False,False
740,/mnt/class_data/Shelby/One_Minute_Audio/SL11_Trial_2_trim.WAV,0.0,3.0,False,False,False,False,False,False,False,False,False,False,False,False,False,False,True,False,False,False,False
741,/mnt/class_data/Shelby/One_Minute_Audio/SL11_Trial_2_trim.WAV,3.0,6.0,False,False,False,False,False,False,False,False,False,False,False,False,False,False,True,False,False,False,False
742,/mnt/class_data/Shelby/One_Minute_Audio/SL11_Trial_2_trim.WAV,6.0,9.0,False,False,False,False,False,False,False,False,False,False,False,False,False,False,True,False,False,False,False
743,/mnt/class_data/Shelby/One_Minute_Audio/SL11_Trial_2_trim.WAV,9.0,12.0,False,False,False,False,False,False,False,False,False,False,False,False,False,False,True,False,False,False,False
744,/mnt/class_data/Shelby/One_Minute_Audio/SL11_Trial_2_trim.WAV,12.0,15.0,False,False,False,False,False,False,False,False,False,False,False,False,False,False,True,False,False,False,False
745,/mnt/class_data/Shelby/One_Minute_Audio/SL11_Trial_2_trim.WAV,15.0,18.0,False,False,False,False,False,False,False,False,False,False,False,False,False,False,True,False,False,False,False
746,/mnt/class_data/Shelby/One_Minute_Audio/SL11_Trial_2_trim.WAV,18.0,21.0,False,False,False,False,False,False,False,False,False,False,False,False,False,False,True,False,False,False,False
747,/mnt/class_data/Shelby/One_Minute_Audio/SL11_Trial_2_trim.WAV,21.0,24.0,False,False,False,False,False,False,False,False,False,False,False,False,False,False,True,False,False,False,False
748,/mnt/class_data/Shelby/One_Minute_Audio/SL11_Trial_2_trim.WAV,24.0,27.0,False,False,False,False,False,False,False,False,False,False,False,False,False,False,True,False,False,False,False
749,/mnt/class_data/Shelby/One_Minute_Audio/SL11_Trial_2_trim.WAV,27.0,30.0,False,False,False,False,False,False,False,False,False,False,False,False,False,False,True,False,False,False,False
750,/mnt/class_data/Shelby/One_Minute_Audio/SL11_Trial_2_trim.WAV,30.0,33.0,False,False,False,False,False,False,False,False,False,False,False,False,False,False,True,False,False,False,False
751,/mnt/class_data/Shelby/One_Minute_Audio/SL11_Trial_2_trim.WAV,33.0,36.0,False,False,False,False,False,False,False,False,False,False,False,False,False,False,True,False,False,False,False
752,/mnt/class_data/Shelby/One_Minute_Audio/SL11_Trial_2_trim.WAV,36.0,39.0,False,False,False,False,False,False,False,False,False,False,False,False,False,False,True,False,False,False,False
753,/mnt/class_data/Shelby/One_Minute_Audio/SL11_Trial_2_trim.WAV,39.0,42.0,False,False,False,False,False,False,False,False,False,False,False,False,False,False,True,False,False,False,False
754,/mnt/class_data/Shelby/One_Minute_Audio/SL11_Trial_2_trim.WAV,42.0,45.0,False,False,False,False,False,False,False,False,False,False,False,False,False,False,True,False,False,False,False
755,/mnt/class_data/Shelby/One_Minute_Audio/SL11_Trial_2_trim.WAV,45.0,48.0,False,False,False,False,False,False,False,False,False,False,False,False,False,False,True,False,False,False,False
756,/mnt/class_data/Shelby/One_Minute_Audio/SL11_Trial_2_trim.WAV,48.0,51.0,False,False,False,False,False,False,False,False,False,False,False,False,False,False,True,False,False,False,False
757,/mnt/class_data/Shelby/One_Minute_Audio/SL11_Trial_2_trim.WAV,51.0,54.0,False,False,False,False,False,False,False,False,False,False,False,False,False,False,True,False,False,False,False
758,/mnt/class_data/Shelby/One_Minute_Audio/SL11_Trial_2_trim.WAV,54.0,57.0,False,False,False,False,False,False,False,False,False,False,False,False,False,False,True,False,False,False,False
759,/mnt/class_data/Shelby/One_Minute_Audio/SL11_Trial_2_trim.WAV,57.0,60.0,False,False,False,False,False,False,False,False,False,False,False,False,False,False,True,False,False,False,False
760,/mnt/class_data/Shelby/One_Minute_Audio/SL11_Trial_3_trim.WAV,0.0,3.0,False,False,False,False,False,False,False,False,False,False,False,False,False,False,False,False,True,False,False
761,/mnt/class_data/Shelby/One_Minute_Audio/SL11_Trial_3_trim.WAV,3.0,6.0,False,False,False,False,False,False,False,False,False,False,False,False,False,False,False,False,True,False,False
762,/mnt/class_data/Shelby/One_Minute_Audio/SL11_Trial_3_trim.WAV,6.0,9.0,False,False,False,False,False,False,False,False,False,False,False,False,False,False,False,False,True,False,False
763,/mnt/class_data/Shelby/One_Minute_Audio/SL11_Trial_3_trim.WAV,9.0,12.0,False,False,False,False,False,False,False,False,False,False,False,False,False,False,False,False,True,False,False
764,/mnt/class_data/Shelby/One_Minute_Audio/SL11_Trial_3_trim.WAV,12.0,15.0,True,False,False,False,False,False,False,False,False,False,False,False,False,False,False,False,True,False,False
765,/mnt/class_data/Shelby/One_Minute_Audio/SL11_Trial_3_trim.WAV,15.0,18.0,True,False,False,False,False,False,False,False,False,False,False,False,False,False,False,False,True,False,False
766,/mnt/class_data/Shelby/One_Minute_Audio/SL11_Trial_3_trim.WAV,18.0,21.0,True,False,False,False,False,False,False,False,False,False,False,False,False,False,False,False,True,False,False
767,/mnt/class_data/Shelby/One_Minute_Audio/SL11_Trial_3_trim.WAV,21.0,24.0,True,False,False,False,False,False,False,False,False,False,False,False,False,False,False,False,True,False,False
768,/mnt/class_data/Shelby/One_Minute_Audio/SL11_Trial_3_trim.WAV,24.0,27.0,True,False,False,False,False,False,False,False,False,False,False,False,False,False,False,False,False,False,False
769,/mnt/class_data/Shelby/One_Minute_Audio/SL11_Trial_3_trim.WAV,27.0,30.0,True,False,False,False,False,False,False,False,False,False,False,False,False,False,False,False,False,False,False
770,/mnt/class_data/Shelby/One_Minute_Audio/SL11_Trial_3_trim.WAV,30.0,33.0,False,False,False,False,False,False,False,False,False,False,False,False,False,False,False,False,True,False,False
771,/mnt/class_data/Shelby/One_Minute_Audio/SL11_Trial_3_trim.WAV,33.0,36.0,True,False,False,False,False,False,False,False,False,False,False,False,False,False,False,False,False,False,False
772,/mnt/class_data/Shelby/One_Minute_Audio/SL11_Trial_3_trim.WAV,36.0,39.0,False,False,False,False,False,False,False,False,False,False,False,False,False,False,False,False,True,False,False
773,/mnt/class_data/Shelby/One_Minute_Audio/SL11_Trial_3_trim.WAV,39.0,42.0,True,False,False,False,False,False,False,False,False,False,False,False,False,False,False,False,True,False,False
774,/mnt/class_data/Shelby/One_Minute_Audio/SL11_Trial_3_trim.WAV,42.0,45.0,True,False,False,False,False,False,False,False,False,False,False,False,False,False,False,False,False,False,False
775,/mnt/class_data/Shelby/One_Minute_Audio/SL11_Trial_3_trim.WAV,45.0,48.0,True,False,False,False,False,False,False,False,False,False,False,False,False,False,False,False,False,False,False
776,/mnt/class_data/Shelby/One_Minute_Audio/SL11_Trial_3_trim.WAV,48.0,51.0,True,False,False,False,False,False,False,False,False,False,False,False,False,False,False,False,False,False,False
777,/mnt/class_data/Shelby/One_Minute_Audio/SL11_Trial_3_trim.WAV,51.0,54.0,True,False,False,False,False,False,False,False,False,False,False,False,False,False,False,False,False,False,False
778,/mnt/class_data/Shelby/One_Minute_Audio/SL11_Trial_3_trim.WAV,54.0,57.0,True,False,False,False,False,False,False,False,False,False,False,False,False,False,False,False,False,False,False
779,/mnt/class_data/Shelby/One_Minute_Audio/SL11_Trial_3_trim.WAV,57.0,60.0,True,False,False,False,False,False,False,False,False,False,False,False,False,False,False,False,True,False,False
780,/mnt/class_data/Shelby/One_Minute_Audio/SL12_Trial_1_trim.WAV,0.0,3.0,False,False,True,False,False,False,False,False,False,False,False,False,False,False,False,False,False,True,False
781,/mnt/class_data/Shelby/One_Minute_Audio/SL12_Trial_1_trim.WAV,3.0,6.0,False,False,True,True,False,False,False,False,False,False,False,False,False,False,False,False,False,True,False
782,/mnt/class_data/Shelby/One_Minute_Audio/SL12_Trial_1_trim.WAV,6.0,9.0,False,False,True,False,False,False,False,False,False,False,False,False,False,False,False,False,False,True,False
783,/mnt/class_data/Shelby/One_Minute_Audio/SL12_Trial_1_trim.WAV,9.0,12.0,False,False,True,True,False,False,False,False,False,False,False,False,False,False,False,False,False,True,False
784,/mnt/class_data/Shelby/One_Minute_Audio/SL12_Trial_1_trim.WAV,12.0,15.0,False,False,False,False,False,False,False,False,False,False,False,False,False,False,False,False,False,True,False
785,/mnt/class_data/Shelby/One_Minute_Audio/SL12_Trial_1_trim.WAV,15.0,18.0,False,False,True,False,False,False,False,False,False,False,False,False,False,False,False,False,False,True,False
786,/mnt/class_data/Shelby/One_Minute_Audio/SL12_Trial_1_trim.WAV,18.0,21.0,True,False,True,False,False,False,False,False,False,False,False,False,False,False,False,False,False,True,False
787,/mnt/class_data/Shelby/One_Minute_Audio/SL12_Trial_1_trim.WAV,21.0,24.0,False,False,False,False,False,False,False,False,False,False,False,False,False,False,False,False,False,False,False
788,/mnt/class_data/Shelby/One_Minute_Audio/SL12_Trial_1_trim.WAV,24.0,27.0,False,False,True,False,False,False,False,False,False,False,False,False,False,False,False,False,False,True,False
789,/mnt/class_data/Shelby/One_Minute_Audio/SL12_Trial_1_trim.WAV,27.0,30.0,False,False,False,False,False,False,False,False,False,False,False,False,False,False,False,False,False,False,False
790,/mnt/class_data/Shelby/One_Minute_Audio/SL12_Trial_1_trim.WAV,30.0,33.0,False,False,True,False,False,False,False,False,False,False,False,False,False,False,False,False,False,True,False
791,/mnt/class_data/Shelby/One_Minute_Audio/SL12_Trial_1_trim.WAV,33.0,36.0,False,False,False,False,False,False,False,False,False,False,False,False,False,False,False,False,False,False,False
792,/mnt/class_data/Shelby/One_Minute_Audio/SL12_Trial_1_trim.WAV,36.0,39.0,False,False,True,False,False,False,False,False,False,False,False,False,False,False,False,False,False,False,False
793,/mnt/class_data/Shelby/One_Minute_Audio/SL12_Trial_1_trim.WAV,39.0,42.0,False,False,True,False,False,False,False,False,False,False,False,False,False,False,False,False,False,False,False
794,/mnt/class_data/Shelby/One_Minute_Audio/SL12_Trial_1_trim.WAV,42.0,45.0,False,False,True,False,False,False,False,False,False,False,False,False,False,False,False,False,False,False,False
795,/mnt/class_data/Shelby/One_Minute_Audio/SL12_Trial_1_trim.WAV,45.0,48.0,False,False,False,False,False,False,False,False,False,False,False,False,False,False,False,False,False,True,False
796,/mnt/class_data/Shelby/One_Minute_Audio/SL12_Trial_1_trim.WAV,48.0,51.0,False,False,False,False,False,False,False,False,False,False,False,False,False,False,False,False,False,True,False
797,/mnt/class_data/Shelby/One_Minute_Audio/SL12_Trial_1_trim.WAV,51.0,54.0,False,False,True,False,False,False,False,False,False,False,False,False,False,False,False,False,False,True,False
798,/mnt/class_data/Shelby/One_Minute_Audio/SL12_Trial_1_trim.WAV,54.0,57.0,False,False,True,True,False,False,False,False,False,False,False,False,False,False,False,False,False,False,False
799,/mnt/class_data/Shelby/One_Minute_Audio/SL12_Trial_1_trim.WAV,57.0,60.0,False,False,False,False,False,False,False,False,False,False,False,False,False,False,False,False,False,False,False
800,/mnt/class_data/Shelby/One_Minute_Audio/SL12_Trial_2_trim.WAV,0.0,3.0,True,True,False,False,False,False,False,False,False,False,False,False,False,False,False,False,False,False,False
801,/mnt/class_data/Shelby/One_Minute_Audio/SL12_Trial_2_trim.WAV,3.0,6.0,True,False,False,False,False,False,False,False,False,False,False,False,False,False,False,False,False,False,False
802,/mnt/class_data/Shelby/One_Minute_Audio/SL12_Trial_2_trim.WAV,6.0,9.0,True,False,False,False,False,False,False,False,False,False,False,False,False,False,False,False,False,False,False
803,/mnt/class_data/Shelby/One_Minute_Audio/SL12_Trial_2_trim.WAV,9.0,12.0,True,False,False,False,False,False,False,False,False,False,False,False,False,False,False,False,False,False,False
804,/mnt/class_data/Shelby/One_Minute_Audio/SL12_Trial_2_trim.WAV,12.0,15.0,True,False,False,False,False,False,False,False,False,False,False,False,False,False,False,False,False,False,False
805,/mnt/class_data/Shelby/One_Minute_Audio/SL12_Trial_2_trim.WAV,15.0,18.0,True,False,False,False,False,False,False,False,False,False,False,False,False,False,False,False,False,False,False
806,/mnt/class_data/Shelby/One_Minute_Audio/SL12_Trial_2_trim.WAV,18.0,21.0,True,False,False,False,False,False,False,False,False,False,False,False,False,False,False,False,False,False,False
807,/mnt/class_data/Shelby/One_Minute_Audio/SL12_Trial_2_trim.WAV,21.0,24.0,True,False,False,False,False,False,False,False,False,False,False,False,False,False,False,False,False,False,False
808,/mnt/class_data/Shelby/One_Minute_Audio/SL12_Trial_2_trim.WAV,24.0,27.0,True,False,False,False,False,False,False,False,False,False,False,False,False,False,False,False,False,False,False
809,/mnt/class_data/Shelby/One_Minute_Audio/SL12_Trial_2_trim.WAV,27.0,30.0,True,False,False,False,False,False,False,False,False,False,False,False,False,False,False,False,False,False,False
810,/mnt/class_data/Shelby/One_Minute_Audio/SL12_Trial_2_trim.WAV,30.0,33.0,True,False,False,False,False,False,False,False,False,False,False,False,False,False,False,False,False,False,False
811,/mnt/class_data/Shelby/One_Minute_Audio/SL12_Trial_2_trim.WAV,33.0,36.0,True,True,False,False,False,False,False,False,False,False,False,False,False,False,False,False,False,False,False
812,/mnt/class_data/Shelby/One_Minute_Audio/SL12_Trial_2_trim.WAV,36.0,39.0,False,True,False,False,False,False,False,False,False,False,False,False,False,False,False,False,False,False,False
813,/mnt/class_data/Shelby/One_Minute_Audio/SL12_Trial_2_trim.WAV,39.0,42.0,True,False,False,False,False,False,False,False,False,False,False,False,False,False,False,False,False,False,False
814,/mnt/class_data/Shelby/One_Minute_Audio/SL12_Trial_2_trim.WAV,42.0,45.0,True,True,False,False,False,False,False,False,False,False,False,False,False,False,False,False,False,False,False
815,/mnt/class_data/Shelby/One_Minute_Audio/SL12_Trial_2_trim.WAV,45.0,48.0,True,True,False,False,False,False,False,False,False,False,False,False,False,False,False,False,False,False,False
816,/mnt/class_data/Shelby/One_Minute_Audio/SL12_Trial_2_trim.WAV,48.0,51.0,False,True,False,False,False,False,False,False,False,False,False,False,False,False,False,False,False,False,False
817,/mnt/class_data/Shelby/One_Minute_Audio/SL12_Trial_2_trim.WAV,51.0,54.0,False,False,False,False,False,False,False,False,False,False,False,False,False,False,False,False,False,False,False
818,/mnt/class_data/Shelby/One_Minute_Audio/SL12_Trial_2_trim.WAV,54.0,57.0,False,True,False,False,False,False,False,False,False,False,False,False,False,False,False,False,False,False,False
819,/mnt/class_data/Shelby/One_Minute_Audio/SL12_Trial_2_trim.WAV,57.0,60.0,False,True,False,False,False,False,False,False,False,False,False,False,False,False,False,False,False,False,False
840,/mnt/class_data/Shelby/One_Minute_Audio/SL13_Trial_1_trim.WAV,0.0,3.0,False,False,False,False,False,False,False,False,False,False,False,False,False,False,False,False,False,False,False
841,/mnt/class_data/Shelby/One_Minute_Audio/SL13_Trial_1_trim.WAV,3.0,6.0,False,False,False,False,False,False,False,False,False,False,False,False,False,False,False,False,False,False,False
842,/mnt/class_data/Shelby/One_Minute_Audio/SL13_Trial_1_trim.WAV,6.0,9.0,False,False,False,False,False,False,False,False,False,False,False,False,False,False,False,False,False,False,False
843,/mnt/class_data/Shelby/One_Minute_Audio/SL13_Trial_1_trim.WAV,9.0,12.0,False,False,False,False,False,False,False,False,False,False,False,False,False,False,False,False,False,False,False
844,/mnt/class_data/Shelby/One_Minute_Audio/SL13_Trial_1_trim.WAV,12.0,15.0,False,False,True,False,False,False,True,False,False,False,False,False,False,False,False,False,False,False,False
845,/mnt/class_data/Shelby/One_Minute_Audio/SL13_Trial_1_trim.WAV,15.0,18.0,False,False,False,False,False,False,False,False,False,False,False,False,False,False,False,False,True,False,False
846,/mnt/class_data/Shelby/One_Minute_Audio/SL13_Trial_1_trim.WAV,18.0,21.0,False,False,False,False,False,False,False,False,False,False,False,False,False,False,False,False,True,False,False
847,/mnt/class_data/Shelby/One_Minute_Audio/SL13_Trial_1_trim.WAV,21.0,24.0,False,False,False,False,False,False,False,False,False,False,False,False,False,False,False,False,True,False,False
848,/mnt/class_data/Shelby/One_Minute_Audio/SL13_Trial_1_trim.WAV,24.0,27.0,False,False,False,False,False,False,False,False,False,False,False,False,False,False,False,False,True,False,False
849,/mnt/class_data/Shelby/One_Minute_Audio/SL13_Trial_1_trim.WAV,27.0,30.0,False,False,False,False,False,False,False,False,False,False,False,False,False,False,False,False,True,False,False
850,/mnt/class_data/Shelby/One_Minute_Audio/SL13_Trial_1_trim.WAV,30.0,33.0,False,False,False,False,False,False,False,False,False,False,False,False,False,False,False,False,True,False,False
851,/mnt/class_data/Shelby/One_Minute_Audio/SL13_Trial_1_trim.WAV,33.0,36.0,False,False,False,False,False,False,False,False,False,False,False,False,False,False,False,False,True,False,False
852,/mnt/class_data/Shelby/One_Minute_Audio/SL13_Trial_1_trim.WAV,36.0,39.0,False,False,False,False,False,False,False,False,False,False,False,False,False,False,False,False,True,False,False
853,/mnt/class_data/Shelby/One_Minute_Audio/SL13_Trial_1_trim.WAV,39.0,42.0,False,False,False,False,False,False,False,False,False,False,False,False,False,False,False,False,True,False,False
854,/mnt/class_data/Shelby/One_Minute_Audio/SL13_Trial_1_trim.WAV,42.0,45.0,False,False,False,False,False,False,False,False,False,False,False,False,False,False,False,False,False,False,False
855,/mnt/class_data/Shelby/One_Minute_Audio/SL13_Trial_1_trim.WAV,45.0,48.0,False,False,False,False,False,False,False,False,False,False,False,False,False,False,False,False,True,False,False
856,/mnt/class_data/Shelby/One_Minute_Audio/SL13_Trial_1_trim.WAV,48.0,51.0,False,False,False,False,False,False,False,False,False,False,False,False,False,False,False,False,False,False,False
857,/mnt/class_data/Shelby/One_Minute_Audio/SL13_Trial_1_trim.WAV,51.0,54.0,False,False,False,False,False,False,False,False,False,False,False,False,False,False,False,False,False,False,False
858,/mnt/class_data/Shelby/One_Minute_Audio/SL13_Trial_1_trim.WAV,54.0,57.0,False,False,False,False,False,False,False,False,False,False,False,False,False,False,False,False,False,False,False
859,/mnt/class_data/Shelby/One_Minute_Audio/SL13_Trial_1_trim.WAV,57.0,60.0,False,False,False,False,False,False,False,False,False,False,False,False,False,True,False,False,False,False,False
860,/mnt/class_data/Shelby/One_Minute_Audio/SL13_Trial_2_trim.WAV,0.0,3.0,False,False,False,False,False,False,False,False,False,False,False,False,False,False,False,False,False,False,False
861,/mnt/class_data/Shelby/One_Minute_Audio/SL13_Trial_2_trim.WAV,3.0,6.0,False,False,False,False,False,False,False,False,False,False,False,False,False,False,False,False,False,False,False
862,/mnt/class_data/Shelby/One_Minute_Audio/SL13_Trial_2_trim.WAV,6.0,9.0,False,False,False,False,False,False,True,False,False,False,False,False,False,False,False,False,False,False,False
863,/mnt/class_data/Shelby/One_Minute_Audio/SL13_Trial_2_trim.WAV,9.0,12.0,False,False,False,False,False,False,False,False,False,False,False,False,False,False,False,False,False,False,False
864,/mnt/class_data/Shelby/One_Minute_Audio/SL13_Trial_2_trim.WAV,12.0,15.0,False,False,False,False,False,False,False,False,False,False,False,False,False,False,False,False,True,False,False
865,/mnt/class_data/Shelby/One_Minute_Audio/SL13_Trial_2_trim.WAV,15.0,18.0,False,False,False,False,False,False,False,False,False,False,False,False,False,False,False,False,False,False,False
866,/mnt/class_data/Shelby/One_Minute_Audio/SL13_Trial_2_trim.WAV,18.0,21.0,False,False,False,False,False,False,False,False,False,False,False,False,False,False,False,False,True,False,False
867,/mnt/class_data/Shelby/One_Minute_Audio/SL13_Trial_2_trim.WAV,21.0,24.0,False,False,False,False,False,False,False,False,False,False,False,False,False,False,False,False,False,False,False
868,/mnt/class_data/Shelby/One_Minute_Audio/SL13_Trial_2_trim.WAV,24.0,27.0,False,False,False,False,False,False,False,False,False,False,False,False,False,False,False,False,False,False,False
869,/mnt/class_data/Shelby/One_Minute_Audio/SL13_Trial_2_trim.WAV,27.0,30.0,False,False,False,False,False,False,False,False,False,False,False,False,False,False,False,False,True,False,False
870,/mnt/class_data/Shelby/One_Minute_Audio/SL13_Trial_2_trim.WAV,30.0,33.0,False,False,False,False,False,False,False,False,False,False,False,False,False,False,False,False,False,False,False
871,/mnt/class_data/Shelby/One_Minute_Audio/SL13_Trial_2_trim.WAV,33.0,36.0,False,False,True,False,False,False,False,False,False,False,False,False,False,False,False,False,False,False,False
872,/mnt/class_data/Shelby/One_Minute_Audio/SL13_Trial_2_trim.WAV,36.0,39.0,False,False,False,False,False,False,False,False,False,False,False,False,False,False,False,False,False,False,False
873,/mnt/class_data/Shelby/One_Minute_Audio/SL13_Trial_2_trim.WAV,39.0,42.0,False,False,True,False,False,False,False,False,False,False,False,False,False,False,False,False,False,False,False
874,/mnt/class_data/Shelby/One_Minute_Audio/SL13_Trial_2_trim.WAV,42.0,45.0,False,False,False,False,False,False,False,False,False,False,False,False,False,False,False,False,False,False,False
875,/mnt/class_data/Shelby/One_Minute_Audio/SL13_Trial_2_trim.WAV,45.0,48.0,False,False,True,False,False,False,False,False,False,False,False,False,False,False,False,False,False,False,False
876,/mnt/class_data/Shelby/One_Minute_Audio/SL13_Trial_2_trim.WAV,48.0,51.0,False,False,True,False,False,False,False,False,False,False,False,False,False,False,False,False,False,False,False
877,/mnt/class_data/Shelby/One_Minute_Audio/SL13_Trial_2_trim.WAV,51.0,54.0,False,False,True,False,False,False,False,False,False,False,False,False,False,False,False,False,False,False,False
878,/mnt/class_data/Shelby/One_Minute_Audio/SL13_Trial_2_trim.WAV,54.0,57.0,False,False,False,False,False,False,False,False,False,False,False,False,False,False,False,False,False,False,False
879,/mnt/class_data/Shelby/One_Minute_Audio/SL13_Trial_2_trim.WAV,57.0,60.0,False,False,True,False,False,False,False,False,False,False,False,False,False,False,False,False,False,False,False
880,/mnt/class_data/Shelby/One_Minute_Audio/SL13_Trial_3_trim.WAV,0.0,3.0,False,False,False,False,False,False,False,False,False,False,False,False,False,True,False,False,False,False,False
881,/mnt/class_data/Shelby/One_Minute_Audio/SL13_Trial_3_trim.WAV,3.0,6.0,False,False,False,False,False,False,False,False,False,False,False,False,False,False,False,False,False,False,False
882,/mnt/class_data/Shelby/One_Minute_Audio/SL13_Trial_3_trim.WAV,6.0,9.0,False,False,True,False,False,False,False,False,False,False,False,False,False,True,False,False,False,False,False
883,/mnt/class_data/Shelby/One_Minute_Audio/SL13_Trial_3_trim.WAV,9.0,12.0,False,False,False,False,False,False,False,False,False,False,False,False,False,False,False,False,False,False,False
884,/mnt/class_data/Shelby/One_Minute_Audio/SL13_Trial_3_trim.WAV,12.0,15.0,False,False,False,False,False,False,False,False,False,False,False,False,False,False,False,False,False,False,False
885,/mnt/class_data/Shelby/One_Minute_Audio/SL13_Trial_3_trim.WAV,15.0,18.0,False,False,True,False,False,False,False,False,False,False,False,False,False,False,False,False,False,False,False
886,/mnt/class_data/Shelby/One_Minute_Audio/SL13_Trial_3_trim.WAV,18.0,21.0,False,False,False,False,False,False,False,False,False,False,False,False,False,False,False,False,False,False,False
887,/mnt/class_data/Shelby/One_Minute_Audio/SL13_Trial_3_trim.WAV,21.0,24.0,False,False,False,False,False,False,False,False,False,False,False,False,False,False,False,False,False,False,False
888,/mnt/class_data/Shelby/One_Minute_Audio/SL13_Trial_3_trim.WAV,24.0,27.0,False,False,False,False,False,False,False,False,False,False,False,False,False,False,False,False,False,False,False
889,/mnt/class_data/Shelby/One_Minute_Audio/SL13_Trial_3_trim.WAV,27.0,30.0,False,False,False,False,False,False,False,False,False,False,False,False,False,False,False,False,False,False,False
890,/mnt/class_data/Shelby/One_Minute_Audio/SL13_Trial_3_trim.WAV,30.0,33.0,False,False,False,False,False,False,False,False,False,False,False,False,False,False,False,False,False,False,False
891,/mnt/class_data/Shelby/One_Minute_Audio/SL13_Trial_3_trim.WAV,33.0,36.0,False,False,False,False,False,False,False,False,False,False,False,False,False,False,False,False,False,False,False
892,/mnt/class_data/Shelby/One_Minute_Audio/SL13_Trial_3_trim.WAV,36.0,39.0,False,False,False,False,False,False,False,False,False,False,False,False,False,False,False,False,False,False,False
893,/mnt/class_data/Shelby/One_Minute_Audio/SL13_Trial_3_trim.WAV,39.0,42.0,False,False,False,False,False,False,False,False,False,False,False,False,False,False,False,False,False,False,False
894,/mnt/class_data/Shelby/One_Minute_Audio/SL13_Trial_3_trim.WAV,42.0,45.0,False,False,False,False,False,False,False,False,False,False,False,False,False,False,False,False,False,False,False
895,/mnt/class_data/Shelby/One_Minute_Audio/SL13_Trial_3_trim.WAV,45.0,48.0,False,False,False,False,False,False,False,False,False,False,False,False,False,False,False,False,False,False,False
896,/mnt/class_data/Shelby/One_Minute_Audio/SL13_Trial_3_trim.WAV,48.0,51.0,False,False,True,False,False,False,False,False,False,False,False,False,False,False,False,False,False,False,False
897,/mnt/class_data/Shelby/One_Minute_Audio/SL13_Trial_3_trim.WAV,51.0,54.0,False,False,True,False,False,False,False,False,False,False,False,False,False,False,False,False,False,False,False
898,/mnt/class_data/Shelby/One_Minute_Audio/SL13_Trial_3_trim.WAV,54.0,57.0,False,False,True,False,False,False,False,False,False,False,False,False,False,False,False,False,False,False,False
899,/mnt/class_data/Shelby/One_Minute_Audio/SL13_Trial_3_trim.WAV,57.0,60.0,False,False,True,False,False,False,False,False,False,False,False,False,False,False,False,False,False,False,False
900,/mnt/class_data/Shelby/One_Minute_Audio/SL16_Trial_1_trim.WAV,0.0,3.0,False,False,True,False,False,False,False,False,False,False,False,False,False,False,False,False,False,False,False
901,/mnt/class_data/Shelby/One_Minute_Audio/SL16_Trial_1_trim.WAV,3.0,6.0,False,False,True,False,False,False,False,False,False,False,False,False,False,False,False,False,False,False,False
902,/mnt/class_data/Shelby/One_Minute_Audio/SL16_Trial_1_trim.WAV,6.0,9.0,False,False,True,False,False,False,False,False,False,False,False,False,False,False,False,False,False,False,False
903,/mnt/class_data/Shelby/One_Minute_Audio/SL16_Trial_1_trim.WAV,9.0,12.0,False,False,True,False,False,False,False,False,False,False,False,False,False,False,False,False,False,False,False
904,/mnt/class_data/Shelby/One_Minute_Audio/SL16_Trial_1_trim.WAV,12.0,15.0,False,False,True,False,False,False,False,False,False,False,False,False,False,False,False,False,False,False,False
905,/mnt/class_data/Shelby/One_Minute_Audio/SL16_Trial_1_trim.WAV,15.0,18.0,False,False,True,False,False,False,False,False,False,False,False,False,False,False,False,False,False,False,False
906,/mnt/class_data/Shelby/One_Minute_Audio/SL16_Trial_1_trim.WAV,18.0,21.0,False,False,True,False,False,False,False,False,False,False,False,False,False,False,False,False,False,False,False
907,/mnt/class_data/Shelby/One_Minute_Audio/SL16_Trial_1_trim.WAV,21.0,24.0,False,False,True,False,False,False,False,False,False,False,False,False,False,False,False,False,False,False,False
908,/mnt/class_data/Shelby/One_Minute_Audio/SL16_Trial_1_trim.WAV,24.0,27.0,False,False,True,False,False,False,False,False,False,False,False,False,False,False,False,False,False,False,False
909,/mnt/class_data/Shelby/One_Minute_Audio/SL16_Trial_1_trim.WAV,27.0,30.0,False,False,True,False,False,False,False,False,False,False,False,False,False,False,False,False,False,False,False
910,/mnt/class_data/Shelby/One_Minute_Audio/SL16_Trial_1_trim.WAV,30.0,33.0,False,False,True,False,False,False,False,False,False,False,False,False,False,False,False,False,False,False,False
911,/mnt/class_data/Shelby/One_Minute_Audio/SL16_Trial_1_trim.WAV,33.0,36.0,False,False,True,False,False,False,False,False,False,False,False,False,False,False,False,False,False,False,False
912,/mnt/class_data/Shelby/One_Minute_Audio/SL16_Trial_1_trim.WAV,36.0,39.0,False,False,True,False,False,False,False,False,False,False,False,False,False,False,False,False,False,False,False
913,/mnt/class_data/Shelby/One_Minute_Audio/SL16_Trial_1_trim.WAV,39.0,42.0,False,False,True,False,False,False,False,False,False,False,False,False,False,False,False,False,False,False,False
914,/mnt/class_data/Shelby/One_Minute_Audio/SL16_Trial_1_trim.WAV,42.0,45.0,False,False,True,False,False,False,False,False,False,False,False,False,False,False,False,False,False,False,False
915,/mnt/class_data/Shelby/One_Minute_Audio/SL16_Trial_1_trim.WAV,45.0,48.0,False,False,True,False,False,False,False,False,False,False,False,False,False,False,False,False,False,False,False
916,/mnt/class_data/Shelby/One_Minute_Audio/SL16_Trial_1_trim.WAV,48.0,51.0,False,False,True,False,False,False,False,False,False,False,False,False,False,False,False,False,False,False,False
917,/mnt/class_data/Shelby/One_Minute_Audio/SL16_Trial_1_trim.WAV,51.0,54.0,False,False,True,False,False,False,False,False,False,False,False,False,False,False,False,False,False,False,False
918,/mnt/class_data/Shelby/One_Minute_Audio/SL16_Trial_1_trim.WAV,54.0,57.0,False,False,True,False,False,False,False,False,False,False,False,False,False,False,False,False,False,False,False
919,/mnt/class_data/Shelby/One_Minute_Audio/SL16_Trial_1_trim.WAV,57.0,60.0,False,False,True,False,False,False,False,False,False,False,False,False,False,False,False,False,False,False,False
920,/mnt/class_data/Shelby/One_Minute_Audio/SL16_Trial_2_trim.WAV,0.0,3.0,False,False,False,False,False,False,False,False,False,False,False,False,False,False,False,False,False,False,False
921,/mnt/class_data/Shelby/One_Minute_Audio/SL16_Trial_2_trim.WAV,3.0,6.0,False,False,False,False,False,False,False,False,False,False,False,False,False,False,False,False,False,False,False
922,/mnt/class_data/Shelby/One_Minute_Audio/SL16_Trial_2_trim.WAV,6.0,9.0,False,False,False,False,False,False,False,False,False,False,False,False,False,False,False,False,False,False,False
923,/mnt/class_data/Shelby/One_Minute_Audio/SL16_Trial_2_trim.WAV,9.0,12.0,False,False,False,False,False,False,False,False,False,False,False,False,False,False,False,False,False,False,False
924,/mnt/class_data/Shelby/One_Minute_Audio/SL16_Trial_2_trim.WAV,12.0,15.0,False,False,False,False,False,False,False,False,False,False,False,False,False,False,False,False,True,False,False
925,/mnt/class_data/Shelby/One_Minute_Audio/SL16_Trial_2_trim.WAV,15.0,18.0,False,False,False,False,False,False,False,False,False,False,False,False,False,False,False,False,True,False,False
926,/mnt/class_data/Shelby/One_Minute_Audio/SL16_Trial_2_trim.WAV,18.0,21.0,False,False,False,False,False,False,False,False,False,False,False,False,False,False,False,False,True,False,False
927,/mnt/class_data/Shelby/One_Minute_Audio/SL16_Trial_2_trim.WAV,21.0,24.0,False,False,False,False,False,False,True,False,False,False,False,False,False,False,False,False,False,False,False
928,/mnt/class_data/Shelby/One_Minute_Audio/SL16_Trial_2_trim.WAV,24.0,27.0,False,False,False,False,False,False,True,False,False,False,False,False,False,False,False,False,False,False,False
929,/mnt/class_data/Shelby/One_Minute_Audio/SL16_Trial_2_trim.WAV,27.0,30.0,False,False,False,False,False,False,True,False,False,False,False,False,False,False,False,False,False,False,False
930,/mnt/class_data/Shelby/One_Minute_Audio/SL16_Trial_2_trim.WAV,30.0,33.0,False,False,False,False,False,False,False,False,False,False,False,False,False,False,False,False,False,False,False
931,/mnt/class_data/Shelby/One_Minute_Audio/SL16_Trial_2_trim.WAV,33.0,36.0,False,False,False,False,False,False,False,False,False,False,False,False,False,False,False,False,False,False,False
932,/mnt/class_data/Shelby/One_Minute_Audio/SL16_Trial_2_trim.WAV,36.0,39.0,False,False,True,False,False,False,False,False,False,False,False,False,False,False,False,False,False,False,False
933,/mnt/class_data/Shelby/One_Minute_Audio/SL16_Trial_2_trim.WAV,39.0,42.0,False,False,True,False,False,False,False,False,False,False,False,False,False,False,False,False,False,False,False
934,/mnt/class_data/Shelby/One_Minute_Audio/SL16_Trial_2_trim.WAV,42.0,45.0,True,False,True,False,False,False,False,False,False,False,False,False,False,False,False,False,False,False,False
935,/mnt/class_data/Shelby/One_Minute_Audio/SL16_Trial_2_trim.WAV,45.0,48.0,True,False,False,False,False,False,False,False,False,False,False,False,False,False,False,False,False,False,False
936,/mnt/class_data/Shelby/One_Minute_Audio/SL16_Trial_2_trim.WAV,48.0,51.0,True,False,False,False,False,False,False,False,False,False,False,False,False,False,False,False,False,False,False
937,/mnt/class_data/Shelby/One_Minute_Audio/SL16_Trial_2_trim.WAV,51.0,54.0,True,False,True,False,False,False,True,False,False,False,False,False,False,False,False,False,False,False,False
938,/mnt/class_data/Shelby/One_Minute_Audio/SL16_Trial_2_trim.WAV,54.0,57.0,True,False,False,False,False,False,False,False,False,False,False,False,False,False,False,False,False,False,False
939,/mnt/class_data/Shelby/One_Minute_Audio/SL16_Trial_2_trim.WAV,57.0,60.0,False,False,False,False,False,False,False,False,False,False,False,False,False,False,False,False,False,False,False
940,/mnt/class_data/Shelby/One_Minute_Audio/SL16_Trial_3_trim.WAV,0.0,3.0,True,False,False,False,False,False,False,False,False,False,False,False,False,False,False,False,False,False,False
941,/mnt/class_data/Shelby/One_Minute_Audio/SL16_Trial_3_trim.WAV,3.0,6.0,False,False,False,False,False,False,False,False,False,False,False,False,False,False,False,False,False,False,False
942,/mnt/class_data/Shelby/One_Minute_Audio/SL16_Trial_3_trim.WAV,6.0,9.0,False,False,False,False,False,False,False,False,False,False,False,False,False,False,False,False,False,False,False
943,/mnt/class_data/Shelby/One_Minute_Audio/SL16_Trial_3_trim.WAV,9.0,12.0,False,False,True,False,False,False,False,False,False,False,False,False,False,False,False,False,False,False,False
944,/mnt/class_data/Shelby/One_Minute_Audio/SL16_Trial_3_trim.WAV,12.0,15.0,False,False,True,False,False,False,False,False,False,False,False,False,False,False,False,False,False,False,False
945,/mnt/class_data/Shelby/One_Minute_Audio/SL16_Trial_3_trim.WAV,15.0,18.0,False,False,False,False,False,False,True,False,False,False,False,False,False,False,False,False,False,False,False
946,/mnt/class_data/Shelby/One_Minute_Audio/SL16_Trial_3_trim.WAV,18.0,21.0,False,False,True,False,False,False,False,False,False,False,False,False,False,False,False,False,False,False,False
947,/mnt/class_data/Shelby/One_Minute_Audio/SL16_Trial_3_trim.WAV,21.0,24.0,False,False,True,False,False,False,False,False,False,False,False,False,False,False,False,False,False,False,False
948,/mnt/class_data/Shelby/One_Minute_Audio/SL16_Trial_3_trim.WAV,24.0,27.0,False,False,True,False,False,False,False,False,False,False,False,False,False,False,False,False,False,False,False
949,/mnt/class_data/Shelby/One_Minute_Audio/SL16_Trial_3_trim.WAV,27.0,30.0,False,False,True,False,False,False,False,False,False,False,False,False,False,False,False,False,False,False,False
950,/mnt/class_data/Shelby/One_Minute_Audio/SL16_Trial_3_trim.WAV,30.0,33.0,False,False,True,False,False,False,False,False,False,False,False,False,False,False,False,False,False,False,False
951,/mnt/class_data/Shelby/One_Minute_Audio/SL16_Trial_3_trim.WAV,33.0,36.0,False,False,True,False,False,False,True,False,False,False,False,False,False,False,False,False,False,False,False
952,/mnt/class_data/Shelby/One_Minute_Audio/SL16_Trial_3_trim.WAV,36.0,39.0,False,False,True,False,False,False,False,False,False,False,False,False,False,False,False,False,False,False,False
953,/mnt/class_data/Shelby/One_Minute_Audio/SL16_Trial_3_trim.WAV,39.0,42.0,False,False,True,False,False,False,False,False,False,False,False,False,False,False,False,False,False,False,False
954,/mnt/class_data/Shelby/One_Minute_Audio/SL16_Trial_3_trim.WAV,42.0,45.0,False,False,True,False,False,False,False,False,False,False,False,False,False,False,False,False,False,False,False
955,/mnt/class_data/Shelby/One_Minute_Audio/SL16_Trial_3_trim.WAV,45.0,48.0,False,False,True,False,False,False,False,False,False,False,False,False,False,False,False,False,False,False,False
956,/mnt/class_data/Shelby/One_Minute_Audio/SL16_Trial_3_trim.WAV,48.0,51.0,False,False,True,False,False,False,False,False,False,False,False,False,False,False,False,False,False,False,False
957,/mnt/class_data/Shelby/One_Minute_Audio/SL16_Trial_3_trim.WAV,51.0,54.0,False,False,False,False,False,False,False,False,False,False,False,False,False,False,False,False,False,False,False
958,/mnt/class_data/Shelby/One_Minute_Audio/SL16_Trial_3_trim.WAV,54.0,57.0,False,False,True,False,False,False,False,False,False,False,False,False,False,False,False,False,False,False,False
959,/mnt/class_data/Shelby/One_Minute_Audio/SL16_Trial_3_trim.WAV,57.0,60.0,False,False,True,False,False,False,False,False,False,False,False,False,False,False,False,False,False,False,False
960,/mnt/class_data/Shelby/One_Minute_Audio/SL17a_Trial_1_trim.WAV,0.0,3.0,False,False,False,False,False,False,False,False,False,False,False,False,False,True,False,False,False,False,False
961,/mnt/class_data/Shelby/One_Minute_Audio/SL17a_Trial_1_trim.WAV,3.0,6.0,False,False,False,False,False,False,False,False,False,False,False,False,False,True,False,False,False,False,False
962,/mnt/class_data/Shelby/One_Minute_Audio/SL17a_Trial_1_trim.WAV,6.0,9.0,False,False,False,False,False,False,False,False,False,False,False,False,False,True,False,False,False,False,False
963,/mnt/class_data/Shelby/One_Minute_Audio/SL17a_Trial_1_trim.WAV,9.0,12.0,False,False,False,False,False,False,False,False,False,False,False,False,False,True,False,False,False,False,False
964,/mnt/class_data/Shelby/One_Minute_Audio/SL17a_Trial_1_trim.WAV,12.0,15.0,False,False,False,False,False,False,False,False,False,False,False,False,False,True,False,False,False,False,False
965,/mnt/class_data/Shelby/One_Minute_Audio/SL17a_Trial_1_trim.WAV,15.0,18.0,False,False,False,False,False,False,False,False,False,False,False,False,False,True,False,False,False,False,False
966,/mnt/class_data/Shelby/One_Minute_Audio/SL17a_Trial_1_trim.WAV,18.0,21.0,False,False,False,False,False,False,False,False,False,False,False,False,False,True,False,False,False,False,False
967,/mnt/class_data/Shelby/One_Minute_Audio/SL17a_Trial_1_trim.WAV,21.0,24.0,False,False,True,False,False,False,False,False,False,False,False,False,False,True,False,False,False,False,False
968,/mnt/class_data/Shelby/One_Minute_Audio/SL17a_Trial_1_trim.WAV,24.0,27.0,False,False,False,False,False,False,False,False,False,False,False,False,False,True,False,False,False,False,False
969,/mnt/class_data/Shelby/One_Minute_Audio/SL17a_Trial_1_trim.WAV,27.0,30.0,False,False,False,False,False,False,False,False,False,False,False,False,False,True,False,False,False,False,False
970,/mnt/class_data/Shelby/One_Minute_Audio/SL17a_Trial_1_trim.WAV,30.0,33.0,False,False,False,False,False,False,False,False,False,False,False,False,False,True,False,False,False,False,False
971,/mnt/class_data/Shelby/One_Minute_Audio/SL17a_Trial_1_trim.WAV,33.0,36.0,False,False,False,False,False,False,False,False,False,False,False,False,False,True,False,False,False,False,False
972,/mnt/class_data/Shelby/One_Minute_Audio/SL17a_Trial_1_trim.WAV,36.0,39.0,False,False,False,False,False,False,False,False,False,False,False,False,False,True,False,False,False,False,False
973,/mnt/class_data/Shelby/One_Minute_Audio/SL17a_Trial_1_trim.WAV,39.0,42.0,False,False,False,False,False,False,False,False,False,False,False,False,False,True,False,False,False,False,False
974,/mnt/class_data/Shelby/One_Minute_Audio/SL17a_Trial_1_trim.WAV,42.0,45.0,False,False,False,False,False,False,False,False,False,False,False,False,False,True,False,False,False,False,False
975,/mnt/class_data/Shelby/One_Minute_Audio/SL17a_Trial_1_trim.WAV,45.0,48.0,False,False,True,False,False,False,False,False,False,False,False,False,False,True,False,False,False,False,False
976,/mnt/class_data/Shelby/One_Minute_Audio/SL17a_Trial_1_trim.WAV,48.0,51.0,False,False,True,False,False,False,False,False,False,False,False,False,False,True,False,False,False,False,False
977,/mnt/class_data/Shelby/One_Minute_Audio/SL17a_Trial_1_trim.WAV,51.0,54.0,False,False,True,False,False,False,False,False,False,False,False,False,False,True,False,False,False,False,False
978,/mnt/class_data/Shelby/One_Minute_Audio/SL17a_Trial_1_trim.WAV,54.0,57.0,False,False,True,False,False,False,False,False,False,False,False,False,False,True,False,False,False,False,False
979,/mnt/class_data/Shelby/One_Minute_Audio/SL17a_Trial_1_trim.WAV,57.0,60.0,False,False,True,False,False,False,False,False,False,False,False,False,False,True,False,False,False,False,False
980,/mnt/class_data/Shelby/One_Minute_Audio/SL17a_Trial_2_trim.WAV,0.0,3.0,False,False,False,False,False,False,False,False,False,False,False,False,False,False,False,False,True,False,False
981,/mnt/class_data/Shelby/One_Minute_Audio/SL17a_Trial_2_trim.WAV,3.0,6.0,False,False,False,False,False,False,False,False,False,False,False,False,False,False,False,False,True,False,False
982,/mnt/class_data/Shelby/One_Minute_Audio/SL17a_Trial_2_trim.WAV,6.0,9.0,False,False,False,False,False,False,False,False,False,False,False,False,False,False,False,False,True,False,False
983,/mnt/class_data/Shelby/One_Minute_Audio/SL17a_Trial_2_trim.WAV,9.0,12.0,False,False,False,False,False,False,False,False,False,False,False,False,False,False,False,False,True,False,False
984,/mnt/class_data/Shelby/One_Minute_Audio/SL17a_Trial_2_trim.WAV,12.0,15.0,False,False,False,False,False,False,False,False,False,False,False,False,False,False,False,False,True,False,False
985,/mnt/class_data/Shelby/One_Minute_Audio/SL17a_Trial_2_trim.WAV,15.0,18.0,False,False,False,False,False,False,False,False,False,False,False,False,False,False,False,False,True,False,False
986,/mnt/class_data/Shelby/One_Minute_Audio/SL17a_Trial_2_trim.WAV,18.0,21.0,False,False,False,False,False,False,False,False,False,False,False,False,False,False,False,False,True,False,False
987,/mnt/class_data/Shelby/One_Minute_Audio/SL17a_Trial_2_trim.WAV,21.0,24.0,False,False,False,False,False,False,False,False,False,False,False,False,False,False,False,False,False,False,False
988,/mnt/class_data/Shelby/One_Minute_Audio/SL17a_Trial_2_trim.WAV,24.0,27.0,False,False,False,False,False,False,False,False,False,False,False,False,False,False,False,False,True,False,False
989,/mnt/class_data/Shelby/One_Minute_Audio/SL17a_Trial_2_trim.WAV,27.0,30.0,False,False,False,False,False,False,False,False,False,False,False,False,False,False,False,False,True,False,False
990,/mnt/class_data/Shelby/One_Minute_Audio/SL17a_Trial_2_trim.WAV,30.0,33.0,False,False,False,False,False,False,False,False,False,False,False,False,False,False,False,False,True,False,False
991,/mnt/class_data/Shelby/One_Minute_Audio/SL17a_Trial_2_trim.WAV,33.0,36.0,False,False,False,False,False,False,False,False,False,False,False,False,False,False,False,False,True,False,False
992,/mnt/class_data/Shelby/One_Minute_Audio/SL17a_Trial_2_trim.WAV,36.0,39.0,False,False,False,False,False,False,False,False,False,False,False,False,False,False,False,False,True,False,False
993,/mnt/class_data/Shelby/One_Minute_Audio/SL17a_Trial_2_trim.WAV,39.0,42.0,False,False,True,False,False,False,True,False,False,False,False,False,False,False,False,False,True,False,False
994,/mnt/class_data/Shelby/One_Minute_Audio/SL17a_Trial_2_trim.WAV,42.0,45.0,False,False,False,False,False,False,True,False,False,False,False,False,False,False,False,False,False,False,False
995,/mnt/class_data/Shelby/One_Minute_Audio/SL17a_Trial_2_trim.WAV,45.0,48.0,False,False,False,False,False,False,False,False,False,False,False,False,False,False,False,False,True,False,False
996,/mnt/class_data/Shelby/One_Minute_Audio/SL17a_Trial_2_trim.WAV,48.0,51.0,False,False,False,False,False,False,True,False,False,False,False,False,False,False,False,False,True,False,False
997,/mnt/class_data/Shelby/One_Minute_Audio/SL17a_Trial_2_trim.WAV,51.0,54.0,False,False,False,False,False,False,False,False,False,False,False,False,False,False,False,False,True,False,False
998,/mnt/class_data/Shelby/One_Minute_Audio/SL17a_Trial_2_trim.WAV,54.0,57.0,False,False,False,False,False,False,False,False,False,False,False,False,False,False,False,False,True,False,False
999,/mnt/class_data/Shelby/One_Minute_Audio/SL17a_Trial_2_trim.WAV,57.0,60.0,False,False,False,False,False,False,False,False,False,False,False,False,False,False,False,False,True,False,False
1000,/mnt/class_data/Shelby/One_Minute_Audio/SL17a_Trial_3_trim.WAV,0.0,3.0,False,False,True,False,False,False,True,False,False,False,True,False,False,False,False,False,False,False,False
1001,/mnt/class_data/Shelby/One_Minute_Audio/SL17a_Trial_3_trim.WAV,3.0,6.0,False,False,True,False,False,False,True,False,False,False,True,False,False,False,False,False,True,False,False
1002,/mnt/class_data/Shelby/One_Minute_Audio/SL17a_Trial_3_trim.WAV,6.0,9.0,False,False,False,False,False,False,True,False,False,False,False,False,False,False,False,False,False,False,False
1003,/mnt/class_data/Shelby/One_Minute_Audio/SL17a_Trial_3_trim.WAV,9.0,12.0,False,False,False,False,False,False,False,False,False,False,True,False,False,False,False,False,False,False,False
1004,/mnt/class_data/Shelby/One_Minute_Audio/SL17a_Trial_3_trim.WAV,12.0,15.0,False,False,False,False,True,False,True,False,False,False,True,False,False,False,False,True,False,False,False
1005,/mnt/class_data/Shelby/One_Minute_Audio/SL17a_Trial_3_trim.WAV,15.0,18.0,False,False,False,False,False,False,False,False,False,False,True,False,False,False,False,False,True,False,False
1006,/mnt/class_data/Shelby/One_Minute_Audio/SL17a_Trial_3_trim.WAV,18.0,21.0,False,False,True,False,True,False,True,False,False,False,True,False,False,False,False,False,False,False,False
1007,/mnt/class_data/Shelby/One_Minute_Audio/SL17a_Trial_3_trim.WAV,21.0,24.0,False,False,True,False,True,False,True,False,False,False,True,False,False,False,False,False,False,False,False
1008,/mnt/class_data/Shelby/One_Minute_Audio/SL17a_Trial_3_trim.WAV,24.0,27.0,False,False,False,False,False,False,True,False,False,False,True,False,True,False,False,False,True,False,False
1009,/mnt/class_data/Shelby/One_Minute_Audio/SL17a_Trial_3_trim.WAV,27.0,30.0,True,False,True,False,True,False,True,False,False,False,False,False,False,False,False,False,True,False,False
1010,/mnt/class_data/Shelby/One_Minute_Audio/SL17a_Trial_3_trim.WAV,30.0,33.0,False,False,False,False,True,False,True,False,False,False,True,False,False,False,False,False,True,False,False
1011,/mnt/class_data/Shelby/One_Minute_Audio/SL17a_Trial_3_trim.WAV,33.0,36.0,False,False,True,False,True,False,False,False,False,False,False,False,False,True,False,False,True,False,False
1012,/mnt/class_data/Shelby/One_Minute_Audio/SL17a_Trial_3_trim.WAV,36.0,39.0,False,False,True,False,True,False,True,False,False,False,False,False,False,False,False,False,True,False,False
1013,/mnt/class_data/Shelby/One_Minute_Audio/SL17a_Trial_3_trim.WAV,39.0,42.0,False,False,True,False,False,False,True,False,False,False,False,False,False,False,False,False,True,False,False
1014,/mnt/class_data/Shelby/One_Minute_Audio/SL17a_Trial_3_trim.WAV,42.0,45.0,False,False,True,False,False,False,True,False,False,False,False,False,False,False,False,False,False,False,False
1015,/mnt/class_data/Shelby/One_Minute_Audio/SL17a_Trial_3_trim.WAV,45.0,48.0,False,False,True,False,False,False,True,False,False,False,False,False,False,False,False,False,False,False,False
1016,/mnt/class_data/Shelby/One_Minute_Audio/SL17a_Trial_3_trim.WAV,48.0,51.0,False,False,False,False,True,False,False,False,False,False,True,False,False,False,False,False,True,False,False
1017,/mnt/class_data/Shelby/One_Minute_Audio/SL17a_Trial_3_trim.WAV,51.0,54.0,False,False,True,False,True,False,True,False,False,False,True,False,False,False,False,True,False,False,False
1018,/mnt/class_data/Shelby/One_Minute_Audio/SL17a_Trial_3_trim.WAV,54.0,57.0,False,False,False,False,True,False,False,False,False,False,True,False,False,False,False,False,True,False,False
1019,/mnt/class_data/Shelby/One_Minute_Audio/SL17a_Trial_3_trim.WAV,57.0,60.0,False,False,True,False,True,False,True,False,False,False,True,False,False,False,False,True,False,False,False
1020,/mnt/class_data/Shelby/One_Minute_Audio/SL17b_Trial_1_trim.WAV,0.0,3.0,False,False,False,False,False,False,False,False,False,False,False,False,False,False,False,False,False,False,False
1021,/mnt/class_data/Shelby/One_Minute_Audio/SL17b_Trial_1_trim.WAV,3.0,6.0,False,False,True,False,False,False,False,False,False,False,False,False,False,False,False,False,False,False,False
1022,/mnt/class_data/Shelby/One_Minute_Audio/SL17b_Trial_1_trim.WAV,6.0,9.0,False,False,False,False,False,False,False,False,False,False,False,False,False,False,False,False,False,False,False
1023,/mnt/class_data/Shelby/One_Minute_Audio/SL17b_Trial_1_trim.WAV,9.0,12.0,False,False,False,False,False,False,True,False,False,False,False,False,False,False,False,False,False,False,False
1024,/mnt/class_data/Shelby/One_Minute_Audio/SL17b_Trial_1_trim.WAV,12.0,15.0,False,False,False,False,False,False,False,False,False,False,False,False,False,False,False,False,False,False,False
1025,/mnt/class_data/Shelby/One_Minute_Audio/SL17b_Trial_1_trim.WAV,15.0,18.0,False,False,False,False,False,False,False,False,False,False,False,False,False,False,False,False,False,False,False
1026,/mnt/class_data/Shelby/One_Minute_Audio/SL17b_Trial_1_trim.WAV,18.0,21.0,False,False,False,False,False,False,False,False,False,False,False,False,False,True,False,False,False,False,False
1027,/mnt/class_data/Shelby/One_Minute_Audio/SL17b_Trial_1_trim.WAV,21.0,24.0,False,False,False,False,False,False,False,False,False,False,False,False,False,True,False,False,False,False,False
1028,/mnt/class_data/Shelby/One_Minute_Audio/SL17b_Trial_1_trim.WAV,24.0,27.0,False,False,False,False,False,False,False,False,False,False,False,False,False,False,False,False,False,False,False
1029,/mnt/class_data/Shelby/One_Minute_Audio/SL17b_Trial_1_trim.WAV,27.0,30.0,False,False,False,False,False,False,False,False,False,False,False,False,False,True,False,False,False,False,False
1030,/mnt/class_data/Shelby/One_Minute_Audio/SL17b_Trial_1_trim.WAV,30.0,33.0,False,False,False,False,False,False,False,False,False,False,False,False,False,False,False,False,False,False,False
1031,/mnt/class_data/Shelby/One_Minute_Audio/SL17b_Trial_1_trim.WAV,33.0,36.0,False,False,False,False,False,False,False,False,False,False,False,False,False,True,False,False,False,False,False
1032,/mnt/class_data/Shelby/One_Minute_Audio/SL17b_Trial_1_trim.WAV,36.0,39.0,False,False,False,False,False,False,False,False,False,False,False,False,False,True,False,False,False,False,False
1033,/mnt/class_data/Shelby/One_Minute_Audio/SL17b_Trial_1_trim.WAV,39.0,42.0,False,False,False,False,False,False,False,False,False,False,False,False,False,True,False,False,False,False,False
1034,/mnt/class_data/Shelby/One_Minute_Audio/SL17b_Trial_1_trim.WAV,42.0,45.0,False,False,False,False,False,False,False,False,False,False,False,False,False,True,False,False,False,False,False
1035,/mnt/class_data/Shelby/One_Minute_Audio/SL17b_Trial_1_trim.WAV,45.0,48.0,False,False,False,False,False,False,False,False,False,False,False,False,False,True,False,False,False,False,False
1036,/mnt/class_data/Shelby/One_Minute_Audio/SL17b_Trial_1_trim.WAV,48.0,51.0,False,False,False,False,False,False,False,False,False,False,False,False,False,True,False,False,False,False,False
1037,/mnt/class_data/Shelby/One_Minute_Audio/SL17b_Trial_1_trim.WAV,51.0,54.0,False,False,False,False,False,False,False,False,False,False,False,False,False,False,False,False,False,False,False
1038,/mnt/class_data/Shelby/One_Minute_Audio/SL17b_Trial_1_trim.WAV,54.0,57.0,False,False,False,False,False,False,False,False,False,False,False,False,False,False,False,False,False,False,False
1039,/mnt/class_data/Shelby/One_Minute_Audio/SL17b_Trial_1_trim.WAV,57.0,60.0,False,False,False,False,False,False,False,False,False,False,False,False,False,True,False,False,False,False,False
1040,/mnt/class_data/Shelby/One_Minute_Audio/SL17b_Trial_2_trim.WAV,0.0,3.0,False,False,True,False,False,False,False,False,False,False,False,False,False,False,False,False,False,False,False
1041,/mnt/class_data/Shelby/One_Minute_Audio/SL17b_Trial_2_trim.WAV,3.0,6.0,False,False,True,False,False,False,False,False,False,False,False,False,False,False,False,False,False,False,False
1042,/mnt/class_data/Shelby/One_Minute_Audio/SL17b_Trial_2_trim.WAV,6.0,9.0,False,False,False,False,False,False,False,False,False,False,False,False,False,False,False,False,False,False,False
1043,/mnt/class_data/Shelby/One_Minute_Audio/SL17b_Trial_2_trim.WAV,9.0,12.0,False,False,True,False,False,False,False,False,False,False,False,False,False,False,False,False,False,False,False
1044,/mnt/class_data/Shelby/One_Minute_Audio/SL17b_Trial_2_trim.WAV,12.0,15.0,False,False,True,False,False,False,False,False,False,False,False,False,False,False,False,False,False,False,False
1045,/mnt/class_data/Shelby/One_Minute_Audio/SL17b_Trial_2_trim.WAV,15.0,18.0,False,False,False,False,False,False,False,False,False,False,False,False,False,False,False,False,False,False,False
1046,/mnt/class_data/Shelby/One_Minute_Audio/SL17b_Trial_2_trim.WAV,18.0,21.0,False,False,True,False,False,False,False,False,False,False,False,False,False,False,False,False,False,False,False
1047,/mnt/class_data/Shelby/One_Minute_Audio/SL17b_Trial_2_trim.WAV,21.0,24.0,False,False,True,False,False,False,False,False,False,False,False,False,False,False,False,False,False,False,False
1048,/mnt/class_data/Shelby/One_Minute_Audio/SL17b_Trial_2_trim.WAV,24.0,27.0,False,False,True,False,False,False,False,False,False,False,False,False,False,False,False,False,False,False,False
1049,/mnt/class_data/Shelby/One_Minute_Audio/SL17b_Trial_2_trim.WAV,27.0,30.0,False,False,True,False,False,False,False,False,False,False,False,False,False,False,False,False,False,False,False
1050,/mnt/class_data/Shelby/One_Minute_Audio/SL17b_Trial_2_trim.WAV,30.0,33.0,False,False,True,False,False,False,False,False,False,False,False,False,False,False,False,False,False,False,False
1051,/mnt/class_data/Shelby/One_Minute_Audio/SL17b_Trial_2_trim.WAV,33.0,36.0,False,False,True,False,False,False,False,False,False,False,False,False,False,False,False,False,False,False,False
1052,/mnt/class_data/Shelby/One_Minute_Audio/SL17b_Trial_2_trim.WAV,36.0,39.0,False,False,True,False,False,False,False,False,False,False,False,False,False,True,False,False,False,False,False
1053,/mnt/class_data/Shelby/One_Minute_Audio/SL17b_Trial_2_trim.WAV,39.0,42.0,False,False,False,False,False,False,False,False,False,False,False,False,False,True,False,False,False,False,False
1054,/mnt/class_data/Shelby/One_Minute_Audio/SL17b_Trial_2_trim.WAV,42.0,45.0,False,False,True,False,False,False,False,False,False,False,False,False,False,True,False,False,False,False,False
1055,/mnt/class_data/Shelby/One_Minute_Audio/SL17b_Trial_2_trim.WAV,45.0,48.0,False,False,True,False,False,False,False,False,False,False,False,False,False,True,False,False,False,False,False
1056,/mnt/class_data/Shelby/One_Minute_Audio/SL17b_Trial_2_trim.WAV,48.0,51.0,False,False,False,False,False,False,False,False,False,False,False,False,False,True,False,False,False,False,False
1057,/mnt/class_data/Shelby/One_Minute_Audio/SL17b_Trial_2_trim.WAV,51.0,54.0,False,False,True,False,False,False,False,False,False,False,False,False,False,True,False,False,False,False,False
1058,/mnt/class_data/Shelby/One_Minute_Audio/SL17b_Trial_2_trim.WAV,54.0,57.0,False,False,True,False,False,False,False,False,False,False,False,False,False,True,False,False,False,False,False
1059,/mnt/class_data/Shelby/One_Minute_Audio/SL17b_Trial_2_trim.WAV,57.0,60.0,False,False,True,False,False,False,False,False,False,False,False,False,False,True,False,False,False,False,False
1080,/mnt/class_data/Shelby/One_Minute_Audio/SL21_Trial_1_trim.WAV,0.0,3.0,True,False,True,False,False,False,False,False,False,True,False,False,False,False,False,False,True,False,False
1081,/mnt/class_data/Shelby/One_Minute_Audio/SL21_Trial_1_trim.WAV,3.0,6.0,False,False,True,False,False,False,False,False,False,False,False,False,False,False,False,False,False,False,False
1082,/mnt/class_data/Shelby/One_Minute_Audio/SL21_Trial_1_trim.WAV,6.0,9.0,False,False,True,False,True,False,False,False,False,False,False,False,False,False,False,False,False,False,False
1083,/mnt/class_data/Shelby/One_Minute_Audio/SL21_Trial_1_trim.WAV,9.0,12.0,False,False,True,False,True,False,False,False,False,False,False,False,False,False,False,False,False,False,False
1084,/mnt/class_data/Shelby/One_Minute_Audio/SL21_Trial_1_trim.WAV,12.0,15.0,False,False,True,False,True,False,False,False,False,True,False,False,False,False,False,False,False,False,False
1085,/mnt/class_data/Shelby/One_Minute_Audio/SL21_Trial_1_trim.WAV,15.0,18.0,True,False,True,False,False,False,False,False,False,True,False,False,False,False,False,False,True,False,False
1086,/mnt/class_data/Shelby/One_Minute_Audio/SL21_Trial_1_trim.WAV,18.0,21.0,True,False,True,False,True,False,False,False,False,False,False,False,False,False,False,False,True,False,False
1087,/mnt/class_data/Shelby/One_Minute_Audio/SL21_Trial_1_trim.WAV,21.0,24.0,True,False,True,False,True,False,False,False,False,True,False,False,False,False,False,False,True,False,False
1088,/mnt/class_data/Shelby/One_Minute_Audio/SL21_Trial_1_trim.WAV,24.0,27.0,True,False,False,False,True,False,False,False,False,False,False,False,False,False,False,False,False,False,False
1089,/mnt/class_data/Shelby/One_Minute_Audio/SL21_Trial_1_trim.WAV,27.0,30.0,False,False,True,False,True,False,False,False,False,False,False,False,False,False,False,False,False,False,False
1090,/mnt/class_data/Shelby/One_Minute_Audio/SL21_Trial_1_trim.WAV,30.0,33.0,True,False,True,False,False,False,False,False,False,True,False,False,False,False,False,False,False,False,False
1091,/mnt/class_data/Shelby/One_Minute_Audio/SL21_Trial_1_trim.WAV,33.0,36.0,True,False,True,False,False,False,False,False,False,True,False,False,False,False,False,False,False,False,False
1092,/mnt/class_data/Shelby/One_Minute_Audio/SL21_Trial_1_trim.WAV,36.0,39.0,False,False,True,False,False,False,False,False,False,True,False,False,False,False,False,False,False,False,False
1093,/mnt/class_data/Shelby/One_Minute_Audio/SL21_Trial_1_trim.WAV,39.0,42.0,False,False,True,False,False,False,False,False,False,True,False,False,False,False,False,False,False,False,False
1094,/mnt/class_data/Shelby/One_Minute_Audio/SL21_Trial_1_trim.WAV,42.0,45.0,False,False,True,False,False,False,False,False,False,True,False,False,False,False,False,False,False,False,False
1095,/mnt/class_data/Shelby/One_Minute_Audio/SL21_Trial_1_trim.WAV,45.0,48.0,True,False,True,False,False,False,False,False,False,True,False,False,False,False,False,False,False,False,False
1096,/mnt/class_data/Shelby/One_Minute_Audio/SL21_Trial_1_trim.WAV,48.0,51.0,False,False,True,False,False,False,False,False,False,True,False,False,False,False,False,False,False,False,False
1097,/mnt/class_data/Shelby/One_Minute_Audio/SL21_Trial_1_trim.WAV,51.0,54.0,True,False,True,False,True,False,False,False,False,False,False,False,False,False,False,False,False,False,False
1098,/mnt/class_data/Shelby/One_Minute_Audio/SL21_Trial_1_trim.WAV,54.0,57.0,False,False,True,False,False,False,False,False,False,True,False,False,False,False,False,False,False,False,False
1099,/mnt/class_data/Shelby/One_Minute_Audio/SL21_Trial_1_trim.WAV,57.0,60.0,False,False,True,False,True,False,False,False,False,False,False,False,False,False,False,False,False,False,False
1100,/mnt/class_data/Shelby/One_Minute_Audio/SL21_Trial_2_trim.WAV,0.0,3.0,True,False,False,False,False,False,False,False,False,False,False,False,False,False,False,False,False,False,False
1101,/mnt/class_data/Shelby/One_Minute_Audio/SL21_Trial_2_trim.WAV,3.0,6.0,True,False,False,False,False,False,False,False,False,False,False,False,False,False,False,False,False,False,False
1102,/mnt/class_data/Shelby/One_Minute_Audio/SL21_Trial_2_trim.WAV,6.0,9.0,True,False,False,False,False,False,False,False,False,False,False,False,False,False,False,False,False,False,False
1103,/mnt/class_data/Shelby/One_Minute_Audio/SL21_Trial_2_trim.WAV,9.0,12.0,True,False,False,False,True,False,False,False,False,False,False,False,False,False,False,False,False,False,False
1104,/mnt/class_data/Shelby/One_Minute_Audio/SL21_Trial_2_trim.WAV,12.0,15.0,True,False,False,False,True,False,False,False,False,False,False,False,False,False,False,False,False,False,False
1105,/mnt/class_data/Shelby/One_Minute_Audio/SL21_Trial_2_trim.WAV,15.0,18.0,False,False,True,False,True,False,False,False,False,False,False,False,False,False,False,False,False,False,False
1106,/mnt/class_data/Shelby/One_Minute_Audio/SL21_Trial_2_trim.WAV,18.0,21.0,False,False,True,False,True,False,False,False,False,False,False,False,False,False,False,False,False,False,False
1107,/mnt/class_data/Shelby/One_Minute_Audio/SL21_Trial_2_trim.WAV,21.0,24.0,False,False,True,False,True,False,False,False,False,False,False,False,False,False,False,False,False,False,False
1108,/mnt/class_data/Shelby/One_Minute_Audio/SL21_Trial_2_trim.WAV,24.0,27.0,False,False,True,False,True,False,False,False,False,False,False,False,False,False,False,False,False,False,False
1109,/mnt/class_data/Shelby/One_Minute_Audio/SL21_Trial_2_trim.WAV,27.0,30.0,False,False,True,False,True,False,False,False,False,False,False,False,False,False,False,False,False,False,False
1110,/mnt/class_data/Shelby/One_Minute_Audio/SL21_Trial_2_trim.WAV,30.0,33.0,False,False,True,False,True,False,False,False,False,False,False,False,False,False,False,False,False,False,False
1111,/mnt/class_data/Shelby/One_Minute_Audio/SL21_Trial_2_trim.WAV,33.0,36.0,False,False,True,False,True,False,False,False,False,False,False,False,False,False,False,False,False,False,False
1112,/mnt/class_data/Shelby/One_Minute_Audio/SL21_Trial_2_trim.WAV,36.0,39.0,False,False,True,False,True,False,False,False,False,False,False,False,False,False,False,False,False,False,False
1113,/mnt/class_data/Shelby/One_Minute_Audio/SL21_Trial_2_trim.WAV,39.0,42.0,False,False,True,False,True,False,False,False,False,False,False,False,False,False,False,False,False,False,False
1114,/mnt/class_data/Shelby/One_Minute_Audio/SL21_Trial_2_trim.WAV,42.0,45.0,False,False,True,False,True,False,False,False,False,False,False,False,False,False,False,False,False,False,False
1115,/mnt/class_data/Shelby/One_Minute_Audio/SL21_Trial_2_trim.WAV,45.0,48.0,False,False,True,False,True,False,False,False,False,False,False,False,False,False,False,False,False,False,False
1116,/mnt/class_data/Shelby/One_Minute_Audio/SL21_Trial_2_trim.WAV,48.0,51.0,False,False,True,False,True,False,False,False,False,False,False,False,False,False,False,False,False,False,False
1117,/mnt/class_data/Shelby/One_Minute_Audio/SL21_Trial_2_trim.WAV,51.0,54.0,False,False,True,False,True,False,False,False,False,False,False,False,False,False,False,False,False,False,False
1118,/mnt/class_data/Shelby/One_Minute_Audio/SL21_Trial_2_trim.WAV,54.0,57.0,False,False,True,False,True,False,False,False,False,False,False,False,False,False,False,False,False,False,False
1119,/mnt/class_data/Shelby/One_Minute_Audio/SL21_Trial_2_trim.WAV,57.0,60.0,False,False,True,False,True,False,False,False,False,False,False,False,False,False,False,False,False,False,False
1120,/mnt/class_data/Shelby/One_Minute_Audio/SL21_Trial_3_trim.WAV,0.0,3.0,True,False,True,False,True,True,False,False,False,False,False,False,False,False,False,False,False,False,False
1121,/mnt/class_data/Shelby/One_Minute_Audio/SL21_Trial_3_trim.WAV,3.0,6.0,True,False,True,False,False,False,False,False,False,False,False,False,False,False,False,False,False,False,False
1122,/mnt/class_data/Shelby/One_Minute_Audio/SL21_Trial_3_trim.WAV,6.0,9.0,False,False,True,False,True,False,False,False,False,False,False,False,False,False,False,False,False,False,False
1123,/mnt/class_data/Shelby/One_Minute_Audio/SL21_Trial_3_trim.WAV,9.0,12.0,False,False,True,False,True,False,False,False,False,False,False,False,False,False,False,False,False,False,False
1124,/mnt/class_data/Shelby/One_Minute_Audio/SL21_Trial_3_trim.WAV,12.0,15.0,False,False,True,False,True,False,False,False,False,False,False,False,False,False,False,False,False,False,False
1125,/mnt/class_data/Shelby/One_Minute_Audio/SL21_Trial_3_trim.WAV,15.0,18.0,False,False,True,False,True,False,False,False,False,False,False,False,False,False,False,False,False,False,False
1126,/mnt/class_data/Shelby/One_Minute_Audio/SL21_Trial_3_trim.WAV,18.0,21.0,False,False,True,False,True,False,False,False,False,False,False,False,False,False,False,False,False,False,False
1127,/mnt/class_data/Shelby/One_Minute_Audio/SL21_Trial_3_trim.WAV,21.0,24.0,False,False,True,False,True,False,False,False,False,False,False,False,False,False,False,False,False,False,False
1128,/mnt/class_data/Shelby/One_Minute_Audio/SL21_Trial_3_trim.WAV,24.0,27.0,False,False,True,False,True,False,False,False,False,False,False,False,False,False,False,False,False,False,False
1129,/mnt/class_data/Shelby/One_Minute_Audio/SL21_Trial_3_trim.WAV,27.0,30.0,False,False,True,False,True,False,False,False,False,False,False,False,False,False,False,False,False,False,False
1130,/mnt/class_data/Shelby/One_Minute_Audio/SL21_Trial_3_trim.WAV,30.0,33.0,False,False,True,False,False,False,False,False,False,False,False,False,False,False,False,False,False,False,False
1131,/mnt/class_data/Shelby/One_Minute_Audio/SL21_Trial_3_trim.WAV,33.0,36.0,False,False,True,False,True,False,False,False,False,False,False,False,False,False,False,False,False,False,False
1132,/mnt/class_data/Shelby/One_Minute_Audio/SL21_Trial_3_trim.WAV,36.0,39.0,False,False,False,False,True,False,False,False,False,False,False,False,False,False,False,False,False,False,False
1133,/mnt/class_data/Shelby/One_Minute_Audio/SL21_Trial_3_trim.WAV,39.0,42.0,False,False,True,False,True,False,True,False,False,True,False,False,False,False,False,False,False,False,False
1134,/mnt/class_data/Shelby/One_Minute_Audio/SL21_Trial_3_trim.WAV,42.0,45.0,False,False,True,False,True,False,False,False,False,False,False,False,False,False,False,False,False,False,False
1135,/mnt/class_data/Shelby/One_Minute_Audio/SL21_Trial_3_trim.WAV,45.0,48.0,False,False,True,False,True,False,False,False,False,False,False,False,False,False,False,False,False,False,False
1136,/mnt/class_data/Shelby/One_Minute_Audio/SL21_Trial_3_trim.WAV,48.0,51.0,True,False,True,False,True,False,False,False,False,False,False,False,False,False,False,False,False,False,False
1137,/mnt/class_data/Shelby/One_Minute_Audio/SL21_Trial_3_trim.WAV,51.0,54.0,False,False,True,False,True,False,False,False,False,False,False,False,False,False,False,False,False,False,False
1138,/mnt/class_data/Shelby/One_Minute_Audio/SL21_Trial_3_trim.WAV,54.0,57.0,True,False,True,False,True,False,False,False,False,False,False,False,False,False,False,False,False,False,False
1139,/mnt/class_data/Shelby/One_Minute_Audio/SL21_Trial_3_trim.WAV,57.0,60.0,True,False,True,False,True,False,False,False,False,False,False,False,False,False,False,False,False,False,False
1140,/mnt/class_data/Shelby/One_Minute_Audio/SL22_Trial_1_trim.WAV,0.0,3.0,True,False,True,False,False,True,False,False,False,False,False,False,False,False,False,False,False,False,False
1141,/mnt/class_data/Shelby/One_Minute_Audio/SL22_Trial_1_trim.WAV,3.0,6.0,False,False,True,False,False,True,False,False,False,False,False,False,False,False,False,False,False,False,False
1142,/mnt/class_data/Shelby/One_Minute_Audio/SL22_Trial_1_trim.WAV,6.0,9.0,True,False,True,False,False,False,False,False,False,False,False,False,False,False,False,False,False,False,False
1143,/mnt/class_data/Shelby/One_Minute_Audio/SL22_Trial_1_trim.WAV,9.0,12.0,True,False,True,False,False,False,False,False,False,False,False,False,False,False,False,False,False,False,False
1144,/mnt/class_data/Shelby/One_Minute_Audio/SL22_Trial_1_trim.WAV,12.0,15.0,False,False,True,False,False,True,False,False,False,False,False,False,False,False,False,False,False,False,False
1145,/mnt/class_data/Shelby/One_Minute_Audio/SL22_Trial_1_trim.WAV,15.0,18.0,True,False,True,False,False,False,False,False,False,False,False,False,False,False,False,False,False,False,False
1146,/mnt/class_data/Shelby/One_Minute_Audio/SL22_Trial_1_trim.WAV,18.0,21.0,False,False,True,False,False,True,False,False,False,False,False,False,False,False,False,False,False,False,False
1147,/mnt/class_data/Shelby/One_Minute_Audio/SL22_Trial_1_trim.WAV,21.0,24.0,True,False,True,False,False,True,False,False,False,False,False,False,False,False,False,False,False,False,False
1148,/mnt/class_data/Shelby/One_Minute_Audio/SL22_Trial_1_trim.WAV,24.0,27.0,True,False,True,False,False,True,False,False,False,False,False,False,False,False,False,False,False,False,False
1149,/mnt/class_data/Shelby/One_Minute_Audio/SL22_Trial_1_trim.WAV,27.0,30.0,False,False,True,False,False,True,False,False,False,False,False,False,False,False,False,False,False,False,False
1150,/mnt/class_data/Shelby/One_Minute_Audio/SL22_Trial_1_trim.WAV,30.0,33.0,True,False,True,False,False,True,False,False,False,False,False,False,False,False,False,False,False,False,False
1151,/mnt/class_data/Shelby/One_Minute_Audio/SL22_Trial_1_trim.WAV,33.0,36.0,False,False,True,False,False,False,False,False,False,False,False,False,False,False,False,False,False,False,False
1152,/mnt/class_data/Shelby/One_Minute_Audio/SL22_Trial_1_trim.WAV,36.0,39.0,False,False,True,False,False,False,False,False,False,False,False,False,False,False,False,False,False,False,False
1153,/mnt/class_data/Shelby/One_Minute_Audio/SL22_Trial_1_trim.WAV,39.0,42.0,False,False,True,False,False,False,False,False,False,False,False,False,False,False,False,False,False,False,False
1154,/mnt/class_data/Shelby/One_Minute_Audio/SL22_Trial_1_trim.WAV,42.0,45.0,False,False,True,False,False,False,False,False,False,False,False,False,False,False,False,False,False,False,False
1155,/mnt/class_data/Shelby/One_Minute_Audio/SL22_Trial_1_trim.WAV,45.0,48.0,False,False,True,False,False,True,False,False,False,False,False,False,False,False,False,False,False,False,False
1156,/mnt/class_data/Shelby/One_Minute_Audio/SL22_Trial_1_trim.WAV,48.0,51.0,False,False,True,False,False,True,False,False,False,False,False,False,False,False,False,False,False,False,False
1157,/mnt/class_data/Shelby/One_Minute_Audio/SL22_Trial_1_trim.WAV,51.0,54.0,False,False,True,False,False,True,False,False,False,False,False,False,False,False,False,False,False,False,False
1158,/mnt/class_data/Shelby/One_Minute_Audio/SL22_Trial_1_trim.WAV,54.0,57.0,False,False,True,False,False,True,False,False,False,False,False,False,False,False,False,False,False,False,False
1159,/mnt/class_data/Shelby/One_Minute_Audio/SL22_Trial_1_trim.WAV,57.0,60.0,False,False,True,False,False,True,False,False,False,False,False,False,False,False,False,False,False,False,False
1160,/mnt/class_data/Shelby/One_Minute_Audio/SL22_Trial_2_trim.WAV,0.0,3.0,True,False,True,False,False,False,False,False,False,False,False,False,False,False,False,False,False,False,False
1161,/mnt/class_data/Shelby/One_Minute_Audio/SL22_Trial_2_trim.WAV,3.0,6.0,True,False,True,False,False,False,False,False,False,False,False,False,False,False,False,False,False,False,False
1162,/mnt/class_data/Shelby/One_Minute_Audio/SL22_Trial_2_trim.WAV,6.0,9.0,True,False,True,False,False,False,False,False,False,False,False,False,False,False,False,False,False,False,False
1163,/mnt/class_data/Shelby/One_Minute_Audio/SL22_Trial_2_trim.WAV,9.0,12.0,False,False,True,False,False,False,False,False,False,False,False,False,False,False,False,False,False,False,False
1164,/mnt/class_data/Shelby/One_Minute_Audio/SL22_Trial_2_trim.WAV,12.0,15.0,True,False,True,False,False,False,False,False,False,False,False,False,False,False,False,False,False,False,False
1165,/mnt/class_data/Shelby/One_Minute_Audio/SL22_Trial_2_trim.WAV,15.0,18.0,False,False,True,False,False,False,False,False,False,False,False,False,False,False,False,False,False,False,False
1166,/mnt/class_data/Shelby/One_Minute_Audio/SL22_Trial_2_trim.WAV,18.0,21.0,False,False,True,False,False,False,False,False,False,False,False,False,False,False,False,False,False,False,False
1167,/mnt/class_data/Shelby/One_Minute_Audio/SL22_Trial_2_trim.WAV,21.0,24.0,True,False,True,False,False,False,False,False,False,False,False,False,False,False,False,False,False,False,False
1168,/mnt/class_data/Shelby/One_Minute_Audio/SL22_Trial_2_trim.WAV,24.0,27.0,True,False,True,False,False,False,False,False,False,False,False,False,False,False,False,False,False,False,False
1169,/mnt/class_data/Shelby/One_Minute_Audio/SL22_Trial_2_trim.WAV,27.0,30.0,False,False,True,False,False,False,False,False,False,False,False,False,False,False,False,False,False,False,False
1170,/mnt/class_data/Shelby/One_Minute_Audio/SL22_Trial_2_trim.WAV,30.0,33.0,False,False,True,False,False,False,False,False,False,False,False,False,False,False,False,False,False,False,False
1171,/mnt/class_data/Shelby/One_Minute_Audio/SL22_Trial_2_trim.WAV,33.0,36.0,True,False,True,False,False,False,False,False,False,False,False,False,False,False,False,False,False,False,False
1172,/mnt/class_data/Shelby/One_Minute_Audio/SL22_Trial_2_trim.WAV,36.0,39.0,False,False,True,False,False,False,False,False,False,False,False,False,False,False,False,False,False,False,False
1173,/mnt/class_data/Shelby/One_Minute_Audio/SL22_Trial_2_trim.WAV,39.0,42.0,True,False,True,False,False,False,False,False,False,False,False,False,False,False,False,False,False,False,False
1174,/mnt/class_data/Shelby/One_Minute_Audio/SL22_Trial_2_trim.WAV,42.0,45.0,True,False,True,False,False,False,False,False,False,False,False,False,False,False,False,False,False,False,False
1175,/mnt/class_data/Shelby/One_Minute_Audio/SL22_Trial_2_trim.WAV,45.0,48.0,False,False,True,False,False,False,False,False,False,False,False,False,False,False,False,False,False,False,False
1176,/mnt/class_data/Shelby/One_Minute_Audio/SL22_Trial_2_trim.WAV,48.0,51.0,True,False,False,False,False,False,False,False,False,False,False,False,False,False,False,False,False,False,False
1177,/mnt/class_data/Shelby/One_Minute_Audio/SL22_Trial_2_trim.WAV,51.0,54.0,False,False,True,False,False,False,False,False,False,False,False,False,False,False,False,False,False,False,False
1178,/mnt/class_data/Shelby/One_Minute_Audio/SL22_Trial_2_trim.WAV,54.0,57.0,False,False,True,False,False,False,False,False,False,False,False,False,False,False,False,False,False,False,False
1179,/mnt/class_data/Shelby/One_Minute_Audio/SL22_Trial_2_trim.WAV,57.0,60.0,False,False,True,False,False,False,False,False,False,False,False,False,False,False,False,False,False,False,False
1240,/mnt/class_data/Shelby/One_Minute_Audio/SL26_Trial_1_trim.WAV,0.0,3.0,False,False,False,False,False,False,False,False,False,False,False,False,False,False,False,False,False,False,False
1241,/mnt/class_data/Shelby/One_Minute_Audio/SL26_Trial_1_trim.WAV,3.0,6.0,False,False,False,False,False,False,False,False,False,False,False,False,False,False,False,False,False,False,False
1242,/mnt/class_data/Shelby/One_Minute_Audio/SL26_Trial_1_trim.WAV,6.0,9.0,False,False,False,False,False,False,False,False,False,False,False,False,False,False,False,False,False,False,False
1243,/mnt/class_data/Shelby/One_Minute_Audio/SL26_Trial_1_trim.WAV,9.0,12.0,False,False,False,False,False,False,False,False,False,False,False,False,False,False,False,False,False,False,False
1244,/mnt/class_data/Shelby/One_Minute_Audio/SL26_Trial_1_trim.WAV,12.0,15.0,False,False,False,False,False,False,False,False,False,False,False,False,False,False,False,False,False,False,False
1245,/mnt/class_data/Shelby/One_Minute_Audio/SL26_Trial_1_trim.WAV,15.0,18.0,False,False,False,False,False,False,False,False,False,False,False,False,False,False,False,False,False,False,False
1246,/mnt/class_data/Shelby/One_Minute_Audio/SL26_Trial_1_trim.WAV,18.0,21.0,False,False,False,False,False,False,False,False,False,False,False,False,False,False,False,False,False,False,False
1247,/mnt/class_data/Shelby/One_Minute_Audio/SL26_Trial_1_trim.WAV,21.0,24.0,False,False,False,False,False,False,False,False,False,False,False,False,False,False,False,False,False,False,False
1248,/mnt/class_data/Shelby/One_Minute_Audio/SL26_Trial_1_trim.WAV,24.0,27.0,False,False,False,False,False,False,False,False,False,False,False,False,False,False,False,False,False,False,False
1249,/mnt/class_data/Shelby/One_Minute_Audio/SL26_Trial_1_trim.WAV,27.0,30.0,False,False,False,False,False,False,False,False,False,False,False,False,False,False,False,False,False,False,False
1250,/mnt/class_data/Shelby/One_Minute_Audio/SL26_Trial_1_trim.WAV,30.0,33.0,False,False,False,False,False,False,False,False,False,False,False,False,False,False,False,False,False,False,False
1251,/mnt/class_data/Shelby/One_Minute_Audio/SL26_Trial_1_trim.WAV,33.0,36.0,False,False,False,False,False,False,False,False,False,False,False,False,False,False,False,False,False,False,False
1252,/mnt/class_data/Shelby/One_Minute_Audio/SL26_Trial_1_trim.WAV,36.0,39.0,False,False,False,False,False,False,False,False,False,False,False,False,False,False,False,False,False,False,False
1253,/mnt/class_data/Shelby/One_Minute_Audio/SL26_Trial_1_trim.WAV,39.0,42.0,False,False,False,False,False,False,False,False,False,False,False,False,False,False,False,False,False,False,False
1254,/mnt/class_data/Shelby/One_Minute_Audio/SL26_Trial_1_trim.WAV,42.0,45.0,False,False,False,False,False,False,False,False,False,False,False,False,False,False,False,False,False,False,False
1255,/mnt/class_data/Shelby/One_Minute_Audio/SL26_Trial_1_trim.WAV,45.0,48.0,False,False,False,False,False,False,False,False,False,False,False,False,False,False,False,False,False,False,False
1256,/mnt/class_data/Shelby/One_Minute_Audio/SL26_Trial_1_trim.WAV,48.0,51.0,False,False,False,False,False,False,False,False,False,False,False,False,False,False,False,False,False,False,False
1257,/mnt/class_data/Shelby/One_Minute_Audio/SL26_Trial_1_trim.WAV,51.0,54.0,False,False,False,False,False,False,False,False,False,False,False,False,False,False,False,False,False,False,False
1258,/mnt/class_data/Shelby/One_Minute_Audio/SL26_Trial_1_trim.WAV,54.0,57.0,False,False,False,False,False,False,False,False,False,False,False,False,False,False,False,False,False,False,False
1259,/mnt/class_data/Shelby/One_Minute_Audio/SL26_Trial_1_trim.WAV,57.0,60.0,False,False,True,False,False,False,False,False,False,False,False,False,False,False,False,False,False,False,False
1260,/mnt/class_data/Shelby/One_Minute_Audio/SL28_Trial_1_trim.WAV,0.0,3.0,False,False,False,False,False,False,False,False,False,False,False,False,False,False,False,False,False,False,False
1261,/mnt/class_data/Shelby/One_Minute_Audio/SL28_Trial_1_trim.WAV,3.0,6.0,False,False,False,False,False,False,False,False,False,False,False,False,False,False,False,False,False,False,False
1262,/mnt/class_data/Shelby/One_Minute_Audio/SL28_Trial_1_trim.WAV,6.0,9.0,False,False,False,False,False,False,False,False,False,False,False,False,False,False,False,False,False,False,False
1263,/mnt/class_data/Shelby/One_Minute_Audio/SL28_Trial_1_trim.WAV,9.0,12.0,False,False,False,False,False,False,False,False,False,False,False,False,False,False,False,False,False,False,False
1264,/mnt/class_data/Shelby/One_Minute_Audio/SL28_Trial_1_trim.WAV,12.0,15.0,False,False,False,False,False,False,False,False,False,False,False,False,False,False,False,False,False,False,False
1265,/mnt/class_data/Shelby/One_Minute_Audio/SL28_Trial_1_trim.WAV,15.0,18.0,False,False,False,False,False,False,False,False,False,False,False,False,False,False,False,False,False,False,False
1266,/mnt/class_data/Shelby/One_Minute_Audio/SL28_Trial_1_trim.WAV,18.0,21.0,False,False,False,False,False,False,False,False,False,False,False,False,False,False,False,False,False,False,False
1267,/mnt/class_data/Shelby/One_Minute_Audio/SL28_Trial_1_trim.WAV,21.0,24.0,False,False,False,False,False,False,False,False,False,False,False,False,False,False,False,False,False,False,False
1268,/mnt/class_data/Shelby/One_Minute_Audio/SL28_Trial_1_trim.WAV,24.0,27.0,False,False,False,False,False,False,False,False,False,False,False,False,False,False,False,False,False,False,False
1269,/mnt/class_data/Shelby/One_Minute_Audio/SL28_Trial_1_trim.WAV,27.0,30.0,False,False,False,False,False,False,False,False,False,False,False,False,False,False,False,False,False,False,False
1270,/mnt/class_data/Shelby/One_Minute_Audio/SL28_Trial_1_trim.WAV,30.0,33.0,False,False,False,False,False,False,False,False,False,False,False,False,False,False,False,False,False,False,False
1271,/mnt/class_data/Shelby/One_Minute_Audio/SL28_Trial_1_trim.WAV,33.0,36.0,False,False,False,False,False,False,False,False,False,False,False,False,False,False,False,False,False,False,False
1272,/mnt/class_data/Shelby/One_Minute_Audio/SL28_Trial_1_trim.WAV,36.0,39.0,False,False,False,False,False,False,False,False,False,False,False,False,False,False,False,False,False,False,False
1273,/mnt/class_data/Shelby/One_Minute_Audio/SL28_Trial_1_trim.WAV,39.0,42.0,False,False,False,False,False,False,True,False,False,False,False,False,False,False,False,False,False,False,False
1274,/mnt/class_data/Shelby/One_Minute_Audio/SL28_Trial_1_trim.WAV,42.0,45.0,False,False,False,False,False,False,False,False,False,False,False,False,False,False,False,False,False,False,False
1275,/mnt/class_data/Shelby/One_Minute_Audio/SL28_Trial_1_trim.WAV,45.0,48.0,False,False,False,False,False,False,False,False,False,False,False,False,False,False,False,False,False,False,False
1276,/mnt/class_data/Shelby/One_Minute_Audio/SL28_Trial_1_trim.WAV,48.0,51.0,False,False,False,False,False,False,True,False,False,False,False,False,False,False,False,False,False,False,False
1277,/mnt/class_data/Shelby/One_Minute_Audio/SL28_Trial_1_trim.WAV,51.0,54.0,False,False,False,False,False,False,True,False,False,False,False,False,False,False,False,False,False,False,False
1278,/mnt/class_data/Shelby/One_Minute_Audio/SL28_Trial_1_trim.WAV,54.0,57.0,False,False,True,False,False,False,False,False,False,False,False,False,False,False,False,False,False,False,False
1279,/mnt/class_data/Shelby/One_Minute_Audio/SL28_Trial_1_trim.WAV,57.0,60.0,False,False,True,False,False,False,True,False,False,False,False,False,False,False,False,False,False,False,False
1300,/mnt/class_data/Shelby/One_Minute_Audio/SL28_Trial_3_trim.WAV,0.0,3.0,False,False,True,False,False,False,False,False,False,False,False,False,False,False,False,False,False,False,False
1301,/mnt/class_data/Shelby/One_Minute_Audio/SL28_Trial_3_trim.WAV,3.0,6.0,False,False,True,False,False,False,False,False,False,False,False,False,False,False,False,False,False,False,False
1302,/mnt/class_data/Shelby/One_Minute_Audio/SL28_Trial_3_trim.WAV,6.0,9.0,False,False,True,False,False,False,False,False,False,False,False,False,False,False,False,False,False,False,False
1303,/mnt/class_data/Shelby/One_Minute_Audio/SL28_Trial_3_trim.WAV,9.0,12.0,False,False,True,False,False,False,False,False,False,False,False,False,False,False,False,False,False,False,False
1304,/mnt/class_data/Shelby/One_Minute_Audio/SL28_Trial_3_trim.WAV,12.0,15.0,False,False,True,False,False,False,False,False,False,False,False,False,False,False,False,False,False,False,False
1305,/mnt/class_data/Shelby/One_Minute_Audio/SL28_Trial_3_trim.WAV,15.0,18.0,False,False,True,False,False,False,False,False,False,False,False,False,False,False,False,False,False,False,False
1306,/mnt/class_data/Shelby/One_Minute_Audio/SL28_Trial_3_trim.WAV,18.0,21.0,False,False,False,False,False,False,False,False,False,False,False,False,False,False,False,False,False,False,False
1307,/mnt/class_data/Shelby/One_Minute_Audio/SL28_Trial_3_trim.WAV,21.0,24.0,False,False,False,False,False,False,False,False,False,False,False,False,False,False,False,False,False,False,False
1308,/mnt/class_data/Shelby/One_Minute_Audio/SL28_Trial_3_trim.WAV,24.0,27.0,True,False,False,False,False,False,False,False,False,False,False,False,False,False,False,False,False,False,False
1309,/mnt/class_data/Shelby/One_Minute_Audio/SL28_Trial_3_trim.WAV,27.0,30.0,False,False,False,False,False,False,False,False,False,False,False,False,False,False,False,False,False,False,False
1310,/mnt/class_data/Shelby/One_Minute_Audio/SL28_Trial_3_trim.WAV,30.0,33.0,True,False,False,False,False,False,False,False,False,False,False,False,False,False,False,False,False,False,False
1311,/mnt/class_data/Shelby/One_Minute_Audio/SL28_Trial_3_trim.WAV,33.0,36.0,True,False,True,False,False,False,False,False,False,False,False,False,False,False,False,False,False,False,False
1312,/mnt/class_data/Shelby/One_Minute_Audio/SL28_Trial_3_trim.WAV,36.0,39.0,False,False,False,False,False,False,False,False,False,False,False,False,False,False,False,False,False,False,False
1313,/mnt/class_data/Shelby/One_Minute_Audio/SL28_Trial_3_trim.WAV,39.0,42.0,False,False,False,False,False,False,False,False,False,False,False,False,False,False,False,False,False,False,False
1314,/mnt/class_data/Shelby/One_Minute_Audio/SL28_Trial_3_trim.WAV,42.0,45.0,False,False,False,False,False,False,False,False,False,False,False,False,False,False,False,False,False,False,False
1315,/mnt/class_data/Shelby/One_Minute_Audio/SL28_Trial_3_trim.WAV,45.0,48.0,False,False,False,False,False,False,False,False,False,False,False,False,False,False,False,False,False,False,False
1316,/mnt/class_data/Shelby/One_Minute_Audio/SL28_Trial_3_trim.WAV,48.0,51.0,False,False,False,False,False,False,False,False,False,False,False,False,False,False,False,False,False,False,False
1317,/mnt/class_data/Shelby/One_Minute_Audio/SL28_Trial_3_trim.WAV,51.0,54.0,False,False,False,False,False,False,False,False,False,False,False,False,False,False,False,False,False,False,False
1318,/mnt/class_data/Shelby/One_Minute_Audio/SL28_Trial_3_trim.WAV,54.0,57.0,False,False,True,False,False,False,False,False,False,False,False,False,False,False,False,False,False,False,False
1319,/mnt/class_data/Shelby/One_Minute_Audio/SL28_Trial_3_trim.WAV,57.0,60.0,False,False,False,False,False,False,True,False,False,False,False,False,False,False,False,False,False,False,False
1320,/mnt/class_data/Shelby/One_Minute_Audio/SL30_Trial_1_trim.WAV,0.0,3.0,False,False,True,False,False,False,False,False,False,False,False,False,False,False,True,False,False,False,False
1321,/mnt/class_data/Shelby/One_Minute_Audio/SL30_Trial_1_trim.WAV,3.0,6.0,False,False,False,False,False,False,False,False,False,False,False,False,False,False,False,False,False,False,False
1322,/mnt/class_data/Shelby/One_Minute_Audio/SL30_Trial_1_trim.WAV,6.0,9.0,False,False,True,False,False,False,False,False,False,False,False,False,False,False,False,False,False,False,False
1323,/mnt/class_data/Shelby/One_Minute_Audio/SL30_Trial_1_trim.WAV,9.0,12.0,True,False,False,False,False,False,False,False,False,False,False,False,False,False,False,False,False,False,False
1324,/mnt/class_data/Shelby/One_Minute_Audio/SL30_Trial_1_trim.WAV,12.0,15.0,False,False,True,False,False,False,False,False,False,False,False,False,False,False,False,False,False,False,False
1325,/mnt/class_data/Shelby/One_Minute_Audio/SL30_Trial_1_trim.WAV,15.0,18.0,True,False,True,False,False,False,False,False,False,False,False,False,False,False,False,False,False,False,False
1326,/mnt/class_data/Shelby/One_Minute_Audio/SL30_Trial_1_trim.WAV,18.0,21.0,True,False,False,False,False,False,False,False,False,False,False,False,False,False,False,False,False,False,False
1327,/mnt/class_data/Shelby/One_Minute_Audio/SL30_Trial_1_trim.WAV,21.0,24.0,True,False,True,False,False,False,False,False,False,False,False,False,False,False,False,False,False,False,False
1328,/mnt/class_data/Shelby/One_Minute_Audio/SL30_Trial_1_trim.WAV,24.0,27.0,False,False,False,False,False,False,False,False,False,False,False,False,False,False,False,False,False,False,False
1329,/mnt/class_data/Shelby/One_Minute_Audio/SL30_Trial_1_trim.WAV,27.0,30.0,True,False,False,False,False,False,False,False,False,False,False,False,False,False,False,False,False,False,False
1330,/mnt/class_data/Shelby/One_Minute_Audio/SL30_Trial_1_trim.WAV,30.0,33.0,True,False,False,False,False,False,False,False,False,False,False,False,False,False,False,False,False,False,False
1331,/mnt/class_data/Shelby/One_Minute_Audio/SL30_Trial_1_trim.WAV,33.0,36.0,False,False,False,False,False,False,False,False,False,False,False,False,False,False,False,False,False,False,False
1332,/mnt/class_data/Shelby/One_Minute_Audio/SL30_Trial_1_trim.WAV,36.0,39.0,True,False,False,False,False,False,False,False,False,False,False,False,False,False,False,False,False,False,False
1333,/mnt/class_data/Shelby/One_Minute_Audio/SL30_Trial_1_trim.WAV,39.0,42.0,False,False,False,False,False,False,False,False,False,False,False,False,False,False,False,False,False,False,False
1334,/mnt/class_data/Shelby/One_Minute_Audio/SL30_Trial_1_trim.WAV,42.0,45.0,False,False,True,False,False,False,False,False,False,False,False,False,False,False,False,False,False,False,False
1335,/mnt/class_data/Shelby/One_Minute_Audio/SL30_Trial_1_trim.WAV,45.0,48.0,True,False,True,False,False,False,False,False,False,False,False,False,False,False,False,False,False,False,False
1336,/mnt/class_data/Shelby/One_Minute_Audio/SL30_Trial_1_trim.WAV,48.0,51.0,True,False,True,False,False,False,False,False,False,False,False,False,False,False,False,False,False,False,False
1337,/mnt/class_data/Shelby/One_Minute_Audio/SL30_Trial_1_trim.WAV,51.0,54.0,False,False,True,False,False,False,False,False,False,False,False,False,False,False,False,False,False,False,False
1338,/mnt/class_data/Shelby/One_Minute_Audio/SL30_Trial_1_trim.WAV,54.0,57.0,False,False,False,False,False,False,False,False,False,False,False,False,False,False,False,False,False,False,False
1339,/mnt/class_data/Shelby/One_Minute_Audio/SL30_Trial_1_trim.WAV,57.0,60.0,False,False,True,False,False,False,False,False,False,False,False,False,False,False,False,False,False,False,False
1340,/mnt/class_data/Shelby/One_Minute_Audio/SL30_Trial_2_trim.WAV,0.0,3.0,False,False,True,False,False,False,False,False,False,False,False,False,False,False,False,False,True,False,False
1341,/mnt/class_data/Shelby/One_Minute_Audio/SL30_Trial_2_trim.WAV,3.0,6.0,True,False,True,False,False,False,False,False,False,False,False,False,False,False,False,False,False,False,False
1342,/mnt/class_data/Shelby/One_Minute_Audio/SL30_Trial_2_trim.WAV,6.0,9.0,False,False,True,False,False,False,False,False,False,False,False,False,False,False,False,False,False,False,False
1343,/mnt/class_data/Shelby/One_Minute_Audio/SL30_Trial_2_trim.WAV,9.0,12.0,False,False,True,False,False,False,False,False,False,False,False,False,False,False,False,False,False,False,False
1344,/mnt/class_data/Shelby/One_Minute_Audio/SL30_Trial_2_trim.WAV,12.0,15.0,False,False,True,False,False,False,False,False,False,False,False,False,False,False,False,False,False,False,False
1345,/mnt/class_data/Shelby/One_Minute_Audio/SL30_Trial_2_trim.WAV,15.0,18.0,False,False,True,False,False,False,False,False,False,False,False,False,False,False,False,False,False,False,False
1346,/mnt/class_data/Shelby/One_Minute_Audio/SL30_Trial_2_trim.WAV,18.0,21.0,False,False,False,False,False,False,False,False,False,False,False,False,False,False,False,False,False,False,False
1347,/mnt/class_data/Shelby/One_Minute_Audio/SL30_Trial_2_trim.WAV,21.0,24.0,False,False,False,False,False,False,True,False,False,False,False,False,False,False,False,False,False,False,False
1348,/mnt/class_data/Shelby/One_Minute_Audio/SL30_Trial_2_trim.WAV,24.0,27.0,False,False,True,False,False,False,False,False,False,False,False,False,False,False,False,False,False,False,False
1349,/mnt/class_data/Shelby/One_Minute_Audio/SL30_Trial_2_trim.WAV,27.0,30.0,False,False,False,False,False,False,False,False,False,False,False,False,False,False,False,False,False,False,False
1350,/mnt/class_data/Shelby/One_Minute_Audio/SL30_Trial_2_trim.WAV,30.0,33.0,False,False,False,False,False,False,False,False,False,False,False,False,False,False,False,False,False,False,False
1351,/mnt/class_data/Shelby/One_Minute_Audio/SL30_Trial_2_trim.WAV,33.0,36.0,False,False,False,False,False,False,False,False,False,False,False,False,False,False,False,False,False,False,False
1352,/mnt/class_data/Shelby/One_Minute_Audio/SL30_Trial_2_trim.WAV,36.0,39.0,False,False,True,False,False,False,False,False,False,False,False,False,False,False,False,False,False,False,False
1353,/mnt/class_data/Shelby/One_Minute_Audio/SL30_Trial_2_trim.WAV,39.0,42.0,False,False,True,False,True,False,False,False,False,False,False,False,False,False,False,False,False,False,False
1354,/mnt/class_data/Shelby/One_Minute_Audio/SL30_Trial_2_trim.WAV,42.0,45.0,False,False,False,False,False,False,False,False,False,False,False,False,False,False,False,False,False,False,False
1355,/mnt/class_data/Shelby/One_Minute_Audio/SL30_Trial_2_trim.WAV,45.0,48.0,False,False,False,False,False,False,False,False,False,False,False,False,False,False,False,False,False,False,False
1356,/mnt/class_data/Shelby/One_Minute_Audio/SL30_Trial_2_trim.WAV,48.0,51.0,False,False,True,False,False,False,False,False,False,False,False,False,False,False,False,False,False,False,False
1357,/mnt/class_data/Shelby/One_Minute_Audio/SL30_Trial_2_trim.WAV,51.0,54.0,False,False,False,False,False,False,False,False,False,False,False,False,False,False,False,False,False,False,False
1358,/mnt/class_data/Shelby/One_Minute_Audio/SL30_Trial_2_trim.WAV,54.0,57.0,False,False,False,False,False,False,False,False,False,False,False,False,False,False,False,False,False,False,False
1359,/mnt/class_data/Shelby/One_Minute_Audio/SL30_Trial_2_trim.WAV,57.0,60.0,False,False,False,False,False,False,False,False,False,False,False,False,False,False,False,False,False,False,False
1360,/mnt/class_data/Shelby/One_Minute_Audio/SL30_Trial_3_trim.WAV,0.0,3.0,False,False,True,False,False,False,False,False,False,False,False,False,False,False,False,False,False,False,False
1361,/mnt/class_data/Shelby/One_Minute_Audio/SL30_Trial_3_trim.WAV,3.0,6.0,False,False,True,False,False,False,False,False,False,False,False,False,False,False,False,False,False,False,False
1362,/mnt/class_data/Shelby/One_Minute_Audio/SL30_Trial_3_trim.WAV,6.0,9.0,False,False,True,False,False,False,False,False,False,False,False,False,False,False,False,False,False,False,False
1363,/mnt/class_data/Shelby/One_Minute_Audio/SL30_Trial_3_trim.WAV,9.0,12.0,False,False,True,False,False,False,False,False,False,False,False,False,False,False,False,False,False,False,False
1364,/mnt/class_data/Shelby/One_Minute_Audio/SL30_Trial_3_trim.WAV,12.0,15.0,False,False,True,False,False,False,False,False,False,False,False,False,False,False,False,False,False,False,False
1365,/mnt/class_data/Shelby/One_Minute_Audio/SL30_Trial_3_trim.WAV,15.0,18.0,False,False,True,False,False,False,False,False,False,False,False,False,False,False,False,False,False,False,False
1366,/mnt/class_data/Shelby/One_Minute_Audio/SL30_Trial_3_trim.WAV,18.0,21.0,False,False,True,False,False,False,False,False,False,False,False,False,False,False,False,False,False,False,False
1367,/mnt/class_data/Shelby/One_Minute_Audio/SL30_Trial_3_trim.WAV,21.0,24.0,False,False,True,False,False,False,False,False,False,False,False,False,False,False,False,False,False,False,False
1368,/mnt/class_data/Shelby/One_Minute_Audio/SL30_Trial_3_trim.WAV,24.0,27.0,False,False,True,False,False,False,False,False,False,False,False,False,False,False,False,False,False,False,False
1369,/mnt/class_data/Shelby/One_Minute_Audio/SL30_Trial_3_trim.WAV,27.0,30.0,False,False,True,False,False,False,False,False,False,False,False,False,False,False,False,False,False,False,False
1370,/mnt/class_data/Shelby/One_Minute_Audio/SL30_Trial_3_trim.WAV,30.0,33.0,False,False,True,False,False,False,False,False,False,False,False,False,False,False,False,False,False,False,False
1371,/mnt/class_data/Shelby/One_Minute_Audio/SL30_Trial_3_trim.WAV,33.0,36.0,True,False,True,False,False,False,False,False,False,False,False,False,False,False,False,False,False,False,False
1372,/mnt/class_data/Shelby/One_Minute_Audio/SL30_Trial_3_trim.WAV,36.0,39.0,True,False,True,False,False,False,False,False,False,False,False,False,False,False,False,False,False,False,False
1373,/mnt/class_data/Shelby/One_Minute_Audio/SL30_Trial_3_trim.WAV,39.0,42.0,True,False,True,False,False,False,False,False,False,False,False,False,False,False,False,False,False,False,False
1374,/mnt/class_data/Shelby/One_Minute_Audio/SL30_Trial_3_trim.WAV,42.0,45.0,False,False,True,False,False,False,False,False,False,False,False,False,False,False,False,False,False,False,False
1375,/mnt/class_data/Shelby/One_Minute_Audio/SL30_Trial_3_trim.WAV,45.0,48.0,False,False,True,False,False,False,True,False,False,False,False,False,False,False,False,False,False,False,False
1376,/mnt/class_data/Shelby/One_Minute_Audio/SL30_Trial_3_trim.WAV,48.0,51.0,True,False,True,False,False,False,False,False,False,False,False,False,False,False,False,False,False,False,False
1377,/mnt/class_data/Shelby/One_Minute_Audio/SL30_Trial_3_trim.WAV,51.0,54.0,True,False,True,False,False,False,False,False,False,False,False,False,False,False,False,False,False,False,False
1378,/mnt/class_data/Shelby/One_Minute_Audio/SL30_Trial_3_trim.WAV,54.0,57.0,False,False,True,False,False,False,False,False,False,False,False,False,False,False,False,False,False,False,False
1379,/mnt/class_data/Shelby/One_Minute_Audio/SL30_Trial_3_trim.WAV,57.0,60.0,False,False,True,False,False,False,False,False,False,False,False,False,False,False,False,False,False,False,False
1400,/mnt/class_data/Shelby/One_Minute_Audio/SL36_Trial_1_trim.WAV,0.0,3.0,True,False,True,False,False,False,False,False,False,False,False,False,False,False,False,False,False,False,False
1401,/mnt/class_data/Shelby/One_Minute_Audio/SL36_Trial_1_trim.WAV,3.0,6.0,True,False,False,False,False,False,False,False,False,False,False,False,False,False,False,False,False,False,False
1402,/mnt/class_data/Shelby/One_Minute_Audio/SL36_Trial_1_trim.WAV,6.0,9.0,False,False,True,False,False,False,False,False,False,False,False,False,False,False,False,False,False,False,False
1403,/mnt/class_data/Shelby/One_Minute_Audio/SL36_Trial_1_trim.WAV,9.0,12.0,True,False,True,False,False,False,False,False,False,False,False,False,False,False,False,False,False,False,False
1404,/mnt/class_data/Shelby/One_Minute_Audio/SL36_Trial_1_trim.WAV,12.0,15.0,False,False,False,False,False,False,False,False,False,False,False,False,False,False,False,False,False,False,False
1405,/mnt/class_data/Shelby/One_Minute_Audio/SL36_Trial_1_trim.WAV,15.0,18.0,True,False,False,False,False,False,False,False,False,False,False,False,False,False,False,False,False,False,False
1406,/mnt/class_data/Shelby/One_Minute_Audio/SL36_Trial_1_trim.WAV,18.0,21.0,False,False,True,False,False,False,False,False,False,False,False,False,False,False,False,False,False,False,False
1407,/mnt/class_data/Shelby/One_Minute_Audio/SL36_Trial_1_trim.WAV,21.0,24.0,True,False,False,False,False,False,False,False,False,False,False,False,False,False,False,False,False,False,False
1408,/mnt/class_data/Shelby/One_Minute_Audio/SL36_Trial_1_trim.WAV,24.0,27.0,False,False,True,False,False,False,False,False,False,False,False,False,False,False,False,False,False,False,False
1409,/mnt/class_data/Shelby/One_Minute_Audio/SL36_Trial_1_trim.WAV,27.0,30.0,True,False,True,False,False,False,False,False,False,False,False,False,False,False,False,False,False,False,False
1410,/mnt/class_data/Shelby/One_Minute_Audio/SL36_Trial_1_trim.WAV,30.0,33.0,False,False,True,False,False,False,False,False,False,False,False,False,False,False,False,False,False,False,False
1411,/mnt/class_data/Shelby/One_Minute_Audio/SL36_Trial_1_trim.WAV,33.0,36.0,False,False,True,False,False,False,False,False,False,False,False,False,False,False,False,False,False,False,False
1412,/mnt/class_data/Shelby/One_Minute_Audio/SL36_Trial_1_trim.WAV,36.0,39.0,True,False,False,False,False,False,False,False,False,False,False,False,False,False,False,False,False,False,False
1413,/mnt/class_data/Shelby/One_Minute_Audio/SL36_Trial_1_trim.WAV,39.0,42.0,False,False,False,False,False,False,False,False,False,False,False,False,False,False,False,False,False,False,False
1414,/mnt/class_data/Shelby/One_Minute_Audio/SL36_Trial_1_trim.WAV,42.0,45.0,True,False,True,False,False,False,False,False,False,False,False,False,False,False,False,False,False,False,False
1415,/mnt/class_data/Shelby/One_Minute_Audio/SL36_Trial_1_trim.WAV,45.0,48.0,True,False,True,False,False,False,False,False,False,False,False,False,False,False,False,False,False,False,False
1416,/mnt/class_data/Shelby/One_Minute_Audio/SL36_Trial_1_trim.WAV,48.0,51.0,True,False,True,False,False,False,False,False,False,False,False,False,False,False,False,False,False,False,False
1417,/mnt/class_data/Shelby/One_Minute_Audio/SL36_Trial_1_trim.WAV,51.0,54.0,False,False,True,False,False,False,False,False,False,False,False,False,False,False,False,False,False,False,False
1418,/mnt/class_data/Shelby/One_Minute_Audio/SL36_Trial_1_trim.WAV,54.0,57.0,True,False,True,False,False,False,False,False,False,False,False,False,False,False,False,False,False,False,False
1419,/mnt/class_data/Shelby/One_Minute_Audio/SL36_Trial_1_trim.WAV,57.0,60.0,False,False,True,False,False,False,False,False,False,False,False,False,False,False,False,False,False,False,False
1420,/mnt/class_data/Shelby/One_Minute_Audio/SL36_Trial_2_trim.WAV,0.0,3.0,False,False,False,False,False,False,False,False,False,False,False,False,False,False,False,False,False,False,False
1421,/mnt/class_data/Shelby/One_Minute_Audio/SL36_Trial_2_trim.WAV,3.0,6.0,True,False,False,False,False,False,False,False,False,False,False,False,False,False,False,False,False,False,False
1422,/mnt/class_data/Shelby/One_Minute_Audio/SL36_Trial_2_trim.WAV,6.0,9.0,True,False,False,False,False,False,False,False,False,False,False,False,False,False,False,False,False,False,False
1423,/mnt/class_data/Shelby/One_Minute_Audio/SL36_Trial_2_trim.WAV,9.0,12.0,False,False,False,False,False,True,False,False,False,False,False,False,False,False,False,False,False,False,False
1424,/mnt/class_data/Shelby/One_Minute_Audio/SL36_Trial_2_trim.WAV,12.0,15.0,False,False,False,False,False,True,False,False,False,False,False,False,False,False,False,False,False,False,False
1425,/mnt/class_data/Shelby/One_Minute_Audio/SL36_Trial_2_trim.WAV,15.0,18.0,False,False,False,False,False,True,False,False,False,False,False,False,False,False,False,False,False,False,False
1426,/mnt/class_data/Shelby/One_Minute_Audio/SL36_Trial_2_trim.WAV,18.0,21.0,False,False,False,False,False,False,False,False,False,False,False,False,False,False,False,False,False,False,True
1427,/mnt/class_data/Shelby/One_Minute_Audio/SL36_Trial_2_trim.WAV,21.0,24.0,False,False,False,False,False,True,False,False,False,False,False,False,False,False,False,False,False,False,False
1428,/mnt/class_data/Shelby/One_Minute_Audio/SL36_Trial_2_trim.WAV,24.0,27.0,False,False,False,False,False,False,False,False,False,False,False,False,False,False,False,False,False,False,True
1429,/mnt/class_data/Shelby/One_Minute_Audio/SL36_Trial_2_trim.WAV,27.0,30.0,False,False,False,False,False,False,False,False,False,False,False,False,False,False,False,False,False,False,True
1430,/mnt/class_data/Shelby/One_Minute_Audio/SL36_Trial_2_trim.WAV,30.0,33.0,False,False,False,False,False,True,False,False,False,False,False,False,False,False,False,False,False,False,False
1431,/mnt/class_data/Shelby/One_Minute_Audio/SL36_Trial_2_trim.WAV,33.0,36.0,False,False,False,False,False,False,False,False,False,False,False,False,False,False,False,False,False,False,False
1432,/mnt/class_data/Shelby/One_Minute_Audio/SL36_Trial_2_trim.WAV,36.0,39.0,False,False,False,False,False,False,False,False,False,False,False,False,False,False,False,False,False,False,False
1433,/mnt/class_data/Shelby/One_Minute_Audio/SL36_Trial_2_trim.WAV,39.0,42.0,False,False,False,False,False,False,False,False,False,False,False,False,False,False,False,False,False,False,False
1434,/mnt/class_data/Shelby/One_Minute_Audio/SL36_Trial_2_trim.WAV,42.0,45.0,False,False,False,False,False,False,False,False,False,False,False,False,False,False,False,False,False,False,False
1435,/mnt/class_data/Shelby/One_Minute_Audio/SL36_Trial_2_trim.WAV,45.0,48.0,False,False,False,False,False,False,False,False,False,False,False,False,False,False,False,False,False,False,False
1436,/mnt/class_data/Shelby/One_Minute_Audio/SL36_Trial_2_trim.WAV,48.0,51.0,False,False,False,False,False,False,False,False,False,False,False,False,False,False,False,False,False,False,False
1437,/mnt/class_data/Shelby/One_Minute_Audio/SL36_Trial_2_trim.WAV,51.0,54.0,False,False,False,False,False,False,False,False,False,False,False,False,False,False,False,False,False,False,False
1438,/mnt/class_data/Shelby/One_Minute_Audio/SL36_Trial_2_trim.WAV,54.0,57.0,False,False,False,False,False,False,False,False,False,False,False,False,False,False,False,False,False,False,True
1439,/mnt/class_data/Shelby/One_Minute_Audio/SL36_Trial_2_trim.WAV,57.0,60.0,False,False,False,False,False,True,False,False,False,False,False,False,False,False,False,False,False,False,False
1440,/mnt/class_data/Shelby/One_Minute_Audio/SL36_Trial_3_trim.WAV,0.0,3.0,True,False,False,False,False,False,False,False,False,False,False,False,False,False,False,False,False,False,False
1441,/mnt/class_data/Shelby/One_Minute_Audio/SL36_Trial_3_trim.WAV,3.0,6.0,True,False,False,False,False,False,False,False,False,False,False,False,False,False,False,False,False,False,False
1442,/mnt/class_data/Shelby/One_Minute_Audio/SL36_Trial_3_trim.WAV,6.0,9.0,False,False,False,False,False,False,False,False,False,False,False,False,False,False,False,False,False,False,False
1443,/mnt/class_data/Shelby/One_Minute_Audio/SL36_Trial_3_trim.WAV,9.0,12.0,True,False,False,False,False,False,False,False,False,False,False,False,False,False,False,False,False,False,False
1444,/mnt/class_data/Shelby/One_Minute_Audio/SL36_Trial_3_trim.WAV,12.0,15.0,False,False,False,False,False,False,False,False,False,False,False,False,False,False,False,False,False,False,False
1445,/mnt/class_data/Shelby/One_Minute_Audio/SL36_Trial_3_trim.WAV,15.0,18.0,True,False,False,False,False,False,False,False,False,False,False,False,False,False,False,False,False,False,False
1446,/mnt/class_data/Shelby/One_Minute_Audio/SL36_Trial_3_trim.WAV,18.0,21.0,False,False,True,False,False,False,False,False,False,False,False,False,False,False,False,False,False,False,False
1447,/mnt/class_data/Shelby/One_Minute_Audio/SL36_Trial_3_trim.WAV,21.0,24.0,False,False,True,False,False,False,False,False,False,False,False,False,False,False,False,False,False,False,False
1448,/mnt/class_data/Shelby/One_Minute_Audio/SL36_Trial_3_trim.WAV,24.0,27.0,False,False,True,False,False,False,False,False,False,False,False,False,False,False,False,False,False,False,False
1449,/mnt/class_data/Shelby/One_Minute_Audio/SL36_Trial_3_trim.WAV,27.0,30.0,False,False,True,False,False,False,False,False,False,False,False,False,False,False,False,False,False,False,False
1450,/mnt/class_data/Shelby/One_Minute_Audio/SL36_Trial_3_trim.WAV,30.0,33.0,False,False,True,False,False,False,False,False,False,False,False,False,False,False,False,False,False,False,False
1451,/mnt/class_data/Shelby/One_Minute_Audio/SL36_Trial_3_trim.WAV,33.0,36.0,False,False,True,False,False,False,False,False,False,False,False,False,False,False,False,False,False,False,False
1452,/mnt/class_data/Shelby/One_Minute_Audio/SL36_Trial_3_trim.WAV,36.0,39.0,False,False,True,False,False,False,False,False,False,False,False,False,False,False,False,False,False,False,False
1453,/mnt/class_data/Shelby/One_Minute_Audio/SL36_Trial_3_trim.WAV,39.0,42.0,False,False,True,False,False,False,False,False,False,False,False,False,False,False,False,False,False,False,False
1454,/mnt/class_data/Shelby/One_Minute_Audio/SL36_Trial_3_trim.WAV,42.0,45.0,False,False,True,False,False,False,False,False,False,False,False,False,False,False,False,False,False,False,False
1455,/mnt/class_data/Shelby/One_Minute_Audio/SL36_Trial_3_trim.WAV,45.0,48.0,False,False,True,False,False,False,False,False,False,False,False,False,False,False,False,False,False,False,False
1456,/mnt/class_data/Shelby/One_Minute_Audio/SL36_Trial_3_trim.WAV,48.0,51.0,False,False,True,False,False,False,False,False,False,False,False,False,False,False,False,False,False,False,False
1457,/mnt/class_data/Shelby/One_Minute_Audio/SL36_Trial_3_trim.WAV,51.0,54.0,False,False,True,False,False,False,False,False,False,False,False,False,False,False,False,False,False,False,False
1458,/mnt/class_data/Shelby/One_Minute_Audio/SL36_Trial_3_trim.WAV,54.0,57.0,False,False,True,False,False,False,False,False,False,False,False,False,False,False,False,False,False,False,False
1459,/mnt/class_data/Shelby/One_Minute_Audio/SL36_Trial_3_trim.WAV,57.0,60.0,False,False,True,False,False,False,False,False,False,False,False,False,False,False,False,False,False,False,False
1520,/mnt/class_data/Shelby/One_Minute_Audio/SL38_Trial_1_trim.WAV,0.0,3.0,True,False,False,False,False,False,False,False,False,True,False,False,False,False,False,False,False,False,False
1521,/mnt/class_data/Shelby/One_Minute_Audio/SL38_Trial_1_trim.WAV,3.0,6.0,True,False,False,False,False,False,False,False,False,True,False,False,False,False,False,False,False,False,False
1522,/mnt/class_data/Shelby/One_Minute_Audio/SL38_Trial_1_trim.WAV,6.0,9.0,True,False,False,False,False,False,False,False,False,False,False,False,False,False,False,False,False,False,False
1523,/mnt/class_data/Shelby/One_Minute_Audio/SL38_Trial_1_trim.WAV,9.0,12.0,True,False,False,False,False,False,False,False,False,False,False,False,False,False,False,False,False,False,False
1524,/mnt/class_data/Shelby/One_Minute_Audio/SL38_Trial_1_trim.WAV,12.0,15.0,False,False,False,False,False,False,False,False,False,True,False,False,False,False,False,False,False,False,False
1525,/mnt/class_data/Shelby/One_Minute_Audio/SL38_Trial_1_trim.WAV,15.0,18.0,True,False,False,False,False,False,False,False,False,False,False,False,False,False,False,False,True,False,False
1526,/mnt/class_data/Shelby/One_Minute_Audio/SL38_Trial_1_trim.WAV,18.0,21.0,True,False,False,False,False,False,False,False,False,False,False,False,False,False,False,False,True,False,False
1527,/mnt/class_data/Shelby/One_Minute_Audio/SL38_Trial_1_trim.WAV,21.0,24.0,True,False,False,False,False,False,False,False,False,False,False,False,False,False,False,False,True,False,False
1528,/mnt/class_data/Shelby/One_Minute_Audio/SL38_Trial_1_trim.WAV,24.0,27.0,True,False,False,False,False,False,False,False,False,False,False,False,False,False,False,False,True,False,False
1529,/mnt/class_data/Shelby/One_Minute_Audio/SL38_Trial_1_trim.WAV,27.0,30.0,False,False,False,False,False,False,False,False,False,False,False,False,False,False,False,False,True,False,False
1530,/mnt/class_data/Shelby/One_Minute_Audio/SL38_Trial_1_trim.WAV,30.0,33.0,True,False,False,False,False,False,False,False,False,False,False,False,False,False,False,False,True,False,False
1531,/mnt/class_data/Shelby/One_Minute_Audio/SL38_Trial_1_trim.WAV,33.0,36.0,True,False,False,False,False,False,False,False,False,False,False,False,False,False,False,False,True,False,False
1532,/mnt/class_data/Shelby/One_Minute_Audio/SL38_Trial_1_trim.WAV,36.0,39.0,True,False,False,False,False,False,False,False,False,False,False,False,False,False,False,False,True,False,False
1533,/mnt/class_data/Shelby/One_Minute_Audio/SL38_Trial_1_trim.WAV,39.0,42.0,True,False,False,False,False,False,False,False,False,False,False,False,False,False,False,False,True,False,False
1534,/mnt/class_data/Shelby/One_Minute_Audio/SL38_Trial_1_trim.WAV,42.0,45.0,True,False,False,False,False,False,False,False,False,False,False,False,False,False,False,False,True,False,False
1535,/mnt/class_data/Shelby/One_Minute_Audio/SL38_Trial_1_trim.WAV,45.0,48.0,True,False,False,False,False,False,False,False,False,False,False,False,False,False,False,False,True,False,False
1536,/mnt/class_data/Shelby/One_Minute_Audio/SL38_Trial_1_trim.WAV,48.0,51.0,False,False,False,False,False,False,False,False,False,False,False,False,False,False,False,False,True,False,False
1537,/mnt/class_data/Shelby/One_Minute_Audio/SL38_Trial_1_trim.WAV,51.0,54.0,True,False,False,False,False,False,False,False,False,False,False,False,False,False,False,False,True,False,False
1538,/mnt/class_data/Shelby/One_Minute_Audio/SL38_Trial_1_trim.WAV,54.0,57.0,True,False,False,False,False,False,False,False,False,False,False,False,False,False,False,False,True,False,False
1539,/mnt/class_data/Shelby/One_Minute_Audio/SL38_Trial_1_trim.WAV,57.0,60.0,True,False,False,False,False,False,False,False,False,False,False,False,False,False,False,False,False,False,False
1560,/mnt/class_data/Shelby/One_Minute_Audio/SL38_Trial_3_trim.WAV,0.0,3.0,True,False,True,False,False,False,False,False,False,False,False,False,False,False,False,False,False,False,False
1561,/mnt/class_data/Shelby/One_Minute_Audio/SL38_Trial_3_trim.WAV,3.0,6.0,True,False,False,False,False,False,False,False,False,False,False,False,False,False,False,False,False,False,False
1562,/mnt/class_data/Shelby/One_Minute_Audio/SL38_Trial_3_trim.WAV,6.0,9.0,True,False,False,False,False,False,False,False,False,False,False,False,False,False,False,False,False,False,False
1563,/mnt/class_data/Shelby/One_Minute_Audio/SL38_Trial_3_trim.WAV,9.0,12.0,True,False,True,False,False,False,False,False,False,False,False,False,False,False,False,False,False,False,False
1564,/mnt/class_data/Shelby/One_Minute_Audio/SL38_Trial_3_trim.WAV,12.0,15.0,True,False,True,False,False,False,False,False,False,False,False,False,False,False,False,False,False,False,False
1565,/mnt/class_data/Shelby/One_Minute_Audio/SL38_Trial_3_trim.WAV,15.0,18.0,True,False,False,False,False,False,False,False,False,False,False,False,False,False,False,False,False,False,False
1566,/mnt/class_data/Shelby/One_Minute_Audio/SL38_Trial_3_trim.WAV,18.0,21.0,False,False,True,False,False,False,False,False,False,False,False,False,False,False,False,False,False,False,False
1567,/mnt/class_data/Shelby/One_Minute_Audio/SL38_Trial_3_trim.WAV,21.0,24.0,False,False,True,False,False,False,False,False,False,False,False,False,False,False,False,False,False,False,False
1568,/mnt/class_data/Shelby/One_Minute_Audio/SL38_Trial_3_trim.WAV,24.0,27.0,True,False,False,False,False,False,False,False,False,False,False,False,False,False,False,False,False,False,False
1569,/mnt/class_data/Shelby/One_Minute_Audio/SL38_Trial_3_trim.WAV,27.0,30.0,True,False,True,False,False,False,False,False,False,False,False,False,False,False,False,False,False,False,False
1570,/mnt/class_data/Shelby/One_Minute_Audio/SL38_Trial_3_trim.WAV,30.0,33.0,False,False,True,False,False,False,False,False,False,False,False,False,False,False,False,False,False,False,False
1571,/mnt/class_data/Shelby/One_Minute_Audio/SL38_Trial_3_trim.WAV,33.0,36.0,True,False,True,False,False,False,False,False,False,False,False,False,False,False,False,False,False,False,False
1572,/mnt/class_data/Shelby/One_Minute_Audio/SL38_Trial_3_trim.WAV,36.0,39.0,True,False,True,False,False,False,False,False,False,False,False,False,False,False,False,False,False,False,False
1573,/mnt/class_data/Shelby/One_Minute_Audio/SL38_Trial_3_trim.WAV,39.0,42.0,False,False,True,False,False,False,False,False,False,False,False,False,False,False,False,False,False,False,False
1574,/mnt/class_data/Shelby/One_Minute_Audio/SL38_Trial_3_trim.WAV,42.0,45.0,True,False,True,False,False,False,False,False,False,False,False,False,False,False,False,False,False,False,False
1575,/mnt/class_data/Shelby/One_Minute_Audio/SL38_Trial_3_trim.WAV,45.0,48.0,True,False,True,False,False,False,False,False,False,False,False,False,False,False,False,False,False,False,False
1576,/mnt/class_data/Shelby/One_Minute_Audio/SL38_Trial_3_trim.WAV,48.0,51.0,True,False,True,False,False,False,False,False,False,False,False,False,False,False,False,False,False,False,False
1577,/mnt/class_data/Shelby/One_Minute_Audio/SL38_Trial_3_trim.WAV,51.0,54.0,True,False,True,False,False,False,False,False,False,False,False,False,False,False,False,False,False,False,False
1578,/mnt/class_data/Shelby/One_Minute_Audio/SL38_Trial_3_trim.WAV,54.0,57.0,True,False,True,False,False,False,False,False,False,False,False,False,False,False,False,False,False,False,False
1579,/mnt/class_data/Shelby/One_Minute_Audio/SL38_Trial_3_trim.WAV,57.0,60.0,False,False,True,False,False,False,False,False,False,False,False,False,False,False,False,False,False,False,False
1700,/mnt/class_data/Shelby/One_Minute_Audio/SL42_Trial_1_trim.WAV,0.0,3.0,True,False,True,False,False,False,False,False,False,False,False,False,False,False,False,False,False,False,False
1701,/mnt/class_data/Shelby/One_Minute_Audio/SL42_Trial_1_trim.WAV,3.0,6.0,False,False,True,False,False,False,False,False,False,False,False,False,False,False,False,False,False,False,False
1702,/mnt/class_data/Shelby/One_Minute_Audio/SL42_Trial_1_trim.WAV,6.0,9.0,True,False,True,False,False,False,False,False,False,False,False,False,False,False,False,False,True,False,False
1703,/mnt/class_data/Shelby/One_Minute_Audio/SL42_Trial_1_trim.WAV,9.0,12.0,True,False,True,False,False,False,False,False,False,False,False,False,False,False,False,False,False,False,False
1704,/mnt/class_data/Shelby/One_Minute_Audio/SL42_Trial_1_trim.WAV,12.0,15.0,True,False,True,False,False,False,False,False,False,False,False,False,False,False,False,False,False,False,False
1705,/mnt/class_data/Shelby/One_Minute_Audio/SL42_Trial_1_trim.WAV,15.0,18.0,True,False,True,False,False,False,False,False,False,False,False,False,False,False,False,False,False,False,False
1706,/mnt/class_data/Shelby/One_Minute_Audio/SL42_Trial_1_trim.WAV,18.0,21.0,True,False,True,False,False,False,False,False,False,False,False,False,False,False,False,False,False,False,False
1707,/mnt/class_data/Shelby/One_Minute_Audio/SL42_Trial_1_trim.WAV,21.0,24.0,True,False,True,False,False,False,False,False,False,False,False,False,False,False,False,False,False,False,False
1708,/mnt/class_data/Shelby/One_Minute_Audio/SL42_Trial_1_trim.WAV,24.0,27.0,True,False,True,False,False,False,False,False,False,False,False,False,True,False,False,False,True,False,False
1709,/mnt/class_data/Shelby/One_Minute_Audio/SL42_Trial_1_trim.WAV,27.0,30.0,True,False,True,False,False,False,False,False,False,False,False,False,False,False,False,False,False,False,False
1710,/mnt/class_data/Shelby/One_Minute_Audio/SL42_Trial_1_trim.WAV,30.0,33.0,True,False,True,False,False,False,False,False,False,False,False,False,False,False,False,False,False,False,False
1711,/mnt/class_data/Shelby/One_Minute_Audio/SL42_Trial_1_trim.WAV,33.0,36.0,True,False,True,False,False,False,False,False,False,False,False,False,False,False,False,False,True,False,False
1712,/mnt/class_data/Shelby/One_Minute_Audio/SL42_Trial_1_trim.WAV,36.0,39.0,True,False,True,False,False,False,False,False,False,False,False,False,False,False,False,False,True,False,False
1713,/mnt/class_data/Shelby/One_Minute_Audio/SL42_Trial_1_trim.WAV,39.0,42.0,True,False,True,False,False,False,False,False,False,False,False,False,False,False,False,False,False,False,False
1714,/mnt/class_data/Shelby/One_Minute_Audio/SL42_Trial_1_trim.WAV,42.0,45.0,True,False,True,False,False,False,False,False,False,False,False,False,False,False,False,False,True,False,False
1715,/mnt/class_data/Shelby/One_Minute_Audio/SL42_Trial_1_trim.WAV,45.0,48.0,True,False,True,False,False,False,False,False,False,False,False,False,False,False,False,False,False,False,False
1716,/mnt/class_data/Shelby/One_Minute_Audio/SL42_Trial_1_trim.WAV,48.0,51.0,False,False,True,False,False,False,False,False,False,False,False,False,False,False,False,False,False,False,False
1717,/mnt/class_data/Shelby/One_Minute_Audio/SL42_Trial_1_trim.WAV,51.0,54.0,True,False,True,False,False,False,False,False,False,False,False,False,False,False,False,False,False,False,False
1718,/mnt/class_data/Shelby/One_Minute_Audio/SL42_Trial_1_trim.WAV,54.0,57.0,True,False,True,False,False,False,False,False,False,False,False,False,False,False,False,False,False,False,False
1719,/mnt/class_data/Shelby/One_Minute_Audio/SL42_Trial_1_trim.WAV,57.0,60.0,True,False,True,False,False,False,False,False,False,False,False,False,False,False,False,False,False,False,False
1720,/mnt/class_data/Shelby/One_Minute_Audio/SL42_Trial_2_trim.WAV,0.0,3.0,True,False,True,False,False,False,True,False,False,False,False,False,False,False,False,False,False,False,False
1721,/mnt/class_data/Shelby/One_Minute_Audio/SL42_Trial_2_trim.WAV,3.0,6.0,True,False,True,False,False,False,False,False,False,False,False,False,False,False,False,False,False,False,False
1722,/mnt/class_data/Shelby/One_Minute_Audio/SL42_Trial_2_trim.WAV,6.0,9.0,True,False,False,False,False,False,False,False,False,False,False,False,False,False,False,False,False,False,False
1723,/mnt/class_data/Shelby/One_Minute_Audio/SL42_Trial_2_trim.WAV,9.0,12.0,True,False,False,False,False,False,True,False,False,False,False,False,False,False,False,False,False,False,False
1724,/mnt/class_data/Shelby/One_Minute_Audio/SL42_Trial_2_trim.WAV,12.0,15.0,False,False,True,False,False,False,False,False,False,False,False,False,False,False,False,False,False,False,False
1725,/mnt/class_data/Shelby/One_Minute_Audio/SL42_Trial_2_trim.WAV,15.0,18.0,True,False,False,False,False,False,True,False,False,False,False,False,False,False,False,False,False,False,False
1726,/mnt/class_data/Shelby/One_Minute_Audio/SL42_Trial_2_trim.WAV,18.0,21.0,False,False,False,False,False,False,False,False,False,False,False,False,False,False,False,False,False,False,False
1727,/mnt/class_data/Shelby/One_Minute_Audio/SL42_Trial_2_trim.WAV,21.0,24.0,False,False,False,False,False,False,False,False,False,False,False,False,False,False,False,False,False,False,False
1728,/mnt/class_data/Shelby/One_Minute_Audio/SL42_Trial_2_trim.WAV,24.0,27.0,False,False,True,False,False,False,False,False,False,False,False,False,True,False,False,False,False,False,False
1729,/mnt/class_data/Shelby/One_Minute_Audio/SL42_Trial_2_trim.WAV,27.0,30.0,False,False,False,False,False,False,False,False,False,False,False,False,True,False,False,False,False,False,False
1730,/mnt/class_data/Shelby/One_Minute_Audio/SL42_Trial_2_trim.WAV,30.0,33.0,False,False,True,False,False,False,True,False,False,False,False,False,False,False,False,False,False,False,False
1731,/mnt/class_data/Shelby/One_Minute_Audio/SL42_Trial_2_trim.WAV,33.0,36.0,False,False,False,False,False,False,False,False,False,False,False,False,False,False,False,False,False,False,False
1732,/mnt/class_data/Shelby/One_Minute_Audio/SL42_Trial_2_trim.WAV,36.0,39.0,False,False,False,False,False,False,False,False,False,False,False,False,False,False,False,False,False,False,False
1733,/mnt/class_data/Shelby/One_Minute_Audio/SL42_Trial_2_trim.WAV,39.0,42.0,False,False,True,False,False,False,False,False,False,False,False,False,False,False,False,False,False,False,False
1734,/mnt/class_data/Shelby/One_Minute_Audio/SL42_Trial_2_trim.WAV,42.0,45.0,False,False,True,False,False,False,False,False,False,False,False,False,False,False,False,False,False,False,False
1735,/mnt/class_data/Shelby/One_Minute_Audio/SL42_Trial_2_trim.WAV,45.0,48.0,False,False,True,False,False,False,False,False,False,False,False,False,False,False,False,False,True,False,False
1736,/mnt/class_data/Shelby/One_Minute_Audio/SL42_Trial_2_trim.WAV,48.0,51.0,False,False,False,False,False,False,False,False,False,False,False,False,False,False,False,False,False,False,False
1737,/mnt/class_data/Shelby/One_Minute_Audio/SL42_Trial_2_trim.WAV,51.0,54.0,False,False,True,False,False,False,False,False,False,False,False,False,False,False,False,False,False,False,False
1738,/mnt/class_data/Shelby/One_Minute_Audio/SL42_Trial_2_trim.WAV,54.0,57.0,False,False,False,False,False,False,False,False,False,False,False,False,False,False,False,False,False,False,False
1739,/mnt/class_data/Shelby/One_Minute_Audio/SL42_Trial_2_trim.WAV,57.0,60.0,False,False,False,False,False,False,True,False,False,False,False,False,False,False,False,False,True,False,False
1740,/mnt/class_data/Shelby/One_Minute_Audio/SL42_Trial_3_trim.WAV,0.0,3.0,True,False,True,False,False,False,False,False,False,False,False,False,False,False,False,False,False,False,False
1741,/mnt/class_data/Shelby/One_Minute_Audio/SL42_Trial_3_trim.WAV,3.0,6.0,False,False,True,False,False,False,False,False,False,False,False,False,False,False,False,False,False,False,False
1742,/mnt/class_data/Shelby/One_Minute_Audio/SL42_Trial_3_trim.WAV,6.0,9.0,False,False,True,False,False,False,True,False,False,False,False,False,False,False,False,False,True,False,False
1743,/mnt/class_data/Shelby/One_Minute_Audio/SL42_Trial_3_trim.WAV,9.0,12.0,False,False,False,False,False,False,False,False,False,False,False,False,False,False,False,False,False,False,False
1744,/mnt/class_data/Shelby/One_Minute_Audio/SL42_Trial_3_trim.WAV,12.0,15.0,False,False,False,False,False,False,False,False,False,False,False,False,False,False,False,False,False,False,False
1745,/mnt/class_data/Shelby/One_Minute_Audio/SL42_Trial_3_trim.WAV,15.0,18.0,False,False,False,False,False,False,False,False,False,False,False,False,False,False,False,False,True,False,False
1746,/mnt/class_data/Shelby/One_Minute_Audio/SL42_Trial_3_trim.WAV,18.0,21.0,False,False,False,False,False,False,True,False,False,False,False,False,False,False,False,False,True,False,False
1747,/mnt/class_data/Shelby/One_Minute_Audio/SL42_Trial_3_trim.WAV,21.0,24.0,True,False,False,False,False,False,True,False,False,False,False,False,False,False,False,False,False,False,False
1748,/mnt/class_data/Shelby/One_Minute_Audio/SL42_Trial_3_trim.WAV,24.0,27.0,True,False,True,False,False,False,False,False,False,False,False,False,False,False,False,False,True,False,False
1749,/mnt/class_data/Shelby/One_Minute_Audio/SL42_Trial_3_trim.WAV,27.0,30.0,True,False,False,False,False,False,False,False,False,False,False,False,False,False,False,False,True,False,False
1750,/mnt/class_data/Shelby/One_Minute_Audio/SL42_Trial_3_trim.WAV,30.0,33.0,False,False,True,False,False,False,False,False,False,False,False,False,False,False,False,False,False,False,False
1751,/mnt/class_data/Shelby/One_Minute_Audio/SL42_Trial_3_trim.WAV,33.0,36.0,True,False,False,False,False,False,False,False,False,False,False,False,False,False,False,False,False,False,False
1752,/mnt/class_data/Shelby/One_Minute_Audio/SL42_Trial_3_trim.WAV,36.0,39.0,False,False,False,False,False,False,False,False,False,False,False,False,False,False,False,False,False,False,False
1753,/mnt/class_data/Shelby/One_Minute_Audio/SL42_Trial_3_trim.WAV,39.0,42.0,False,False,True,False,False,False,False,False,False,False,False,False,False,False,False,False,False,False,False
1754,/mnt/class_data/Shelby/One_Minute_Audio/SL42_Trial_3_trim.WAV,42.0,45.0,True,False,True,False,False,False,False,False,False,False,False,False,False,False,False,False,True,False,False
1755,/mnt/class_data/Shelby/One_Minute_Audio/SL42_Trial_3_trim.WAV,45.0,48.0,False,False,True,False,False,False,False,False,False,False,False,False,False,False,False,False,True,False,False
1756,/mnt/class_data/Shelby/One_Minute_Audio/SL42_Trial_3_trim.WAV,48.0,51.0,False,False,True,False,False,False,False,False,False,False,False,False,False,False,False,False,False,False,False
1757,/mnt/class_data/Shelby/One_Minute_Audio/SL42_Trial_3_trim.WAV,51.0,54.0,True,False,True,False,False,False,False,False,False,False,False,False,False,False,False,False,False,False,False
1758,/mnt/class_data/Shelby/One_Minute_Audio/SL42_Trial_3_trim.WAV,54.0,57.0,False,False,True,False,False,False,False,False,False,False,False,False,False,False,False,False,True,False,False
1759,/mnt/class_data/Shelby/One_Minute_Audio/SL42_Trial_3_trim.WAV,57.0,60.0,True,False,True,False,False,False,False,False,False,False,False,False,False,False,False,False,True,False,False
1780,/mnt/class_data/Shelby/One_Minute_Audio/SL43_Trial_2_trim.WAV,0.0,3.0,True,False,True,False,False,False,False,False,False,False,False,False,False,False,False,False,False,False,False
1781,/mnt/class_data/Shelby/One_Minute_Audio/SL43_Trial_2_trim.WAV,3.0,6.0,True,False,True,False,False,False,False,False,False,False,False,False,False,False,False,False,False,False,False
1782,/mnt/class_data/Shelby/One_Minute_Audio/SL43_Trial_2_trim.WAV,6.0,9.0,True,False,True,False,False,False,False,False,False,False,False,False,False,False,False,False,False,False,False
1783,/mnt/class_data/Shelby/One_Minute_Audio/SL43_Trial_2_trim.WAV,9.0,12.0,True,False,True,False,False,False,False,False,False,False,False,False,False,False,False,False,False,False,False
1784,/mnt/class_data/Shelby/One_Minute_Audio/SL43_Trial_2_trim.WAV,12.0,15.0,False,False,True,False,False,False,False,False,False,False,False,False,False,False,False,False,False,False,False
1785,/mnt/class_data/Shelby/One_Minute_Audio/SL43_Trial_2_trim.WAV,15.0,18.0,True,False,False,False,False,False,False,False,False,False,False,False,False,False,False,False,False,False,False
1786,/mnt/class_data/Shelby/One_Minute_Audio/SL43_Trial_2_trim.WAV,18.0,21.0,False,False,True,False,False,False,False,False,False,False,False,False,False,False,False,False,False,False,False
1787,/mnt/class_data/Shelby/One_Minute_Audio/SL43_Trial_2_trim.WAV,21.0,24.0,True,False,True,False,False,False,False,False,False,False,False,False,False,False,False,False,False,False,False
1788,/mnt/class_data/Shelby/One_Minute_Audio/SL43_Trial_2_trim.WAV,24.0,27.0,False,False,True,False,False,False,False,False,False,False,False,False,False,False,False,False,False,False,False
1789,/mnt/class_data/Shelby/One_Minute_Audio/SL43_Trial_2_trim.WAV,27.0,30.0,False,False,True,False,False,False,False,False,False,False,False,False,False,False,False,False,False,False,False
1790,/mnt/class_data/Shelby/One_Minute_Audio/SL43_Trial_2_trim.WAV,30.0,33.0,False,False,True,False,False,False,False,False,False,False,False,False,False,False,False,False,False,False,False
1791,/mnt/class_data/Shelby/One_Minute_Audio/SL43_Trial_2_trim.WAV,33.0,36.0,True,False,True,False,False,False,False,False,False,False,False,False,False,False,False,False,False,False,False
1792,/mnt/class_data/Shelby/One_Minute_Audio/SL43_Trial_2_trim.WAV,36.0,39.0,False,False,True,False,False,False,False,False,False,False,False,False,False,False,False,False,False,False,False
1793,/mnt/class_data/Shelby/One_Minute_Audio/SL43_Trial_2_trim.WAV,39.0,42.0,True,False,True,False,False,False,False,False,False,False,False,False,False,False,False,False,False,False,False
1794,/mnt/class_data/Shelby/One_Minute_Audio/SL43_Trial_2_trim.WAV,42.0,45.0,False,False,True,False,False,False,False,False,False,False,False,False,False,False,False,False,False,False,False
1795,/mnt/class_data/Shelby/One_Minute_Audio/SL43_Trial_2_trim.WAV,45.0,48.0,True,False,True,False,False,False,False,False,False,False,False,False,False,False,False,False,False,False,False
1796,/mnt/class_data/Shelby/One_Minute_Audio/SL43_Trial_2_trim.WAV,48.0,51.0,False,False,True,False,False,False,False,False,False,False,False,False,False,False,False,False,False,False,False
1797,/mnt/class_data/Shelby/One_Minute_Audio/SL43_Trial_2_trim.WAV,51.0,54.0,False,False,True,False,False,False,False,False,False,False,False,False,False,False,False,False,False,False,False
1798,/mnt/class_data/Shelby/One_Minute_Audio/SL43_Trial_2_trim.WAV,54.0,57.0,True,False,True,False,False,False,False,False,False,False,False,False,False,False,False,False,False,False,False
1799,/mnt/class_data/Shelby/One_Minute_Audio/SL43_Trial_2_trim.WAV,57.0,60.0,True,False,False,False,False,False,False,False,False,False,False,False,False,False,False,False,False,False,False
1801,/mnt/class_data/Shelby/One_Minute_Audio/SL44_Trial_1_trim.WAV,0.0,3.0,False,False,False,False,False,False,False,False,False,False,False,False,False,False,False,False,False,False,False
1802,/mnt/class_data/Shelby/One_Minute_Audio/SL44_Trial_1_trim.WAV,3.0,6.0,False,False,False,False,False,False,False,False,False,False,False,False,False,False,False,False,False,False,False
1803,/mnt/class_data/Shelby/One_Minute_Audio/SL44_Trial_1_trim.WAV,6.0,9.0,False,False,False,False,False,False,False,False,False,False,False,False,False,False,False,False,False,False,False
1804,/mnt/class_data/Shelby/One_Minute_Audio/SL44_Trial_1_trim.WAV,9.0,12.0,False,False,False,False,False,False,False,False,False,False,False,False,False,False,False,False,False,False,False
1805,/mnt/class_data/Shelby/One_Minute_Audio/SL44_Trial_1_trim.WAV,12.0,15.0,False,False,False,False,False,False,False,False,False,False,False,False,False,False,False,False,True,False,False
1806,/mnt/class_data/Shelby/One_Minute_Audio/SL44_Trial_1_trim.WAV,15.0,18.0,False,False,False,False,False,False,False,False,False,False,False,False,False,False,False,False,True,False,False
1807,/mnt/class_data/Shelby/One_Minute_Audio/SL44_Trial_1_trim.WAV,18.0,21.0,False,False,False,False,False,False,False,False,False,False,False,False,False,False,False,False,False,False,False
1808,/mnt/class_data/Shelby/One_Minute_Audio/SL44_Trial_1_trim.WAV,21.0,24.0,False,False,False,False,False,False,False,False,False,False,False,False,False,False,False,False,True,False,False
1809,/mnt/class_data/Shelby/One_Minute_Audio/SL44_Trial_1_trim.WAV,24.0,27.0,False,False,False,False,False,False,False,False,False,False,False,False,False,False,False,False,True,False,False
1810,/mnt/class_data/Shelby/One_Minute_Audio/SL44_Trial_1_trim.WAV,27.0,30.0,False,False,False,False,False,False,False,False,False,False,False,False,False,False,False,False,True,False,False
1811,/mnt/class_data/Shelby/One_Minute_Audio/SL44_Trial_1_trim.WAV,30.0,33.0,False,False,False,False,False,False,False,False,False,False,False,False,False,False,False,False,False,False,False
1812,/mnt/class_data/Shelby/One_Minute_Audio/SL44_Trial_1_trim.WAV,33.0,36.0,False,False,False,False,False,False,False,False,False,False,False,False,False,False,False,False,False,False,False
1813,/mnt/class_data/Shelby/One_Minute_Audio/SL44_Trial_1_trim.WAV,36.0,39.0,False,False,False,False,False,False,False,False,False,False,False,False,False,False,False,False,False,False,False
1814,/mnt/class_data/Shelby/One_Minute_Audio/SL44_Trial_1_trim.WAV,39.0,42.0,False,False,False,False,False,False,False,False,False,False,False,False,False,False,False,False,True,False,False
1815,/mnt/class_data/Shelby/One_Minute_Audio/SL44_Trial_1_trim.WAV,42.0,45.0,False,False,False,False,False,False,False,False,False,False,False,False,False,False,False,False,False,False,False
1816,/mnt/class_data/Shelby/One_Minute_Audio/SL44_Trial_1_trim.WAV,45.0,48.0,False,False,False,False,False,False,False,False,False,False,False,False,False,False,False,False,True,False,False
1817,/mnt/class_data/Shelby/One_Minute_Audio/SL44_Trial_1_trim.WAV,48.0,51.0,False,False,False,False,False,False,False,False,False,False,False,False,False,False,False,False,False,False,False
1818,/mnt/class_data/Shelby/One_Minute_Audio/SL44_Trial_1_trim.WAV,51.0,54.0,False,False,False,False,False,False,False,False,False,False,False,False,False,False,False,False,True,False,False
1819,/mnt/class_data/Shelby/One_Minute_Audio/SL44_Trial_1_trim.WAV,54.0,57.0,False,False,False,False,False,False,False,False,False,False,False,False,False,False,False,False,False,False,False
1820,/mnt/class_data/Shelby/One_Minute_Audio/SL44_Trial_1_trim.WAV,57.0,60.0,False,False,False,False,False,False,False,False,False,False,False,False,False,False,False,False,False,False,False
1861,/mnt/class_data/Shelby/One_Minute_Audio/SL49_Trial_2_trim.WAV,0.0,3.0,False,False,False,False,False,False,False,False,False,True,False,False,False,False,False,False,False,False,False
1862,/mnt/class_data/Shelby/One_Minute_Audio/SL49_Trial_2_trim.WAV,3.0,6.0,False,False,False,False,False,False,False,False,False,True,False,False,False,False,False,False,False,False,False
1863,/mnt/class_data/Shelby/One_Minute_Audio/SL49_Trial_2_trim.WAV,6.0,9.0,False,False,True,False,False,False,False,False,False,False,False,False,False,False,False,False,False,False,False
1864,/mnt/class_data/Shelby/One_Minute_Audio/SL49_Trial_2_trim.WAV,9.0,12.0,True,False,False,False,False,False,False,False,False,False,False,False,False,False,False,False,False,False,False
1865,/mnt/class_data/Shelby/One_Minute_Audio/SL49_Trial_2_trim.WAV,12.0,15.0,False,False,False,False,False,False,False,False,False,False,False,False,False,False,False,False,False,False,False
1866,/mnt/class_data/Shelby/One_Minute_Audio/SL49_Trial_2_trim.WAV,15.0,18.0,False,False,False,False,False,False,False,False,False,True,False,False,False,False,False,False,False,False,False
1867,/mnt/class_data/Shelby/One_Minute_Audio/SL49_Trial_2_trim.WAV,18.0,21.0,False,False,False,False,False,False,False,False,False,False,False,False,False,False,False,False,False,False,False
1868,/mnt/class_data/Shelby/One_Minute_Audio/SL49_Trial_2_trim.WAV,21.0,24.0,False,False,False,False,False,False,False,False,False,True,False,False,False,False,False,False,False,False,False
1869,/mnt/class_data/Shelby/One_Minute_Audio/SL49_Trial_2_trim.WAV,24.0,27.0,False,False,False,False,False,False,False,False,False,True,False,False,False,False,False,False,False,False,False
1870,/mnt/class_data/Shelby/One_Minute_Audio/SL49_Trial_2_trim.WAV,27.0,30.0,False,False,False,False,False,False,False,False,False,True,False,False,False,False,False,False,False,False,False
1871,/mnt/class_data/Shelby/One_Minute_Audio/SL49_Trial_2_trim.WAV,30.0,33.0,False,False,False,False,False,False,False,False,False,True,False,False,False,False,False,False,False,False,False
1872,/mnt/class_data/Shelby/One_Minute_Audio/SL49_Trial_2_trim.WAV,33.0,36.0,False,False,False,False,False,False,False,False,False,True,False,False,False,False,False,False,False,False,False
1873,/mnt/class_data/Shelby/One_Minute_Audio/SL49_Trial_2_trim.WAV,36.0,39.0,False,False,True,False,False,False,False,False,False,True,False,False,False,False,False,False,False,False,False
1874,/mnt/class_data/Shelby/One_Minute_Audio/SL49_Trial_2_trim.WAV,39.0,42.0,False,False,False,False,False,False,False,False,False,False,False,False,False,False,False,False,False,False,False
1875,/mnt/class_data/Shelby/One_Minute_Audio/SL49_Trial_2_trim.WAV,42.0,45.0,False,False,False,False,False,False,False,False,False,True,False,False,False,False,False,False,False,False,False
1876,/mnt/class_data/Shelby/One_Minute_Audio/SL49_Trial_2_trim.WAV,45.0,48.0,False,False,False,False,False,False,False,False,False,True,False,False,False,False,False,False,False,False,False
1877,/mnt/class_data/Shelby/One_Minute_Audio/SL49_Trial_2_trim.WAV,48.0,51.0,False,False,False,False,False,False,False,False,False,True,False,False,False,False,False,False,False,False,False
1878,/mnt/class_data/Shelby/One_Minute_Audio/SL49_Trial_2_trim.WAV,51.0,54.0,False,False,False,False,False,False,False,False,False,True,False,False,False,False,False,False,False,False,False
1879,/mnt/class_data/Shelby/One_Minute_Audio/SL49_Trial_2_trim.WAV,54.0,57.0,True,False,False,False,False,False,False,False,False,True,False,False,False,False,False,False,False,False,False
1880,/mnt/class_data/Shelby/One_Minute_Audio/SL49_Trial_2_trim.WAV,57.0,60.0,False,False,False,False,False,True,False,False,False,True,False,False,False,False,False,False,False,False,False
1881,/mnt/class_data/Shelby/One_Minute_Audio/SL49_Trial_3_trim.WAV,0.0,3.0,False,False,False,False,False,False,False,False,False,False,False,False,False,False,False,False,False,False,False
1882,/mnt/class_data/Shelby/One_Minute_Audio/SL49_Trial_3_trim.WAV,3.0,6.0,False,False,False,False,False,False,False,False,False,False,False,False,False,False,False,False,False,False,False
1883,/mnt/class_data/Shelby/One_Minute_Audio/SL49_Trial_3_trim.WAV,6.0,9.0,False,False,False,False,False,False,False,False,False,False,False,False,False,False,False,False,False,False,False
1884,/mnt/class_data/Shelby/One_Minute_Audio/SL49_Trial_3_trim.WAV,9.0,12.0,False,False,False,False,False,False,False,False,False,False,False,False,False,False,False,False,False,False,False
1885,/mnt/class_data/Shelby/One_Minute_Audio/SL49_Trial_3_trim.WAV,12.0,15.0,False,False,False,False,False,False,False,False,False,False,False,False,False,True,False,False,False,False,False
1886,/mnt/class_data/Shelby/One_Minute_Audio/SL49_Trial_3_trim.WAV,15.0,18.0,False,False,False,False,False,False,False,False,False,False,False,False,False,True,False,False,False,False,False
1887,/mnt/class_data/Shelby/One_Minute_Audio/SL49_Trial_3_trim.WAV,18.0,21.0,False,False,False,False,False,False,False,False,False,False,False,False,False,True,False,False,False,False,False
1888,/mnt/class_data/Shelby/One_Minute_Audio/SL49_Trial_3_trim.WAV,21.0,24.0,False,False,False,False,False,False,False,False,False,False,False,False,False,True,False,False,False,False,False
1889,/mnt/class_data/Shelby/One_Minute_Audio/SL49_Trial_3_trim.WAV,24.0,27.0,False,False,False,False,False,False,False,False,False,False,False,False,False,True,False,False,False,False,False
1890,/mnt/class_data/Shelby/One_Minute_Audio/SL49_Trial_3_trim.WAV,27.0,30.0,False,False,False,False,False,False,False,False,False,False,False,False,False,True,False,False,False,False,False
1891,/mnt/class_data/Shelby/One_Minute_Audio/SL49_Trial_3_trim.WAV,30.0,33.0,False,False,False,False,False,False,False,False,False,False,False,False,False,True,False,False,False,False,False
1892,/mnt/class_data/Shelby/One_Minute_Audio/SL49_Trial_3_trim.WAV,33.0,36.0,False,False,False,False,False,False,False,False,False,False,False,False,False,True,False,False,False,False,False
1893,/mnt/class_data/Shelby/One_Minute_Audio/SL49_Trial_3_trim.WAV,36.0,39.0,False,False,False,False,False,False,False,False,False,False,False,False,False,True,False,False,False,False,False
1894,/mnt/class_data/Shelby/One_Minute_Audio/SL49_Trial_3_trim.WAV,39.0,42.0,False,False,False,False,False,False,False,False,False,False,False,False,False,True,False,False,False,False,False
1895,/mnt/class_data/Shelby/One_Minute_Audio/SL49_Trial_3_trim.WAV,42.0,45.0,False,False,False,False,False,False,False,False,False,False,False,False,False,True,False,False,False,False,False
1896,/mnt/class_data/Shelby/One_Minute_Audio/SL49_Trial_3_trim.WAV,45.0,48.0,False,False,False,False,False,False,False,False,False,False,False,False,False,True,False,False,False,False,False
1897,/mnt/class_data/Shelby/One_Minute_Audio/SL49_Trial_3_trim.WAV,48.0,51.0,False,False,False,False,False,False,False,False,False,False,False,False,False,True,False,False,False,False,False
1898,/mnt/class_data/Shelby/One_Minute_Audio/SL49_Trial_3_trim.WAV,51.0,54.0,False,False,False,False,False,False,False,False,False,False,False,False,False,True,False,False,False,False,False
1899,/mnt/class_data/Shelby/One_Minute_Audio/SL49_Trial_3_trim.WAV,54.0,57.0,False,False,False,False,False,False,False,False,False,False,False,False,False,True,False,False,False,False,False
1900,/mnt/class_data/Shelby/One_Minute_Audio/SL49_Trial_3_trim.WAV,57.0,60.0,False,False,False,False,False,False,False,False,False,False,False,False,False,True,False,False,False,False,False
1901,/mnt/class_data/Shelby/One_Minute_Audio/SL50_Trial_1_trim.WAV,0.0,3.0,False,False,False,False,False,False,False,True,False,False,False,False,False,False,False,False,False,False,False
1902,/mnt/class_data/Shelby/One_Minute_Audio/SL50_Trial_1_trim.WAV,3.0,6.0,False,False,False,False,False,False,False,True,False,False,False,False,False,False,False,False,False,False,False
1903,/mnt/class_data/Shelby/One_Minute_Audio/SL50_Trial_1_trim.WAV,6.0,9.0,False,False,False,False,False,False,False,True,False,False,False,False,False,False,False,False,False,False,False
1904,/mnt/class_data/Shelby/One_Minute_Audio/SL50_Trial_1_trim.WAV,9.0,12.0,False,False,False,False,False,False,False,True,False,False,False,False,False,False,False,False,False,False,False
1905,/mnt/class_data/Shelby/One_Minute_Audio/SL50_Trial_1_trim.WAV,12.0,15.0,True,False,False,False,False,False,False,False,False,False,False,False,False,False,False,False,False,False,False
1906,/mnt/class_data/Shelby/One_Minute_Audio/SL50_Trial_1_trim.WAV,15.0,18.0,True,False,False,False,False,False,False,False,False,False,False,False,False,False,False,False,False,False,False
1907,/mnt/class_data/Shelby/One_Minute_Audio/SL50_Trial_1_trim.WAV,18.0,21.0,True,False,False,False,False,False,False,False,False,False,False,False,False,False,False,False,False,False,False
1908,/mnt/class_data/Shelby/One_Minute_Audio/SL50_Trial_1_trim.WAV,21.0,24.0,True,False,False,False,False,False,False,True,False,False,False,False,False,False,False,False,False,False,False
1909,/mnt/class_data/Shelby/One_Minute_Audio/SL50_Trial_1_trim.WAV,24.0,27.0,False,False,True,False,False,False,False,True,False,False,False,False,False,False,False,False,False,False,False
1910,/mnt/class_data/Shelby/One_Minute_Audio/SL50_Trial_1_trim.WAV,27.0,30.0,True,False,True,False,False,False,False,True,False,False,False,False,False,False,False,False,False,False,False
1911,/mnt/class_data/Shelby/One_Minute_Audio/SL50_Trial_1_trim.WAV,30.0,33.0,True,False,True,False,False,False,False,False,False,False,False,False,False,False,False,False,False,False,False
1912,/mnt/class_data/Shelby/One_Minute_Audio/SL50_Trial_1_trim.WAV,33.0,36.0,True,False,False,False,False,False,False,False,False,False,False,False,False,False,False,False,False,False,False
1913,/mnt/class_data/Shelby/One_Minute_Audio/SL50_Trial_1_trim.WAV,36.0,39.0,True,False,True,False,False,False,False,False,False,False,False,False,False,False,False,False,False,False,False
1914,/mnt/class_data/Shelby/One_Minute_Audio/SL50_Trial_1_trim.WAV,39.0,42.0,True,False,False,False,False,False,False,False,False,False,False,False,False,False,False,False,False,False,False
1915,/mnt/class_data/Shelby/One_Minute_Audio/SL50_Trial_1_trim.WAV,42.0,45.0,True,False,True,False,False,False,False,False,False,False,False,False,False,False,False,False,False,False,False
1916,/mnt/class_data/Shelby/One_Minute_Audio/SL50_Trial_1_trim.WAV,45.0,48.0,True,False,False,False,False,False,False,False,False,False,False,False,False,False,False,False,False,False,False
1917,/mnt/class_data/Shelby/One_Minute_Audio/SL50_Trial_1_trim.WAV,48.0,51.0,True,False,False,False,False,False,False,False,False,False,False,False,False,False,False,False,False,False,False
1918,/mnt/class_data/Shelby/One_Minute_Audio/SL50_Trial_1_trim.WAV,51.0,54.0,True,False,False,False,False,False,False,True,False,False,False,False,False,False,False,False,False,False,False
1919,/mnt/class_data/Shelby/One_Minute_Audio/SL50_Trial_1_trim.WAV,54.0,57.0,False,False,False,False,False,False,False,True,False,False,False,False,False,False,False,False,False,False,False
1920,/mnt/class_data/Shelby/One_Minute_Audio/SL50_Trial_1_trim.WAV,57.0,60.0,True,False,False,False,False,False,False,True,False,False,False,False,False,False,False,False,False,False,False
1941,/mnt/class_data/Shelby/One_Minute_Audio/SL50_Trial_3_trim.WAV,0.0,3.0,True,False,False,False,False,False,False,False,False,False,False,False,False,False,False,False,False,False,False
1942,/mnt/class_data/Shelby/One_Minute_Audio/SL50_Trial_3_trim.WAV,3.0,6.0,True,False,False,False,False,False,False,False,False,False,False,False,False,False,False,False,False,False,False
1943,/mnt/class_data/Shelby/One_Minute_Audio/SL50_Trial_3_trim.WAV,6.0,9.0,True,False,True,False,False,False,False,False,False,False,False,False,False,False,False,False,False,False,False
1944,/mnt/class_data/Shelby/One_Minute_Audio/SL50_Trial_3_trim.WAV,9.0,12.0,True,False,False,False,False,False,False,False,False,False,False,False,False,False,False,False,False,False,False
1945,/mnt/class_data/Shelby/One_Minute_Audio/SL50_Trial_3_trim.WAV,12.0,15.0,True,False,False,False,False,False,False,False,False,False,False,False,False,False,False,False,False,False,False
1946,/mnt/class_data/Shelby/One_Minute_Audio/SL50_Trial_3_trim.WAV,15.0,18.0,False,False,True,False,False,False,False,False,False,False,False,False,False,False,False,False,False,True,False
1947,/mnt/class_data/Shelby/One_Minute_Audio/SL50_Trial_3_trim.WAV,18.0,21.0,False,False,True,False,False,False,False,False,False,False,False,False,False,False,False,False,False,False,False
1948,/mnt/class_data/Shelby/One_Minute_Audio/SL50_Trial_3_trim.WAV,21.0,24.0,False,False,True,False,False,False,False,False,False,False,False,False,False,False,False,False,False,False,False
1949,/mnt/class_data/Shelby/One_Minute_Audio/SL50_Trial_3_trim.WAV,24.0,27.0,False,False,True,False,False,False,False,False,False,False,False,False,False,False,False,False,False,False,False
1950,/mnt/class_data/Shelby/One_Minute_Audio/SL50_Trial_3_trim.WAV,27.0,30.0,False,False,True,False,False,False,False,False,False,False,False,False,False,False,False,False,False,False,False
1951,/mnt/class_data/Shelby/One_Minute_Audio/SL50_Trial_3_trim.WAV,30.0,33.0,False,False,True,False,False,False,False,False,False,False,True,False,False,False,False,False,False,False,False
1952,/mnt/class_data/Shelby/One_Minute_Audio/SL50_Trial_3_trim.WAV,33.0,36.0,False,False,True,False,True,False,False,False,False,False,False,False,False,False,False,False,False,False,False
1953,/mnt/class_data/Shelby/One_Minute_Audio/SL50_Trial_3_trim.WAV,36.0,39.0,False,False,True,False,False,False,False,False,False,False,False,False,False,False,False,False,True,False,False
1954,/mnt/class_data/Shelby/One_Minute_Audio/SL50_Trial_3_trim.WAV,39.0,42.0,False,False,True,False,True,False,False,False,False,False,False,False,False,False,False,False,False,False,False
1955,/mnt/class_data/Shelby/One_Minute_Audio/SL50_Trial_3_trim.WAV,42.0,45.0,False,False,True,False,False,False,False,False,False,False,False,False,False,False,False,False,False,True,False
1956,/mnt/class_data/Shelby/One_Minute_Audio/SL50_Trial_3_trim.WAV,45.0,48.0,False,False,True,False,False,False,False,False,False,False,False,False,False,False,False,False,False,False,False
1957,/mnt/class_data/Shelby/One_Minute_Audio/SL50_Trial_3_trim.WAV,48.0,51.0,False,False,True,False,False,False,False,False,False,False,False,False,False,False,False,False,False,False,False
1958,/mnt/class_data/Shelby/One_Minute_Audio/SL50_Trial_3_trim.WAV,51.0,54.0,False,False,True,False,False,False,False,False,False,False,False,False,False,False,False,False,False,False,False
1959,/mnt/class_data/Shelby/One_Minute_Audio/SL50_Trial_3_trim.WAV,54.0,57.0,False,False,True,False,True,False,False,False,False,False,False,False,False,False,False,False,False,True,False
1960,/mnt/class_data/Shelby/One_Minute_Audio/SL50_Trial_3_trim.WAV,57.0,60.0,False,False,True,False,True,False,False,False,False,False,False,False,False,False,False,False,False,True,False
1961,/mnt/class_data/Shelby/One_Minute_Audio/SL51_Trial_1_trim.WAV,0.0,3.0,True,False,False,False,False,False,False,False,False,False,False,False,False,False,False,False,False,False,False
1962,/mnt/class_data/Shelby/One_Minute_Audio/SL51_Trial_1_trim.WAV,3.0,6.0,True,False,False,False,False,False,False,False,False,False,False,False,False,False,False,False,False,False,False
1963,/mnt/class_data/Shelby/One_Minute_Audio/SL51_Trial_1_trim.WAV,6.0,9.0,True,False,False,False,False,False,False,False,False,False,False,False,False,False,False,False,False,False,False
1964,/mnt/class_data/Shelby/One_Minute_Audio/SL51_Trial_1_trim.WAV,9.0,12.0,True,False,False,False,False,False,False,False,False,False,False,False,False,False,False,False,False,False,False
1965,/mnt/class_data/Shelby/One_Minute_Audio/SL51_Trial_1_trim.WAV,12.0,15.0,True,False,True,False,False,False,False,False,False,False,False,False,False,False,False,False,False,False,False
1966,/mnt/class_data/Shelby/One_Minute_Audio/SL51_Trial_1_trim.WAV,15.0,18.0,True,False,False,False,False,False,False,False,False,False,False,False,False,False,False,False,False,False,False
1967,/mnt/class_data/Shelby/One_Minute_Audio/SL51_Trial_1_trim.WAV,18.0,21.0,True,False,True,False,False,False,False,False,False,False,False,False,False,False,False,False,False,False,False
1968,/mnt/class_data/Shelby/One_Minute_Audio/SL51_Trial_1_trim.WAV,21.0,24.0,False,False,True,False,False,False,False,False,False,False,False,False,False,False,False,False,False,False,False
1969,/mnt/class_data/Shelby/One_Minute_Audio/SL51_Trial_1_trim.WAV,24.0,27.0,False,False,True,False,False,False,False,False,False,False,False,False,False,False,False,False,False,False,False
1970,/mnt/class_data/Shelby/One_Minute_Audio/SL51_Trial_1_trim.WAV,27.0,30.0,True,False,True,False,False,False,False,False,False,False,False,False,False,False,False,False,False,False,False
1971,/mnt/class_data/Shelby/One_Minute_Audio/SL51_Trial_1_trim.WAV,30.0,33.0,True,False,True,False,False,False,False,False,False,False,False,False,False,False,False,False,False,False,False
1972,/mnt/class_data/Shelby/One_Minute_Audio/SL51_Trial_1_trim.WAV,33.0,36.0,True,False,False,False,False,False,False,False,False,False,False,False,False,False,False,False,False,False,False
1973,/mnt/class_data/Shelby/One_Minute_Audio/SL51_Trial_1_trim.WAV,36.0,39.0,True,False,False,False,False,False,False,False,False,False,False,False,False,False,False,False,False,False,False
1974,/mnt/class_data/Shelby/One_Minute_Audio/SL51_Trial_1_trim.WAV,39.0,42.0,True,False,True,False,False,False,False,False,False,False,False,False,False,False,False,False,False,False,False
1975,/mnt/class_data/Shelby/One_Minute_Audio/SL51_Trial_1_trim.WAV,42.0,45.0,True,False,True,False,False,False,False,False,False,False,False,False,False,False,False,False,False,False,False
1976,/mnt/class_data/Shelby/One_Minute_Audio/SL51_Trial_1_trim.WAV,45.0,48.0,True,False,True,False,False,False,False,False,False,False,False,False,False,False,False,False,False,False,False
1977,/mnt/class_data/Shelby/One_Minute_Audio/SL51_Trial_1_trim.WAV,48.0,51.0,True,False,True,False,False,False,False,False,False,False,False,False,False,False,False,False,False,False,False
1978,/mnt/class_data/Shelby/One_Minute_Audio/SL51_Trial_1_trim.WAV,51.0,54.0,True,False,True,False,False,False,False,False,False,False,False,False,False,False,False,False,False,False,False
1979,/mnt/class_data/Shelby/One_Minute_Audio/SL51_Trial_1_trim.WAV,54.0,57.0,True,False,True,False,False,False,False,False,False,False,False,False,False,False,False,False,False,False,False
1980,/mnt/class_data/Shelby/One_Minute_Audio/SL51_Trial_1_trim.WAV,57.0,60.0,True,False,False,False,False,False,False,False,False,False,False,False,False,False,False,False,False,False,False
1981,/mnt/class_data/Shelby/One_Minute_Audio/SL51_Trial_2_trim.WAV,0.0,3.0,False,False,True,False,False,False,False,False,False,False,False,False,False,False,False,False,False,False,False
1982,/mnt/class_data/Shelby/One_Minute_Audio/SL51_Trial_2_trim.WAV,3.0,6.0,False,False,True,False,False,False,False,False,False,False,False,False,False,False,False,False,False,False,False
1983,/mnt/class_data/Shelby/One_Minute_Audio/SL51_Trial_2_trim.WAV,6.0,9.0,False,False,True,False,False,False,False,False,False,False,False,False,False,False,False,False,False,False,False
1984,/mnt/class_data/Shelby/One_Minute_Audio/SL51_Trial_2_trim.WAV,9.0,12.0,False,False,True,False,False,False,False,False,False,False,False,False,False,False,False,False,False,False,False
1985,/mnt/class_data/Shelby/One_Minute_Audio/SL51_Trial_2_trim.WAV,12.0,15.0,True,False,True,False,False,False,False,False,False,False,False,False,False,False,False,False,False,False,False
1986,/mnt/class_data/Shelby/One_Minute_Audio/SL51_Trial_2_trim.WAV,15.0,18.0,True,False,True,False,False,False,False,False,False,False,False,False,False,False,False,False,False,False,False
1987,/mnt/class_data/Shelby/One_Minute_Audio/SL51_Trial_2_trim.WAV,18.0,21.0,True,False,True,False,False,False,False,False,False,False,False,False,False,False,False,False,False,False,False
1988,/mnt/class_data/Shelby/One_Minute_Audio/SL51_Trial_2_trim.WAV,21.0,24.0,True,False,True,False,False,False,False,False,False,False,False,False,False,False,False,False,False,False,False
1989,/mnt/class_data/Shelby/One_Minute_Audio/SL51_Trial_2_trim.WAV,24.0,27.0,True,False,False,False,False,False,False,False,False,False,False,False,False,False,False,False,False,False,False
1990,/mnt/class_data/Shelby/One_Minute_Audio/SL51_Trial_2_trim.WAV,27.0,30.0,True,False,False,False,False,False,False,False,False,False,False,False,False,False,False,False,False,False,False
1991,/mnt/class_data/Shelby/One_Minute_Audio/SL51_Trial_2_trim.WAV,30.0,33.0,True,False,False,False,False,False,False,False,False,False,False,False,False,False,False,False,False,False,False
1992,/mnt/class_data/Shelby/One_Minute_Audio/SL51_Trial_2_trim.WAV,33.0,36.0,True,False,True,False,False,False,False,False,False,False,False,False,False,False,False,False,False,False,False
1993,/mnt/class_data/Shelby/One_Minute_Audio/SL51_Trial_2_trim.WAV,36.0,39.0,True,False,False,False,False,False,False,False,False,False,False,False,False,False,False,False,False,False,False
1994,/mnt/class_data/Shelby/One_Minute_Audio/SL51_Trial_2_trim.WAV,39.0,42.0,True,False,False,False,False,False,False,False,False,False,False,False,False,False,False,False,False,False,False
1995,/mnt/class_data/Shelby/One_Minute_Audio/SL51_Trial_2_trim.WAV,42.0,45.0,True,False,True,False,False,False,False,False,False,False,False,False,False,False,False,False,False,False,False
1996,/mnt/class_data/Shelby/One_Minute_Audio/SL51_Trial_2_trim.WAV,45.0,48.0,True,False,False,False,False,False,False,False,False,False,False,False,False,False,False,False,False,False,False
1997,/mnt/class_data/Shelby/One_Minute_Audio/SL51_Trial_2_trim.WAV,48.0,51.0,True,False,False,False,False,False,False,False,False,False,False,False,False,False,False,False,False,False,False
1998,/mnt/class_data/Shelby/One_Minute_Audio/SL51_Trial_2_trim.WAV,51.0,54.0,True,False,True,False,False,False,False,False,False,False,False,False,False,False,False,False,False,False,False
1999,/mnt/class_data/Shelby/One_Minute_Audio/SL51_Trial_2_trim.WAV,54.0,57.0,True,False,False,False,False,False,False,False,False,False,False,False,False,False,False,False,False,False,False
2000,/mnt/class_data/Shelby/One_Minute_Audio/SL51_Trial_2_trim.WAV,57.0,60.0,True,False,False,False,False,False,False,False,False,False,False,False,False,False,False,False,False,False,False
2001,/mnt/class_data/Shelby/One_Minute_Audio/SL51_Trial_3_trim.WAV,0.0,3.0,False,False,True,False,False,False,False,False,False,False,False,False,False,False,False,False,False,False,False
2002,/mnt/class_data/Shelby/One_Minute_Audio/SL51_Trial_3_trim.WAV,3.0,6.0,False,False,True,False,False,False,False,False,False,False,False,False,False,False,False,False,False,False,False
2003,/mnt/class_data/Shelby/One_Minute_Audio/SL51_Trial_3_trim.WAV,6.0,9.0,False,False,True,False,False,False,False,False,False,False,False,False,False,False,False,False,False,False,False
2004,/mnt/class_data/Shelby/One_Minute_Audio/SL51_Trial_3_trim.WAV,9.0,12.0,False,False,True,False,False,False,False,False,False,False,False,False,False,False,False,False,False,False,False
2005,/mnt/class_data/Shelby/One_Minute_Audio/SL51_Trial_3_trim.WAV,12.0,15.0,False,False,True,False,False,False,False,False,False,False,False,False,False,False,False,False,False,False,False
2006,/mnt/class_data/Shelby/One_Minute_Audio/SL51_Trial_3_trim.WAV,15.0,18.0,False,False,True,False,False,False,False,False,False,False,False,False,False,False,False,False,False,False,False
2007,/mnt/class_data/Shelby/One_Minute_Audio/SL51_Trial_3_trim.WAV,18.0,21.0,False,False,True,False,False,False,False,False,False,False,False,False,False,False,False,False,False,False,False
2008,/mnt/class_data/Shelby/One_Minute_Audio/SL51_Trial_3_trim.WAV,21.0,24.0,False,False,True,False,False,False,False,False,False,False,False,False,False,False,False,False,False,False,False
2009,/mnt/class_data/Shelby/One_Minute_Audio/SL51_Trial_3_trim.WAV,24.0,27.0,False,False,False,False,False,False,False,False,False,False,False,False,False,False,False,False,False,False,False
2010,/mnt/class_data/Shelby/One_Minute_Audio/SL51_Trial_3_trim.WAV,27.0,30.0,False,False,False,False,False,False,False,False,False,False,False,False,False,False,False,False,False,False,False
2011,/mnt/class_data/Shelby/One_Minute_Audio/SL51_Trial_3_trim.WAV,30.0,33.0,False,False,False,False,False,False,False,False,False,False,False,False,False,False,False,False,False,False,False
2012,/mnt/class_data/Shelby/One_Minute_Audio/SL51_Trial_3_trim.WAV,33.0,36.0,False,False,False,False,False,False,False,False,False,False,False,False,False,False,False,False,False,False,False
2013,/mnt/class_data/Shelby/One_Minute_Audio/SL51_Trial_3_trim.WAV,36.0,39.0,False,False,False,False,False,False,False,False,False,False,False,False,False,False,False,False,False,False,False
2014,/mnt/class_data/Shelby/One_Minute_Audio/SL51_Trial_3_trim.WAV,39.0,42.0,False,False,True,False,False,False,False,False,False,False,False,False,False,False,False,False,False,False,False
2015,/mnt/class_data/Shelby/One_Minute_Audio/SL51_Trial_3_trim.WAV,42.0,45.0,False,False,True,False,False,False,False,False,False,False,False,False,False,False,False,False,False,False,False
2016,/mnt/class_data/Shelby/One_Minute_Audio/SL51_Trial_3_trim.WAV,45.0,48.0,False,False,True,False,False,False,False,False,False,False,False,False,False,False,False,False,False,False,False
2017,/mnt/class_data/Shelby/One_Minute_Audio/SL51_Trial_3_trim.WAV,48.0,51.0,False,False,True,False,False,False,False,False,False,False,False,False,False,False,False,False,False,False,False
2018,/mnt/class_data/Shelby/One_Minute_Audio/SL51_Trial_3_trim.WAV,51.0,54.0,False,False,True,False,False,False,False,False,False,False,False,False,False,False,False,False,False,False,False
2019,/mnt/class_data/Shelby/One_Minute_Audio/SL51_Trial_3_trim.WAV,54.0,57.0,False,False,True,False,False,False,False,False,False,False,False,False,False,False,False,False,False,False,False
2020,/mnt/class_data/Shelby/One_Minute_Audio/SL51_Trial_3_trim.WAV,57.0,60.0,False,False,True,False,False,False,False,False,False,False,False,False,False,False,False,False,False,False,False
2021,/mnt/class_data/Shelby/One_Minute_Audio/SL52_Trial_1_trim.WAV,0.0,3.0,False,False,False,False,False,False,False,False,False,False,False,False,False,False,False,False,False,False,False
2022,/mnt/class_data/Shelby/One_Minute_Audio/SL52_Trial_1_trim.WAV,3.0,6.0,False,False,True,False,False,False,False,False,False,False,False,False,False,False,False,False,False,False,False
2023,/mnt/class_data/Shelby/One_Minute_Audio/SL52_Trial_1_trim.WAV,6.0,9.0,False,False,True,False,False,False,False,False,False,False,False,False,False,False,False,False,False,False,False
2024,/mnt/class_data/Shelby/One_Minute_Audio/SL52_Trial_1_trim.WAV,9.0,12.0,False,False,True,False,False,False,False,False,False,False,False,False,False,False,False,False,False,False,False
2025,/mnt/class_data/Shelby/One_Minute_Audio/SL52_Trial_1_trim.WAV,12.0,15.0,False,False,True,False,False,False,False,False,False,False,False,False,False,False,False,False,False,False,False
2026,/mnt/class_data/Shelby/One_Minute_Audio/SL52_Trial_1_trim.WAV,15.0,18.0,False,False,True,False,False,False,False,False,False,False,False,False,False,False,False,False,False,False,False
2027,/mnt/class_data/Shelby/One_Minute_Audio/SL52_Trial_1_trim.WAV,18.0,21.0,False,False,True,False,False,False,False,False,False,False,False,False,False,False,False,False,False,False,False
2028,/mnt/class_data/Shelby/One_Minute_Audio/SL52_Trial_1_trim.WAV,21.0,24.0,False,False,True,False,False,False,False,False,False,False,False,False,False,False,False,False,False,False,False
2029,/mnt/class_data/Shelby/One_Minute_Audio/SL52_Trial_1_trim.WAV,24.0,27.0,False,False,True,False,False,False,False,False,False,False,False,False,False,False,False,False,False,False,False
2030,/mnt/class_data/Shelby/One_Minute_Audio/SL52_Trial_1_trim.WAV,27.0,30.0,False,False,True,False,False,False,False,False,False,False,False,False,False,False,False,False,False,False,False
2031,/mnt/class_data/Shelby/One_Minute_Audio/SL52_Trial_1_trim.WAV,30.0,33.0,True,False,True,False,False,False,False,False,False,False,False,False,False,False,False,False,False,False,False
2032,/mnt/class_data/Shelby/One_Minute_Audio/SL52_Trial_1_trim.WAV,33.0,36.0,False,False,True,False,False,False,False,False,False,False,False,False,False,False,False,False,False,False,False
2033,/mnt/class_data/Shelby/One_Minute_Audio/SL52_Trial_1_trim.WAV,36.0,39.0,False,False,True,False,False,False,False,False,False,False,False,False,False,False,False,False,False,False,False
2034,/mnt/class_data/Shelby/One_Minute_Audio/SL52_Trial_1_trim.WAV,39.0,42.0,False,False,True,False,False,False,False,False,False,False,False,False,False,False,False,False,False,False,False
2035,/mnt/class_data/Shelby/One_Minute_Audio/SL52_Trial_1_trim.WAV,42.0,45.0,False,False,True,False,False,False,False,False,False,False,False,False,False,False,False,False,False,False,False
2036,/mnt/class_data/Shelby/One_Minute_Audio/SL52_Trial_1_trim.WAV,45.0,48.0,False,False,True,False,False,False,False,False,False,False,False,False,False,False,False,False,False,False,False
2037,/mnt/class_data/Shelby/One_Minute_Audio/SL52_Trial_1_trim.WAV,48.0,51.0,False,False,True,False,False,False,False,False,False,False,False,False,False,False,False,False,False,False,False
2038,/mnt/class_data/Shelby/One_Minute_Audio/SL52_Trial_1_trim.WAV,51.0,54.0,False,False,True,False,False,False,False,False,False,False,False,False,False,False,False,False,False,False,False
2039,/mnt/class_data/Shelby/One_Minute_Audio/SL52_Trial_1_trim.WAV,54.0,57.0,False,False,True,False,False,False,False,False,False,False,False,False,False,False,False,False,False,False,False
2040,/mnt/class_data/Shelby/One_Minute_Audio/SL52_Trial_1_trim.WAV,57.0,60.0,False,False,True,False,False,False,False,False,False,False,False,False,False,False,False,False,False,False,False
2061,/mnt/class_data/Shelby/One_Minute_Audio/SL52_Trial_3_trim.WAV,0.0,3.0,False,False,False,False,False,False,False,False,False,False,False,False,False,False,False,False,False,False,False
2062,/mnt/class_data/Shelby/One_Minute_Audio/SL52_Trial_3_trim.WAV,3.0,6.0,False,False,True,False,False,False,False,False,False,False,False,False,False,False,False,False,False,False,False
2063,/mnt/class_data/Shelby/One_Minute_Audio/SL52_Trial_3_trim.WAV,6.0,9.0,False,False,True,False,False,False,False,False,False,False,False,False,False,False,False,False,False,False,False
2064,/mnt/class_data/Shelby/One_Minute_Audio/SL52_Trial_3_trim.WAV,9.0,12.0,True,False,False,False,False,False,False,False,False,False,False,False,False,False,False,False,False,False,False
2065,/mnt/class_data/Shelby/One_Minute_Audio/SL52_Trial_3_trim.WAV,12.0,15.0,True,False,False,False,False,False,False,False,False,False,False,False,False,False,False,False,False,False,False
2066,/mnt/class_data/Shelby/One_Minute_Audio/SL52_Trial_3_trim.WAV,15.0,18.0,False,False,False,False,False,False,False,False,False,False,False,False,False,False,False,False,False,False,False
2067,/mnt/class_data/Shelby/One_Minute_Audio/SL52_Trial_3_trim.WAV,18.0,21.0,True,False,True,False,False,False,False,False,False,False,False,False,False,False,False,False,False,False,False
2068,/mnt/class_data/Shelby/One_Minute_Audio/SL52_Trial_3_trim.WAV,21.0,24.0,False,False,True,False,False,False,False,False,False,False,False,False,False,False,False,False,False,False,False
2069,/mnt/class_data/Shelby/One_Minute_Audio/SL52_Trial_3_trim.WAV,24.0,27.0,False,False,False,False,False,False,False,False,False,False,False,False,False,False,False,False,False,False,False
2070,/mnt/class_data/Shelby/One_Minute_Audio/SL52_Trial_3_trim.WAV,27.0,30.0,False,False,True,False,False,False,False,False,False,False,False,False,False,False,False,False,False,False,False
2071,/mnt/class_data/Shelby/One_Minute_Audio/SL52_Trial_3_trim.WAV,30.0,33.0,True,False,True,False,False,False,False,False,False,False,False,False,False,False,False,False,False,False,False
2072,/mnt/class_data/Shelby/One_Minute_Audio/SL52_Trial_3_trim.WAV,33.0,36.0,False,False,False,False,False,False,False,False,False,False,False,False,False,False,False,False,False,False,False
2073,/mnt/class_data/Shelby/One_Minute_Audio/SL52_Trial_3_trim.WAV,36.0,39.0,False,False,True,False,False,False,False,False,False,False,False,False,False,False,False,False,False,False,False
2074,/mnt/class_data/Shelby/One_Minute_Audio/SL52_Trial_3_trim.WAV,39.0,42.0,True,False,True,False,False,False,False,False,False,False,False,False,False,False,False,False,False,False,False
2075,/mnt/class_data/Shelby/One_Minute_Audio/SL52_Trial_3_trim.WAV,42.0,45.0,False,False,True,False,False,False,False,False,False,False,False,False,False,False,False,False,False,False,False
2076,/mnt/class_data/Shelby/One_Minute_Audio/SL52_Trial_3_trim.WAV,45.0,48.0,False,False,True,False,False,False,False,False,False,False,False,False,False,False,False,False,False,False,False
2077,/mnt/class_data/Shelby/One_Minute_Audio/SL52_Trial_3_trim.WAV,48.0,51.0,False,False,True,False,False,False,False,False,False,False,False,False,False,False,False,False,False,False,False
2078,/mnt/class_data/Shelby/One_Minute_Audio/SL52_Trial_3_trim.WAV,51.0,54.0,False,False,True,False,False,False,False,False,False,False,False,False,False,False,False,False,False,False,False
2079,/mnt/class_data/Shelby/One_Minute_Audio/SL52_Trial_3_trim.WAV,54.0,57.0,True,False,True,False,False,False,False,False,False,False,False,False,False,False,False,False,False,False,False
2080,/mnt/class_data/Shelby/One_Minute_Audio/SL52_Trial_3_trim.WAV,57.0,60.0,False,False,True,False,False,False,False,False,False,False,False,False,False,False,False,False,False,False,False
2081,/mnt/class_data/Shelby/One_Minute_Audio/SL54_Trial_1_trim.WAV,0.0,3.0,False,False,True,False,False,False,False,False,False,False,False,False,False,False,False,False,False,False,False
2082,/mnt/class_data/Shelby/One_Minute_Audio/SL54_Trial_1_trim.WAV,3.0,6.0,False,False,False,True,False,False,False,False,False,False,False,False,False,False,False,False,False,False,False
2083,/mnt/class_data/Shelby/One_Minute_Audio/SL54_Trial_1_trim.WAV,6.0,9.0,False,False,False,True,False,False,False,False,False,False,False,False,False,False,False,False,False,False,False
2084,/mnt/class_data/Shelby/One_Minute_Audio/SL54_Trial_1_trim.WAV,9.0,12.0,False,False,False,True,False,False,False,False,False,False,False,False,False,False,False,False,False,False,False
2085,/mnt/class_data/Shelby/One_Minute_Audio/SL54_Trial_1_trim.WAV,12.0,15.0,False,False,False,False,False,False,False,False,False,False,False,False,False,False,False,False,False,False,False
2086,/mnt/class_data/Shelby/One_Minute_Audio/SL54_Trial_1_trim.WAV,15.0,18.0,False,False,True,True,False,False,False,False,False,False,False,False,False,False,False,False,False,False,False
2087,/mnt/class_data/Shelby/One_Minute_Audio/SL54_Trial_1_trim.WAV,18.0,21.0,False,False,False,False,False,False,False,False,False,False,False,False,False,False,False,False,False,False,False
2088,/mnt/class_data/Shelby/One_Minute_Audio/SL54_Trial_1_trim.WAV,21.0,24.0,False,False,False,True,False,False,False,False,False,False,False,False,False,False,False,False,False,False,False
2089,/mnt/class_data/Shelby/One_Minute_Audio/SL54_Trial_1_trim.WAV,24.0,27.0,False,False,False,True,False,False,False,False,False,False,False,False,False,False,False,False,False,False,False
2090,/mnt/class_data/Shelby/One_Minute_Audio/SL54_Trial_1_trim.WAV,27.0,30.0,False,False,True,True,False,False,False,False,False,False,False,False,False,False,False,False,False,False,False
2091,/mnt/class_data/Shelby/One_Minute_Audio/SL54_Trial_1_trim.WAV,30.0,33.0,False,False,True,True,False,False,False,False,False,False,False,False,False,False,False,False,False,False,False
2092,/mnt/class_data/Shelby/One_Minute_Audio/SL54_Trial_1_trim.WAV,33.0,36.0,False,False,False,False,False,False,True,False,False,False,False,False,False,False,False,False,False,False,False
2093,/mnt/class_data/Shelby/One_Minute_Audio/SL54_Trial_1_trim.WAV,36.0,39.0,False,False,False,True,False,False,True,False,False,False,False,False,False,False,False,False,False,False,False
2094,/mnt/class_data/Shelby/One_Minute_Audio/SL54_Trial_1_trim.WAV,39.0,42.0,False,False,False,False,False,False,False,False,False,False,False,False,False,False,False,False,False,False,False
2095,/mnt/class_data/Shelby/One_Minute_Audio/SL54_Trial_1_trim.WAV,42.0,45.0,False,False,False,True,False,False,False,False,False,False,False,False,False,False,False,False,False,False,False
2096,/mnt/class_data/Shelby/One_Minute_Audio/SL54_Trial_1_trim.WAV,45.0,48.0,False,False,True,True,False,False,False,False,False,False,False,False,False,False,False,False,False,False,False
2097,/mnt/class_data/Shelby/One_Minute_Audio/SL54_Trial_1_trim.WAV,48.0,51.0,False,False,True,False,False,False,False,False,False,False,False,False,False,False,False,False,False,False,False
2098,/mnt/class_data/Shelby/One_Minute_Audio/SL54_Trial_1_trim.WAV,51.0,54.0,False,False,True,True,False,False,False,False,False,False,False,False,False,False,False,False,False,False,False
2099,/mnt/class_data/Shelby/One_Minute_Audio/SL54_Trial_1_trim.WAV,54.0,57.0,False,False,True,True,False,False,False,False,False,False,False,False,False,False,False,False,False,False,False
2100,/mnt/class_data/Shelby/One_Minute_Audio/SL54_Trial_1_trim.WAV,57.0,60.0,False,False,True,False,False,False,False,False,False,False,False,False,False,False,False,False,False,False,False
2101,/mnt/class_data/Shelby/One_Minute_Audio/SL54_Trial_2_trim.WAV,0.0,3.0,False,False,True,False,False,False,False,False,False,False,False,False,False,False,False,False,False,False,False
2102,/mnt/class_data/Shelby/One_Minute_Audio/SL54_Trial_2_trim.WAV,3.0,6.0,False,False,True,False,False,False,False,False,False,False,False,False,False,False,False,False,False,False,False
2103,/mnt/class_data/Shelby/One_Minute_Audio/SL54_Trial_2_trim.WAV,6.0,9.0,False,False,True,False,False,False,False,False,False,False,False,False,False,False,False,False,False,False,False
2104,/mnt/class_data/Shelby/One_Minute_Audio/SL54_Trial_2_trim.WAV,9.0,12.0,False,False,True,False,False,False,False,False,False,False,False,False,False,False,False,False,False,False,False
2105,/mnt/class_data/Shelby/One_Minute_Audio/SL54_Trial_2_trim.WAV,12.0,15.0,False,False,True,False,False,False,False,False,False,False,False,False,False,False,False,False,False,False,False
2106,/mnt/class_data/Shelby/One_Minute_Audio/SL54_Trial_2_trim.WAV,15.0,18.0,False,False,True,False,False,False,False,False,False,False,False,False,False,False,False,False,False,False,False
2107,/mnt/class_data/Shelby/One_Minute_Audio/SL54_Trial_2_trim.WAV,18.0,21.0,True,False,False,False,False,False,False,False,False,False,False,False,False,False,False,False,False,False,False
2108,/mnt/class_data/Shelby/One_Minute_Audio/SL54_Trial_2_trim.WAV,21.0,24.0,False,False,True,False,False,False,False,False,False,False,False,False,False,False,False,False,False,False,False
2109,/mnt/class_data/Shelby/One_Minute_Audio/SL54_Trial_2_trim.WAV,24.0,27.0,False,False,True,False,False,False,False,False,False,False,False,False,False,False,False,False,False,False,False
2110,/mnt/class_data/Shelby/One_Minute_Audio/SL54_Trial_2_trim.WAV,27.0,30.0,False,False,True,False,False,False,False,False,False,False,False,False,False,False,False,False,False,False,False
2111,/mnt/class_data/Shelby/One_Minute_Audio/SL54_Trial_2_trim.WAV,30.0,33.0,False,False,True,False,False,False,False,False,False,False,False,False,False,False,False,False,False,False,False
2112,/mnt/class_data/Shelby/One_Minute_Audio/SL54_Trial_2_trim.WAV,33.0,36.0,False,False,True,False,False,False,False,False,False,False,False,False,False,False,False,False,False,False,False
2113,/mnt/class_data/Shelby/One_Minute_Audio/SL54_Trial_2_trim.WAV,36.0,39.0,True,False,True,False,False,False,False,False,False,False,False,False,False,False,False,False,False,False,False
2114,/mnt/class_data/Shelby/One_Minute_Audio/SL54_Trial_2_trim.WAV,39.0,42.0,True,False,False,False,False,False,False,False,False,False,False,False,False,False,False,False,False,False,False
2115,/mnt/class_data/Shelby/One_Minute_Audio/SL54_Trial_2_trim.WAV,42.0,45.0,True,False,True,False,False,False,False,False,False,False,False,False,False,False,False,False,False,False,False
2116,/mnt/class_data/Shelby/One_Minute_Audio/SL54_Trial_2_trim.WAV,45.0,48.0,True,False,False,False,False,False,False,False,False,False,False,False,False,False,False,False,False,False,False
2117,/mnt/class_data/Shelby/One_Minute_Audio/SL54_Trial_2_trim.WAV,48.0,51.0,True,False,False,False,False,False,False,False,False,False,False,False,False,False,False,False,False,False,False
2118,/mnt/class_data/Shelby/One_Minute_Audio/SL54_Trial_2_trim.WAV,51.0,54.0,False,False,False,False,False,False,False,False,False,False,False,False,False,False,False,False,False,False,False
2119,/mnt/class_data/Shelby/One_Minute_Audio/SL54_Trial_2_trim.WAV,54.0,57.0,True,False,False,False,False,False,False,False,False,False,False,False,False,False,False,False,False,False,False
2120,/mnt/class_data/Shelby/One_Minute_Audio/SL54_Trial_2_trim.WAV,57.0,60.0,True,False,True,False,False,False,False,False,False,False,False,False,False,False,False,False,False,False,False
2121,/mnt/class_data/Shelby/One_Minute_Audio/SL54_Trial_3_trim.WAV,0.0,3.0,False,False,True,False,False,False,False,False,False,False,False,False,False,False,False,False,False,False,False
2122,/mnt/class_data/Shelby/One_Minute_Audio/SL54_Trial_3_trim.WAV,3.0,6.0,False,False,True,False,False,False,False,False,False,False,False,False,False,False,False,False,False,False,False
2123,/mnt/class_data/Shelby/One_Minute_Audio/SL54_Trial_3_trim.WAV,6.0,9.0,False,False,True,False,False,False,False,False,False,False,False,False,False,False,False,False,False,False,False
2124,/mnt/class_data/Shelby/One_Minute_Audio/SL54_Trial_3_trim.WAV,9.0,12.0,False,False,True,False,False,False,True,False,False,False,False,False,False,False,False,False,False,False,False
2125,/mnt/class_data/Shelby/One_Minute_Audio/SL54_Trial_3_trim.WAV,12.0,15.0,False,False,True,False,False,False,False,False,False,False,False,False,False,False,False,False,False,False,False
2126,/mnt/class_data/Shelby/One_Minute_Audio/SL54_Trial_3_trim.WAV,15.0,18.0,False,False,True,False,False,False,False,False,False,False,False,False,False,False,False,False,False,False,False
2127,/mnt/class_data/Shelby/One_Minute_Audio/SL54_Trial_3_trim.WAV,18.0,21.0,False,False,True,False,False,False,False,False,False,False,False,False,False,False,False,False,False,False,False
2128,/mnt/class_data/Shelby/One_Minute_Audio/SL54_Trial_3_trim.WAV,21.0,24.0,False,False,True,False,False,False,False,False,False,False,False,False,False,False,False,False,False,False,False
2129,/mnt/class_data/Shelby/One_Minute_Audio/SL54_Trial_3_trim.WAV,24.0,27.0,False,False,True,False,False,False,True,False,False,False,False,False,False,False,False,False,False,False,False
2130,/mnt/class_data/Shelby/One_Minute_Audio/SL54_Trial_3_trim.WAV,27.0,30.0,False,False,True,False,False,False,False,False,False,False,False,False,False,False,False,False,False,False,False
2131,/mnt/class_data/Shelby/One_Minute_Audio/SL54_Trial_3_trim.WAV,30.0,33.0,False,False,True,False,False,False,False,False,False,False,False,False,False,False,False,False,False,False,False
2132,/mnt/class_data/Shelby/One_Minute_Audio/SL54_Trial_3_trim.WAV,33.0,36.0,False,False,True,False,False,False,False,False,False,False,False,False,False,False,False,False,False,False,False
2133,/mnt/class_data/Shelby/One_Minute_Audio/SL54_Trial_3_trim.WAV,36.0,39.0,True,False,True,False,False,False,False,False,False,False,False,False,False,False,False,False,False,False,False
2134,/mnt/class_data/Shelby/One_Minute_Audio/SL54_Trial_3_trim.WAV,39.0,42.0,False,False,True,False,False,False,False,False,False,False,False,False,False,False,False,False,False,False,False
2135,/mnt/class_data/Shelby/One_Minute_Audio/SL54_Trial_3_trim.WAV,42.0,45.0,False,False,True,False,False,False,False,False,False,False,False,False,False,False,False,False,False,False,False
2136,/mnt/class_data/Shelby/One_Minute_Audio/SL54_Trial_3_trim.WAV,45.0,48.0,False,False,True,False,False,False,True,False,False,False,False,False,False,False,False,False,False,False,False
2137,/mnt/class_data/Shelby/One_Minute_Audio/SL54_Trial_3_trim.WAV,48.0,51.0,False,False,True,False,False,False,False,False,False,False,False,False,False,False,False,False,False,False,False
2138,/mnt/class_data/Shelby/One_Minute_Audio/SL54_Trial_3_trim.WAV,51.0,54.0,False,False,True,False,False,False,False,False,False,False,False,False,False,False,False,False,False,False,False
2139,/mnt/class_data/Shelby/One_Minute_Audio/SL54_Trial_3_trim.WAV,54.0,57.0,False,False,True,False,False,False,True,False,False,False,False,False,False,False,False,False,False,False,False
2140,/mnt/class_data/Shelby/One_Minute_Audio/SL54_Trial_3_trim.WAV,57.0,60.0,False,False,True,False,False,False,False,False,False,False,False,False,False,False,False,False,False,False,False
2161,/mnt/class_data/Shelby/One_Minute_Audio/SL56_Trial_2_trim.WAV,0.0,3.0,False,False,True,False,False,False,False,False,False,False,False,False,False,False,False,False,False,False,False
2162,/mnt/class_data/Shelby/One_Minute_Audio/SL56_Trial_2_trim.WAV,3.0,6.0,False,False,True,False,False,False,False,False,False,False,False,False,False,False,False,False,False,False,False
2163,/mnt/class_data/Shelby/One_Minute_Audio/SL56_Trial_2_trim.WAV,6.0,9.0,False,False,False,False,False,False,False,False,False,False,False,False,False,False,False,False,False,False,False
2164,/mnt/class_data/Shelby/One_Minute_Audio/SL56_Trial_2_trim.WAV,9.0,12.0,False,False,True,False,False,False,False,False,False,False,False,False,False,False,False,False,False,False,False
2165,/mnt/class_data/Shelby/One_Minute_Audio/SL56_Trial_2_trim.WAV,12.0,15.0,False,False,True,False,False,False,False,False,False,False,False,False,False,False,False,False,False,False,False
2166,/mnt/class_data/Shelby/One_Minute_Audio/SL56_Trial_2_trim.WAV,15.0,18.0,False,False,True,False,False,False,False,False,False,False,False,False,False,False,False,False,False,False,False
2167,/mnt/class_data/Shelby/One_Minute_Audio/SL56_Trial_2_trim.WAV,18.0,21.0,False,False,False,False,False,False,False,False,False,False,False,False,False,False,False,False,False,False,False
2168,/mnt/class_data/Shelby/One_Minute_Audio/SL56_Trial_2_trim.WAV,21.0,24.0,False,False,True,False,False,False,False,False,False,False,False,False,False,False,False,False,False,False,False
2169,/mnt/class_data/Shelby/One_Minute_Audio/SL56_Trial_2_trim.WAV,24.0,27.0,True,False,False,False,False,False,False,False,False,False,False,False,False,False,False,False,False,False,False
2170,/mnt/class_data/Shelby/One_Minute_Audio/SL56_Trial_2_trim.WAV,27.0,30.0,False,False,True,False,False,False,False,False,False,False,False,False,False,False,False,False,False,False,False
2171,/mnt/class_data/Shelby/One_Minute_Audio/SL56_Trial_2_trim.WAV,30.0,33.0,False,False,False,False,False,False,False,False,False,False,False,False,False,False,False,False,False,False,False
2172,/mnt/class_data/Shelby/One_Minute_Audio/SL56_Trial_2_trim.WAV,33.0,36.0,False,False,True,False,False,False,False,False,False,False,False,False,False,False,False,False,False,False,False
2173,/mnt/class_data/Shelby/One_Minute_Audio/SL56_Trial_2_trim.WAV,36.0,39.0,False,False,True,False,False,False,False,False,False,False,False,False,False,False,False,False,False,False,False
2174,/mnt/class_data/Shelby/One_Minute_Audio/SL56_Trial_2_trim.WAV,39.0,42.0,False,False,False,False,False,False,False,False,False,False,False,False,False,False,False,False,False,False,False
2175,/mnt/class_data/Shelby/One_Minute_Audio/SL56_Trial_2_trim.WAV,42.0,45.0,False,False,True,False,False,False,False,False,False,False,False,False,False,False,False,False,False,False,False
2176,/mnt/class_data/Shelby/One_Minute_Audio/SL56_Trial_2_trim.WAV,45.0,48.0,False,False,False,False,False,False,False,False,False,False,False,False,False,False,False,False,False,False,False
2177,/mnt/class_data/Shelby/One_Minute_Audio/SL56_Trial_2_trim.WAV,48.0,51.0,False,False,True,False,False,False,False,False,False,False,False,False,False,False,False,False,False,False,False
2178,/mnt/class_data/Shelby/One_Minute_Audio/SL56_Trial_2_trim.WAV,51.0,54.0,False,False,True,False,False,False,False,False,False,False,False,False,False,False,False,False,False,False,False
2179,/mnt/class_data/Shelby/One_Minute_Audio/SL56_Trial_2_trim.WAV,54.0,57.0,False,False,False,False,False,False,False,False,False,False,False,False,False,False,False,False,False,False,False
2180,/mnt/class_data/Shelby/One_Minute_Audio/SL56_Trial_2_trim.WAV,57.0,60.0,False,False,False,False,False,False,False,False,False,False,False,False,False,False,False,False,False,False,False
2181,/mnt/class_data/Shelby/One_Minute_Audio/SL56_Trial_3_trim.WAV,0.0,3.0,False,False,True,False,False,False,False,False,False,False,False,False,False,False,False,False,False,False,False
2182,/mnt/class_data/Shelby/One_Minute_Audio/SL56_Trial_3_trim.WAV,3.0,6.0,False,False,True,False,False,False,False,False,False,False,False,False,False,False,False,False,False,False,False
2183,/mnt/class_data/Shelby/One_Minute_Audio/SL56_Trial_3_trim.WAV,6.0,9.0,False,False,True,False,False,False,False,False,False,False,False,False,False,False,False,False,False,False,False
2184,/mnt/class_data/Shelby/One_Minute_Audio/SL56_Trial_3_trim.WAV,9.0,12.0,False,False,True,False,False,False,False,False,False,False,False,False,False,False,False,False,False,False,False
2185,/mnt/class_data/Shelby/One_Minute_Audio/SL56_Trial_3_trim.WAV,12.0,15.0,False,False,True,False,False,False,False,False,False,False,False,False,False,False,False,False,False,False,False
2186,/mnt/class_data/Shelby/One_Minute_Audio/SL56_Trial_3_trim.WAV,15.0,18.0,False,False,True,False,False,False,False,False,False,False,False,False,False,False,False,False,False,False,False
2187,/mnt/class_data/Shelby/One_Minute_Audio/SL56_Trial_3_trim.WAV,18.0,21.0,True,False,False,False,False,False,False,False,False,False,False,False,False,False,False,False,False,False,False
2188,/mnt/class_data/Shelby/One_Minute_Audio/SL56_Trial_3_trim.WAV,21.0,24.0,True,False,False,False,False,False,False,False,False,False,False,False,False,False,False,False,False,False,False
2189,/mnt/class_data/Shelby/One_Minute_Audio/SL56_Trial_3_trim.WAV,24.0,27.0,False,False,False,False,False,False,False,False,False,False,False,False,False,False,False,False,False,False,False
2190,/mnt/class_data/Shelby/One_Minute_Audio/SL56_Trial_3_trim.WAV,27.0,30.0,False,False,True,False,False,False,False,False,False,False,False,False,False,False,False,False,False,False,False
2191,/mnt/class_data/Shelby/One_Minute_Audio/SL56_Trial_3_trim.WAV,30.0,33.0,False,False,True,False,False,False,False,False,False,False,False,False,False,False,False,False,False,False,False
2192,/mnt/class_data/Shelby/One_Minute_Audio/SL56_Trial_3_trim.WAV,33.0,36.0,True,False,False,False,False,False,False,False,False,False,False,False,False,False,False,False,False,False,False
2193,/mnt/class_data/Shelby/One_Minute_Audio/SL56_Trial_3_trim.WAV,36.0,39.0,True,False,False,False,False,False,False,False,False,False,False,False,False,False,False,False,False,False,False
2194,/mnt/class_data/Shelby/One_Minute_Audio/SL56_Trial_3_trim.WAV,39.0,42.0,False,False,True,False,False,False,False,False,False,False,False,False,False,False,False,False,False,False,False
2195,/mnt/class_data/Shelby/One_Minute_Audio/SL56_Trial_3_trim.WAV,42.0,45.0,True,False,True,False,False,False,False,False,False,False,False,False,False,False,False,False,False,False,False
2196,/mnt/class_data/Shelby/One_Minute_Audio/SL56_Trial_3_trim.WAV,45.0,48.0,False,False,False,False,False,False,False,False,False,False,False,False,False,False,False,False,False,False,False
2197,/mnt/class_data/Shelby/One_Minute_Audio/SL56_Trial_3_trim.WAV,48.0,51.0,True,False,False,False,False,False,False,False,False,False,False,False,False,False,False,False,False,False,False
2198,/mnt/class_data/Shelby/One_Minute_Audio/SL56_Trial_3_trim.WAV,51.0,54.0,False,False,True,False,False,False,False,False,False,False,False,False,False,False,False,False,False,False,False
2199,/mnt/class_data/Shelby/One_Minute_Audio/SL56_Trial_3_trim.WAV,54.0,57.0,False,False,True,False,False,False,False,False,False,False,False,False,False,False,False,False,False,False,False
2200,/mnt/class_data/Shelby/One_Minute_Audio/SL56_Trial_3_trim.WAV,57.0,60.0,True,False,False,False,False,False,False,False,False,False,False,False,False,False,False,False,False,False,False
