file,start_time,end_time,calltype_Cheer,calltype_A,calltype_Check,calltype_B,calltype_K,calltype_C,calltype_Chits,calltype_D,calltype_J,calltype_G,calltype_E
/mnt/class_data/Shelby/One_Minute_Audio/SL17a_Trial_1_trim.WAV,0.0,3.0,False,0,False,False,False,0,False,0,False,False,0
/mnt/class_data/Shelby/One_Minute_Audio/SL17a_Trial_1_trim.WAV,3.0,6.0,False,0,False,False,False,0,False,0,False,False,0
/mnt/class_data/Shelby/One_Minute_Audio/SL17a_Trial_1_trim.WAV,6.0,9.0,False,0,False,False,False,0,False,0,False,False,0
/mnt/class_data/Shelby/One_Minute_Audio/SL17a_Trial_1_trim.WAV,9.0,12.0,False,0,False,False,False,0,False,0,False,False,0
/mnt/class_data/Shelby/One_Minute_Audio/SL17a_Trial_1_trim.WAV,12.0,15.0,False,0,False,False,False,0,False,0,False,False,0
/mnt/class_data/Shelby/One_Minute_Audio/SL17a_Trial_1_trim.WAV,15.0,18.0,False,0,False,False,False,0,False,0,False,False,0
/mnt/class_data/Shelby/One_Minute_Audio/SL17a_Trial_1_trim.WAV,18.0,21.0,False,0,False,False,False,0,False,0,False,False,0
/mnt/class_data/Shelby/One_Minute_Audio/SL17a_Trial_1_trim.WAV,21.0,24.0,False,0,True,False,False,0,False,0,False,False,0
/mnt/class_data/Shelby/One_Minute_Audio/SL17a_Trial_1_trim.WAV,24.0,27.0,False,0,False,False,False,0,False,0,False,False,0
/mnt/class_data/Shelby/One_Minute_Audio/SL17a_Trial_1_trim.WAV,27.0,30.0,False,0,False,False,False,0,False,0,False,False,0
/mnt/class_data/Shelby/One_Minute_Audio/SL17a_Trial_1_trim.WAV,30.0,33.0,False,0,False,False,False,0,False,0,False,False,0
/mnt/class_data/Shelby/One_Minute_Audio/SL17a_Trial_1_trim.WAV,33.0,36.0,False,0,False,False,False,0,False,0,False,False,0
/mnt/class_data/Shelby/One_Minute_Audio/SL17a_Trial_1_trim.WAV,36.0,39.0,False,0,False,False,False,0,False,0,False,False,0
/mnt/class_data/Shelby/One_Minute_Audio/SL17a_Trial_1_trim.WAV,39.0,42.0,False,0,False,False,False,0,False,0,False,False,0
/mnt/class_data/Shelby/One_Minute_Audio/SL17a_Trial_1_trim.WAV,42.0,45.0,False,0,False,False,False,0,False,0,False,False,0
/mnt/class_data/Shelby/One_Minute_Audio/SL17a_Trial_1_trim.WAV,45.0,48.0,False,0,True,False,False,0,False,0,False,False,0
/mnt/class_data/Shelby/One_Minute_Audio/SL17a_Trial_1_trim.WAV,48.0,51.0,False,0,True,False,False,0,False,0,False,False,0
/mnt/class_data/Shelby/One_Minute_Audio/SL17a_Trial_1_trim.WAV,51.0,54.0,False,0,True,False,False,0,False,0,False,False,0
/mnt/class_data/Shelby/One_Minute_Audio/SL17a_Trial_1_trim.WAV,54.0,57.0,False,0,True,False,False,0,False,0,False,False,0
/mnt/class_data/Shelby/One_Minute_Audio/SL17a_Trial_1_trim.WAV,57.0,60.0,False,0,True,False,False,0,False,0,False,False,0
/mnt/class_data/Shelby/One_Minute_Audio/SL52_Trial_3_trim.WAV,0.0,3.0,False,0,False,False,False,0,False,0,False,False,0
/mnt/class_data/Shelby/One_Minute_Audio/SL52_Trial_3_trim.WAV,3.0,6.0,False,0,True,False,False,0,False,0,False,False,0
/mnt/class_data/Shelby/One_Minute_Audio/SL52_Trial_3_trim.WAV,6.0,9.0,False,0,True,False,False,0,False,0,False,False,0
/mnt/class_data/Shelby/One_Minute_Audio/SL52_Trial_3_trim.WAV,9.0,12.0,True,0,False,False,False,0,False,0,False,False,0
/mnt/class_data/Shelby/One_Minute_Audio/SL52_Trial_3_trim.WAV,12.0,15.0,True,0,False,False,False,0,False,0,False,False,0
/mnt/class_data/Shelby/One_Minute_Audio/SL52_Trial_3_trim.WAV,15.0,18.0,False,0,False,False,False,0,False,0,False,False,0
/mnt/class_data/Shelby/One_Minute_Audio/SL52_Trial_3_trim.WAV,18.0,21.0,True,0,True,False,False,0,False,0,False,False,0
/mnt/class_data/Shelby/One_Minute_Audio/SL52_Trial_3_trim.WAV,21.0,24.0,False,0,True,False,False,0,False,0,False,False,0
/mnt/class_data/Shelby/One_Minute_Audio/SL52_Trial_3_trim.WAV,24.0,27.0,False,0,False,False,False,0,False,0,False,False,0
/mnt/class_data/Shelby/One_Minute_Audio/SL52_Trial_3_trim.WAV,27.0,30.0,False,0,True,False,False,0,False,0,False,False,0
/mnt/class_data/Shelby/One_Minute_Audio/SL52_Trial_3_trim.WAV,30.0,33.0,True,0,True,False,False,0,False,0,False,False,0
/mnt/class_data/Shelby/One_Minute_Audio/SL52_Trial_3_trim.WAV,33.0,36.0,False,0,False,False,False,0,False,0,False,False,0
/mnt/class_data/Shelby/One_Minute_Audio/SL52_Trial_3_trim.WAV,36.0,39.0,False,0,True,False,False,0,False,0,False,False,0
/mnt/class_data/Shelby/One_Minute_Audio/SL52_Trial_3_trim.WAV,39.0,42.0,True,0,True,False,False,0,False,0,False,False,0
/mnt/class_data/Shelby/One_Minute_Audio/SL52_Trial_3_trim.WAV,42.0,45.0,False,0,True,False,False,0,False,0,False,False,0
/mnt/class_data/Shelby/One_Minute_Audio/SL52_Trial_3_trim.WAV,45.0,48.0,False,0,True,False,False,0,False,0,False,False,0
/mnt/class_data/Shelby/One_Minute_Audio/SL52_Trial_3_trim.WAV,48.0,51.0,False,0,True,False,False,0,False,0,False,False,0
/mnt/class_data/Shelby/One_Minute_Audio/SL52_Trial_3_trim.WAV,51.0,54.0,False,0,True,False,False,0,False,0,False,False,0
/mnt/class_data/Shelby/One_Minute_Audio/SL52_Trial_3_trim.WAV,54.0,57.0,True,0,True,False,False,0,False,0,False,False,0
/mnt/class_data/Shelby/One_Minute_Audio/SL52_Trial_3_trim.WAV,57.0,60.0,False,0,True,False,False,0,False,0,False,False,0
/mnt/class_data/Shelby/One_Minute_Audio/SL13_Trial_2_trim.WAV,0.0,3.0,False,0,False,False,False,0,False,0,False,False,0
/mnt/class_data/Shelby/One_Minute_Audio/SL13_Trial_2_trim.WAV,3.0,6.0,False,0,False,False,False,0,False,0,False,False,0
/mnt/class_data/Shelby/One_Minute_Audio/SL13_Trial_2_trim.WAV,6.0,9.0,False,0,False,False,False,0,True,0,False,False,0
/mnt/class_data/Shelby/One_Minute_Audio/SL13_Trial_2_trim.WAV,9.0,12.0,False,0,False,False,False,0,False,0,False,False,0
/mnt/class_data/Shelby/One_Minute_Audio/SL13_Trial_2_trim.WAV,12.0,15.0,False,0,False,False,False,0,False,0,False,False,1
/mnt/class_data/Shelby/One_Minute_Audio/SL13_Trial_2_trim.WAV,15.0,18.0,False,0,False,False,False,0,False,0,False,False,0
/mnt/class_data/Shelby/One_Minute_Audio/SL13_Trial_2_trim.WAV,18.0,21.0,False,0,False,False,False,0,False,0,False,False,1
/mnt/class_data/Shelby/One_Minute_Audio/SL13_Trial_2_trim.WAV,21.0,24.0,False,0,False,False,False,0,False,0,False,False,0
/mnt/class_data/Shelby/One_Minute_Audio/SL13_Trial_2_trim.WAV,24.0,27.0,False,0,False,False,False,0,False,0,False,False,0
/mnt/class_data/Shelby/One_Minute_Audio/SL13_Trial_2_trim.WAV,27.0,30.0,False,0,False,False,False,0,False,0,False,False,1
/mnt/class_data/Shelby/One_Minute_Audio/SL13_Trial_2_trim.WAV,30.0,33.0,False,0,False,False,False,0,False,0,False,False,0
/mnt/class_data/Shelby/One_Minute_Audio/SL13_Trial_2_trim.WAV,33.0,36.0,False,0,True,False,False,0,False,0,False,False,0
/mnt/class_data/Shelby/One_Minute_Audio/SL13_Trial_2_trim.WAV,36.0,39.0,False,0,False,False,False,0,False,0,False,False,0
/mnt/class_data/Shelby/One_Minute_Audio/SL13_Trial_2_trim.WAV,39.0,42.0,False,0,True,False,False,0,False,0,False,False,0
/mnt/class_data/Shelby/One_Minute_Audio/SL13_Trial_2_trim.WAV,42.0,45.0,False,0,False,False,False,0,False,0,False,False,0
/mnt/class_data/Shelby/One_Minute_Audio/SL13_Trial_2_trim.WAV,45.0,48.0,False,0,True,False,False,0,False,0,False,False,0
/mnt/class_data/Shelby/One_Minute_Audio/SL13_Trial_2_trim.WAV,48.0,51.0,False,0,True,False,False,0,False,0,False,False,0
/mnt/class_data/Shelby/One_Minute_Audio/SL13_Trial_2_trim.WAV,51.0,54.0,False,0,True,False,False,0,False,0,False,False,0
/mnt/class_data/Shelby/One_Minute_Audio/SL13_Trial_2_trim.WAV,54.0,57.0,False,0,False,False,False,0,False,0,False,False,0
/mnt/class_data/Shelby/One_Minute_Audio/SL13_Trial_2_trim.WAV,57.0,60.0,False,0,True,False,False,0,False,0,False,False,0
/mnt/class_data/Shelby/One_Minute_Audio/SL36_Trial_1_trim.WAV,0.0,3.0,True,0,True,False,False,0,False,0,False,False,0
/mnt/class_data/Shelby/One_Minute_Audio/SL36_Trial_1_trim.WAV,3.0,6.0,True,0,False,False,False,0,False,0,False,False,0
/mnt/class_data/Shelby/One_Minute_Audio/SL36_Trial_1_trim.WAV,6.0,9.0,False,0,True,False,False,0,False,0,False,False,0
/mnt/class_data/Shelby/One_Minute_Audio/SL36_Trial_1_trim.WAV,9.0,12.0,True,0,True,False,False,0,False,0,False,False,0
/mnt/class_data/Shelby/One_Minute_Audio/SL36_Trial_1_trim.WAV,12.0,15.0,False,0,False,False,False,0,False,0,False,False,0
/mnt/class_data/Shelby/One_Minute_Audio/SL36_Trial_1_trim.WAV,15.0,18.0,True,0,False,False,False,0,False,0,False,False,0
/mnt/class_data/Shelby/One_Minute_Audio/SL36_Trial_1_trim.WAV,18.0,21.0,False,0,True,False,False,0,False,0,False,False,0
/mnt/class_data/Shelby/One_Minute_Audio/SL36_Trial_1_trim.WAV,21.0,24.0,True,0,False,False,False,0,False,0,False,False,0
/mnt/class_data/Shelby/One_Minute_Audio/SL36_Trial_1_trim.WAV,24.0,27.0,False,0,True,False,False,0,False,0,False,False,0
/mnt/class_data/Shelby/One_Minute_Audio/SL36_Trial_1_trim.WAV,27.0,30.0,True,0,True,False,False,0,False,0,False,False,0
/mnt/class_data/Shelby/One_Minute_Audio/SL36_Trial_1_trim.WAV,30.0,33.0,False,0,True,False,False,0,False,0,False,False,0
/mnt/class_data/Shelby/One_Minute_Audio/SL36_Trial_1_trim.WAV,33.0,36.0,False,0,True,False,False,0,False,0,False,False,0
/mnt/class_data/Shelby/One_Minute_Audio/SL36_Trial_1_trim.WAV,36.0,39.0,True,0,False,False,False,0,False,0,False,False,0
/mnt/class_data/Shelby/One_Minute_Audio/SL36_Trial_1_trim.WAV,39.0,42.0,False,0,False,False,False,0,False,0,False,False,0
/mnt/class_data/Shelby/One_Minute_Audio/SL36_Trial_1_trim.WAV,42.0,45.0,True,0,True,False,False,0,False,0,False,False,0
/mnt/class_data/Shelby/One_Minute_Audio/SL36_Trial_1_trim.WAV,45.0,48.0,True,0,True,False,False,0,False,0,False,False,0
/mnt/class_data/Shelby/One_Minute_Audio/SL36_Trial_1_trim.WAV,48.0,51.0,True,0,True,False,False,0,False,0,False,False,0
/mnt/class_data/Shelby/One_Minute_Audio/SL36_Trial_1_trim.WAV,51.0,54.0,False,0,True,False,False,0,False,0,False,False,0
/mnt/class_data/Shelby/One_Minute_Audio/SL36_Trial_1_trim.WAV,54.0,57.0,True,0,True,False,False,0,False,0,False,False,0
/mnt/class_data/Shelby/One_Minute_Audio/SL36_Trial_1_trim.WAV,57.0,60.0,False,0,True,False,False,0,False,0,False,False,0
/mnt/class_data/Shelby/One_Minute_Audio/SL51_Trial_1_trim.WAV,0.0,3.0,True,0,False,False,False,0,False,0,False,False,0
/mnt/class_data/Shelby/One_Minute_Audio/SL51_Trial_1_trim.WAV,3.0,6.0,True,0,False,False,False,0,False,0,False,False,0
/mnt/class_data/Shelby/One_Minute_Audio/SL51_Trial_1_trim.WAV,6.0,9.0,True,0,False,False,False,0,False,0,False,False,0
/mnt/class_data/Shelby/One_Minute_Audio/SL51_Trial_1_trim.WAV,9.0,12.0,True,0,False,False,False,0,False,0,False,False,0
/mnt/class_data/Shelby/One_Minute_Audio/SL51_Trial_1_trim.WAV,12.0,15.0,True,0,True,False,False,0,False,0,False,False,0
/mnt/class_data/Shelby/One_Minute_Audio/SL51_Trial_1_trim.WAV,15.0,18.0,True,0,False,False,False,0,False,0,False,False,0
/mnt/class_data/Shelby/One_Minute_Audio/SL51_Trial_1_trim.WAV,18.0,21.0,True,0,True,False,False,0,False,0,False,False,0
/mnt/class_data/Shelby/One_Minute_Audio/SL51_Trial_1_trim.WAV,21.0,24.0,False,0,True,False,False,0,False,0,False,False,0
/mnt/class_data/Shelby/One_Minute_Audio/SL51_Trial_1_trim.WAV,24.0,27.0,False,0,True,False,False,0,False,0,False,False,0
/mnt/class_data/Shelby/One_Minute_Audio/SL51_Trial_1_trim.WAV,27.0,30.0,True,0,True,False,False,0,False,0,False,False,0
/mnt/class_data/Shelby/One_Minute_Audio/SL51_Trial_1_trim.WAV,30.0,33.0,True,0,True,False,False,0,False,0,False,False,0
/mnt/class_data/Shelby/One_Minute_Audio/SL51_Trial_1_trim.WAV,33.0,36.0,True,0,False,False,False,0,False,0,False,False,0
/mnt/class_data/Shelby/One_Minute_Audio/SL51_Trial_1_trim.WAV,36.0,39.0,True,0,False,False,False,0,False,0,False,False,0
/mnt/class_data/Shelby/One_Minute_Audio/SL51_Trial_1_trim.WAV,39.0,42.0,True,0,True,False,False,0,False,0,False,False,0
/mnt/class_data/Shelby/One_Minute_Audio/SL51_Trial_1_trim.WAV,42.0,45.0,True,0,True,False,False,0,False,0,False,False,0
/mnt/class_data/Shelby/One_Minute_Audio/SL51_Trial_1_trim.WAV,45.0,48.0,True,0,True,False,False,0,False,0,False,False,0
/mnt/class_data/Shelby/One_Minute_Audio/SL51_Trial_1_trim.WAV,48.0,51.0,True,0,True,False,False,0,False,0,False,False,0
/mnt/class_data/Shelby/One_Minute_Audio/SL51_Trial_1_trim.WAV,51.0,54.0,True,0,True,False,False,0,False,0,False,False,0
/mnt/class_data/Shelby/One_Minute_Audio/SL51_Trial_1_trim.WAV,54.0,57.0,True,0,True,False,False,0,False,0,False,False,0
/mnt/class_data/Shelby/One_Minute_Audio/SL51_Trial_1_trim.WAV,57.0,60.0,True,0,False,False,False,0,False,0,False,False,0
/mnt/class_data/Shelby/One_Minute_Audio/AZ08_Trial_3_trim.WAV,0.0,3.0,False,0,True,False,False,0,False,0,False,False,0
/mnt/class_data/Shelby/One_Minute_Audio/AZ08_Trial_3_trim.WAV,3.0,6.0,False,0,True,False,False,0,False,0,False,False,0
/mnt/class_data/Shelby/One_Minute_Audio/AZ08_Trial_3_trim.WAV,6.0,9.0,False,0,True,False,False,0,False,0,False,False,0
/mnt/class_data/Shelby/One_Minute_Audio/AZ08_Trial_3_trim.WAV,9.0,12.0,False,0,True,False,False,0,False,0,False,False,0
/mnt/class_data/Shelby/One_Minute_Audio/AZ08_Trial_3_trim.WAV,12.0,15.0,False,0,True,False,False,0,False,0,False,False,0
/mnt/class_data/Shelby/One_Minute_Audio/AZ08_Trial_3_trim.WAV,15.0,18.0,False,0,True,False,False,0,False,0,False,False,0
/mnt/class_data/Shelby/One_Minute_Audio/AZ08_Trial_3_trim.WAV,18.0,21.0,False,0,True,False,False,0,False,0,False,False,0
/mnt/class_data/Shelby/One_Minute_Audio/AZ08_Trial_3_trim.WAV,21.0,24.0,True,0,False,False,False,0,False,0,False,False,0
/mnt/class_data/Shelby/One_Minute_Audio/AZ08_Trial_3_trim.WAV,24.0,27.0,False,0,True,False,False,0,True,0,False,False,0
/mnt/class_data/Shelby/One_Minute_Audio/AZ08_Trial_3_trim.WAV,27.0,30.0,False,0,True,False,False,0,True,0,False,False,0
/mnt/class_data/Shelby/One_Minute_Audio/AZ08_Trial_3_trim.WAV,30.0,33.0,False,0,True,False,False,0,False,0,False,False,0
/mnt/class_data/Shelby/One_Minute_Audio/AZ08_Trial_3_trim.WAV,33.0,36.0,False,0,True,False,False,0,False,0,False,False,0
/mnt/class_data/Shelby/One_Minute_Audio/AZ08_Trial_3_trim.WAV,36.0,39.0,False,0,True,False,False,0,False,0,False,False,0
/mnt/class_data/Shelby/One_Minute_Audio/AZ08_Trial_3_trim.WAV,39.0,42.0,False,0,False,False,False,0,True,0,False,False,0
/mnt/class_data/Shelby/One_Minute_Audio/AZ08_Trial_3_trim.WAV,42.0,45.0,False,0,True,False,False,0,False,0,False,False,0
/mnt/class_data/Shelby/One_Minute_Audio/AZ08_Trial_3_trim.WAV,45.0,48.0,False,0,True,False,False,0,False,0,False,False,0
/mnt/class_data/Shelby/One_Minute_Audio/AZ08_Trial_3_trim.WAV,48.0,51.0,False,0,True,False,False,0,True,0,False,False,0
/mnt/class_data/Shelby/One_Minute_Audio/AZ08_Trial_3_trim.WAV,51.0,54.0,False,0,False,False,False,0,False,0,False,False,0
/mnt/class_data/Shelby/One_Minute_Audio/AZ08_Trial_3_trim.WAV,54.0,57.0,True,0,True,False,False,0,False,0,False,False,0
/mnt/class_data/Shelby/One_Minute_Audio/AZ08_Trial_3_trim.WAV,57.0,60.0,False,0,True,False,False,0,True,0,False,False,0
/mnt/class_data/Shelby/One_Minute_Audio/SL16_Trial_2_trim.WAV,0.0,3.0,False,0,False,False,False,0,False,0,False,False,0
/mnt/class_data/Shelby/One_Minute_Audio/SL16_Trial_2_trim.WAV,3.0,6.0,False,0,False,False,False,0,False,0,False,False,0
/mnt/class_data/Shelby/One_Minute_Audio/SL16_Trial_2_trim.WAV,6.0,9.0,False,0,False,False,False,0,False,0,False,False,0
/mnt/class_data/Shelby/One_Minute_Audio/SL16_Trial_2_trim.WAV,9.0,12.0,False,0,False,False,False,0,False,0,False,False,0
/mnt/class_data/Shelby/One_Minute_Audio/SL16_Trial_2_trim.WAV,12.0,15.0,False,0,False,False,False,0,False,0,False,False,1
/mnt/class_data/Shelby/One_Minute_Audio/SL16_Trial_2_trim.WAV,15.0,18.0,False,0,False,False,False,0,False,0,False,False,1
/mnt/class_data/Shelby/One_Minute_Audio/SL16_Trial_2_trim.WAV,18.0,21.0,False,0,False,False,False,0,False,0,False,False,1
/mnt/class_data/Shelby/One_Minute_Audio/SL16_Trial_2_trim.WAV,21.0,24.0,False,0,False,False,False,0,True,0,False,False,0
/mnt/class_data/Shelby/One_Minute_Audio/SL16_Trial_2_trim.WAV,24.0,27.0,False,0,False,False,False,0,True,0,False,False,0
/mnt/class_data/Shelby/One_Minute_Audio/SL16_Trial_2_trim.WAV,27.0,30.0,False,0,False,False,False,0,True,0,False,False,0
/mnt/class_data/Shelby/One_Minute_Audio/SL16_Trial_2_trim.WAV,30.0,33.0,False,0,False,False,False,0,False,0,False,False,0
/mnt/class_data/Shelby/One_Minute_Audio/SL16_Trial_2_trim.WAV,33.0,36.0,False,0,False,False,False,0,False,0,False,False,0
/mnt/class_data/Shelby/One_Minute_Audio/SL16_Trial_2_trim.WAV,36.0,39.0,False,0,True,False,False,0,False,0,False,False,0
/mnt/class_data/Shelby/One_Minute_Audio/SL16_Trial_2_trim.WAV,39.0,42.0,False,0,True,False,False,0,False,0,False,False,0
/mnt/class_data/Shelby/One_Minute_Audio/SL16_Trial_2_trim.WAV,42.0,45.0,True,0,True,False,False,0,False,0,False,False,0
/mnt/class_data/Shelby/One_Minute_Audio/SL16_Trial_2_trim.WAV,45.0,48.0,True,0,False,False,False,0,False,0,False,False,0
/mnt/class_data/Shelby/One_Minute_Audio/SL16_Trial_2_trim.WAV,48.0,51.0,True,0,False,False,False,0,False,0,False,False,0
/mnt/class_data/Shelby/One_Minute_Audio/SL16_Trial_2_trim.WAV,51.0,54.0,True,0,True,False,False,0,True,0,False,False,0
/mnt/class_data/Shelby/One_Minute_Audio/SL16_Trial_2_trim.WAV,54.0,57.0,True,0,False,False,False,0,False,0,False,False,0
/mnt/class_data/Shelby/One_Minute_Audio/SL16_Trial_2_trim.WAV,57.0,60.0,False,0,False,False,False,0,False,0,False,False,0
/mnt/class_data/Shelby/One_Minute_Audio/SL49_Trial_2_trim.WAV,0.0,3.0,False,0,False,False,False,0,False,1,False,False,0
/mnt/class_data/Shelby/One_Minute_Audio/SL49_Trial_2_trim.WAV,3.0,6.0,False,0,False,False,False,0,False,1,False,False,0
/mnt/class_data/Shelby/One_Minute_Audio/SL49_Trial_2_trim.WAV,6.0,9.0,False,0,True,False,False,0,False,0,False,False,0
/mnt/class_data/Shelby/One_Minute_Audio/SL49_Trial_2_trim.WAV,9.0,12.0,True,0,False,False,False,0,False,0,False,False,0
/mnt/class_data/Shelby/One_Minute_Audio/SL49_Trial_2_trim.WAV,12.0,15.0,False,0,False,False,False,0,False,0,False,False,0
/mnt/class_data/Shelby/One_Minute_Audio/SL49_Trial_2_trim.WAV,15.0,18.0,False,0,False,False,False,0,False,1,False,False,0
/mnt/class_data/Shelby/One_Minute_Audio/SL49_Trial_2_trim.WAV,18.0,21.0,False,0,False,False,False,0,False,0,False,False,0
/mnt/class_data/Shelby/One_Minute_Audio/SL49_Trial_2_trim.WAV,21.0,24.0,False,0,False,False,False,0,False,1,False,False,0
/mnt/class_data/Shelby/One_Minute_Audio/SL49_Trial_2_trim.WAV,24.0,27.0,False,0,False,False,False,0,False,1,False,False,0
/mnt/class_data/Shelby/One_Minute_Audio/SL49_Trial_2_trim.WAV,27.0,30.0,False,0,False,False,False,0,False,1,False,False,0
/mnt/class_data/Shelby/One_Minute_Audio/SL49_Trial_2_trim.WAV,30.0,33.0,False,0,False,False,False,0,False,1,False,False,0
/mnt/class_data/Shelby/One_Minute_Audio/SL49_Trial_2_trim.WAV,33.0,36.0,False,0,False,False,False,0,False,1,False,False,0
/mnt/class_data/Shelby/One_Minute_Audio/SL49_Trial_2_trim.WAV,36.0,39.0,False,0,True,False,False,0,False,1,False,False,0
/mnt/class_data/Shelby/One_Minute_Audio/SL49_Trial_2_trim.WAV,39.0,42.0,False,0,False,False,False,0,False,0,False,False,0
/mnt/class_data/Shelby/One_Minute_Audio/SL49_Trial_2_trim.WAV,42.0,45.0,False,0,False,False,False,0,False,1,False,False,0
/mnt/class_data/Shelby/One_Minute_Audio/SL49_Trial_2_trim.WAV,45.0,48.0,False,0,False,False,False,0,False,1,False,False,0
/mnt/class_data/Shelby/One_Minute_Audio/SL49_Trial_2_trim.WAV,48.0,51.0,False,0,False,False,False,0,False,1,False,False,0
/mnt/class_data/Shelby/One_Minute_Audio/SL49_Trial_2_trim.WAV,51.0,54.0,False,0,False,False,False,0,False,1,False,False,0
/mnt/class_data/Shelby/One_Minute_Audio/SL49_Trial_2_trim.WAV,54.0,57.0,True,0,False,False,False,0,False,1,False,False,0
/mnt/class_data/Shelby/One_Minute_Audio/SL49_Trial_2_trim.WAV,57.0,60.0,False,0,False,False,False,1,False,1,False,False,0
/mnt/class_data/Shelby/One_Minute_Audio/SL38_Trial_3_trim.WAV,0.0,3.0,True,0,True,False,False,0,False,0,False,False,0
/mnt/class_data/Shelby/One_Minute_Audio/SL38_Trial_3_trim.WAV,3.0,6.0,True,0,False,False,False,0,False,0,False,False,0
/mnt/class_data/Shelby/One_Minute_Audio/SL38_Trial_3_trim.WAV,6.0,9.0,True,0,False,False,False,0,False,0,False,False,0
/mnt/class_data/Shelby/One_Minute_Audio/SL38_Trial_3_trim.WAV,9.0,12.0,True,0,True,False,False,0,False,0,False,False,0
/mnt/class_data/Shelby/One_Minute_Audio/SL38_Trial_3_trim.WAV,12.0,15.0,True,0,True,False,False,0,False,0,False,False,0
/mnt/class_data/Shelby/One_Minute_Audio/SL38_Trial_3_trim.WAV,15.0,18.0,True,0,False,False,False,0,False,0,False,False,0
/mnt/class_data/Shelby/One_Minute_Audio/SL38_Trial_3_trim.WAV,18.0,21.0,False,0,True,False,False,0,False,0,False,False,0
/mnt/class_data/Shelby/One_Minute_Audio/SL38_Trial_3_trim.WAV,21.0,24.0,False,0,True,False,False,0,False,0,False,False,0
/mnt/class_data/Shelby/One_Minute_Audio/SL38_Trial_3_trim.WAV,24.0,27.0,True,0,False,False,False,0,False,0,False,False,0
/mnt/class_data/Shelby/One_Minute_Audio/SL38_Trial_3_trim.WAV,27.0,30.0,True,0,True,False,False,0,False,0,False,False,0
/mnt/class_data/Shelby/One_Minute_Audio/SL38_Trial_3_trim.WAV,30.0,33.0,False,0,True,False,False,0,False,0,False,False,0
/mnt/class_data/Shelby/One_Minute_Audio/SL38_Trial_3_trim.WAV,33.0,36.0,True,0,True,False,False,0,False,0,False,False,0
/mnt/class_data/Shelby/One_Minute_Audio/SL38_Trial_3_trim.WAV,36.0,39.0,True,0,True,False,False,0,False,0,False,False,0
/mnt/class_data/Shelby/One_Minute_Audio/SL38_Trial_3_trim.WAV,39.0,42.0,False,0,True,False,False,0,False,0,False,False,0
/mnt/class_data/Shelby/One_Minute_Audio/SL38_Trial_3_trim.WAV,42.0,45.0,True,0,True,False,False,0,False,0,False,False,0
/mnt/class_data/Shelby/One_Minute_Audio/SL38_Trial_3_trim.WAV,45.0,48.0,True,0,True,False,False,0,False,0,False,False,0
/mnt/class_data/Shelby/One_Minute_Audio/SL38_Trial_3_trim.WAV,48.0,51.0,True,0,True,False,False,0,False,0,False,False,0
/mnt/class_data/Shelby/One_Minute_Audio/SL38_Trial_3_trim.WAV,51.0,54.0,True,0,True,False,False,0,False,0,False,False,0
/mnt/class_data/Shelby/One_Minute_Audio/SL38_Trial_3_trim.WAV,54.0,57.0,True,0,True,False,False,0,False,0,False,False,0
/mnt/class_data/Shelby/One_Minute_Audio/SL38_Trial_3_trim.WAV,57.0,60.0,False,0,True,False,False,0,False,0,False,False,0
/mnt/class_data/Shelby/One_Minute_Audio/AZ13_Trial_2_trim.WAV,0.0,3.0,False,0,True,False,False,0,False,0,False,False,0
/mnt/class_data/Shelby/One_Minute_Audio/AZ13_Trial_2_trim.WAV,3.0,6.0,False,0,True,False,False,0,False,0,False,False,0
/mnt/class_data/Shelby/One_Minute_Audio/AZ13_Trial_2_trim.WAV,6.0,9.0,False,0,True,False,False,0,False,0,False,False,0
/mnt/class_data/Shelby/One_Minute_Audio/AZ13_Trial_2_trim.WAV,9.0,12.0,False,0,True,False,False,0,False,0,False,False,0
/mnt/class_data/Shelby/One_Minute_Audio/AZ13_Trial_2_trim.WAV,12.0,15.0,False,0,True,False,False,0,False,0,False,False,0
/mnt/class_data/Shelby/One_Minute_Audio/AZ13_Trial_2_trim.WAV,15.0,18.0,False,0,True,False,False,0,False,0,False,False,0
/mnt/class_data/Shelby/One_Minute_Audio/AZ13_Trial_2_trim.WAV,18.0,21.0,False,0,True,False,False,0,False,0,False,False,0
/mnt/class_data/Shelby/One_Minute_Audio/AZ13_Trial_2_trim.WAV,21.0,24.0,False,0,True,False,False,0,False,0,False,False,0
/mnt/class_data/Shelby/One_Minute_Audio/AZ13_Trial_2_trim.WAV,24.0,27.0,False,0,False,False,False,0,False,0,False,False,0
/mnt/class_data/Shelby/One_Minute_Audio/AZ13_Trial_2_trim.WAV,27.0,30.0,False,0,True,False,False,0,False,0,False,False,0
/mnt/class_data/Shelby/One_Minute_Audio/AZ13_Trial_2_trim.WAV,30.0,33.0,False,0,True,False,False,0,True,0,False,False,0
/mnt/class_data/Shelby/One_Minute_Audio/AZ13_Trial_2_trim.WAV,33.0,36.0,False,0,True,False,False,0,False,0,False,False,0
/mnt/class_data/Shelby/One_Minute_Audio/AZ13_Trial_2_trim.WAV,36.0,39.0,False,0,True,False,False,0,False,0,False,False,0
/mnt/class_data/Shelby/One_Minute_Audio/AZ13_Trial_2_trim.WAV,39.0,42.0,False,0,True,False,False,0,False,0,False,False,0
/mnt/class_data/Shelby/One_Minute_Audio/AZ13_Trial_2_trim.WAV,42.0,45.0,False,0,True,False,False,0,False,0,False,False,0
/mnt/class_data/Shelby/One_Minute_Audio/AZ13_Trial_2_trim.WAV,45.0,48.0,False,0,True,False,False,0,False,0,False,False,0
/mnt/class_data/Shelby/One_Minute_Audio/AZ13_Trial_2_trim.WAV,48.0,51.0,False,0,True,False,False,0,False,0,False,False,0
/mnt/class_data/Shelby/One_Minute_Audio/AZ13_Trial_2_trim.WAV,51.0,54.0,False,0,True,False,False,0,True,0,False,False,0
/mnt/class_data/Shelby/One_Minute_Audio/AZ13_Trial_2_trim.WAV,54.0,57.0,False,0,True,False,False,0,False,0,False,False,0
/mnt/class_data/Shelby/One_Minute_Audio/AZ13_Trial_2_trim.WAV,57.0,60.0,False,0,True,False,False,0,False,0,False,False,0
/mnt/class_data/Shelby/One_Minute_Audio/RC02_Trial_3_trim.WAV,0.0,3.0,False,0,False,False,False,0,False,0,False,False,0
/mnt/class_data/Shelby/One_Minute_Audio/RC02_Trial_3_trim.WAV,3.0,6.0,False,0,False,False,False,0,False,0,False,False,0
/mnt/class_data/Shelby/One_Minute_Audio/RC02_Trial_3_trim.WAV,6.0,9.0,False,0,False,False,False,0,False,0,False,False,0
/mnt/class_data/Shelby/One_Minute_Audio/RC02_Trial_3_trim.WAV,9.0,12.0,True,0,False,False,False,0,False,0,False,False,0
/mnt/class_data/Shelby/One_Minute_Audio/RC02_Trial_3_trim.WAV,12.0,15.0,False,0,False,False,False,0,False,0,False,False,0
/mnt/class_data/Shelby/One_Minute_Audio/RC02_Trial_3_trim.WAV,15.0,18.0,False,0,False,False,False,0,False,0,False,False,0
/mnt/class_data/Shelby/One_Minute_Audio/RC02_Trial_3_trim.WAV,18.0,21.0,False,0,False,False,False,0,False,0,False,False,0
/mnt/class_data/Shelby/One_Minute_Audio/RC02_Trial_3_trim.WAV,21.0,24.0,False,0,False,False,False,0,False,0,False,False,0
/mnt/class_data/Shelby/One_Minute_Audio/RC02_Trial_3_trim.WAV,24.0,27.0,False,0,False,False,False,0,False,0,False,False,0
/mnt/class_data/Shelby/One_Minute_Audio/RC02_Trial_3_trim.WAV,27.0,30.0,False,0,False,False,False,0,False,0,False,False,0
/mnt/class_data/Shelby/One_Minute_Audio/RC02_Trial_3_trim.WAV,30.0,33.0,True,0,False,False,False,0,False,0,False,False,0
/mnt/class_data/Shelby/One_Minute_Audio/RC02_Trial_3_trim.WAV,33.0,36.0,False,0,False,False,False,0,False,0,False,False,0
/mnt/class_data/Shelby/One_Minute_Audio/RC02_Trial_3_trim.WAV,36.0,39.0,False,0,False,False,False,0,False,0,False,False,0
/mnt/class_data/Shelby/One_Minute_Audio/RC02_Trial_3_trim.WAV,39.0,42.0,False,0,False,False,False,0,False,0,False,False,0
/mnt/class_data/Shelby/One_Minute_Audio/RC02_Trial_3_trim.WAV,42.0,45.0,False,0,False,False,False,0,False,0,False,False,0
/mnt/class_data/Shelby/One_Minute_Audio/RC02_Trial_3_trim.WAV,45.0,48.0,False,0,False,False,False,0,True,0,False,False,0
/mnt/class_data/Shelby/One_Minute_Audio/RC02_Trial_3_trim.WAV,48.0,51.0,True,0,False,False,False,0,True,1,False,False,0
/mnt/class_data/Shelby/One_Minute_Audio/RC02_Trial_3_trim.WAV,51.0,54.0,False,0,False,False,False,0,False,1,False,False,0
/mnt/class_data/Shelby/One_Minute_Audio/RC02_Trial_3_trim.WAV,54.0,57.0,False,0,False,False,False,0,True,0,False,False,0
/mnt/class_data/Shelby/One_Minute_Audio/RC02_Trial_3_trim.WAV,57.0,60.0,False,0,False,False,False,0,True,1,False,False,0
/mnt/class_data/Shelby/One_Minute_Audio/AZ02_Trial_2_trim.WAV,0.0,3.0,False,0,False,False,True,0,False,0,False,False,0
/mnt/class_data/Shelby/One_Minute_Audio/AZ02_Trial_2_trim.WAV,3.0,6.0,False,0,False,False,False,0,False,0,False,False,0
/mnt/class_data/Shelby/One_Minute_Audio/AZ02_Trial_2_trim.WAV,6.0,9.0,True,0,False,False,False,0,False,0,False,False,0
/mnt/class_data/Shelby/One_Minute_Audio/AZ02_Trial_2_trim.WAV,9.0,12.0,True,0,False,False,False,0,False,0,False,False,0
/mnt/class_data/Shelby/One_Minute_Audio/AZ02_Trial_2_trim.WAV,12.0,15.0,False,0,False,False,False,0,False,0,False,False,0
/mnt/class_data/Shelby/One_Minute_Audio/AZ02_Trial_2_trim.WAV,15.0,18.0,False,0,False,False,False,0,False,0,False,False,0
/mnt/class_data/Shelby/One_Minute_Audio/AZ02_Trial_2_trim.WAV,18.0,21.0,False,0,False,False,False,0,False,0,False,False,0
/mnt/class_data/Shelby/One_Minute_Audio/AZ02_Trial_2_trim.WAV,21.0,24.0,False,0,False,False,False,0,False,0,False,False,0
/mnt/class_data/Shelby/One_Minute_Audio/AZ02_Trial_2_trim.WAV,24.0,27.0,False,0,False,False,False,0,False,0,False,False,0
/mnt/class_data/Shelby/One_Minute_Audio/AZ02_Trial_2_trim.WAV,27.0,30.0,False,0,False,False,False,0,False,0,False,False,0
/mnt/class_data/Shelby/One_Minute_Audio/AZ02_Trial_2_trim.WAV,30.0,33.0,False,0,False,False,False,0,False,0,False,False,0
/mnt/class_data/Shelby/One_Minute_Audio/AZ02_Trial_2_trim.WAV,33.0,36.0,False,0,False,False,False,0,False,0,False,False,0
/mnt/class_data/Shelby/One_Minute_Audio/AZ02_Trial_2_trim.WAV,36.0,39.0,False,0,False,False,True,0,False,0,False,False,0
/mnt/class_data/Shelby/One_Minute_Audio/AZ02_Trial_2_trim.WAV,39.0,42.0,True,0,False,False,False,0,False,0,False,False,0
/mnt/class_data/Shelby/One_Minute_Audio/AZ02_Trial_2_trim.WAV,42.0,45.0,True,0,False,False,False,0,False,0,False,False,0
/mnt/class_data/Shelby/One_Minute_Audio/AZ02_Trial_2_trim.WAV,45.0,48.0,False,0,False,False,False,0,False,0,False,False,0
/mnt/class_data/Shelby/One_Minute_Audio/AZ02_Trial_2_trim.WAV,48.0,51.0,True,0,False,False,False,0,False,0,False,False,0
/mnt/class_data/Shelby/One_Minute_Audio/AZ02_Trial_2_trim.WAV,51.0,54.0,False,0,False,False,False,0,False,0,False,False,0
/mnt/class_data/Shelby/One_Minute_Audio/AZ02_Trial_2_trim.WAV,54.0,57.0,False,0,False,False,False,0,False,0,False,False,0
/mnt/class_data/Shelby/One_Minute_Audio/AZ02_Trial_2_trim.WAV,57.0,60.0,False,0,False,False,False,0,False,0,False,False,0
/mnt/class_data/Shelby/One_Minute_Audio/SL26_Trial_1_trim.WAV,0.0,3.0,False,0,False,False,False,0,False,0,False,False,0
/mnt/class_data/Shelby/One_Minute_Audio/SL26_Trial_1_trim.WAV,3.0,6.0,False,0,False,False,False,0,False,0,False,False,0
/mnt/class_data/Shelby/One_Minute_Audio/SL26_Trial_1_trim.WAV,6.0,9.0,False,0,False,False,False,0,False,0,False,False,0
/mnt/class_data/Shelby/One_Minute_Audio/SL26_Trial_1_trim.WAV,9.0,12.0,False,0,False,False,False,0,False,0,False,False,0
/mnt/class_data/Shelby/One_Minute_Audio/SL26_Trial_1_trim.WAV,12.0,15.0,False,0,False,False,False,0,False,0,False,False,0
/mnt/class_data/Shelby/One_Minute_Audio/SL26_Trial_1_trim.WAV,15.0,18.0,False,0,False,False,False,0,False,0,False,False,0
/mnt/class_data/Shelby/One_Minute_Audio/SL26_Trial_1_trim.WAV,18.0,21.0,False,0,False,False,False,0,False,0,False,False,0
/mnt/class_data/Shelby/One_Minute_Audio/SL26_Trial_1_trim.WAV,21.0,24.0,False,0,False,False,False,0,False,0,False,False,0
/mnt/class_data/Shelby/One_Minute_Audio/SL26_Trial_1_trim.WAV,24.0,27.0,False,0,False,False,False,0,False,0,False,False,0
/mnt/class_data/Shelby/One_Minute_Audio/SL26_Trial_1_trim.WAV,27.0,30.0,False,0,False,False,False,0,False,0,False,False,0
/mnt/class_data/Shelby/One_Minute_Audio/SL26_Trial_1_trim.WAV,30.0,33.0,False,0,False,False,False,0,False,0,False,False,0
/mnt/class_data/Shelby/One_Minute_Audio/SL26_Trial_1_trim.WAV,33.0,36.0,False,0,False,False,False,0,False,0,False,False,0
/mnt/class_data/Shelby/One_Minute_Audio/SL26_Trial_1_trim.WAV,36.0,39.0,False,0,False,False,False,0,False,0,False,False,0
/mnt/class_data/Shelby/One_Minute_Audio/SL26_Trial_1_trim.WAV,39.0,42.0,False,0,False,False,False,0,False,0,False,False,0
/mnt/class_data/Shelby/One_Minute_Audio/SL26_Trial_1_trim.WAV,42.0,45.0,False,0,False,False,False,0,False,0,False,False,0
/mnt/class_data/Shelby/One_Minute_Audio/SL26_Trial_1_trim.WAV,45.0,48.0,False,0,False,False,False,0,False,0,False,False,0
/mnt/class_data/Shelby/One_Minute_Audio/SL26_Trial_1_trim.WAV,48.0,51.0,False,0,False,False,False,0,False,0,False,False,0
/mnt/class_data/Shelby/One_Minute_Audio/SL26_Trial_1_trim.WAV,51.0,54.0,False,0,False,False,False,0,False,0,False,False,0
/mnt/class_data/Shelby/One_Minute_Audio/SL26_Trial_1_trim.WAV,54.0,57.0,False,0,False,False,False,0,False,0,False,False,0
/mnt/class_data/Shelby/One_Minute_Audio/SL26_Trial_1_trim.WAV,57.0,60.0,False,0,True,False,False,0,False,0,False,False,0
/mnt/class_data/Shelby/One_Minute_Audio/AZ08_Trial_1_trim.WAV,0.0,3.0,False,0,False,False,False,1,False,0,False,False,0
/mnt/class_data/Shelby/One_Minute_Audio/AZ08_Trial_1_trim.WAV,3.0,6.0,True,0,False,False,False,1,False,0,False,False,0
/mnt/class_data/Shelby/One_Minute_Audio/AZ08_Trial_1_trim.WAV,6.0,9.0,True,0,False,False,False,1,False,0,False,False,0
/mnt/class_data/Shelby/One_Minute_Audio/AZ08_Trial_1_trim.WAV,9.0,12.0,True,0,False,False,False,1,False,0,False,False,0
/mnt/class_data/Shelby/One_Minute_Audio/AZ08_Trial_1_trim.WAV,12.0,15.0,False,0,False,False,False,1,False,0,False,False,0
/mnt/class_data/Shelby/One_Minute_Audio/AZ08_Trial_1_trim.WAV,15.0,18.0,False,0,False,False,False,1,False,0,False,False,0
/mnt/class_data/Shelby/One_Minute_Audio/AZ08_Trial_1_trim.WAV,18.0,21.0,False,0,False,False,False,1,False,0,False,False,0
/mnt/class_data/Shelby/One_Minute_Audio/AZ08_Trial_1_trim.WAV,21.0,24.0,False,0,False,False,False,1,False,0,False,False,0
/mnt/class_data/Shelby/One_Minute_Audio/AZ08_Trial_1_trim.WAV,24.0,27.0,False,0,False,False,False,1,False,0,False,False,0
/mnt/class_data/Shelby/One_Minute_Audio/AZ08_Trial_1_trim.WAV,27.0,30.0,False,0,False,False,False,1,False,0,False,False,0
/mnt/class_data/Shelby/One_Minute_Audio/AZ08_Trial_1_trim.WAV,30.0,33.0,False,0,False,False,False,1,False,0,False,False,0
/mnt/class_data/Shelby/One_Minute_Audio/AZ08_Trial_1_trim.WAV,33.0,36.0,False,0,False,False,False,1,False,0,False,False,0
/mnt/class_data/Shelby/One_Minute_Audio/AZ08_Trial_1_trim.WAV,36.0,39.0,False,0,False,False,False,1,False,0,False,False,0
/mnt/class_data/Shelby/One_Minute_Audio/AZ08_Trial_1_trim.WAV,39.0,42.0,False,0,False,False,False,1,False,0,False,False,0
/mnt/class_data/Shelby/One_Minute_Audio/AZ08_Trial_1_trim.WAV,42.0,45.0,False,0,False,False,False,1,False,0,False,False,0
/mnt/class_data/Shelby/One_Minute_Audio/AZ08_Trial_1_trim.WAV,45.0,48.0,False,0,False,False,False,1,False,0,False,False,0
/mnt/class_data/Shelby/One_Minute_Audio/AZ08_Trial_1_trim.WAV,48.0,51.0,False,0,False,False,False,1,False,0,False,False,0
/mnt/class_data/Shelby/One_Minute_Audio/AZ08_Trial_1_trim.WAV,51.0,54.0,False,0,False,False,False,1,False,0,False,False,0
/mnt/class_data/Shelby/One_Minute_Audio/AZ08_Trial_1_trim.WAV,54.0,57.0,False,0,False,False,False,1,False,0,False,False,0
/mnt/class_data/Shelby/One_Minute_Audio/AZ08_Trial_1_trim.WAV,57.0,60.0,False,0,False,False,False,1,False,0,False,False,0
/mnt/class_data/Shelby/One_Minute_Audio/SL10_Trial_1_trim.WAV,0.0,3.0,True,0,False,False,False,0,True,0,False,False,0
/mnt/class_data/Shelby/One_Minute_Audio/SL10_Trial_1_trim.WAV,3.0,6.0,True,0,False,False,False,0,False,0,False,False,0
/mnt/class_data/Shelby/One_Minute_Audio/SL10_Trial_1_trim.WAV,6.0,9.0,True,0,False,False,False,0,False,0,False,False,0
/mnt/class_data/Shelby/One_Minute_Audio/SL10_Trial_1_trim.WAV,9.0,12.0,False,0,False,False,False,0,False,0,False,False,0
/mnt/class_data/Shelby/One_Minute_Audio/SL10_Trial_1_trim.WAV,12.0,15.0,True,0,False,False,False,0,False,0,False,False,0
/mnt/class_data/Shelby/One_Minute_Audio/SL10_Trial_1_trim.WAV,15.0,18.0,True,0,False,False,False,0,False,0,False,False,0
/mnt/class_data/Shelby/One_Minute_Audio/SL10_Trial_1_trim.WAV,18.0,21.0,False,0,False,False,False,0,False,0,False,False,0
/mnt/class_data/Shelby/One_Minute_Audio/SL10_Trial_1_trim.WAV,21.0,24.0,True,0,False,False,False,0,False,0,False,False,0
/mnt/class_data/Shelby/One_Minute_Audio/SL10_Trial_1_trim.WAV,24.0,27.0,True,0,False,False,False,0,False,0,False,False,0
/mnt/class_data/Shelby/One_Minute_Audio/SL10_Trial_1_trim.WAV,27.0,30.0,True,0,False,False,False,0,False,0,False,False,0
/mnt/class_data/Shelby/One_Minute_Audio/SL10_Trial_1_trim.WAV,30.0,33.0,True,0,False,False,False,0,False,0,False,False,0
/mnt/class_data/Shelby/One_Minute_Audio/SL10_Trial_1_trim.WAV,33.0,36.0,True,0,False,False,False,0,False,0,False,False,0
/mnt/class_data/Shelby/One_Minute_Audio/SL10_Trial_1_trim.WAV,36.0,39.0,True,0,False,False,False,0,False,0,False,False,0
/mnt/class_data/Shelby/One_Minute_Audio/SL10_Trial_1_trim.WAV,39.0,42.0,True,0,False,False,False,0,False,0,False,False,0
/mnt/class_data/Shelby/One_Minute_Audio/SL10_Trial_1_trim.WAV,42.0,45.0,True,0,False,False,False,0,False,0,False,False,0
/mnt/class_data/Shelby/One_Minute_Audio/SL10_Trial_1_trim.WAV,45.0,48.0,True,0,False,False,False,0,False,0,False,False,0
/mnt/class_data/Shelby/One_Minute_Audio/SL10_Trial_1_trim.WAV,48.0,51.0,True,0,False,False,False,0,False,0,False,False,0
/mnt/class_data/Shelby/One_Minute_Audio/SL10_Trial_1_trim.WAV,51.0,54.0,True,0,False,False,False,0,False,0,False,False,0
/mnt/class_data/Shelby/One_Minute_Audio/SL10_Trial_1_trim.WAV,54.0,57.0,True,0,False,False,False,0,False,0,False,False,0
/mnt/class_data/Shelby/One_Minute_Audio/SL10_Trial_1_trim.WAV,57.0,60.0,True,0,False,False,False,0,False,0,False,False,0
/mnt/class_data/Shelby/One_Minute_Audio/SL36_Trial_3_trim.WAV,0.0,3.0,True,0,False,False,False,0,False,0,False,False,0
/mnt/class_data/Shelby/One_Minute_Audio/SL36_Trial_3_trim.WAV,3.0,6.0,True,0,False,False,False,0,False,0,False,False,0
/mnt/class_data/Shelby/One_Minute_Audio/SL36_Trial_3_trim.WAV,6.0,9.0,False,0,False,False,False,0,False,0,False,False,0
/mnt/class_data/Shelby/One_Minute_Audio/SL36_Trial_3_trim.WAV,9.0,12.0,True,0,False,False,False,0,False,0,False,False,0
/mnt/class_data/Shelby/One_Minute_Audio/SL36_Trial_3_trim.WAV,12.0,15.0,False,0,False,False,False,0,False,0,False,False,0
/mnt/class_data/Shelby/One_Minute_Audio/SL36_Trial_3_trim.WAV,15.0,18.0,True,0,False,False,False,0,False,0,False,False,0
/mnt/class_data/Shelby/One_Minute_Audio/SL36_Trial_3_trim.WAV,18.0,21.0,False,0,True,False,False,0,False,0,False,False,0
/mnt/class_data/Shelby/One_Minute_Audio/SL36_Trial_3_trim.WAV,21.0,24.0,False,0,True,False,False,0,False,0,False,False,0
/mnt/class_data/Shelby/One_Minute_Audio/SL36_Trial_3_trim.WAV,24.0,27.0,False,0,True,False,False,0,False,0,False,False,0
/mnt/class_data/Shelby/One_Minute_Audio/SL36_Trial_3_trim.WAV,27.0,30.0,False,0,True,False,False,0,False,0,False,False,0
/mnt/class_data/Shelby/One_Minute_Audio/SL36_Trial_3_trim.WAV,30.0,33.0,False,0,True,False,False,0,False,0,False,False,0
/mnt/class_data/Shelby/One_Minute_Audio/SL36_Trial_3_trim.WAV,33.0,36.0,False,0,True,False,False,0,False,0,False,False,0
/mnt/class_data/Shelby/One_Minute_Audio/SL36_Trial_3_trim.WAV,36.0,39.0,False,0,True,False,False,0,False,0,False,False,0
/mnt/class_data/Shelby/One_Minute_Audio/SL36_Trial_3_trim.WAV,39.0,42.0,False,0,True,False,False,0,False,0,False,False,0
/mnt/class_data/Shelby/One_Minute_Audio/SL36_Trial_3_trim.WAV,42.0,45.0,False,0,True,False,False,0,False,0,False,False,0
/mnt/class_data/Shelby/One_Minute_Audio/SL36_Trial_3_trim.WAV,45.0,48.0,False,0,True,False,False,0,False,0,False,False,0
/mnt/class_data/Shelby/One_Minute_Audio/SL36_Trial_3_trim.WAV,48.0,51.0,False,0,True,False,False,0,False,0,False,False,0
/mnt/class_data/Shelby/One_Minute_Audio/SL36_Trial_3_trim.WAV,51.0,54.0,False,0,True,False,False,0,False,0,False,False,0
/mnt/class_data/Shelby/One_Minute_Audio/SL36_Trial_3_trim.WAV,54.0,57.0,False,0,True,False,False,0,False,0,False,False,0
/mnt/class_data/Shelby/One_Minute_Audio/SL36_Trial_3_trim.WAV,57.0,60.0,False,0,True,False,False,0,False,0,False,False,0
/mnt/class_data/Shelby/One_Minute_Audio/SL51_Trial_3_trim.WAV,0.0,3.0,False,0,True,False,False,0,False,0,False,False,0
/mnt/class_data/Shelby/One_Minute_Audio/SL51_Trial_3_trim.WAV,3.0,6.0,False,0,True,False,False,0,False,0,False,False,0
/mnt/class_data/Shelby/One_Minute_Audio/SL51_Trial_3_trim.WAV,6.0,9.0,False,0,True,False,False,0,False,0,False,False,0
/mnt/class_data/Shelby/One_Minute_Audio/SL51_Trial_3_trim.WAV,9.0,12.0,False,0,True,False,False,0,False,0,False,False,0
/mnt/class_data/Shelby/One_Minute_Audio/SL51_Trial_3_trim.WAV,12.0,15.0,False,0,True,False,False,0,False,0,False,False,0
/mnt/class_data/Shelby/One_Minute_Audio/SL51_Trial_3_trim.WAV,15.0,18.0,False,0,True,False,False,0,False,0,False,False,0
/mnt/class_data/Shelby/One_Minute_Audio/SL51_Trial_3_trim.WAV,18.0,21.0,False,0,True,False,False,0,False,0,False,False,0
/mnt/class_data/Shelby/One_Minute_Audio/SL51_Trial_3_trim.WAV,21.0,24.0,False,0,True,False,False,0,False,0,False,False,0
/mnt/class_data/Shelby/One_Minute_Audio/SL51_Trial_3_trim.WAV,24.0,27.0,False,0,False,False,False,0,False,0,False,False,0
/mnt/class_data/Shelby/One_Minute_Audio/SL51_Trial_3_trim.WAV,27.0,30.0,False,0,False,False,False,0,False,0,False,False,0
/mnt/class_data/Shelby/One_Minute_Audio/SL51_Trial_3_trim.WAV,30.0,33.0,False,0,False,False,False,0,False,0,False,False,0
/mnt/class_data/Shelby/One_Minute_Audio/SL51_Trial_3_trim.WAV,33.0,36.0,False,0,False,False,False,0,False,0,False,False,0
/mnt/class_data/Shelby/One_Minute_Audio/SL51_Trial_3_trim.WAV,36.0,39.0,False,0,False,False,False,0,False,0,False,False,0
/mnt/class_data/Shelby/One_Minute_Audio/SL51_Trial_3_trim.WAV,39.0,42.0,False,0,True,False,False,0,False,0,False,False,0
/mnt/class_data/Shelby/One_Minute_Audio/SL51_Trial_3_trim.WAV,42.0,45.0,False,0,True,False,False,0,False,0,False,False,0
/mnt/class_data/Shelby/One_Minute_Audio/SL51_Trial_3_trim.WAV,45.0,48.0,False,0,True,False,False,0,False,0,False,False,0
/mnt/class_data/Shelby/One_Minute_Audio/SL51_Trial_3_trim.WAV,48.0,51.0,False,0,True,False,False,0,False,0,False,False,0
/mnt/class_data/Shelby/One_Minute_Audio/SL51_Trial_3_trim.WAV,51.0,54.0,False,0,True,False,False,0,False,0,False,False,0
/mnt/class_data/Shelby/One_Minute_Audio/SL51_Trial_3_trim.WAV,54.0,57.0,False,0,True,False,False,0,False,0,False,False,0
/mnt/class_data/Shelby/One_Minute_Audio/SL51_Trial_3_trim.WAV,57.0,60.0,False,0,True,False,False,0,False,0,False,False,0
/mnt/class_data/Shelby/One_Minute_Audio/RC02_Trial_2_trim.WAV,0.0,3.0,False,0,False,False,False,0,True,0,False,False,0
/mnt/class_data/Shelby/One_Minute_Audio/RC02_Trial_2_trim.WAV,3.0,6.0,False,0,False,False,False,0,False,0,False,False,0
/mnt/class_data/Shelby/One_Minute_Audio/RC02_Trial_2_trim.WAV,6.0,9.0,False,0,False,False,False,0,True,0,False,False,0
/mnt/class_data/Shelby/One_Minute_Audio/RC02_Trial_2_trim.WAV,9.0,12.0,False,0,False,False,False,0,False,0,False,False,0
/mnt/class_data/Shelby/One_Minute_Audio/RC02_Trial_2_trim.WAV,12.0,15.0,False,0,False,False,False,0,False,0,False,False,0
/mnt/class_data/Shelby/One_Minute_Audio/RC02_Trial_2_trim.WAV,15.0,18.0,False,0,False,False,False,0,False,0,False,False,0
/mnt/class_data/Shelby/One_Minute_Audio/RC02_Trial_2_trim.WAV,18.0,21.0,False,0,False,False,False,0,True,0,False,False,0
/mnt/class_data/Shelby/One_Minute_Audio/RC02_Trial_2_trim.WAV,21.0,24.0,False,0,False,False,False,0,True,0,False,False,0
/mnt/class_data/Shelby/One_Minute_Audio/RC02_Trial_2_trim.WAV,24.0,27.0,False,0,False,False,False,0,True,0,False,False,0
/mnt/class_data/Shelby/One_Minute_Audio/RC02_Trial_2_trim.WAV,27.0,30.0,False,0,False,False,False,0,False,0,False,False,0
/mnt/class_data/Shelby/One_Minute_Audio/RC02_Trial_2_trim.WAV,30.0,33.0,False,0,False,False,False,0,True,0,False,False,0
/mnt/class_data/Shelby/One_Minute_Audio/RC02_Trial_2_trim.WAV,33.0,36.0,False,0,False,False,False,0,True,0,False,False,0
/mnt/class_data/Shelby/One_Minute_Audio/RC02_Trial_2_trim.WAV,36.0,39.0,False,0,False,False,False,0,True,0,False,False,0
/mnt/class_data/Shelby/One_Minute_Audio/RC02_Trial_2_trim.WAV,39.0,42.0,False,0,False,False,False,0,True,0,False,False,0
/mnt/class_data/Shelby/One_Minute_Audio/RC02_Trial_2_trim.WAV,42.0,45.0,False,0,False,False,False,0,True,0,False,False,0
/mnt/class_data/Shelby/One_Minute_Audio/RC02_Trial_2_trim.WAV,45.0,48.0,False,0,False,False,False,0,True,0,False,False,0
/mnt/class_data/Shelby/One_Minute_Audio/RC02_Trial_2_trim.WAV,48.0,51.0,False,0,False,False,False,0,True,0,False,False,0
/mnt/class_data/Shelby/One_Minute_Audio/RC02_Trial_2_trim.WAV,51.0,54.0,False,0,False,False,False,0,True,0,False,False,0
/mnt/class_data/Shelby/One_Minute_Audio/RC02_Trial_2_trim.WAV,54.0,57.0,False,0,False,False,False,0,False,0,False,False,0
/mnt/class_data/Shelby/One_Minute_Audio/RC02_Trial_2_trim.WAV,57.0,60.0,False,0,False,False,False,0,True,0,False,False,0
/mnt/class_data/Shelby/One_Minute_Audio/SL50_Trial_1_trim.WAV,0.0,3.0,False,1,False,False,False,0,False,0,False,False,0
/mnt/class_data/Shelby/One_Minute_Audio/SL50_Trial_1_trim.WAV,3.0,6.0,False,1,False,False,False,0,False,0,False,False,0
/mnt/class_data/Shelby/One_Minute_Audio/SL50_Trial_1_trim.WAV,6.0,9.0,False,1,False,False,False,0,False,0,False,False,0
/mnt/class_data/Shelby/One_Minute_Audio/SL50_Trial_1_trim.WAV,9.0,12.0,False,1,False,False,False,0,False,0,False,False,0
/mnt/class_data/Shelby/One_Minute_Audio/SL50_Trial_1_trim.WAV,12.0,15.0,True,0,False,False,False,0,False,0,False,False,0
/mnt/class_data/Shelby/One_Minute_Audio/SL50_Trial_1_trim.WAV,15.0,18.0,True,0,False,False,False,0,False,0,False,False,0
/mnt/class_data/Shelby/One_Minute_Audio/SL50_Trial_1_trim.WAV,18.0,21.0,True,0,False,False,False,0,False,0,False,False,0
/mnt/class_data/Shelby/One_Minute_Audio/SL50_Trial_1_trim.WAV,21.0,24.0,True,1,False,False,False,0,False,0,False,False,0
/mnt/class_data/Shelby/One_Minute_Audio/SL50_Trial_1_trim.WAV,24.0,27.0,False,1,True,False,False,0,False,0,False,False,0
/mnt/class_data/Shelby/One_Minute_Audio/SL50_Trial_1_trim.WAV,27.0,30.0,True,1,True,False,False,0,False,0,False,False,0
/mnt/class_data/Shelby/One_Minute_Audio/SL50_Trial_1_trim.WAV,30.0,33.0,True,0,True,False,False,0,False,0,False,False,0
/mnt/class_data/Shelby/One_Minute_Audio/SL50_Trial_1_trim.WAV,33.0,36.0,True,0,False,False,False,0,False,0,False,False,0
/mnt/class_data/Shelby/One_Minute_Audio/SL50_Trial_1_trim.WAV,36.0,39.0,True,0,True,False,False,0,False,0,False,False,0
/mnt/class_data/Shelby/One_Minute_Audio/SL50_Trial_1_trim.WAV,39.0,42.0,True,0,False,False,False,0,False,0,False,False,0
/mnt/class_data/Shelby/One_Minute_Audio/SL50_Trial_1_trim.WAV,42.0,45.0,True,0,True,False,False,0,False,0,False,False,0
/mnt/class_data/Shelby/One_Minute_Audio/SL50_Trial_1_trim.WAV,45.0,48.0,True,0,False,False,False,0,False,0,False,False,0
/mnt/class_data/Shelby/One_Minute_Audio/SL50_Trial_1_trim.WAV,48.0,51.0,True,0,False,False,False,0,False,0,False,False,0
/mnt/class_data/Shelby/One_Minute_Audio/SL50_Trial_1_trim.WAV,51.0,54.0,True,1,False,False,False,0,False,0,False,False,0
/mnt/class_data/Shelby/One_Minute_Audio/SL50_Trial_1_trim.WAV,54.0,57.0,False,1,False,False,False,0,False,0,False,False,0
/mnt/class_data/Shelby/One_Minute_Audio/SL50_Trial_1_trim.WAV,57.0,60.0,True,1,False,False,False,0,False,0,False,False,0
/mnt/class_data/Shelby/One_Minute_Audio/SL02_Trial_2_trim.WAV,0.0,3.0,True,0,True,False,False,0,False,0,False,False,0
/mnt/class_data/Shelby/One_Minute_Audio/SL02_Trial_2_trim.WAV,3.0,6.0,False,0,True,False,False,0,False,0,False,False,0
/mnt/class_data/Shelby/One_Minute_Audio/SL02_Trial_2_trim.WAV,6.0,9.0,True,0,True,False,False,0,False,0,False,False,0
/mnt/class_data/Shelby/One_Minute_Audio/SL02_Trial_2_trim.WAV,9.0,12.0,True,0,False,False,False,0,False,0,False,False,0
/mnt/class_data/Shelby/One_Minute_Audio/SL02_Trial_2_trim.WAV,12.0,15.0,False,0,True,False,False,0,False,0,False,False,0
/mnt/class_data/Shelby/One_Minute_Audio/SL02_Trial_2_trim.WAV,15.0,18.0,False,0,False,False,False,0,False,0,False,False,0
/mnt/class_data/Shelby/One_Minute_Audio/SL02_Trial_2_trim.WAV,18.0,21.0,False,0,False,False,False,0,False,0,False,False,0
/mnt/class_data/Shelby/One_Minute_Audio/SL02_Trial_2_trim.WAV,21.0,24.0,False,0,False,False,False,0,False,0,False,False,0
/mnt/class_data/Shelby/One_Minute_Audio/SL02_Trial_2_trim.WAV,24.0,27.0,True,0,False,False,False,0,False,0,False,False,0
/mnt/class_data/Shelby/One_Minute_Audio/SL02_Trial_2_trim.WAV,27.0,30.0,False,0,False,False,False,0,False,0,False,False,0
/mnt/class_data/Shelby/One_Minute_Audio/SL02_Trial_2_trim.WAV,30.0,33.0,False,0,True,False,False,0,False,0,False,False,0
/mnt/class_data/Shelby/One_Minute_Audio/SL02_Trial_2_trim.WAV,33.0,36.0,False,0,True,False,False,0,True,0,False,False,0
/mnt/class_data/Shelby/One_Minute_Audio/SL02_Trial_2_trim.WAV,36.0,39.0,False,0,True,False,False,0,False,0,False,False,0
/mnt/class_data/Shelby/One_Minute_Audio/SL02_Trial_2_trim.WAV,39.0,42.0,False,0,True,False,False,0,False,0,False,False,0
/mnt/class_data/Shelby/One_Minute_Audio/SL02_Trial_2_trim.WAV,42.0,45.0,False,0,False,False,False,0,False,0,False,False,0
/mnt/class_data/Shelby/One_Minute_Audio/SL02_Trial_2_trim.WAV,45.0,48.0,False,0,False,False,False,0,False,0,False,False,0
/mnt/class_data/Shelby/One_Minute_Audio/SL02_Trial_2_trim.WAV,48.0,51.0,False,0,True,False,False,0,True,0,False,False,0
/mnt/class_data/Shelby/One_Minute_Audio/SL02_Trial_2_trim.WAV,51.0,54.0,False,0,True,False,False,0,False,0,False,False,0
/mnt/class_data/Shelby/One_Minute_Audio/SL02_Trial_2_trim.WAV,54.0,57.0,False,0,True,False,False,0,False,0,False,False,0
/mnt/class_data/Shelby/One_Minute_Audio/SL02_Trial_2_trim.WAV,57.0,60.0,False,0,True,False,False,0,False,0,False,False,0
/mnt/class_data/Shelby/One_Minute_Audio/SL54_Trial_1_trim.WAV,0.0,3.0,False,0,True,False,False,0,False,0,False,False,0
/mnt/class_data/Shelby/One_Minute_Audio/SL54_Trial_1_trim.WAV,3.0,6.0,False,0,False,True,False,0,False,0,False,False,0
/mnt/class_data/Shelby/One_Minute_Audio/SL54_Trial_1_trim.WAV,6.0,9.0,False,0,False,True,False,0,False,0,False,False,0
/mnt/class_data/Shelby/One_Minute_Audio/SL54_Trial_1_trim.WAV,9.0,12.0,False,0,False,True,False,0,False,0,False,False,0
/mnt/class_data/Shelby/One_Minute_Audio/SL54_Trial_1_trim.WAV,12.0,15.0,False,0,False,False,False,0,False,0,False,False,0
/mnt/class_data/Shelby/One_Minute_Audio/SL54_Trial_1_trim.WAV,15.0,18.0,False,0,True,True,False,0,False,0,False,False,0
/mnt/class_data/Shelby/One_Minute_Audio/SL54_Trial_1_trim.WAV,18.0,21.0,False,0,False,False,False,0,False,0,False,False,0
/mnt/class_data/Shelby/One_Minute_Audio/SL54_Trial_1_trim.WAV,21.0,24.0,False,0,False,True,False,0,False,0,False,False,0
/mnt/class_data/Shelby/One_Minute_Audio/SL54_Trial_1_trim.WAV,24.0,27.0,False,0,False,True,False,0,False,0,False,False,0
/mnt/class_data/Shelby/One_Minute_Audio/SL54_Trial_1_trim.WAV,27.0,30.0,False,0,True,True,False,0,False,0,False,False,0
/mnt/class_data/Shelby/One_Minute_Audio/SL54_Trial_1_trim.WAV,30.0,33.0,False,0,True,True,False,0,False,0,False,False,0
/mnt/class_data/Shelby/One_Minute_Audio/SL54_Trial_1_trim.WAV,33.0,36.0,False,0,False,False,False,0,True,0,False,False,0
/mnt/class_data/Shelby/One_Minute_Audio/SL54_Trial_1_trim.WAV,36.0,39.0,False,0,False,True,False,0,True,0,False,False,0
/mnt/class_data/Shelby/One_Minute_Audio/SL54_Trial_1_trim.WAV,39.0,42.0,False,0,False,False,False,0,False,0,False,False,0
/mnt/class_data/Shelby/One_Minute_Audio/SL54_Trial_1_trim.WAV,42.0,45.0,False,0,False,True,False,0,False,0,False,False,0
/mnt/class_data/Shelby/One_Minute_Audio/SL54_Trial_1_trim.WAV,45.0,48.0,False,0,True,True,False,0,False,0,False,False,0
/mnt/class_data/Shelby/One_Minute_Audio/SL54_Trial_1_trim.WAV,48.0,51.0,False,0,True,False,False,0,False,0,False,False,0
/mnt/class_data/Shelby/One_Minute_Audio/SL54_Trial_1_trim.WAV,51.0,54.0,False,0,True,True,False,0,False,0,False,False,0
/mnt/class_data/Shelby/One_Minute_Audio/SL54_Trial_1_trim.WAV,54.0,57.0,False,0,True,True,False,0,False,0,False,False,0
/mnt/class_data/Shelby/One_Minute_Audio/SL54_Trial_1_trim.WAV,57.0,60.0,False,0,True,False,False,0,False,0,False,False,0
/mnt/class_data/Shelby/One_Minute_Audio/AZ02_Trial_3_trim.WAV,0.0,3.0,True,0,True,False,False,0,False,0,False,False,0
/mnt/class_data/Shelby/One_Minute_Audio/AZ02_Trial_3_trim.WAV,3.0,6.0,True,0,True,False,False,0,False,0,False,False,0
/mnt/class_data/Shelby/One_Minute_Audio/AZ02_Trial_3_trim.WAV,6.0,9.0,True,0,False,False,False,0,False,0,False,False,0
/mnt/class_data/Shelby/One_Minute_Audio/AZ02_Trial_3_trim.WAV,9.0,12.0,True,0,True,False,False,0,False,0,False,False,0
/mnt/class_data/Shelby/One_Minute_Audio/AZ02_Trial_3_trim.WAV,12.0,15.0,False,0,True,False,False,0,False,0,False,False,0
/mnt/class_data/Shelby/One_Minute_Audio/AZ02_Trial_3_trim.WAV,15.0,18.0,True,0,True,False,False,0,False,0,False,False,0
/mnt/class_data/Shelby/One_Minute_Audio/AZ02_Trial_3_trim.WAV,18.0,21.0,True,0,True,False,False,0,False,0,False,False,0
/mnt/class_data/Shelby/One_Minute_Audio/AZ02_Trial_3_trim.WAV,21.0,24.0,True,0,True,False,False,0,False,0,False,False,0
/mnt/class_data/Shelby/One_Minute_Audio/AZ02_Trial_3_trim.WAV,24.0,27.0,True,0,True,False,False,0,False,0,False,False,0
/mnt/class_data/Shelby/One_Minute_Audio/AZ02_Trial_3_trim.WAV,27.0,30.0,True,0,False,False,False,0,False,0,False,False,0
/mnt/class_data/Shelby/One_Minute_Audio/AZ02_Trial_3_trim.WAV,30.0,33.0,False,0,True,False,False,0,False,0,False,False,0
/mnt/class_data/Shelby/One_Minute_Audio/AZ02_Trial_3_trim.WAV,33.0,36.0,True,0,True,False,False,0,False,0,False,False,0
/mnt/class_data/Shelby/One_Minute_Audio/AZ02_Trial_3_trim.WAV,36.0,39.0,True,0,True,False,False,0,False,0,False,False,0
/mnt/class_data/Shelby/One_Minute_Audio/AZ02_Trial_3_trim.WAV,39.0,42.0,True,0,True,False,False,0,False,0,False,False,0
/mnt/class_data/Shelby/One_Minute_Audio/AZ02_Trial_3_trim.WAV,42.0,45.0,True,0,False,False,False,0,False,0,False,False,0
/mnt/class_data/Shelby/One_Minute_Audio/AZ02_Trial_3_trim.WAV,45.0,48.0,True,0,True,False,False,0,False,0,False,False,0
/mnt/class_data/Shelby/One_Minute_Audio/AZ02_Trial_3_trim.WAV,48.0,51.0,True,0,True,False,False,0,False,0,False,False,0
/mnt/class_data/Shelby/One_Minute_Audio/AZ02_Trial_3_trim.WAV,51.0,54.0,True,0,True,False,False,0,False,0,False,False,0
/mnt/class_data/Shelby/One_Minute_Audio/AZ02_Trial_3_trim.WAV,54.0,57.0,True,0,True,False,False,0,False,0,False,False,0
/mnt/class_data/Shelby/One_Minute_Audio/AZ02_Trial_3_trim.WAV,57.0,60.0,True,0,False,False,False,0,False,0,False,False,0
/mnt/class_data/Shelby/One_Minute_Audio/SL28_Trial_3_trim.WAV,0.0,3.0,False,0,True,False,False,0,False,0,False,False,0
/mnt/class_data/Shelby/One_Minute_Audio/SL28_Trial_3_trim.WAV,3.0,6.0,False,0,True,False,False,0,False,0,False,False,0
/mnt/class_data/Shelby/One_Minute_Audio/SL28_Trial_3_trim.WAV,6.0,9.0,False,0,True,False,False,0,False,0,False,False,0
/mnt/class_data/Shelby/One_Minute_Audio/SL28_Trial_3_trim.WAV,9.0,12.0,False,0,True,False,False,0,False,0,False,False,0
/mnt/class_data/Shelby/One_Minute_Audio/SL28_Trial_3_trim.WAV,12.0,15.0,False,0,True,False,False,0,False,0,False,False,0
/mnt/class_data/Shelby/One_Minute_Audio/SL28_Trial_3_trim.WAV,15.0,18.0,False,0,True,False,False,0,False,0,False,False,0
/mnt/class_data/Shelby/One_Minute_Audio/SL28_Trial_3_trim.WAV,18.0,21.0,False,0,False,False,False,0,False,0,False,False,0
/mnt/class_data/Shelby/One_Minute_Audio/SL28_Trial_3_trim.WAV,21.0,24.0,False,0,False,False,False,0,False,0,False,False,0
/mnt/class_data/Shelby/One_Minute_Audio/SL28_Trial_3_trim.WAV,24.0,27.0,True,0,False,False,False,0,False,0,False,False,0
/mnt/class_data/Shelby/One_Minute_Audio/SL28_Trial_3_trim.WAV,27.0,30.0,False,0,False,False,False,0,False,0,False,False,0
/mnt/class_data/Shelby/One_Minute_Audio/SL28_Trial_3_trim.WAV,30.0,33.0,True,0,False,False,False,0,False,0,False,False,0
/mnt/class_data/Shelby/One_Minute_Audio/SL28_Trial_3_trim.WAV,33.0,36.0,True,0,True,False,False,0,False,0,False,False,0
/mnt/class_data/Shelby/One_Minute_Audio/SL28_Trial_3_trim.WAV,36.0,39.0,False,0,False,False,False,0,False,0,False,False,0
/mnt/class_data/Shelby/One_Minute_Audio/SL28_Trial_3_trim.WAV,39.0,42.0,False,0,False,False,False,0,False,0,False,False,0
/mnt/class_data/Shelby/One_Minute_Audio/SL28_Trial_3_trim.WAV,42.0,45.0,False,0,False,False,False,0,False,0,False,False,0
/mnt/class_data/Shelby/One_Minute_Audio/SL28_Trial_3_trim.WAV,45.0,48.0,False,0,False,False,False,0,False,0,False,False,0
/mnt/class_data/Shelby/One_Minute_Audio/SL28_Trial_3_trim.WAV,48.0,51.0,False,0,False,False,False,0,False,0,False,False,0
/mnt/class_data/Shelby/One_Minute_Audio/SL28_Trial_3_trim.WAV,51.0,54.0,False,0,False,False,False,0,False,0,False,False,0
/mnt/class_data/Shelby/One_Minute_Audio/SL28_Trial_3_trim.WAV,54.0,57.0,False,0,True,False,False,0,False,0,False,False,0
/mnt/class_data/Shelby/One_Minute_Audio/SL28_Trial_3_trim.WAV,57.0,60.0,False,0,False,False,False,0,True,0,False,False,0
/mnt/class_data/Shelby/One_Minute_Audio/SL52_Trial_1_trim.WAV,0.0,3.0,False,0,False,False,False,0,False,0,False,False,0
/mnt/class_data/Shelby/One_Minute_Audio/SL52_Trial_1_trim.WAV,3.0,6.0,False,0,True,False,False,0,False,0,False,False,0
/mnt/class_data/Shelby/One_Minute_Audio/SL52_Trial_1_trim.WAV,6.0,9.0,False,0,True,False,False,0,False,0,False,False,0
/mnt/class_data/Shelby/One_Minute_Audio/SL52_Trial_1_trim.WAV,9.0,12.0,False,0,True,False,False,0,False,0,False,False,0
/mnt/class_data/Shelby/One_Minute_Audio/SL52_Trial_1_trim.WAV,12.0,15.0,False,0,True,False,False,0,False,0,False,False,0
/mnt/class_data/Shelby/One_Minute_Audio/SL52_Trial_1_trim.WAV,15.0,18.0,False,0,True,False,False,0,False,0,False,False,0
/mnt/class_data/Shelby/One_Minute_Audio/SL52_Trial_1_trim.WAV,18.0,21.0,False,0,True,False,False,0,False,0,False,False,0
/mnt/class_data/Shelby/One_Minute_Audio/SL52_Trial_1_trim.WAV,21.0,24.0,False,0,True,False,False,0,False,0,False,False,0
/mnt/class_data/Shelby/One_Minute_Audio/SL52_Trial_1_trim.WAV,24.0,27.0,False,0,True,False,False,0,False,0,False,False,0
/mnt/class_data/Shelby/One_Minute_Audio/SL52_Trial_1_trim.WAV,27.0,30.0,False,0,True,False,False,0,False,0,False,False,0
/mnt/class_data/Shelby/One_Minute_Audio/SL52_Trial_1_trim.WAV,30.0,33.0,True,0,True,False,False,0,False,0,False,False,0
/mnt/class_data/Shelby/One_Minute_Audio/SL52_Trial_1_trim.WAV,33.0,36.0,False,0,True,False,False,0,False,0,False,False,0
/mnt/class_data/Shelby/One_Minute_Audio/SL52_Trial_1_trim.WAV,36.0,39.0,False,0,True,False,False,0,False,0,False,False,0
/mnt/class_data/Shelby/One_Minute_Audio/SL52_Trial_1_trim.WAV,39.0,42.0,False,0,True,False,False,0,False,0,False,False,0
/mnt/class_data/Shelby/One_Minute_Audio/SL52_Trial_1_trim.WAV,42.0,45.0,False,0,True,False,False,0,False,0,False,False,0
/mnt/class_data/Shelby/One_Minute_Audio/SL52_Trial_1_trim.WAV,45.0,48.0,False,0,True,False,False,0,False,0,False,False,0
/mnt/class_data/Shelby/One_Minute_Audio/SL52_Trial_1_trim.WAV,48.0,51.0,False,0,True,False,False,0,False,0,False,False,0
/mnt/class_data/Shelby/One_Minute_Audio/SL52_Trial_1_trim.WAV,51.0,54.0,False,0,True,False,False,0,False,0,False,False,0
/mnt/class_data/Shelby/One_Minute_Audio/SL52_Trial_1_trim.WAV,54.0,57.0,False,0,True,False,False,0,False,0,False,False,0
/mnt/class_data/Shelby/One_Minute_Audio/SL52_Trial_1_trim.WAV,57.0,60.0,False,0,True,False,False,0,False,0,False,False,0
/mnt/class_data/Shelby/One_Minute_Audio/SL30_Trial_3_trim.WAV,0.0,3.0,False,0,True,False,False,0,False,0,False,False,0
/mnt/class_data/Shelby/One_Minute_Audio/SL30_Trial_3_trim.WAV,3.0,6.0,False,0,True,False,False,0,False,0,False,False,0
/mnt/class_data/Shelby/One_Minute_Audio/SL30_Trial_3_trim.WAV,6.0,9.0,False,0,True,False,False,0,False,0,False,False,0
/mnt/class_data/Shelby/One_Minute_Audio/SL30_Trial_3_trim.WAV,9.0,12.0,False,0,True,False,False,0,False,0,False,False,0
/mnt/class_data/Shelby/One_Minute_Audio/SL30_Trial_3_trim.WAV,12.0,15.0,False,0,True,False,False,0,False,0,False,False,0
/mnt/class_data/Shelby/One_Minute_Audio/SL30_Trial_3_trim.WAV,15.0,18.0,False,0,True,False,False,0,False,0,False,False,0
/mnt/class_data/Shelby/One_Minute_Audio/SL30_Trial_3_trim.WAV,18.0,21.0,False,0,True,False,False,0,False,0,False,False,0
/mnt/class_data/Shelby/One_Minute_Audio/SL30_Trial_3_trim.WAV,21.0,24.0,False,0,True,False,False,0,False,0,False,False,0
/mnt/class_data/Shelby/One_Minute_Audio/SL30_Trial_3_trim.WAV,24.0,27.0,False,0,True,False,False,0,False,0,False,False,0
/mnt/class_data/Shelby/One_Minute_Audio/SL30_Trial_3_trim.WAV,27.0,30.0,False,0,True,False,False,0,False,0,False,False,0
/mnt/class_data/Shelby/One_Minute_Audio/SL30_Trial_3_trim.WAV,30.0,33.0,False,0,True,False,False,0,False,0,False,False,0
/mnt/class_data/Shelby/One_Minute_Audio/SL30_Trial_3_trim.WAV,33.0,36.0,True,0,True,False,False,0,False,0,False,False,0
/mnt/class_data/Shelby/One_Minute_Audio/SL30_Trial_3_trim.WAV,36.0,39.0,True,0,True,False,False,0,False,0,False,False,0
/mnt/class_data/Shelby/One_Minute_Audio/SL30_Trial_3_trim.WAV,39.0,42.0,True,0,True,False,False,0,False,0,False,False,0
/mnt/class_data/Shelby/One_Minute_Audio/SL30_Trial_3_trim.WAV,42.0,45.0,False,0,True,False,False,0,False,0,False,False,0
/mnt/class_data/Shelby/One_Minute_Audio/SL30_Trial_3_trim.WAV,45.0,48.0,False,0,True,False,False,0,True,0,False,False,0
/mnt/class_data/Shelby/One_Minute_Audio/SL30_Trial_3_trim.WAV,48.0,51.0,True,0,True,False,False,0,False,0,False,False,0
/mnt/class_data/Shelby/One_Minute_Audio/SL30_Trial_3_trim.WAV,51.0,54.0,True,0,True,False,False,0,False,0,False,False,0
/mnt/class_data/Shelby/One_Minute_Audio/SL30_Trial_3_trim.WAV,54.0,57.0,False,0,True,False,False,0,False,0,False,False,0
/mnt/class_data/Shelby/One_Minute_Audio/SL30_Trial_3_trim.WAV,57.0,60.0,False,0,True,False,False,0,False,0,False,False,0
/mnt/class_data/Shelby/One_Minute_Audio/SL38_Trial_1_trim.WAV,0.0,3.0,True,0,False,False,False,0,False,1,False,False,0
/mnt/class_data/Shelby/One_Minute_Audio/SL38_Trial_1_trim.WAV,3.0,6.0,True,0,False,False,False,0,False,1,False,False,0
/mnt/class_data/Shelby/One_Minute_Audio/SL38_Trial_1_trim.WAV,6.0,9.0,True,0,False,False,False,0,False,0,False,False,0
/mnt/class_data/Shelby/One_Minute_Audio/SL38_Trial_1_trim.WAV,9.0,12.0,True,0,False,False,False,0,False,0,False,False,0
/mnt/class_data/Shelby/One_Minute_Audio/SL38_Trial_1_trim.WAV,12.0,15.0,False,0,False,False,False,0,False,1,False,False,0
/mnt/class_data/Shelby/One_Minute_Audio/SL38_Trial_1_trim.WAV,15.0,18.0,True,0,False,False,False,0,False,0,False,False,1
/mnt/class_data/Shelby/One_Minute_Audio/SL38_Trial_1_trim.WAV,18.0,21.0,True,0,False,False,False,0,False,0,False,False,1
/mnt/class_data/Shelby/One_Minute_Audio/SL38_Trial_1_trim.WAV,21.0,24.0,True,0,False,False,False,0,False,0,False,False,1
/mnt/class_data/Shelby/One_Minute_Audio/SL38_Trial_1_trim.WAV,24.0,27.0,True,0,False,False,False,0,False,0,False,False,1
/mnt/class_data/Shelby/One_Minute_Audio/SL38_Trial_1_trim.WAV,27.0,30.0,False,0,False,False,False,0,False,0,False,False,1
/mnt/class_data/Shelby/One_Minute_Audio/SL38_Trial_1_trim.WAV,30.0,33.0,True,0,False,False,False,0,False,0,False,False,1
/mnt/class_data/Shelby/One_Minute_Audio/SL38_Trial_1_trim.WAV,33.0,36.0,True,0,False,False,False,0,False,0,False,False,1
/mnt/class_data/Shelby/One_Minute_Audio/SL38_Trial_1_trim.WAV,36.0,39.0,True,0,False,False,False,0,False,0,False,False,1
/mnt/class_data/Shelby/One_Minute_Audio/SL38_Trial_1_trim.WAV,39.0,42.0,True,0,False,False,False,0,False,0,False,False,1
/mnt/class_data/Shelby/One_Minute_Audio/SL38_Trial_1_trim.WAV,42.0,45.0,True,0,False,False,False,0,False,0,False,False,1
/mnt/class_data/Shelby/One_Minute_Audio/SL38_Trial_1_trim.WAV,45.0,48.0,True,0,False,False,False,0,False,0,False,False,1
/mnt/class_data/Shelby/One_Minute_Audio/SL38_Trial_1_trim.WAV,48.0,51.0,False,0,False,False,False,0,False,0,False,False,1
/mnt/class_data/Shelby/One_Minute_Audio/SL38_Trial_1_trim.WAV,51.0,54.0,True,0,False,False,False,0,False,0,False,False,1
/mnt/class_data/Shelby/One_Minute_Audio/SL38_Trial_1_trim.WAV,54.0,57.0,True,0,False,False,False,0,False,0,False,False,1
/mnt/class_data/Shelby/One_Minute_Audio/SL38_Trial_1_trim.WAV,57.0,60.0,True,0,False,False,False,0,False,0,False,False,0
/mnt/class_data/Shelby/One_Minute_Audio/SL17b_Trial_2_trim.WAV,0.0,3.0,False,0,True,False,False,0,False,0,False,False,0
/mnt/class_data/Shelby/One_Minute_Audio/SL17b_Trial_2_trim.WAV,3.0,6.0,False,0,True,False,False,0,False,0,False,False,0
/mnt/class_data/Shelby/One_Minute_Audio/SL17b_Trial_2_trim.WAV,6.0,9.0,False,0,False,False,False,0,False,0,False,False,0
/mnt/class_data/Shelby/One_Minute_Audio/SL17b_Trial_2_trim.WAV,9.0,12.0,False,0,True,False,False,0,False,0,False,False,0
/mnt/class_data/Shelby/One_Minute_Audio/SL17b_Trial_2_trim.WAV,12.0,15.0,False,0,True,False,False,0,False,0,False,False,0
/mnt/class_data/Shelby/One_Minute_Audio/SL17b_Trial_2_trim.WAV,15.0,18.0,False,0,False,False,False,0,False,0,False,False,0
/mnt/class_data/Shelby/One_Minute_Audio/SL17b_Trial_2_trim.WAV,18.0,21.0,False,0,True,False,False,0,False,0,False,False,0
/mnt/class_data/Shelby/One_Minute_Audio/SL17b_Trial_2_trim.WAV,21.0,24.0,False,0,True,False,False,0,False,0,False,False,0
/mnt/class_data/Shelby/One_Minute_Audio/SL17b_Trial_2_trim.WAV,24.0,27.0,False,0,True,False,False,0,False,0,False,False,0
/mnt/class_data/Shelby/One_Minute_Audio/SL17b_Trial_2_trim.WAV,27.0,30.0,False,0,True,False,False,0,False,0,False,False,0
/mnt/class_data/Shelby/One_Minute_Audio/SL17b_Trial_2_trim.WAV,30.0,33.0,False,0,True,False,False,0,False,0,False,False,0
/mnt/class_data/Shelby/One_Minute_Audio/SL17b_Trial_2_trim.WAV,33.0,36.0,False,0,True,False,False,0,False,0,False,False,0
/mnt/class_data/Shelby/One_Minute_Audio/SL17b_Trial_2_trim.WAV,36.0,39.0,False,0,True,False,False,0,False,0,False,False,0
/mnt/class_data/Shelby/One_Minute_Audio/SL17b_Trial_2_trim.WAV,39.0,42.0,False,0,False,False,False,0,False,0,False,False,0
/mnt/class_data/Shelby/One_Minute_Audio/SL17b_Trial_2_trim.WAV,42.0,45.0,False,0,True,False,False,0,False,0,False,False,0
/mnt/class_data/Shelby/One_Minute_Audio/SL17b_Trial_2_trim.WAV,45.0,48.0,False,0,True,False,False,0,False,0,False,False,0
/mnt/class_data/Shelby/One_Minute_Audio/SL17b_Trial_2_trim.WAV,48.0,51.0,False,0,False,False,False,0,False,0,False,False,0
/mnt/class_data/Shelby/One_Minute_Audio/SL17b_Trial_2_trim.WAV,51.0,54.0,False,0,True,False,False,0,False,0,False,False,0
/mnt/class_data/Shelby/One_Minute_Audio/SL17b_Trial_2_trim.WAV,54.0,57.0,False,0,True,False,False,0,False,0,False,False,0
/mnt/class_data/Shelby/One_Minute_Audio/SL17b_Trial_2_trim.WAV,57.0,60.0,False,0,True,False,False,0,False,0,False,False,0
/mnt/class_data/Shelby/One_Minute_Audio/SL09_Trial_3_trim.WAV,0.0,3.0,True,0,False,False,False,0,False,0,False,False,1
/mnt/class_data/Shelby/One_Minute_Audio/SL09_Trial_3_trim.WAV,3.0,6.0,True,0,False,False,False,0,False,0,False,False,0
/mnt/class_data/Shelby/One_Minute_Audio/SL09_Trial_3_trim.WAV,6.0,9.0,False,0,False,False,False,0,False,0,False,False,1
/mnt/class_data/Shelby/One_Minute_Audio/SL09_Trial_3_trim.WAV,9.0,12.0,True,0,False,False,False,0,False,0,False,False,1
/mnt/class_data/Shelby/One_Minute_Audio/SL09_Trial_3_trim.WAV,12.0,15.0,False,0,False,False,False,0,False,0,False,False,1
/mnt/class_data/Shelby/One_Minute_Audio/SL09_Trial_3_trim.WAV,15.0,18.0,True,0,True,False,False,0,False,0,False,False,0
/mnt/class_data/Shelby/One_Minute_Audio/SL09_Trial_3_trim.WAV,18.0,21.0,False,0,False,False,False,0,False,0,False,False,1
/mnt/class_data/Shelby/One_Minute_Audio/SL09_Trial_3_trim.WAV,21.0,24.0,False,0,False,False,False,0,False,0,False,False,1
/mnt/class_data/Shelby/One_Minute_Audio/SL09_Trial_3_trim.WAV,24.0,27.0,False,0,False,False,False,0,False,0,False,False,1
/mnt/class_data/Shelby/One_Minute_Audio/SL09_Trial_3_trim.WAV,27.0,30.0,True,0,False,False,False,0,False,0,False,False,0
/mnt/class_data/Shelby/One_Minute_Audio/SL09_Trial_3_trim.WAV,30.0,33.0,False,0,False,False,False,0,False,0,False,False,1
/mnt/class_data/Shelby/One_Minute_Audio/SL09_Trial_3_trim.WAV,33.0,36.0,False,0,False,False,False,0,False,0,False,False,1
/mnt/class_data/Shelby/One_Minute_Audio/SL09_Trial_3_trim.WAV,36.0,39.0,False,0,False,False,False,0,False,0,False,False,1
/mnt/class_data/Shelby/One_Minute_Audio/SL09_Trial_3_trim.WAV,39.0,42.0,True,0,False,False,False,0,False,0,False,False,0
/mnt/class_data/Shelby/One_Minute_Audio/SL09_Trial_3_trim.WAV,42.0,45.0,False,0,True,False,False,0,False,0,False,False,1
/mnt/class_data/Shelby/One_Minute_Audio/SL09_Trial_3_trim.WAV,45.0,48.0,False,0,True,False,False,0,False,0,False,False,1
/mnt/class_data/Shelby/One_Minute_Audio/SL09_Trial_3_trim.WAV,48.0,51.0,False,0,False,False,False,0,False,0,False,False,1
/mnt/class_data/Shelby/One_Minute_Audio/SL09_Trial_3_trim.WAV,51.0,54.0,False,0,False,False,False,0,False,0,False,False,1
/mnt/class_data/Shelby/One_Minute_Audio/SL09_Trial_3_trim.WAV,54.0,57.0,True,0,False,False,False,0,False,0,False,False,0
/mnt/class_data/Shelby/One_Minute_Audio/SL09_Trial_3_trim.WAV,57.0,60.0,False,0,False,False,False,0,False,0,False,False,1
/mnt/class_data/Shelby/One_Minute_Audio/SL42_Trial_2_trim.WAV,0.0,3.0,True,0,True,False,False,0,True,0,False,False,0
/mnt/class_data/Shelby/One_Minute_Audio/SL42_Trial_2_trim.WAV,3.0,6.0,True,0,True,False,False,0,False,0,False,False,0
/mnt/class_data/Shelby/One_Minute_Audio/SL42_Trial_2_trim.WAV,6.0,9.0,True,0,False,False,False,0,False,0,False,False,0
/mnt/class_data/Shelby/One_Minute_Audio/SL42_Trial_2_trim.WAV,9.0,12.0,True,0,False,False,False,0,True,0,False,False,0
/mnt/class_data/Shelby/One_Minute_Audio/SL42_Trial_2_trim.WAV,12.0,15.0,False,0,True,False,False,0,False,0,False,False,0
/mnt/class_data/Shelby/One_Minute_Audio/SL42_Trial_2_trim.WAV,15.0,18.0,True,0,False,False,False,0,True,0,False,False,0
/mnt/class_data/Shelby/One_Minute_Audio/SL42_Trial_2_trim.WAV,18.0,21.0,False,0,False,False,False,0,False,0,False,False,0
/mnt/class_data/Shelby/One_Minute_Audio/SL42_Trial_2_trim.WAV,21.0,24.0,False,0,False,False,False,0,False,0,False,False,0
/mnt/class_data/Shelby/One_Minute_Audio/SL42_Trial_2_trim.WAV,24.0,27.0,False,0,True,False,False,0,False,1,False,False,0
/mnt/class_data/Shelby/One_Minute_Audio/SL42_Trial_2_trim.WAV,27.0,30.0,False,0,False,False,False,0,False,1,False,False,0
/mnt/class_data/Shelby/One_Minute_Audio/SL42_Trial_2_trim.WAV,30.0,33.0,False,0,True,False,False,0,True,0,False,False,0
/mnt/class_data/Shelby/One_Minute_Audio/SL42_Trial_2_trim.WAV,33.0,36.0,False,0,False,False,False,0,False,0,False,False,0
/mnt/class_data/Shelby/One_Minute_Audio/SL42_Trial_2_trim.WAV,36.0,39.0,False,0,False,False,False,0,False,0,False,False,0
/mnt/class_data/Shelby/One_Minute_Audio/SL42_Trial_2_trim.WAV,39.0,42.0,False,0,True,False,False,0,False,0,False,False,0
/mnt/class_data/Shelby/One_Minute_Audio/SL42_Trial_2_trim.WAV,42.0,45.0,False,0,True,False,False,0,False,0,False,False,0
/mnt/class_data/Shelby/One_Minute_Audio/SL42_Trial_2_trim.WAV,45.0,48.0,False,0,True,False,False,0,False,0,False,False,1
/mnt/class_data/Shelby/One_Minute_Audio/SL42_Trial_2_trim.WAV,48.0,51.0,False,0,False,False,False,0,False,0,False,False,0
/mnt/class_data/Shelby/One_Minute_Audio/SL42_Trial_2_trim.WAV,51.0,54.0,False,0,True,False,False,0,False,0,False,False,0
/mnt/class_data/Shelby/One_Minute_Audio/SL42_Trial_2_trim.WAV,54.0,57.0,False,0,False,False,False,0,False,0,False,False,0
/mnt/class_data/Shelby/One_Minute_Audio/SL42_Trial_2_trim.WAV,57.0,60.0,False,0,False,False,False,0,True,0,False,False,1
/mnt/class_data/Shelby/One_Minute_Audio/SL10_Trial_3_trim.WAV,0.0,3.0,True,0,False,False,False,0,False,0,False,False,0
/mnt/class_data/Shelby/One_Minute_Audio/SL10_Trial_3_trim.WAV,3.0,6.0,True,0,False,False,False,0,False,0,False,False,0
/mnt/class_data/Shelby/One_Minute_Audio/SL10_Trial_3_trim.WAV,6.0,9.0,True,0,False,False,False,0,False,0,False,False,0
/mnt/class_data/Shelby/One_Minute_Audio/SL10_Trial_3_trim.WAV,9.0,12.0,True,0,False,False,False,0,False,0,False,False,0
/mnt/class_data/Shelby/One_Minute_Audio/SL10_Trial_3_trim.WAV,12.0,15.0,True,0,False,False,False,0,False,0,False,False,0
/mnt/class_data/Shelby/One_Minute_Audio/SL10_Trial_3_trim.WAV,15.0,18.0,True,0,False,False,False,0,False,0,False,False,0
/mnt/class_data/Shelby/One_Minute_Audio/SL10_Trial_3_trim.WAV,18.0,21.0,True,0,False,False,False,0,False,0,False,False,0
/mnt/class_data/Shelby/One_Minute_Audio/SL10_Trial_3_trim.WAV,21.0,24.0,True,0,False,False,False,0,False,0,False,False,0
/mnt/class_data/Shelby/One_Minute_Audio/SL10_Trial_3_trim.WAV,24.0,27.0,True,0,False,False,False,0,False,0,False,False,0
/mnt/class_data/Shelby/One_Minute_Audio/SL10_Trial_3_trim.WAV,27.0,30.0,True,0,False,False,False,0,False,0,False,False,0
/mnt/class_data/Shelby/One_Minute_Audio/SL10_Trial_3_trim.WAV,30.0,33.0,True,0,False,False,False,0,False,0,False,False,0
/mnt/class_data/Shelby/One_Minute_Audio/SL10_Trial_3_trim.WAV,33.0,36.0,True,0,False,False,False,0,False,0,False,False,0
/mnt/class_data/Shelby/One_Minute_Audio/SL10_Trial_3_trim.WAV,36.0,39.0,True,0,False,False,False,0,False,0,False,False,0
/mnt/class_data/Shelby/One_Minute_Audio/SL10_Trial_3_trim.WAV,39.0,42.0,True,0,False,False,False,0,False,0,False,False,0
/mnt/class_data/Shelby/One_Minute_Audio/SL10_Trial_3_trim.WAV,42.0,45.0,True,0,False,False,False,0,False,0,False,False,0
/mnt/class_data/Shelby/One_Minute_Audio/SL10_Trial_3_trim.WAV,45.0,48.0,True,0,False,False,False,0,False,0,False,False,0
/mnt/class_data/Shelby/One_Minute_Audio/SL10_Trial_3_trim.WAV,48.0,51.0,True,0,False,False,False,0,False,0,False,False,0
/mnt/class_data/Shelby/One_Minute_Audio/SL10_Trial_3_trim.WAV,51.0,54.0,True,0,False,False,False,0,False,0,False,False,0
/mnt/class_data/Shelby/One_Minute_Audio/SL10_Trial_3_trim.WAV,54.0,57.0,False,0,False,False,False,0,False,0,False,False,0
/mnt/class_data/Shelby/One_Minute_Audio/SL10_Trial_3_trim.WAV,57.0,60.0,True,0,False,False,False,0,False,0,False,False,0
/mnt/class_data/Shelby/One_Minute_Audio/EF01_Trial_2_trim.WAV,0.0,3.0,False,0,False,False,False,0,False,0,False,False,0
/mnt/class_data/Shelby/One_Minute_Audio/EF01_Trial_2_trim.WAV,3.0,6.0,False,0,False,False,False,0,False,0,False,False,0
/mnt/class_data/Shelby/One_Minute_Audio/EF01_Trial_2_trim.WAV,6.0,9.0,False,0,True,False,False,0,False,0,False,False,0
/mnt/class_data/Shelby/One_Minute_Audio/EF01_Trial_2_trim.WAV,9.0,12.0,False,0,True,False,False,0,False,0,False,False,0
/mnt/class_data/Shelby/One_Minute_Audio/EF01_Trial_2_trim.WAV,12.0,15.0,False,0,True,False,False,0,False,0,False,False,0
/mnt/class_data/Shelby/One_Minute_Audio/EF01_Trial_2_trim.WAV,15.0,18.0,False,0,True,False,False,0,False,0,False,False,0
/mnt/class_data/Shelby/One_Minute_Audio/EF01_Trial_2_trim.WAV,18.0,21.0,False,0,True,False,False,0,False,0,False,False,0
/mnt/class_data/Shelby/One_Minute_Audio/EF01_Trial_2_trim.WAV,21.0,24.0,False,0,True,False,False,0,False,0,False,False,0
/mnt/class_data/Shelby/One_Minute_Audio/EF01_Trial_2_trim.WAV,24.0,27.0,False,0,True,False,False,0,False,0,False,False,0
/mnt/class_data/Shelby/One_Minute_Audio/EF01_Trial_2_trim.WAV,27.0,30.0,False,0,True,False,False,0,False,0,False,False,0
/mnt/class_data/Shelby/One_Minute_Audio/EF01_Trial_2_trim.WAV,30.0,33.0,False,0,True,False,False,0,False,0,False,False,0
/mnt/class_data/Shelby/One_Minute_Audio/EF01_Trial_2_trim.WAV,33.0,36.0,False,0,True,False,False,0,False,0,False,False,0
/mnt/class_data/Shelby/One_Minute_Audio/EF01_Trial_2_trim.WAV,36.0,39.0,False,0,False,False,False,0,False,0,False,False,0
/mnt/class_data/Shelby/One_Minute_Audio/EF01_Trial_2_trim.WAV,39.0,42.0,False,0,True,False,False,0,True,0,False,False,0
/mnt/class_data/Shelby/One_Minute_Audio/EF01_Trial_2_trim.WAV,42.0,45.0,False,0,False,False,False,0,True,0,False,False,0
/mnt/class_data/Shelby/One_Minute_Audio/EF01_Trial_2_trim.WAV,45.0,48.0,False,0,False,False,False,0,False,0,False,False,0
/mnt/class_data/Shelby/One_Minute_Audio/EF01_Trial_2_trim.WAV,48.0,51.0,False,0,False,False,False,0,False,0,False,False,0
/mnt/class_data/Shelby/One_Minute_Audio/EF01_Trial_2_trim.WAV,51.0,54.0,False,0,False,False,False,0,False,0,False,False,0
/mnt/class_data/Shelby/One_Minute_Audio/EF01_Trial_2_trim.WAV,54.0,57.0,False,0,False,False,False,0,False,0,False,False,0
/mnt/class_data/Shelby/One_Minute_Audio/EF01_Trial_2_trim.WAV,57.0,60.0,False,0,False,False,False,0,False,0,False,False,0
/mnt/class_data/Shelby/One_Minute_Audio/SL02_Trial_3_trim.WAV,0.0,3.0,False,0,True,False,False,0,False,0,False,False,0
/mnt/class_data/Shelby/One_Minute_Audio/SL02_Trial_3_trim.WAV,3.0,6.0,False,0,True,False,False,0,False,1,False,False,0
/mnt/class_data/Shelby/One_Minute_Audio/SL02_Trial_3_trim.WAV,6.0,9.0,False,0,True,False,False,0,False,0,False,False,0
/mnt/class_data/Shelby/One_Minute_Audio/SL02_Trial_3_trim.WAV,9.0,12.0,False,0,True,False,False,0,False,0,False,False,0
/mnt/class_data/Shelby/One_Minute_Audio/SL02_Trial_3_trim.WAV,12.0,15.0,False,0,True,False,False,0,False,0,False,False,0
/mnt/class_data/Shelby/One_Minute_Audio/SL02_Trial_3_trim.WAV,15.0,18.0,False,0,False,False,False,0,False,1,False,False,0
/mnt/class_data/Shelby/One_Minute_Audio/SL02_Trial_3_trim.WAV,18.0,21.0,False,0,True,False,False,0,False,1,False,False,0
/mnt/class_data/Shelby/One_Minute_Audio/SL02_Trial_3_trim.WAV,21.0,24.0,False,0,False,False,False,0,False,0,False,False,0
/mnt/class_data/Shelby/One_Minute_Audio/SL02_Trial_3_trim.WAV,24.0,27.0,False,0,True,False,False,0,False,1,False,False,0
/mnt/class_data/Shelby/One_Minute_Audio/SL02_Trial_3_trim.WAV,27.0,30.0,False,0,True,False,False,0,False,0,False,False,0
/mnt/class_data/Shelby/One_Minute_Audio/SL02_Trial_3_trim.WAV,30.0,33.0,False,0,True,False,False,0,False,1,False,False,0
/mnt/class_data/Shelby/One_Minute_Audio/SL02_Trial_3_trim.WAV,33.0,36.0,False,0,False,False,False,0,False,0,False,False,0
/mnt/class_data/Shelby/One_Minute_Audio/SL02_Trial_3_trim.WAV,36.0,39.0,False,0,True,False,False,0,False,1,False,False,0
/mnt/class_data/Shelby/One_Minute_Audio/SL02_Trial_3_trim.WAV,39.0,42.0,False,0,True,False,False,0,False,1,False,False,0
/mnt/class_data/Shelby/One_Minute_Audio/SL02_Trial_3_trim.WAV,42.0,45.0,False,0,True,False,False,0,False,0,False,False,0
/mnt/class_data/Shelby/One_Minute_Audio/SL02_Trial_3_trim.WAV,45.0,48.0,False,0,True,False,False,0,False,0,False,False,0
/mnt/class_data/Shelby/One_Minute_Audio/SL02_Trial_3_trim.WAV,48.0,51.0,False,0,False,False,False,0,False,1,False,False,0
/mnt/class_data/Shelby/One_Minute_Audio/SL02_Trial_3_trim.WAV,51.0,54.0,False,0,True,False,False,0,False,1,False,False,0
/mnt/class_data/Shelby/One_Minute_Audio/SL02_Trial_3_trim.WAV,54.0,57.0,False,0,True,False,False,0,False,0,False,False,0
/mnt/class_data/Shelby/One_Minute_Audio/SL02_Trial_3_trim.WAV,57.0,60.0,False,0,True,False,False,0,False,1,False,False,0
/mnt/class_data/Shelby/One_Minute_Audio/SL36_Trial_2_trim.WAV,0.0,3.0,False,0,False,False,False,0,False,0,False,False,0
/mnt/class_data/Shelby/One_Minute_Audio/SL36_Trial_2_trim.WAV,3.0,6.0,True,0,False,False,False,0,False,0,False,False,0
/mnt/class_data/Shelby/One_Minute_Audio/SL36_Trial_2_trim.WAV,6.0,9.0,True,0,False,False,False,0,False,0,False,False,0
/mnt/class_data/Shelby/One_Minute_Audio/SL36_Trial_2_trim.WAV,9.0,12.0,False,0,False,False,False,1,False,0,False,False,0
/mnt/class_data/Shelby/One_Minute_Audio/SL36_Trial_2_trim.WAV,12.0,15.0,False,0,False,False,False,1,False,0,False,False,0
/mnt/class_data/Shelby/One_Minute_Audio/SL36_Trial_2_trim.WAV,15.0,18.0,False,0,False,False,False,1,False,0,False,False,0
/mnt/class_data/Shelby/One_Minute_Audio/SL36_Trial_2_trim.WAV,18.0,21.0,False,0,False,False,False,1,False,0,False,False,0
/mnt/class_data/Shelby/One_Minute_Audio/SL36_Trial_2_trim.WAV,21.0,24.0,False,0,False,False,False,1,False,0,False,False,0
/mnt/class_data/Shelby/One_Minute_Audio/SL36_Trial_2_trim.WAV,24.0,27.0,False,0,False,False,False,1,False,0,False,False,0
/mnt/class_data/Shelby/One_Minute_Audio/SL36_Trial_2_trim.WAV,27.0,30.0,False,0,False,False,False,1,False,0,False,False,0
/mnt/class_data/Shelby/One_Minute_Audio/SL36_Trial_2_trim.WAV,30.0,33.0,False,0,False,False,False,1,False,0,False,False,0
/mnt/class_data/Shelby/One_Minute_Audio/SL36_Trial_2_trim.WAV,33.0,36.0,False,0,False,False,False,0,False,0,False,False,0
/mnt/class_data/Shelby/One_Minute_Audio/SL36_Trial_2_trim.WAV,36.0,39.0,False,0,False,False,False,0,False,0,False,False,0
/mnt/class_data/Shelby/One_Minute_Audio/SL36_Trial_2_trim.WAV,39.0,42.0,False,0,False,False,False,0,False,0,False,False,0
/mnt/class_data/Shelby/One_Minute_Audio/SL36_Trial_2_trim.WAV,42.0,45.0,False,0,False,False,False,0,False,0,False,False,0
/mnt/class_data/Shelby/One_Minute_Audio/SL36_Trial_2_trim.WAV,45.0,48.0,False,0,False,False,False,0,False,0,False,False,0
/mnt/class_data/Shelby/One_Minute_Audio/SL36_Trial_2_trim.WAV,48.0,51.0,False,0,False,False,False,0,False,0,False,False,0
/mnt/class_data/Shelby/One_Minute_Audio/SL36_Trial_2_trim.WAV,51.0,54.0,False,0,False,False,False,0,False,0,False,False,0
/mnt/class_data/Shelby/One_Minute_Audio/SL36_Trial_2_trim.WAV,54.0,57.0,False,0,False,False,False,1,False,0,False,False,0
/mnt/class_data/Shelby/One_Minute_Audio/SL36_Trial_2_trim.WAV,57.0,60.0,False,0,False,False,False,1,False,0,False,False,0
/mnt/class_data/Shelby/One_Minute_Audio/SL22_Trial_2_trim.WAV,0.0,3.0,True,0,True,False,False,0,False,0,False,False,0
/mnt/class_data/Shelby/One_Minute_Audio/SL22_Trial_2_trim.WAV,3.0,6.0,True,0,True,False,False,0,False,0,False,False,0
/mnt/class_data/Shelby/One_Minute_Audio/SL22_Trial_2_trim.WAV,6.0,9.0,True,0,True,False,False,0,False,0,False,False,0
/mnt/class_data/Shelby/One_Minute_Audio/SL22_Trial_2_trim.WAV,9.0,12.0,False,0,True,False,False,0,False,0,False,False,0
/mnt/class_data/Shelby/One_Minute_Audio/SL22_Trial_2_trim.WAV,12.0,15.0,True,0,True,False,False,0,False,0,False,False,0
/mnt/class_data/Shelby/One_Minute_Audio/SL22_Trial_2_trim.WAV,15.0,18.0,False,0,True,False,False,0,False,0,False,False,0
/mnt/class_data/Shelby/One_Minute_Audio/SL22_Trial_2_trim.WAV,18.0,21.0,False,0,True,False,False,0,False,0,False,False,0
/mnt/class_data/Shelby/One_Minute_Audio/SL22_Trial_2_trim.WAV,21.0,24.0,True,0,True,False,False,0,False,0,False,False,0
/mnt/class_data/Shelby/One_Minute_Audio/SL22_Trial_2_trim.WAV,24.0,27.0,True,0,True,False,False,0,False,0,False,False,0
/mnt/class_data/Shelby/One_Minute_Audio/SL22_Trial_2_trim.WAV,27.0,30.0,False,0,True,False,False,0,False,0,False,False,0
/mnt/class_data/Shelby/One_Minute_Audio/SL22_Trial_2_trim.WAV,30.0,33.0,False,0,True,False,False,0,False,0,False,False,0
/mnt/class_data/Shelby/One_Minute_Audio/SL22_Trial_2_trim.WAV,33.0,36.0,True,0,True,False,False,0,False,0,False,False,0
/mnt/class_data/Shelby/One_Minute_Audio/SL22_Trial_2_trim.WAV,36.0,39.0,False,0,True,False,False,0,False,0,False,False,0
/mnt/class_data/Shelby/One_Minute_Audio/SL22_Trial_2_trim.WAV,39.0,42.0,True,0,True,False,False,0,False,0,False,False,0
/mnt/class_data/Shelby/One_Minute_Audio/SL22_Trial_2_trim.WAV,42.0,45.0,True,0,True,False,False,0,False,0,False,False,0
/mnt/class_data/Shelby/One_Minute_Audio/SL22_Trial_2_trim.WAV,45.0,48.0,False,0,True,False,False,0,False,0,False,False,0
/mnt/class_data/Shelby/One_Minute_Audio/SL22_Trial_2_trim.WAV,48.0,51.0,True,0,False,False,False,0,False,0,False,False,0
/mnt/class_data/Shelby/One_Minute_Audio/SL22_Trial_2_trim.WAV,51.0,54.0,False,0,True,False,False,0,False,0,False,False,0
/mnt/class_data/Shelby/One_Minute_Audio/SL22_Trial_2_trim.WAV,54.0,57.0,False,0,True,False,False,0,False,0,False,False,0
/mnt/class_data/Shelby/One_Minute_Audio/SL22_Trial_2_trim.WAV,57.0,60.0,False,0,True,False,False,0,False,0,False,False,0
/mnt/class_data/Shelby/One_Minute_Audio/SL30_Trial_1_trim.WAV,0.0,3.0,False,0,True,False,False,0,False,0,False,True,0
/mnt/class_data/Shelby/One_Minute_Audio/SL30_Trial_1_trim.WAV,3.0,6.0,False,0,False,False,False,0,False,0,False,False,0
/mnt/class_data/Shelby/One_Minute_Audio/SL30_Trial_1_trim.WAV,6.0,9.0,False,0,True,False,False,0,False,0,False,False,0
/mnt/class_data/Shelby/One_Minute_Audio/SL30_Trial_1_trim.WAV,9.0,12.0,True,0,False,False,False,0,False,0,False,False,0
/mnt/class_data/Shelby/One_Minute_Audio/SL30_Trial_1_trim.WAV,12.0,15.0,False,0,True,False,False,0,False,0,False,False,0
/mnt/class_data/Shelby/One_Minute_Audio/SL30_Trial_1_trim.WAV,15.0,18.0,True,0,True,False,False,0,False,0,False,False,0
/mnt/class_data/Shelby/One_Minute_Audio/SL30_Trial_1_trim.WAV,18.0,21.0,True,0,False,False,False,0,False,0,False,False,0
/mnt/class_data/Shelby/One_Minute_Audio/SL30_Trial_1_trim.WAV,21.0,24.0,True,0,True,False,False,0,False,0,False,False,0
/mnt/class_data/Shelby/One_Minute_Audio/SL30_Trial_1_trim.WAV,24.0,27.0,False,0,False,False,False,0,False,0,False,False,0
/mnt/class_data/Shelby/One_Minute_Audio/SL30_Trial_1_trim.WAV,27.0,30.0,True,0,False,False,False,0,False,0,False,False,0
/mnt/class_data/Shelby/One_Minute_Audio/SL30_Trial_1_trim.WAV,30.0,33.0,True,0,False,False,False,0,False,0,False,False,0
/mnt/class_data/Shelby/One_Minute_Audio/SL30_Trial_1_trim.WAV,33.0,36.0,False,0,False,False,False,0,False,0,False,False,0
/mnt/class_data/Shelby/One_Minute_Audio/SL30_Trial_1_trim.WAV,36.0,39.0,True,0,False,False,False,0,False,0,False,False,0
/mnt/class_data/Shelby/One_Minute_Audio/SL30_Trial_1_trim.WAV,39.0,42.0,False,0,False,False,False,0,False,0,False,False,0
/mnt/class_data/Shelby/One_Minute_Audio/SL30_Trial_1_trim.WAV,42.0,45.0,False,0,True,False,False,0,False,0,False,False,0
/mnt/class_data/Shelby/One_Minute_Audio/SL30_Trial_1_trim.WAV,45.0,48.0,True,0,True,False,False,0,False,0,False,False,0
/mnt/class_data/Shelby/One_Minute_Audio/SL30_Trial_1_trim.WAV,48.0,51.0,True,0,True,False,False,0,False,0,False,False,0
/mnt/class_data/Shelby/One_Minute_Audio/SL30_Trial_1_trim.WAV,51.0,54.0,False,0,True,False,False,0,False,0,False,False,0
/mnt/class_data/Shelby/One_Minute_Audio/SL30_Trial_1_trim.WAV,54.0,57.0,False,0,False,False,False,0,False,0,False,False,0
/mnt/class_data/Shelby/One_Minute_Audio/SL30_Trial_1_trim.WAV,57.0,60.0,False,0,True,False,False,0,False,0,False,False,0
/mnt/class_data/Shelby/One_Minute_Audio/SL17a_Trial_3_trim.WAV,0.0,3.0,False,0,True,False,False,0,True,0,True,False,0
/mnt/class_data/Shelby/One_Minute_Audio/SL17a_Trial_3_trim.WAV,3.0,6.0,False,0,True,False,False,0,True,0,True,False,1
/mnt/class_data/Shelby/One_Minute_Audio/SL17a_Trial_3_trim.WAV,6.0,9.0,False,0,False,False,False,0,True,0,False,False,0
/mnt/class_data/Shelby/One_Minute_Audio/SL17a_Trial_3_trim.WAV,9.0,12.0,False,0,False,False,False,0,False,0,True,False,0
/mnt/class_data/Shelby/One_Minute_Audio/SL17a_Trial_3_trim.WAV,12.0,15.0,False,0,False,False,True,0,True,0,True,False,0
/mnt/class_data/Shelby/One_Minute_Audio/SL17a_Trial_3_trim.WAV,15.0,18.0,False,0,False,False,False,0,False,0,True,False,1
/mnt/class_data/Shelby/One_Minute_Audio/SL17a_Trial_3_trim.WAV,18.0,21.0,False,0,True,False,True,0,True,0,True,False,0
/mnt/class_data/Shelby/One_Minute_Audio/SL17a_Trial_3_trim.WAV,21.0,24.0,False,0,True,False,True,0,True,0,True,False,0
/mnt/class_data/Shelby/One_Minute_Audio/SL17a_Trial_3_trim.WAV,24.0,27.0,False,0,False,False,False,0,True,1,True,False,1
/mnt/class_data/Shelby/One_Minute_Audio/SL17a_Trial_3_trim.WAV,27.0,30.0,True,0,True,False,True,0,True,0,False,False,1
/mnt/class_data/Shelby/One_Minute_Audio/SL17a_Trial_3_trim.WAV,30.0,33.0,False,0,False,False,True,0,True,0,True,False,1
/mnt/class_data/Shelby/One_Minute_Audio/SL17a_Trial_3_trim.WAV,33.0,36.0,False,0,True,False,True,0,False,0,False,False,1
/mnt/class_data/Shelby/One_Minute_Audio/SL17a_Trial_3_trim.WAV,36.0,39.0,False,0,True,False,True,0,True,0,False,False,1
/mnt/class_data/Shelby/One_Minute_Audio/SL17a_Trial_3_trim.WAV,39.0,42.0,False,0,True,False,False,0,True,0,False,False,1
/mnt/class_data/Shelby/One_Minute_Audio/SL17a_Trial_3_trim.WAV,42.0,45.0,False,0,True,False,False,0,True,0,False,False,0
/mnt/class_data/Shelby/One_Minute_Audio/SL17a_Trial_3_trim.WAV,45.0,48.0,False,0,True,False,False,0,True,0,False,False,0
/mnt/class_data/Shelby/One_Minute_Audio/SL17a_Trial_3_trim.WAV,48.0,51.0,False,0,False,False,True,0,False,0,True,False,1
/mnt/class_data/Shelby/One_Minute_Audio/SL17a_Trial_3_trim.WAV,51.0,54.0,False,0,True,False,True,0,True,0,True,False,0
/mnt/class_data/Shelby/One_Minute_Audio/SL17a_Trial_3_trim.WAV,54.0,57.0,False,0,False,False,True,0,False,0,True,False,1
/mnt/class_data/Shelby/One_Minute_Audio/SL17a_Trial_3_trim.WAV,57.0,60.0,False,0,True,False,True,0,True,0,True,False,0
/mnt/class_data/Shelby/One_Minute_Audio/SL44_Trial_1_trim.WAV,0.0,3.0,False,0,False,False,False,0,False,0,False,False,0
/mnt/class_data/Shelby/One_Minute_Audio/SL44_Trial_1_trim.WAV,3.0,6.0,False,0,False,False,False,0,False,0,False,False,0
/mnt/class_data/Shelby/One_Minute_Audio/SL44_Trial_1_trim.WAV,6.0,9.0,False,0,False,False,False,0,False,0,False,False,0
/mnt/class_data/Shelby/One_Minute_Audio/SL44_Trial_1_trim.WAV,9.0,12.0,False,0,False,False,False,0,False,0,False,False,0
/mnt/class_data/Shelby/One_Minute_Audio/SL44_Trial_1_trim.WAV,12.0,15.0,False,0,False,False,False,0,False,0,False,False,1
/mnt/class_data/Shelby/One_Minute_Audio/SL44_Trial_1_trim.WAV,15.0,18.0,False,0,False,False,False,0,False,0,False,False,1
/mnt/class_data/Shelby/One_Minute_Audio/SL44_Trial_1_trim.WAV,18.0,21.0,False,0,False,False,False,0,False,0,False,False,0
/mnt/class_data/Shelby/One_Minute_Audio/SL44_Trial_1_trim.WAV,21.0,24.0,False,0,False,False,False,0,False,0,False,False,1
/mnt/class_data/Shelby/One_Minute_Audio/SL44_Trial_1_trim.WAV,24.0,27.0,False,0,False,False,False,0,False,0,False,False,1
/mnt/class_data/Shelby/One_Minute_Audio/SL44_Trial_1_trim.WAV,27.0,30.0,False,0,False,False,False,0,False,0,False,False,1
/mnt/class_data/Shelby/One_Minute_Audio/SL44_Trial_1_trim.WAV,30.0,33.0,False,0,False,False,False,0,False,0,False,False,0
/mnt/class_data/Shelby/One_Minute_Audio/SL44_Trial_1_trim.WAV,33.0,36.0,False,0,False,False,False,0,False,0,False,False,0
/mnt/class_data/Shelby/One_Minute_Audio/SL44_Trial_1_trim.WAV,36.0,39.0,False,0,False,False,False,0,False,0,False,False,0
/mnt/class_data/Shelby/One_Minute_Audio/SL44_Trial_1_trim.WAV,39.0,42.0,False,0,False,False,False,0,False,0,False,False,1
/mnt/class_data/Shelby/One_Minute_Audio/SL44_Trial_1_trim.WAV,42.0,45.0,False,0,False,False,False,0,False,0,False,False,0
/mnt/class_data/Shelby/One_Minute_Audio/SL44_Trial_1_trim.WAV,45.0,48.0,False,0,False,False,False,0,False,0,False,False,1
/mnt/class_data/Shelby/One_Minute_Audio/SL44_Trial_1_trim.WAV,48.0,51.0,False,0,False,False,False,0,False,0,False,False,0
/mnt/class_data/Shelby/One_Minute_Audio/SL44_Trial_1_trim.WAV,51.0,54.0,False,0,False,False,False,0,False,0,False,False,1
/mnt/class_data/Shelby/One_Minute_Audio/SL44_Trial_1_trim.WAV,54.0,57.0,False,0,False,False,False,0,False,0,False,False,0
/mnt/class_data/Shelby/One_Minute_Audio/SL44_Trial_1_trim.WAV,57.0,60.0,False,0,False,False,False,0,False,0,False,False,0
/mnt/class_data/Shelby/One_Minute_Audio/SL11_Trial_3_trim.WAV,0.0,3.0,False,0,False,False,False,0,False,0,False,False,1
/mnt/class_data/Shelby/One_Minute_Audio/SL11_Trial_3_trim.WAV,3.0,6.0,False,0,False,False,False,0,False,0,False,False,1
/mnt/class_data/Shelby/One_Minute_Audio/SL11_Trial_3_trim.WAV,6.0,9.0,False,0,False,False,False,0,False,0,False,False,1
/mnt/class_data/Shelby/One_Minute_Audio/SL11_Trial_3_trim.WAV,9.0,12.0,False,0,False,False,False,0,False,0,False,False,1
/mnt/class_data/Shelby/One_Minute_Audio/SL11_Trial_3_trim.WAV,12.0,15.0,True,0,False,False,False,0,False,0,False,False,1
/mnt/class_data/Shelby/One_Minute_Audio/SL11_Trial_3_trim.WAV,15.0,18.0,True,0,False,False,False,0,False,0,False,False,1
/mnt/class_data/Shelby/One_Minute_Audio/SL11_Trial_3_trim.WAV,18.0,21.0,True,0,False,False,False,0,False,0,False,False,1
/mnt/class_data/Shelby/One_Minute_Audio/SL11_Trial_3_trim.WAV,21.0,24.0,True,0,False,False,False,0,False,0,False,False,1
/mnt/class_data/Shelby/One_Minute_Audio/SL11_Trial_3_trim.WAV,24.0,27.0,True,0,False,False,False,0,False,0,False,False,0
/mnt/class_data/Shelby/One_Minute_Audio/SL11_Trial_3_trim.WAV,27.0,30.0,True,0,False,False,False,0,False,0,False,False,0
/mnt/class_data/Shelby/One_Minute_Audio/SL11_Trial_3_trim.WAV,30.0,33.0,False,0,False,False,False,0,False,0,False,False,1
/mnt/class_data/Shelby/One_Minute_Audio/SL11_Trial_3_trim.WAV,33.0,36.0,True,0,False,False,False,0,False,0,False,False,0
/mnt/class_data/Shelby/One_Minute_Audio/SL11_Trial_3_trim.WAV,36.0,39.0,False,0,False,False,False,0,False,0,False,False,1
/mnt/class_data/Shelby/One_Minute_Audio/SL11_Trial_3_trim.WAV,39.0,42.0,True,0,False,False,False,0,False,0,False,False,1
/mnt/class_data/Shelby/One_Minute_Audio/SL11_Trial_3_trim.WAV,42.0,45.0,True,0,False,False,False,0,False,0,False,False,0
/mnt/class_data/Shelby/One_Minute_Audio/SL11_Trial_3_trim.WAV,45.0,48.0,True,0,False,False,False,0,False,0,False,False,0
/mnt/class_data/Shelby/One_Minute_Audio/SL11_Trial_3_trim.WAV,48.0,51.0,True,0,False,False,False,0,False,0,False,False,0
/mnt/class_data/Shelby/One_Minute_Audio/SL11_Trial_3_trim.WAV,51.0,54.0,True,0,False,False,False,0,False,0,False,False,0
/mnt/class_data/Shelby/One_Minute_Audio/SL11_Trial_3_trim.WAV,54.0,57.0,True,0,False,False,False,0,False,0,False,False,0
/mnt/class_data/Shelby/One_Minute_Audio/SL11_Trial_3_trim.WAV,57.0,60.0,True,0,False,False,False,0,False,0,False,False,1
/mnt/class_data/Shelby/One_Minute_Audio/SL51_Trial_2_trim.WAV,0.0,3.0,False,0,True,False,False,0,False,0,False,False,0
/mnt/class_data/Shelby/One_Minute_Audio/SL51_Trial_2_trim.WAV,3.0,6.0,False,0,True,False,False,0,False,0,False,False,0
/mnt/class_data/Shelby/One_Minute_Audio/SL51_Trial_2_trim.WAV,6.0,9.0,False,0,True,False,False,0,False,0,False,False,0
/mnt/class_data/Shelby/One_Minute_Audio/SL51_Trial_2_trim.WAV,9.0,12.0,False,0,True,False,False,0,False,0,False,False,0
/mnt/class_data/Shelby/One_Minute_Audio/SL51_Trial_2_trim.WAV,12.0,15.0,True,0,True,False,False,0,False,0,False,False,0
/mnt/class_data/Shelby/One_Minute_Audio/SL51_Trial_2_trim.WAV,15.0,18.0,True,0,True,False,False,0,False,0,False,False,0
/mnt/class_data/Shelby/One_Minute_Audio/SL51_Trial_2_trim.WAV,18.0,21.0,True,0,True,False,False,0,False,0,False,False,0
/mnt/class_data/Shelby/One_Minute_Audio/SL51_Trial_2_trim.WAV,21.0,24.0,True,0,True,False,False,0,False,0,False,False,0
/mnt/class_data/Shelby/One_Minute_Audio/SL51_Trial_2_trim.WAV,24.0,27.0,True,0,False,False,False,0,False,0,False,False,0
/mnt/class_data/Shelby/One_Minute_Audio/SL51_Trial_2_trim.WAV,27.0,30.0,True,0,False,False,False,0,False,0,False,False,0
/mnt/class_data/Shelby/One_Minute_Audio/SL51_Trial_2_trim.WAV,30.0,33.0,True,0,False,False,False,0,False,0,False,False,0
/mnt/class_data/Shelby/One_Minute_Audio/SL51_Trial_2_trim.WAV,33.0,36.0,True,0,True,False,False,0,False,0,False,False,0
/mnt/class_data/Shelby/One_Minute_Audio/SL51_Trial_2_trim.WAV,36.0,39.0,True,0,False,False,False,0,False,0,False,False,0
/mnt/class_data/Shelby/One_Minute_Audio/SL51_Trial_2_trim.WAV,39.0,42.0,True,0,False,False,False,0,False,0,False,False,0
/mnt/class_data/Shelby/One_Minute_Audio/SL51_Trial_2_trim.WAV,42.0,45.0,True,0,True,False,False,0,False,0,False,False,0
/mnt/class_data/Shelby/One_Minute_Audio/SL51_Trial_2_trim.WAV,45.0,48.0,True,0,False,False,False,0,False,0,False,False,0
/mnt/class_data/Shelby/One_Minute_Audio/SL51_Trial_2_trim.WAV,48.0,51.0,True,0,False,False,False,0,False,0,False,False,0
/mnt/class_data/Shelby/One_Minute_Audio/SL51_Trial_2_trim.WAV,51.0,54.0,True,0,True,False,False,0,False,0,False,False,0
/mnt/class_data/Shelby/One_Minute_Audio/SL51_Trial_2_trim.WAV,54.0,57.0,True,0,False,False,False,0,False,0,False,False,0
/mnt/class_data/Shelby/One_Minute_Audio/SL51_Trial_2_trim.WAV,57.0,60.0,True,0,False,False,False,0,False,0,False,False,0
/mnt/class_data/Shelby/One_Minute_Audio/AZ13_Trial_1_trim.WAV,0.0,3.0,False,0,True,False,False,0,False,0,False,False,0
/mnt/class_data/Shelby/One_Minute_Audio/AZ13_Trial_1_trim.WAV,3.0,6.0,False,0,True,False,False,0,False,0,False,False,0
/mnt/class_data/Shelby/One_Minute_Audio/AZ13_Trial_1_trim.WAV,6.0,9.0,False,0,True,False,False,0,False,0,False,False,0
/mnt/class_data/Shelby/One_Minute_Audio/AZ13_Trial_1_trim.WAV,9.0,12.0,False,0,True,False,False,0,False,0,False,False,0
/mnt/class_data/Shelby/One_Minute_Audio/AZ13_Trial_1_trim.WAV,12.0,15.0,True,0,True,False,False,0,False,0,False,False,0
/mnt/class_data/Shelby/One_Minute_Audio/AZ13_Trial_1_trim.WAV,15.0,18.0,False,0,True,False,False,0,False,0,False,False,0
/mnt/class_data/Shelby/One_Minute_Audio/AZ13_Trial_1_trim.WAV,18.0,21.0,True,0,True,False,False,0,False,0,False,False,0
/mnt/class_data/Shelby/One_Minute_Audio/AZ13_Trial_1_trim.WAV,21.0,24.0,False,0,True,False,False,0,False,0,False,False,0
/mnt/class_data/Shelby/One_Minute_Audio/AZ13_Trial_1_trim.WAV,24.0,27.0,True,0,True,False,False,0,False,0,False,False,0
/mnt/class_data/Shelby/One_Minute_Audio/AZ13_Trial_1_trim.WAV,27.0,30.0,False,0,True,False,False,0,False,0,False,False,0
/mnt/class_data/Shelby/One_Minute_Audio/AZ13_Trial_1_trim.WAV,30.0,33.0,False,0,True,False,False,0,False,0,False,False,0
/mnt/class_data/Shelby/One_Minute_Audio/AZ13_Trial_1_trim.WAV,33.0,36.0,False,0,True,False,False,0,False,0,False,False,0
/mnt/class_data/Shelby/One_Minute_Audio/AZ13_Trial_1_trim.WAV,36.0,39.0,False,0,True,False,False,0,False,0,False,False,0
/mnt/class_data/Shelby/One_Minute_Audio/AZ13_Trial_1_trim.WAV,39.0,42.0,True,0,True,False,False,0,False,0,False,False,0
/mnt/class_data/Shelby/One_Minute_Audio/AZ13_Trial_1_trim.WAV,42.0,45.0,False,0,True,False,False,0,False,0,False,False,0
/mnt/class_data/Shelby/One_Minute_Audio/AZ13_Trial_1_trim.WAV,45.0,48.0,False,0,True,False,False,0,False,0,False,False,0
/mnt/class_data/Shelby/One_Minute_Audio/AZ13_Trial_1_trim.WAV,48.0,51.0,True,0,True,False,False,0,False,0,False,False,0
/mnt/class_data/Shelby/One_Minute_Audio/AZ13_Trial_1_trim.WAV,51.0,54.0,False,0,True,False,False,0,True,0,False,False,0
/mnt/class_data/Shelby/One_Minute_Audio/AZ13_Trial_1_trim.WAV,54.0,57.0,False,0,True,False,False,0,False,0,False,False,0
/mnt/class_data/Shelby/One_Minute_Audio/AZ13_Trial_1_trim.WAV,57.0,60.0,False,0,True,False,False,0,False,0,False,False,0
/mnt/class_data/Shelby/One_Minute_Audio/EF01_Trial_3_trim.WAV,0.0,3.0,False,0,True,False,False,0,False,0,False,False,1
/mnt/class_data/Shelby/One_Minute_Audio/EF01_Trial_3_trim.WAV,3.0,6.0,False,0,False,False,False,0,False,0,False,False,1
/mnt/class_data/Shelby/One_Minute_Audio/EF01_Trial_3_trim.WAV,6.0,9.0,False,0,False,False,False,0,False,0,False,False,1
/mnt/class_data/Shelby/One_Minute_Audio/EF01_Trial_3_trim.WAV,9.0,12.0,False,0,False,False,False,0,False,0,False,False,1
/mnt/class_data/Shelby/One_Minute_Audio/EF01_Trial_3_trim.WAV,12.0,15.0,False,0,False,False,False,0,False,0,False,False,1
/mnt/class_data/Shelby/One_Minute_Audio/EF01_Trial_3_trim.WAV,15.0,18.0,False,0,False,False,False,0,False,0,False,False,1
/mnt/class_data/Shelby/One_Minute_Audio/EF01_Trial_3_trim.WAV,18.0,21.0,False,0,False,False,False,0,False,0,False,False,1
/mnt/class_data/Shelby/One_Minute_Audio/EF01_Trial_3_trim.WAV,21.0,24.0,False,0,False,False,False,0,False,0,False,False,0
/mnt/class_data/Shelby/One_Minute_Audio/EF01_Trial_3_trim.WAV,24.0,27.0,False,0,False,False,False,0,False,0,False,False,0
/mnt/class_data/Shelby/One_Minute_Audio/EF01_Trial_3_trim.WAV,27.0,30.0,False,0,False,False,False,0,False,0,False,False,0
/mnt/class_data/Shelby/One_Minute_Audio/EF01_Trial_3_trim.WAV,30.0,33.0,False,0,True,False,False,0,False,0,False,False,0
/mnt/class_data/Shelby/One_Minute_Audio/EF01_Trial_3_trim.WAV,33.0,36.0,True,0,False,False,False,0,False,0,False,False,0
/mnt/class_data/Shelby/One_Minute_Audio/EF01_Trial_3_trim.WAV,36.0,39.0,False,0,False,False,False,0,False,0,False,False,0
/mnt/class_data/Shelby/One_Minute_Audio/EF01_Trial_3_trim.WAV,39.0,42.0,False,0,False,False,False,0,False,0,False,False,0
/mnt/class_data/Shelby/One_Minute_Audio/EF01_Trial_3_trim.WAV,42.0,45.0,True,0,False,False,False,0,False,0,False,False,0
/mnt/class_data/Shelby/One_Minute_Audio/EF01_Trial_3_trim.WAV,45.0,48.0,False,0,False,False,False,0,False,0,False,False,1
/mnt/class_data/Shelby/One_Minute_Audio/EF01_Trial_3_trim.WAV,48.0,51.0,True,0,False,False,False,0,False,0,False,False,0
/mnt/class_data/Shelby/One_Minute_Audio/EF01_Trial_3_trim.WAV,51.0,54.0,False,0,False,False,False,0,False,0,False,False,0
/mnt/class_data/Shelby/One_Minute_Audio/EF01_Trial_3_trim.WAV,54.0,57.0,False,0,False,False,False,0,True,0,False,False,1
/mnt/class_data/Shelby/One_Minute_Audio/EF01_Trial_3_trim.WAV,57.0,60.0,False,0,False,False,False,0,False,0,False,False,0
/mnt/class_data/Shelby/One_Minute_Audio/SL09_Trial_1_trim.WAV,0.0,3.0,True,0,True,False,False,0,False,0,False,False,0
/mnt/class_data/Shelby/One_Minute_Audio/SL09_Trial_1_trim.WAV,3.0,6.0,True,0,False,False,False,0,False,0,False,False,0
/mnt/class_data/Shelby/One_Minute_Audio/SL09_Trial_1_trim.WAV,6.0,9.0,False,0,True,False,False,0,False,0,False,False,0
/mnt/class_data/Shelby/One_Minute_Audio/SL09_Trial_1_trim.WAV,9.0,12.0,False,0,True,False,False,0,False,0,False,False,0
/mnt/class_data/Shelby/One_Minute_Audio/SL09_Trial_1_trim.WAV,12.0,15.0,False,0,True,False,False,0,False,0,False,False,0
/mnt/class_data/Shelby/One_Minute_Audio/SL09_Trial_1_trim.WAV,15.0,18.0,False,0,True,False,False,0,False,0,False,False,0
/mnt/class_data/Shelby/One_Minute_Audio/SL09_Trial_1_trim.WAV,18.0,21.0,False,0,False,False,False,0,False,0,False,False,0
/mnt/class_data/Shelby/One_Minute_Audio/SL09_Trial_1_trim.WAV,21.0,24.0,False,0,True,False,False,0,False,0,False,False,0
/mnt/class_data/Shelby/One_Minute_Audio/SL09_Trial_1_trim.WAV,24.0,27.0,False,0,True,False,False,0,False,0,False,False,0
/mnt/class_data/Shelby/One_Minute_Audio/SL09_Trial_1_trim.WAV,27.0,30.0,False,0,True,False,False,0,False,0,False,False,0
/mnt/class_data/Shelby/One_Minute_Audio/SL09_Trial_1_trim.WAV,30.0,33.0,False,0,True,False,False,0,False,0,False,False,0
/mnt/class_data/Shelby/One_Minute_Audio/SL09_Trial_1_trim.WAV,33.0,36.0,False,0,True,False,False,0,False,0,False,False,0
/mnt/class_data/Shelby/One_Minute_Audio/SL09_Trial_1_trim.WAV,36.0,39.0,False,0,True,False,False,0,False,0,False,False,0
/mnt/class_data/Shelby/One_Minute_Audio/SL09_Trial_1_trim.WAV,39.0,42.0,False,0,True,False,False,0,True,0,False,False,0
/mnt/class_data/Shelby/One_Minute_Audio/SL09_Trial_1_trim.WAV,42.0,45.0,False,0,True,False,False,0,False,0,False,False,0
/mnt/class_data/Shelby/One_Minute_Audio/SL09_Trial_1_trim.WAV,45.0,48.0,False,0,False,False,False,0,False,0,False,False,0
/mnt/class_data/Shelby/One_Minute_Audio/SL09_Trial_1_trim.WAV,48.0,51.0,False,0,False,False,False,0,False,0,False,False,0
/mnt/class_data/Shelby/One_Minute_Audio/SL09_Trial_1_trim.WAV,51.0,54.0,False,0,False,False,False,0,True,0,False,False,0
/mnt/class_data/Shelby/One_Minute_Audio/SL09_Trial_1_trim.WAV,54.0,57.0,False,0,False,False,False,0,True,0,False,False,0
/mnt/class_data/Shelby/One_Minute_Audio/SL09_Trial_1_trim.WAV,57.0,60.0,False,0,False,False,False,0,True,0,False,False,0
/mnt/class_data/Shelby/One_Minute_Audio/SL07_Trial_1_trim.WAV,0.0,3.0,True,0,True,False,False,0,False,1,False,False,0
/mnt/class_data/Shelby/One_Minute_Audio/SL07_Trial_1_trim.WAV,3.0,6.0,True,0,False,False,False,0,False,1,False,False,0
/mnt/class_data/Shelby/One_Minute_Audio/SL07_Trial_1_trim.WAV,6.0,9.0,True,0,True,False,False,0,False,1,False,False,0
/mnt/class_data/Shelby/One_Minute_Audio/SL07_Trial_1_trim.WAV,9.0,12.0,True,0,True,False,False,0,False,1,False,False,0
/mnt/class_data/Shelby/One_Minute_Audio/SL07_Trial_1_trim.WAV,12.0,15.0,True,0,True,False,False,0,False,1,False,False,0
/mnt/class_data/Shelby/One_Minute_Audio/SL07_Trial_1_trim.WAV,15.0,18.0,True,0,True,False,False,0,False,1,False,False,0
/mnt/class_data/Shelby/One_Minute_Audio/SL07_Trial_1_trim.WAV,18.0,21.0,True,0,True,False,False,0,False,1,False,False,0
/mnt/class_data/Shelby/One_Minute_Audio/SL07_Trial_1_trim.WAV,21.0,24.0,True,0,False,False,False,0,False,1,False,False,0
/mnt/class_data/Shelby/One_Minute_Audio/SL07_Trial_1_trim.WAV,24.0,27.0,False,0,False,False,False,0,False,1,False,False,0
/mnt/class_data/Shelby/One_Minute_Audio/SL07_Trial_1_trim.WAV,27.0,30.0,True,0,False,False,False,0,False,1,False,False,0
/mnt/class_data/Shelby/One_Minute_Audio/SL07_Trial_1_trim.WAV,30.0,33.0,True,0,False,False,False,0,False,1,False,False,0
/mnt/class_data/Shelby/One_Minute_Audio/SL07_Trial_1_trim.WAV,33.0,36.0,True,0,False,False,False,0,False,1,False,False,0
/mnt/class_data/Shelby/One_Minute_Audio/SL07_Trial_1_trim.WAV,36.0,39.0,False,0,False,False,False,0,False,1,False,False,0
/mnt/class_data/Shelby/One_Minute_Audio/SL07_Trial_1_trim.WAV,39.0,42.0,True,0,False,False,False,0,False,1,False,False,0
/mnt/class_data/Shelby/One_Minute_Audio/SL07_Trial_1_trim.WAV,42.0,45.0,True,0,False,False,False,0,False,1,False,False,0
/mnt/class_data/Shelby/One_Minute_Audio/SL07_Trial_1_trim.WAV,45.0,48.0,True,0,False,False,False,0,False,1,False,False,0
/mnt/class_data/Shelby/One_Minute_Audio/SL07_Trial_1_trim.WAV,48.0,51.0,True,0,False,False,False,0,False,1,False,False,0
/mnt/class_data/Shelby/One_Minute_Audio/SL07_Trial_1_trim.WAV,51.0,54.0,True,0,False,False,False,0,False,1,False,False,0
/mnt/class_data/Shelby/One_Minute_Audio/SL07_Trial_1_trim.WAV,54.0,57.0,True,0,False,False,False,0,False,1,False,False,0
/mnt/class_data/Shelby/One_Minute_Audio/SL07_Trial_1_trim.WAV,57.0,60.0,False,0,False,False,False,0,False,1,False,False,0
/mnt/class_data/Shelby/One_Minute_Audio/SL12_Trial_1_trim.WAV,0.0,3.0,False,0,True,False,False,0,False,0,False,False,0
/mnt/class_data/Shelby/One_Minute_Audio/SL12_Trial_1_trim.WAV,3.0,6.0,False,0,True,True,False,0,False,0,False,False,0
/mnt/class_data/Shelby/One_Minute_Audio/SL12_Trial_1_trim.WAV,6.0,9.0,False,0,True,False,False,0,False,0,False,False,0
/mnt/class_data/Shelby/One_Minute_Audio/SL12_Trial_1_trim.WAV,9.0,12.0,False,0,True,True,False,0,False,0,False,False,0
/mnt/class_data/Shelby/One_Minute_Audio/SL12_Trial_1_trim.WAV,12.0,15.0,False,0,False,False,False,0,False,0,False,False,0
/mnt/class_data/Shelby/One_Minute_Audio/SL12_Trial_1_trim.WAV,15.0,18.0,False,0,True,False,False,0,False,0,False,False,0
/mnt/class_data/Shelby/One_Minute_Audio/SL12_Trial_1_trim.WAV,18.0,21.0,True,0,True,False,False,0,False,0,False,False,0
/mnt/class_data/Shelby/One_Minute_Audio/SL12_Trial_1_trim.WAV,21.0,24.0,False,0,False,False,False,0,False,0,False,False,0
/mnt/class_data/Shelby/One_Minute_Audio/SL12_Trial_1_trim.WAV,24.0,27.0,False,0,True,False,False,0,False,0,False,False,0
/mnt/class_data/Shelby/One_Minute_Audio/SL12_Trial_1_trim.WAV,27.0,30.0,False,0,False,False,False,0,False,0,False,False,0
/mnt/class_data/Shelby/One_Minute_Audio/SL12_Trial_1_trim.WAV,30.0,33.0,False,0,True,False,False,0,False,0,False,False,0
/mnt/class_data/Shelby/One_Minute_Audio/SL12_Trial_1_trim.WAV,33.0,36.0,False,0,False,False,False,0,False,0,False,False,0
/mnt/class_data/Shelby/One_Minute_Audio/SL12_Trial_1_trim.WAV,36.0,39.0,False,0,True,False,False,0,False,0,False,False,0
/mnt/class_data/Shelby/One_Minute_Audio/SL12_Trial_1_trim.WAV,39.0,42.0,False,0,True,False,False,0,False,0,False,False,0
/mnt/class_data/Shelby/One_Minute_Audio/SL12_Trial_1_trim.WAV,42.0,45.0,False,0,True,False,False,0,False,0,False,False,0
/mnt/class_data/Shelby/One_Minute_Audio/SL12_Trial_1_trim.WAV,45.0,48.0,False,0,False,False,False,0,False,0,False,False,0
/mnt/class_data/Shelby/One_Minute_Audio/SL12_Trial_1_trim.WAV,48.0,51.0,False,0,False,False,False,0,False,0,False,False,0
/mnt/class_data/Shelby/One_Minute_Audio/SL12_Trial_1_trim.WAV,51.0,54.0,False,0,True,False,False,0,False,0,False,False,0
/mnt/class_data/Shelby/One_Minute_Audio/SL12_Trial_1_trim.WAV,54.0,57.0,False,0,True,True,False,0,False,0,False,False,0
/mnt/class_data/Shelby/One_Minute_Audio/SL12_Trial_1_trim.WAV,57.0,60.0,False,0,False,False,False,0,False,0,False,False,0
/mnt/class_data/Shelby/One_Minute_Audio/SL13_Trial_3_trim.WAV,0.0,3.0,False,0,False,False,False,0,False,0,False,False,0
/mnt/class_data/Shelby/One_Minute_Audio/SL13_Trial_3_trim.WAV,3.0,6.0,False,0,False,False,False,0,False,0,False,False,0
/mnt/class_data/Shelby/One_Minute_Audio/SL13_Trial_3_trim.WAV,6.0,9.0,False,0,True,False,False,0,False,0,False,False,0
/mnt/class_data/Shelby/One_Minute_Audio/SL13_Trial_3_trim.WAV,9.0,12.0,False,0,False,False,False,0,False,0,False,False,0
/mnt/class_data/Shelby/One_Minute_Audio/SL13_Trial_3_trim.WAV,12.0,15.0,False,0,False,False,False,0,False,0,False,False,0
/mnt/class_data/Shelby/One_Minute_Audio/SL13_Trial_3_trim.WAV,15.0,18.0,False,0,True,False,False,0,False,0,False,False,0
/mnt/class_data/Shelby/One_Minute_Audio/SL13_Trial_3_trim.WAV,18.0,21.0,False,0,False,False,False,0,False,0,False,False,0
/mnt/class_data/Shelby/One_Minute_Audio/SL13_Trial_3_trim.WAV,21.0,24.0,False,0,False,False,False,0,False,0,False,False,0
/mnt/class_data/Shelby/One_Minute_Audio/SL13_Trial_3_trim.WAV,24.0,27.0,False,0,False,False,False,0,False,0,False,False,0
/mnt/class_data/Shelby/One_Minute_Audio/SL13_Trial_3_trim.WAV,27.0,30.0,False,0,False,False,False,0,False,0,False,False,0
/mnt/class_data/Shelby/One_Minute_Audio/SL13_Trial_3_trim.WAV,30.0,33.0,False,0,False,False,False,0,False,0,False,False,0
/mnt/class_data/Shelby/One_Minute_Audio/SL13_Trial_3_trim.WAV,33.0,36.0,False,0,False,False,False,0,False,0,False,False,0
/mnt/class_data/Shelby/One_Minute_Audio/SL13_Trial_3_trim.WAV,36.0,39.0,False,0,False,False,False,0,False,0,False,False,0
/mnt/class_data/Shelby/One_Minute_Audio/SL13_Trial_3_trim.WAV,39.0,42.0,False,0,False,False,False,0,False,0,False,False,0
/mnt/class_data/Shelby/One_Minute_Audio/SL13_Trial_3_trim.WAV,42.0,45.0,False,0,False,False,False,0,False,0,False,False,0
/mnt/class_data/Shelby/One_Minute_Audio/SL13_Trial_3_trim.WAV,45.0,48.0,False,0,False,False,False,0,False,0,False,False,0
/mnt/class_data/Shelby/One_Minute_Audio/SL13_Trial_3_trim.WAV,48.0,51.0,False,0,True,False,False,0,False,0,False,False,0
/mnt/class_data/Shelby/One_Minute_Audio/SL13_Trial_3_trim.WAV,51.0,54.0,False,0,True,False,False,0,False,0,False,False,0
/mnt/class_data/Shelby/One_Minute_Audio/SL13_Trial_3_trim.WAV,54.0,57.0,False,0,True,False,False,0,False,0,False,False,0
/mnt/class_data/Shelby/One_Minute_Audio/SL13_Trial_3_trim.WAV,57.0,60.0,False,0,True,False,False,0,False,0,False,False,0
/mnt/class_data/Shelby/One_Minute_Audio/AZ13_Trial_3_trim.WAV,0.0,3.0,False,0,True,False,False,0,False,0,False,False,0
/mnt/class_data/Shelby/One_Minute_Audio/AZ13_Trial_3_trim.WAV,3.0,6.0,False,0,True,False,False,0,False,0,False,False,0
/mnt/class_data/Shelby/One_Minute_Audio/AZ13_Trial_3_trim.WAV,6.0,9.0,False,0,True,False,False,0,False,0,False,False,0
/mnt/class_data/Shelby/One_Minute_Audio/AZ13_Trial_3_trim.WAV,9.0,12.0,False,0,True,False,False,0,False,0,False,False,0
/mnt/class_data/Shelby/One_Minute_Audio/AZ13_Trial_3_trim.WAV,12.0,15.0,False,0,True,False,False,0,False,0,False,False,0
/mnt/class_data/Shelby/One_Minute_Audio/AZ13_Trial_3_trim.WAV,15.0,18.0,False,0,True,False,False,0,False,0,False,False,0
/mnt/class_data/Shelby/One_Minute_Audio/AZ13_Trial_3_trim.WAV,18.0,21.0,False,0,True,False,False,0,False,0,False,False,0
/mnt/class_data/Shelby/One_Minute_Audio/AZ13_Trial_3_trim.WAV,21.0,24.0,False,0,True,False,False,0,False,0,False,False,0
/mnt/class_data/Shelby/One_Minute_Audio/AZ13_Trial_3_trim.WAV,24.0,27.0,False,0,True,False,False,0,False,0,False,False,0
/mnt/class_data/Shelby/One_Minute_Audio/AZ13_Trial_3_trim.WAV,27.0,30.0,False,0,True,False,False,0,False,0,False,False,0
/mnt/class_data/Shelby/One_Minute_Audio/AZ13_Trial_3_trim.WAV,30.0,33.0,False,0,True,False,False,0,False,0,False,False,0
/mnt/class_data/Shelby/One_Minute_Audio/AZ13_Trial_3_trim.WAV,33.0,36.0,False,0,True,False,False,0,False,0,False,False,0
/mnt/class_data/Shelby/One_Minute_Audio/AZ13_Trial_3_trim.WAV,36.0,39.0,False,0,True,False,False,0,False,0,False,False,0
/mnt/class_data/Shelby/One_Minute_Audio/AZ13_Trial_3_trim.WAV,39.0,42.0,False,0,True,False,False,0,False,0,False,False,0
/mnt/class_data/Shelby/One_Minute_Audio/AZ13_Trial_3_trim.WAV,42.0,45.0,False,0,True,False,False,0,True,0,False,False,0
/mnt/class_data/Shelby/One_Minute_Audio/AZ13_Trial_3_trim.WAV,45.0,48.0,False,0,True,False,False,0,False,0,False,False,0
/mnt/class_data/Shelby/One_Minute_Audio/AZ13_Trial_3_trim.WAV,48.0,51.0,False,0,True,False,False,0,False,0,False,False,0
/mnt/class_data/Shelby/One_Minute_Audio/AZ13_Trial_3_trim.WAV,51.0,54.0,False,0,True,False,False,0,True,0,False,False,0
/mnt/class_data/Shelby/One_Minute_Audio/AZ13_Trial_3_trim.WAV,54.0,57.0,False,0,True,False,False,0,False,0,False,False,0
/mnt/class_data/Shelby/One_Minute_Audio/AZ13_Trial_3_trim.WAV,57.0,60.0,False,0,True,False,False,0,False,0,False,False,0
/mnt/class_data/Shelby/One_Minute_Audio/SL16_Trial_3_trim.WAV,0.0,3.0,True,0,False,False,False,0,False,0,False,False,0
/mnt/class_data/Shelby/One_Minute_Audio/SL16_Trial_3_trim.WAV,3.0,6.0,False,0,False,False,False,0,False,0,False,False,0
/mnt/class_data/Shelby/One_Minute_Audio/SL16_Trial_3_trim.WAV,6.0,9.0,False,0,False,False,False,0,False,0,False,False,0
/mnt/class_data/Shelby/One_Minute_Audio/SL16_Trial_3_trim.WAV,9.0,12.0,False,0,True,False,False,0,False,0,False,False,0
/mnt/class_data/Shelby/One_Minute_Audio/SL16_Trial_3_trim.WAV,12.0,15.0,False,0,True,False,False,0,False,0,False,False,0
/mnt/class_data/Shelby/One_Minute_Audio/SL16_Trial_3_trim.WAV,15.0,18.0,False,0,False,False,False,0,True,0,False,False,0
/mnt/class_data/Shelby/One_Minute_Audio/SL16_Trial_3_trim.WAV,18.0,21.0,False,0,True,False,False,0,False,0,False,False,0
/mnt/class_data/Shelby/One_Minute_Audio/SL16_Trial_3_trim.WAV,21.0,24.0,False,0,True,False,False,0,False,0,False,False,0
/mnt/class_data/Shelby/One_Minute_Audio/SL16_Trial_3_trim.WAV,24.0,27.0,False,0,True,False,False,0,False,0,False,False,0
/mnt/class_data/Shelby/One_Minute_Audio/SL16_Trial_3_trim.WAV,27.0,30.0,False,0,True,False,False,0,False,0,False,False,0
/mnt/class_data/Shelby/One_Minute_Audio/SL16_Trial_3_trim.WAV,30.0,33.0,False,0,True,False,False,0,False,0,False,False,0
/mnt/class_data/Shelby/One_Minute_Audio/SL16_Trial_3_trim.WAV,33.0,36.0,False,0,True,False,False,0,True,0,False,False,0
/mnt/class_data/Shelby/One_Minute_Audio/SL16_Trial_3_trim.WAV,36.0,39.0,False,0,True,False,False,0,False,0,False,False,0
/mnt/class_data/Shelby/One_Minute_Audio/SL16_Trial_3_trim.WAV,39.0,42.0,False,0,True,False,False,0,False,0,False,False,0
/mnt/class_data/Shelby/One_Minute_Audio/SL16_Trial_3_trim.WAV,42.0,45.0,False,0,True,False,False,0,False,0,False,False,0
/mnt/class_data/Shelby/One_Minute_Audio/SL16_Trial_3_trim.WAV,45.0,48.0,False,0,True,False,False,0,False,0,False,False,0
/mnt/class_data/Shelby/One_Minute_Audio/SL16_Trial_3_trim.WAV,48.0,51.0,False,0,True,False,False,0,False,0,False,False,0
/mnt/class_data/Shelby/One_Minute_Audio/SL16_Trial_3_trim.WAV,51.0,54.0,False,0,False,False,False,0,False,0,False,False,0
/mnt/class_data/Shelby/One_Minute_Audio/SL16_Trial_3_trim.WAV,54.0,57.0,False,0,True,False,False,0,False,0,False,False,0
/mnt/class_data/Shelby/One_Minute_Audio/SL16_Trial_3_trim.WAV,57.0,60.0,False,0,True,False,False,0,False,0,False,False,0
/mnt/class_data/Shelby/One_Minute_Audio/RC02_Trial_1_trim.WAV,0.0,3.0,False,0,True,False,False,0,False,0,False,False,0
/mnt/class_data/Shelby/One_Minute_Audio/RC02_Trial_1_trim.WAV,3.0,6.0,False,0,True,False,False,0,False,0,False,False,0
/mnt/class_data/Shelby/One_Minute_Audio/RC02_Trial_1_trim.WAV,6.0,9.0,False,0,True,False,False,0,True,0,False,False,0
/mnt/class_data/Shelby/One_Minute_Audio/RC02_Trial_1_trim.WAV,9.0,12.0,False,0,True,False,False,0,True,0,False,False,0
/mnt/class_data/Shelby/One_Minute_Audio/RC02_Trial_1_trim.WAV,12.0,15.0,False,0,True,False,False,0,False,0,False,False,0
/mnt/class_data/Shelby/One_Minute_Audio/RC02_Trial_1_trim.WAV,15.0,18.0,False,0,True,False,False,0,False,0,False,False,0
/mnt/class_data/Shelby/One_Minute_Audio/RC02_Trial_1_trim.WAV,18.0,21.0,False,0,True,False,False,0,False,0,False,False,0
/mnt/class_data/Shelby/One_Minute_Audio/RC02_Trial_1_trim.WAV,21.0,24.0,False,0,True,False,False,0,True,0,False,False,0
/mnt/class_data/Shelby/One_Minute_Audio/RC02_Trial_1_trim.WAV,24.0,27.0,False,0,True,False,False,0,True,0,False,False,0
/mnt/class_data/Shelby/One_Minute_Audio/RC02_Trial_1_trim.WAV,27.0,30.0,False,0,True,False,False,0,True,0,False,False,0
/mnt/class_data/Shelby/One_Minute_Audio/RC02_Trial_1_trim.WAV,30.0,33.0,False,0,True,False,False,0,False,0,False,False,0
/mnt/class_data/Shelby/One_Minute_Audio/RC02_Trial_1_trim.WAV,33.0,36.0,False,0,True,False,False,0,True,0,False,False,0
/mnt/class_data/Shelby/One_Minute_Audio/RC02_Trial_1_trim.WAV,36.0,39.0,False,0,True,False,False,0,True,0,False,False,0
/mnt/class_data/Shelby/One_Minute_Audio/RC02_Trial_1_trim.WAV,39.0,42.0,False,0,True,False,False,0,False,0,False,False,0
/mnt/class_data/Shelby/One_Minute_Audio/RC02_Trial_1_trim.WAV,42.0,45.0,False,0,True,False,False,0,False,0,False,False,0
/mnt/class_data/Shelby/One_Minute_Audio/RC02_Trial_1_trim.WAV,45.0,48.0,False,0,True,False,False,0,False,0,False,False,0
/mnt/class_data/Shelby/One_Minute_Audio/RC02_Trial_1_trim.WAV,48.0,51.0,False,0,True,False,False,0,True,0,False,False,0
/mnt/class_data/Shelby/One_Minute_Audio/RC02_Trial_1_trim.WAV,51.0,54.0,False,0,True,False,False,0,False,0,False,False,0
/mnt/class_data/Shelby/One_Minute_Audio/RC02_Trial_1_trim.WAV,54.0,57.0,False,0,True,False,False,0,True,0,False,False,0
/mnt/class_data/Shelby/One_Minute_Audio/RC02_Trial_1_trim.WAV,57.0,60.0,False,0,True,False,False,0,False,0,False,False,0
/mnt/class_data/Shelby/One_Minute_Audio/SL17b_Trial_1_trim.WAV,0.0,3.0,False,0,False,False,False,0,False,0,False,False,0
/mnt/class_data/Shelby/One_Minute_Audio/SL17b_Trial_1_trim.WAV,3.0,6.0,False,0,True,False,False,0,False,0,False,False,0
/mnt/class_data/Shelby/One_Minute_Audio/SL17b_Trial_1_trim.WAV,6.0,9.0,False,0,False,False,False,0,False,0,False,False,0
/mnt/class_data/Shelby/One_Minute_Audio/SL17b_Trial_1_trim.WAV,9.0,12.0,False,0,False,False,False,0,True,0,False,False,0
/mnt/class_data/Shelby/One_Minute_Audio/SL17b_Trial_1_trim.WAV,12.0,15.0,False,0,False,False,False,0,False,0,False,False,0
/mnt/class_data/Shelby/One_Minute_Audio/SL17b_Trial_1_trim.WAV,15.0,18.0,False,0,False,False,False,0,False,0,False,False,0
/mnt/class_data/Shelby/One_Minute_Audio/SL17b_Trial_1_trim.WAV,18.0,21.0,False,0,False,False,False,0,False,0,False,False,0
/mnt/class_data/Shelby/One_Minute_Audio/SL17b_Trial_1_trim.WAV,21.0,24.0,False,0,False,False,False,0,False,0,False,False,0
/mnt/class_data/Shelby/One_Minute_Audio/SL17b_Trial_1_trim.WAV,24.0,27.0,False,0,False,False,False,0,False,0,False,False,0
/mnt/class_data/Shelby/One_Minute_Audio/SL17b_Trial_1_trim.WAV,27.0,30.0,False,0,False,False,False,0,False,0,False,False,0
/mnt/class_data/Shelby/One_Minute_Audio/SL17b_Trial_1_trim.WAV,30.0,33.0,False,0,False,False,False,0,False,0,False,False,0
/mnt/class_data/Shelby/One_Minute_Audio/SL17b_Trial_1_trim.WAV,33.0,36.0,False,0,False,False,False,0,False,0,False,False,0
/mnt/class_data/Shelby/One_Minute_Audio/SL17b_Trial_1_trim.WAV,36.0,39.0,False,0,False,False,False,0,False,0,False,False,0
/mnt/class_data/Shelby/One_Minute_Audio/SL17b_Trial_1_trim.WAV,39.0,42.0,False,0,False,False,False,0,False,0,False,False,0
/mnt/class_data/Shelby/One_Minute_Audio/SL17b_Trial_1_trim.WAV,42.0,45.0,False,0,False,False,False,0,False,0,False,False,0
/mnt/class_data/Shelby/One_Minute_Audio/SL17b_Trial_1_trim.WAV,45.0,48.0,False,0,False,False,False,0,False,0,False,False,0
/mnt/class_data/Shelby/One_Minute_Audio/SL17b_Trial_1_trim.WAV,48.0,51.0,False,0,False,False,False,0,False,0,False,False,0
/mnt/class_data/Shelby/One_Minute_Audio/SL17b_Trial_1_trim.WAV,51.0,54.0,False,0,False,False,False,0,False,0,False,False,0
/mnt/class_data/Shelby/One_Minute_Audio/SL17b_Trial_1_trim.WAV,54.0,57.0,False,0,False,False,False,0,False,0,False,False,0
/mnt/class_data/Shelby/One_Minute_Audio/SL17b_Trial_1_trim.WAV,57.0,60.0,False,0,False,False,False,0,False,0,False,False,0
/mnt/class_data/Shelby/One_Minute_Audio/SL28_Trial_1_trim.WAV,0.0,3.0,False,0,False,False,False,0,False,0,False,False,0
/mnt/class_data/Shelby/One_Minute_Audio/SL28_Trial_1_trim.WAV,3.0,6.0,False,0,False,False,False,0,False,0,False,False,0
/mnt/class_data/Shelby/One_Minute_Audio/SL28_Trial_1_trim.WAV,6.0,9.0,False,0,False,False,False,0,False,0,False,False,0
/mnt/class_data/Shelby/One_Minute_Audio/SL28_Trial_1_trim.WAV,9.0,12.0,False,0,False,False,False,0,False,0,False,False,0
/mnt/class_data/Shelby/One_Minute_Audio/SL28_Trial_1_trim.WAV,12.0,15.0,False,0,False,False,False,0,False,0,False,False,0
/mnt/class_data/Shelby/One_Minute_Audio/SL28_Trial_1_trim.WAV,15.0,18.0,False,0,False,False,False,0,False,0,False,False,0
/mnt/class_data/Shelby/One_Minute_Audio/SL28_Trial_1_trim.WAV,18.0,21.0,False,0,False,False,False,0,False,0,False,False,0
/mnt/class_data/Shelby/One_Minute_Audio/SL28_Trial_1_trim.WAV,21.0,24.0,False,0,False,False,False,0,False,0,False,False,0
/mnt/class_data/Shelby/One_Minute_Audio/SL28_Trial_1_trim.WAV,24.0,27.0,False,0,False,False,False,0,False,0,False,False,0
/mnt/class_data/Shelby/One_Minute_Audio/SL28_Trial_1_trim.WAV,27.0,30.0,False,0,False,False,False,0,False,0,False,False,0
/mnt/class_data/Shelby/One_Minute_Audio/SL28_Trial_1_trim.WAV,30.0,33.0,False,0,False,False,False,0,False,0,False,False,0
/mnt/class_data/Shelby/One_Minute_Audio/SL28_Trial_1_trim.WAV,33.0,36.0,False,0,False,False,False,0,False,0,False,False,0
/mnt/class_data/Shelby/One_Minute_Audio/SL28_Trial_1_trim.WAV,36.0,39.0,False,0,False,False,False,0,False,0,False,False,0
/mnt/class_data/Shelby/One_Minute_Audio/SL28_Trial_1_trim.WAV,39.0,42.0,False,0,False,False,False,0,True,0,False,False,0
/mnt/class_data/Shelby/One_Minute_Audio/SL28_Trial_1_trim.WAV,42.0,45.0,False,0,False,False,False,0,False,0,False,False,0
/mnt/class_data/Shelby/One_Minute_Audio/SL28_Trial_1_trim.WAV,45.0,48.0,False,0,False,False,False,0,False,0,False,False,0
/mnt/class_data/Shelby/One_Minute_Audio/SL28_Trial_1_trim.WAV,48.0,51.0,False,0,False,False,False,0,True,0,False,False,0
/mnt/class_data/Shelby/One_Minute_Audio/SL28_Trial_1_trim.WAV,51.0,54.0,False,0,False,False,False,0,True,0,False,False,0
/mnt/class_data/Shelby/One_Minute_Audio/SL28_Trial_1_trim.WAV,54.0,57.0,False,0,True,False,False,0,False,0,False,False,0
/mnt/class_data/Shelby/One_Minute_Audio/SL28_Trial_1_trim.WAV,57.0,60.0,False,0,True,False,False,0,True,0,False,False,0
/mnt/class_data/Shelby/One_Minute_Audio/SL09_Trial_2_trim.WAV,0.0,3.0,False,0,True,False,False,0,False,0,False,False,0
/mnt/class_data/Shelby/One_Minute_Audio/SL09_Trial_2_trim.WAV,3.0,6.0,False,0,False,False,False,0,False,0,False,False,0
/mnt/class_data/Shelby/One_Minute_Audio/SL09_Trial_2_trim.WAV,6.0,9.0,False,0,True,False,False,0,True,0,False,False,0
/mnt/class_data/Shelby/One_Minute_Audio/SL09_Trial_2_trim.WAV,9.0,12.0,False,0,False,False,False,0,False,0,False,False,0
/mnt/class_data/Shelby/One_Minute_Audio/SL09_Trial_2_trim.WAV,12.0,15.0,False,0,True,False,False,0,False,0,False,False,0
/mnt/class_data/Shelby/One_Minute_Audio/SL09_Trial_2_trim.WAV,15.0,18.0,False,0,True,False,False,0,False,0,False,False,0
/mnt/class_data/Shelby/One_Minute_Audio/SL09_Trial_2_trim.WAV,18.0,21.0,False,0,False,False,False,0,False,0,False,False,0
/mnt/class_data/Shelby/One_Minute_Audio/SL09_Trial_2_trim.WAV,21.0,24.0,False,0,True,False,False,0,True,0,False,False,0
/mnt/class_data/Shelby/One_Minute_Audio/SL09_Trial_2_trim.WAV,24.0,27.0,False,0,True,False,False,0,False,0,False,False,0
/mnt/class_data/Shelby/One_Minute_Audio/SL09_Trial_2_trim.WAV,27.0,30.0,False,0,False,False,False,0,False,0,False,False,0
/mnt/class_data/Shelby/One_Minute_Audio/SL09_Trial_2_trim.WAV,30.0,33.0,False,0,False,False,False,0,False,0,False,False,0
/mnt/class_data/Shelby/One_Minute_Audio/SL09_Trial_2_trim.WAV,33.0,36.0,False,0,False,False,False,0,False,0,False,False,0
/mnt/class_data/Shelby/One_Minute_Audio/SL09_Trial_2_trim.WAV,36.0,39.0,False,0,False,False,False,0,False,0,False,False,0
/mnt/class_data/Shelby/One_Minute_Audio/SL09_Trial_2_trim.WAV,39.0,42.0,False,0,False,False,False,0,True,0,False,False,0
/mnt/class_data/Shelby/One_Minute_Audio/SL09_Trial_2_trim.WAV,42.0,45.0,False,0,False,False,False,0,False,0,False,False,0
/mnt/class_data/Shelby/One_Minute_Audio/SL09_Trial_2_trim.WAV,45.0,48.0,False,0,False,False,False,0,False,0,False,False,0
/mnt/class_data/Shelby/One_Minute_Audio/SL09_Trial_2_trim.WAV,48.0,51.0,False,0,True,False,False,0,False,0,False,False,0
/mnt/class_data/Shelby/One_Minute_Audio/SL09_Trial_2_trim.WAV,51.0,54.0,False,0,False,False,False,0,False,0,False,False,0
/mnt/class_data/Shelby/One_Minute_Audio/SL09_Trial_2_trim.WAV,54.0,57.0,False,0,True,False,False,0,False,0,False,False,0
/mnt/class_data/Shelby/One_Minute_Audio/SL09_Trial_2_trim.WAV,57.0,60.0,False,0,True,False,False,0,False,0,False,False,0
/mnt/class_data/Shelby/One_Minute_Audio/SL21_Trial_3_trim.WAV,0.0,3.0,True,0,True,False,True,1,False,0,False,False,0
/mnt/class_data/Shelby/One_Minute_Audio/SL21_Trial_3_trim.WAV,3.0,6.0,True,0,True,False,False,0,False,0,False,False,0
/mnt/class_data/Shelby/One_Minute_Audio/SL21_Trial_3_trim.WAV,6.0,9.0,False,0,True,False,True,0,False,0,False,False,0
/mnt/class_data/Shelby/One_Minute_Audio/SL21_Trial_3_trim.WAV,9.0,12.0,False,0,True,False,True,0,False,0,False,False,0
/mnt/class_data/Shelby/One_Minute_Audio/SL21_Trial_3_trim.WAV,12.0,15.0,False,0,True,False,True,0,False,0,False,False,0
/mnt/class_data/Shelby/One_Minute_Audio/SL21_Trial_3_trim.WAV,15.0,18.0,False,0,True,False,True,0,False,0,False,False,0
/mnt/class_data/Shelby/One_Minute_Audio/SL21_Trial_3_trim.WAV,18.0,21.0,False,0,True,False,True,0,False,0,False,False,0
/mnt/class_data/Shelby/One_Minute_Audio/SL21_Trial_3_trim.WAV,21.0,24.0,False,0,True,False,True,0,False,0,False,False,0
/mnt/class_data/Shelby/One_Minute_Audio/SL21_Trial_3_trim.WAV,24.0,27.0,False,0,True,False,True,0,False,0,False,False,0
/mnt/class_data/Shelby/One_Minute_Audio/SL21_Trial_3_trim.WAV,27.0,30.0,False,0,True,False,True,0,False,0,False,False,0
/mnt/class_data/Shelby/One_Minute_Audio/SL21_Trial_3_trim.WAV,30.0,33.0,False,0,True,False,False,0,False,0,False,False,0
/mnt/class_data/Shelby/One_Minute_Audio/SL21_Trial_3_trim.WAV,33.0,36.0,False,0,True,False,True,0,False,0,False,False,0
/mnt/class_data/Shelby/One_Minute_Audio/SL21_Trial_3_trim.WAV,36.0,39.0,False,0,False,False,True,0,False,0,False,False,0
/mnt/class_data/Shelby/One_Minute_Audio/SL21_Trial_3_trim.WAV,39.0,42.0,False,0,True,False,True,0,True,1,False,False,0
/mnt/class_data/Shelby/One_Minute_Audio/SL21_Trial_3_trim.WAV,42.0,45.0,False,0,True,False,True,0,False,0,False,False,0
/mnt/class_data/Shelby/One_Minute_Audio/SL21_Trial_3_trim.WAV,45.0,48.0,False,0,True,False,True,0,False,0,False,False,0
/mnt/class_data/Shelby/One_Minute_Audio/SL21_Trial_3_trim.WAV,48.0,51.0,True,0,True,False,True,0,False,0,False,False,0
/mnt/class_data/Shelby/One_Minute_Audio/SL21_Trial_3_trim.WAV,51.0,54.0,False,0,True,False,True,0,False,0,False,False,0
/mnt/class_data/Shelby/One_Minute_Audio/SL21_Trial_3_trim.WAV,54.0,57.0,True,0,True,False,True,0,False,0,False,False,0
/mnt/class_data/Shelby/One_Minute_Audio/SL21_Trial_3_trim.WAV,57.0,60.0,True,0,True,False,True,0,False,0,False,False,0
/mnt/class_data/Shelby/One_Minute_Audio/SL07_Trial_3_trim.WAV,0.0,3.0,False,0,True,False,False,0,False,1,False,False,0
/mnt/class_data/Shelby/One_Minute_Audio/SL07_Trial_3_trim.WAV,3.0,6.0,False,0,False,False,False,0,False,1,False,False,0
/mnt/class_data/Shelby/One_Minute_Audio/SL07_Trial_3_trim.WAV,6.0,9.0,False,0,True,False,False,0,False,1,False,False,0
/mnt/class_data/Shelby/One_Minute_Audio/SL07_Trial_3_trim.WAV,9.0,12.0,False,0,True,False,False,0,False,1,False,False,0
/mnt/class_data/Shelby/One_Minute_Audio/SL07_Trial_3_trim.WAV,12.0,15.0,False,0,True,False,False,0,False,1,False,False,0
/mnt/class_data/Shelby/One_Minute_Audio/SL07_Trial_3_trim.WAV,15.0,18.0,False,0,True,False,False,0,False,1,False,False,0
/mnt/class_data/Shelby/One_Minute_Audio/SL07_Trial_3_trim.WAV,18.0,21.0,False,0,True,False,False,0,False,1,False,False,0
/mnt/class_data/Shelby/One_Minute_Audio/SL07_Trial_3_trim.WAV,21.0,24.0,False,0,True,False,False,0,False,1,False,False,0
/mnt/class_data/Shelby/One_Minute_Audio/SL07_Trial_3_trim.WAV,24.0,27.0,False,0,True,False,False,0,False,0,False,False,0
/mnt/class_data/Shelby/One_Minute_Audio/SL07_Trial_3_trim.WAV,27.0,30.0,False,0,True,False,False,0,False,1,False,False,0
/mnt/class_data/Shelby/One_Minute_Audio/SL07_Trial_3_trim.WAV,30.0,33.0,False,0,False,False,False,0,False,1,False,False,0
/mnt/class_data/Shelby/One_Minute_Audio/SL07_Trial_3_trim.WAV,33.0,36.0,False,0,True,False,False,0,False,1,False,False,0
/mnt/class_data/Shelby/One_Minute_Audio/SL07_Trial_3_trim.WAV,36.0,39.0,False,0,False,False,False,0,False,1,False,False,0
/mnt/class_data/Shelby/One_Minute_Audio/SL07_Trial_3_trim.WAV,39.0,42.0,False,0,True,False,False,0,False,1,False,False,0
/mnt/class_data/Shelby/One_Minute_Audio/SL07_Trial_3_trim.WAV,42.0,45.0,False,0,True,False,False,0,False,1,False,False,0
/mnt/class_data/Shelby/One_Minute_Audio/SL07_Trial_3_trim.WAV,45.0,48.0,False,0,False,False,False,0,False,1,False,False,0
/mnt/class_data/Shelby/One_Minute_Audio/SL07_Trial_3_trim.WAV,48.0,51.0,False,0,True,False,False,0,False,1,False,False,0
/mnt/class_data/Shelby/One_Minute_Audio/SL07_Trial_3_trim.WAV,51.0,54.0,False,0,True,False,False,0,False,1,False,False,0
/mnt/class_data/Shelby/One_Minute_Audio/SL07_Trial_3_trim.WAV,54.0,57.0,False,0,False,False,False,0,False,1,False,False,0
/mnt/class_data/Shelby/One_Minute_Audio/SL07_Trial_3_trim.WAV,57.0,60.0,False,0,True,False,False,0,False,1,False,False,0
/mnt/class_data/Shelby/One_Minute_Audio/SL30_Trial_2_trim.WAV,0.0,3.0,False,0,True,False,False,0,False,0,False,False,1
/mnt/class_data/Shelby/One_Minute_Audio/SL30_Trial_2_trim.WAV,3.0,6.0,True,0,True,False,False,0,False,0,False,False,0
/mnt/class_data/Shelby/One_Minute_Audio/SL30_Trial_2_trim.WAV,6.0,9.0,False,0,True,False,False,0,False,0,False,False,0
/mnt/class_data/Shelby/One_Minute_Audio/SL30_Trial_2_trim.WAV,9.0,12.0,False,0,True,False,False,0,False,0,False,False,0
/mnt/class_data/Shelby/One_Minute_Audio/SL30_Trial_2_trim.WAV,12.0,15.0,False,0,True,False,False,0,False,0,False,False,0
/mnt/class_data/Shelby/One_Minute_Audio/SL30_Trial_2_trim.WAV,15.0,18.0,False,0,True,False,False,0,False,0,False,False,0
/mnt/class_data/Shelby/One_Minute_Audio/SL30_Trial_2_trim.WAV,18.0,21.0,False,0,False,False,False,0,False,0,False,False,0
/mnt/class_data/Shelby/One_Minute_Audio/SL30_Trial_2_trim.WAV,21.0,24.0,False,0,False,False,False,0,True,0,False,False,0
/mnt/class_data/Shelby/One_Minute_Audio/SL30_Trial_2_trim.WAV,24.0,27.0,False,0,True,False,False,0,False,0,False,False,0
/mnt/class_data/Shelby/One_Minute_Audio/SL30_Trial_2_trim.WAV,27.0,30.0,False,0,False,False,False,0,False,0,False,False,0
/mnt/class_data/Shelby/One_Minute_Audio/SL30_Trial_2_trim.WAV,30.0,33.0,False,0,False,False,False,0,False,0,False,False,0
/mnt/class_data/Shelby/One_Minute_Audio/SL30_Trial_2_trim.WAV,33.0,36.0,False,0,False,False,False,0,False,0,False,False,0
/mnt/class_data/Shelby/One_Minute_Audio/SL30_Trial_2_trim.WAV,36.0,39.0,False,0,True,False,False,0,False,0,False,False,0
/mnt/class_data/Shelby/One_Minute_Audio/SL30_Trial_2_trim.WAV,39.0,42.0,False,0,True,False,True,0,False,0,False,False,0
/mnt/class_data/Shelby/One_Minute_Audio/SL30_Trial_2_trim.WAV,42.0,45.0,False,0,False,False,False,0,False,0,False,False,0
/mnt/class_data/Shelby/One_Minute_Audio/SL30_Trial_2_trim.WAV,45.0,48.0,False,0,False,False,False,0,False,0,False,False,0
/mnt/class_data/Shelby/One_Minute_Audio/SL30_Trial_2_trim.WAV,48.0,51.0,False,0,True,False,False,0,False,0,False,False,0
/mnt/class_data/Shelby/One_Minute_Audio/SL30_Trial_2_trim.WAV,51.0,54.0,False,0,False,False,False,0,False,0,False,False,0
/mnt/class_data/Shelby/One_Minute_Audio/SL30_Trial_2_trim.WAV,54.0,57.0,False,0,False,False,False,0,False,0,False,False,0
/mnt/class_data/Shelby/One_Minute_Audio/SL30_Trial_2_trim.WAV,57.0,60.0,False,0,False,False,False,0,False,0,False,False,0
/mnt/class_data/Shelby/One_Minute_Audio/EF04_Trial_2_trim.WAV,0.0,3.0,False,0,True,False,False,0,False,0,False,False,0
/mnt/class_data/Shelby/One_Minute_Audio/EF04_Trial_2_trim.WAV,3.0,6.0,False,0,True,False,False,0,False,0,False,False,0
/mnt/class_data/Shelby/One_Minute_Audio/EF04_Trial_2_trim.WAV,6.0,9.0,False,0,True,False,False,0,False,0,False,False,0
/mnt/class_data/Shelby/One_Minute_Audio/EF04_Trial_2_trim.WAV,9.0,12.0,True,0,True,False,False,0,False,0,False,False,0
/mnt/class_data/Shelby/One_Minute_Audio/EF04_Trial_2_trim.WAV,12.0,15.0,False,0,True,False,False,0,False,0,False,False,0
/mnt/class_data/Shelby/One_Minute_Audio/EF04_Trial_2_trim.WAV,15.0,18.0,False,0,True,False,False,0,False,0,False,False,0
/mnt/class_data/Shelby/One_Minute_Audio/EF04_Trial_2_trim.WAV,18.0,21.0,False,0,False,False,False,0,False,0,False,False,0
/mnt/class_data/Shelby/One_Minute_Audio/EF04_Trial_2_trim.WAV,21.0,24.0,False,0,False,False,False,0,False,0,False,False,0
/mnt/class_data/Shelby/One_Minute_Audio/EF04_Trial_2_trim.WAV,24.0,27.0,False,0,False,False,False,0,True,0,False,False,0
/mnt/class_data/Shelby/One_Minute_Audio/EF04_Trial_2_trim.WAV,27.0,30.0,False,0,False,False,False,0,False,0,False,False,0
/mnt/class_data/Shelby/One_Minute_Audio/EF04_Trial_2_trim.WAV,30.0,33.0,False,0,False,False,False,0,True,0,False,False,0
/mnt/class_data/Shelby/One_Minute_Audio/EF04_Trial_2_trim.WAV,33.0,36.0,False,0,False,False,False,0,True,0,False,False,0
/mnt/class_data/Shelby/One_Minute_Audio/EF04_Trial_2_trim.WAV,36.0,39.0,False,0,False,False,False,0,True,0,False,False,0
/mnt/class_data/Shelby/One_Minute_Audio/EF04_Trial_2_trim.WAV,39.0,42.0,False,0,False,False,False,0,False,0,False,False,0
/mnt/class_data/Shelby/One_Minute_Audio/EF04_Trial_2_trim.WAV,42.0,45.0,False,0,False,False,False,0,False,0,False,False,0
/mnt/class_data/Shelby/One_Minute_Audio/EF04_Trial_2_trim.WAV,45.0,48.0,False,0,False,False,False,0,False,0,False,False,0
/mnt/class_data/Shelby/One_Minute_Audio/EF04_Trial_2_trim.WAV,48.0,51.0,False,0,False,False,False,0,False,0,False,False,0
/mnt/class_data/Shelby/One_Minute_Audio/EF04_Trial_2_trim.WAV,51.0,54.0,False,0,False,False,False,0,False,0,False,False,0
/mnt/class_data/Shelby/One_Minute_Audio/EF04_Trial_2_trim.WAV,54.0,57.0,False,0,False,False,False,0,False,0,False,False,0
/mnt/class_data/Shelby/One_Minute_Audio/EF04_Trial_2_trim.WAV,57.0,60.0,False,0,False,False,False,0,False,0,False,False,0
/mnt/class_data/Shelby/One_Minute_Audio/SL16_Trial_1_trim.WAV,0.0,3.0,False,0,True,False,False,0,False,0,False,False,0
/mnt/class_data/Shelby/One_Minute_Audio/SL16_Trial_1_trim.WAV,3.0,6.0,False,0,True,False,False,0,False,0,False,False,0
/mnt/class_data/Shelby/One_Minute_Audio/SL16_Trial_1_trim.WAV,6.0,9.0,False,0,True,False,False,0,False,0,False,False,0
/mnt/class_data/Shelby/One_Minute_Audio/SL16_Trial_1_trim.WAV,9.0,12.0,False,0,True,False,False,0,False,0,False,False,0
/mnt/class_data/Shelby/One_Minute_Audio/SL16_Trial_1_trim.WAV,12.0,15.0,False,0,True,False,False,0,False,0,False,False,0
/mnt/class_data/Shelby/One_Minute_Audio/SL16_Trial_1_trim.WAV,15.0,18.0,False,0,True,False,False,0,False,0,False,False,0
/mnt/class_data/Shelby/One_Minute_Audio/SL16_Trial_1_trim.WAV,18.0,21.0,False,0,True,False,False,0,False,0,False,False,0
/mnt/class_data/Shelby/One_Minute_Audio/SL16_Trial_1_trim.WAV,21.0,24.0,False,0,True,False,False,0,False,0,False,False,0
/mnt/class_data/Shelby/One_Minute_Audio/SL16_Trial_1_trim.WAV,24.0,27.0,False,0,True,False,False,0,False,0,False,False,0
/mnt/class_data/Shelby/One_Minute_Audio/SL16_Trial_1_trim.WAV,27.0,30.0,False,0,True,False,False,0,False,0,False,False,0
/mnt/class_data/Shelby/One_Minute_Audio/SL16_Trial_1_trim.WAV,30.0,33.0,False,0,True,False,False,0,False,0,False,False,0
/mnt/class_data/Shelby/One_Minute_Audio/SL16_Trial_1_trim.WAV,33.0,36.0,False,0,True,False,False,0,False,0,False,False,0
/mnt/class_data/Shelby/One_Minute_Audio/SL16_Trial_1_trim.WAV,36.0,39.0,False,0,True,False,False,0,False,0,False,False,0
/mnt/class_data/Shelby/One_Minute_Audio/SL16_Trial_1_trim.WAV,39.0,42.0,False,0,True,False,False,0,False,0,False,False,0
/mnt/class_data/Shelby/One_Minute_Audio/SL16_Trial_1_trim.WAV,42.0,45.0,False,0,True,False,False,0,False,0,False,False,0
/mnt/class_data/Shelby/One_Minute_Audio/SL16_Trial_1_trim.WAV,45.0,48.0,False,0,True,False,False,0,False,0,False,False,0
/mnt/class_data/Shelby/One_Minute_Audio/SL16_Trial_1_trim.WAV,48.0,51.0,False,0,True,False,False,0,False,0,False,False,0
/mnt/class_data/Shelby/One_Minute_Audio/SL16_Trial_1_trim.WAV,51.0,54.0,False,0,True,False,False,0,False,0,False,False,0
/mnt/class_data/Shelby/One_Minute_Audio/SL16_Trial_1_trim.WAV,54.0,57.0,False,0,True,False,False,0,False,0,False,False,0
/mnt/class_data/Shelby/One_Minute_Audio/SL16_Trial_1_trim.WAV,57.0,60.0,False,0,True,False,False,0,False,0,False,False,0
/mnt/class_data/Shelby/One_Minute_Audio/SL54_Trial_2_trim.WAV,0.0,3.0,False,0,True,False,False,0,False,0,False,False,0
/mnt/class_data/Shelby/One_Minute_Audio/SL54_Trial_2_trim.WAV,3.0,6.0,False,0,True,False,False,0,False,0,False,False,0
/mnt/class_data/Shelby/One_Minute_Audio/SL54_Trial_2_trim.WAV,6.0,9.0,False,0,True,False,False,0,False,0,False,False,0
/mnt/class_data/Shelby/One_Minute_Audio/SL54_Trial_2_trim.WAV,9.0,12.0,False,0,True,False,False,0,False,0,False,False,0
/mnt/class_data/Shelby/One_Minute_Audio/SL54_Trial_2_trim.WAV,12.0,15.0,False,0,True,False,False,0,False,0,False,False,0
/mnt/class_data/Shelby/One_Minute_Audio/SL54_Trial_2_trim.WAV,15.0,18.0,False,0,True,False,False,0,False,0,False,False,0
/mnt/class_data/Shelby/One_Minute_Audio/SL54_Trial_2_trim.WAV,18.0,21.0,True,0,False,False,False,0,False,0,False,False,0
/mnt/class_data/Shelby/One_Minute_Audio/SL54_Trial_2_trim.WAV,21.0,24.0,False,0,True,False,False,0,False,0,False,False,0
/mnt/class_data/Shelby/One_Minute_Audio/SL54_Trial_2_trim.WAV,24.0,27.0,False,0,True,False,False,0,False,0,False,False,0
/mnt/class_data/Shelby/One_Minute_Audio/SL54_Trial_2_trim.WAV,27.0,30.0,False,0,True,False,False,0,False,0,False,False,0
/mnt/class_data/Shelby/One_Minute_Audio/SL54_Trial_2_trim.WAV,30.0,33.0,False,0,True,False,False,0,False,0,False,False,0
/mnt/class_data/Shelby/One_Minute_Audio/SL54_Trial_2_trim.WAV,33.0,36.0,False,0,True,False,False,0,False,0,False,False,0
/mnt/class_data/Shelby/One_Minute_Audio/SL54_Trial_2_trim.WAV,36.0,39.0,True,0,True,False,False,0,False,0,False,False,0
/mnt/class_data/Shelby/One_Minute_Audio/SL54_Trial_2_trim.WAV,39.0,42.0,True,0,False,False,False,0,False,0,False,False,0
/mnt/class_data/Shelby/One_Minute_Audio/SL54_Trial_2_trim.WAV,42.0,45.0,True,0,True,False,False,0,False,0,False,False,0
/mnt/class_data/Shelby/One_Minute_Audio/SL54_Trial_2_trim.WAV,45.0,48.0,True,0,False,False,False,0,False,0,False,False,0
/mnt/class_data/Shelby/One_Minute_Audio/SL54_Trial_2_trim.WAV,48.0,51.0,True,0,False,False,False,0,False,0,False,False,0
/mnt/class_data/Shelby/One_Minute_Audio/SL54_Trial_2_trim.WAV,51.0,54.0,False,0,False,False,False,0,False,0,False,False,0
/mnt/class_data/Shelby/One_Minute_Audio/SL54_Trial_2_trim.WAV,54.0,57.0,True,0,False,False,False,0,False,0,False,False,0
/mnt/class_data/Shelby/One_Minute_Audio/SL54_Trial_2_trim.WAV,57.0,60.0,True,0,True,False,False,0,False,0,False,False,0
/mnt/class_data/Shelby/One_Minute_Audio/SL13_Trial_1_trim.WAV,0.0,3.0,False,0,False,False,False,0,False,0,False,False,0
/mnt/class_data/Shelby/One_Minute_Audio/SL13_Trial_1_trim.WAV,3.0,6.0,False,0,False,False,False,0,False,0,False,False,0
/mnt/class_data/Shelby/One_Minute_Audio/SL13_Trial_1_trim.WAV,6.0,9.0,False,0,False,False,False,0,False,0,False,False,0
/mnt/class_data/Shelby/One_Minute_Audio/SL13_Trial_1_trim.WAV,9.0,12.0,False,0,False,False,False,0,False,0,False,False,0
/mnt/class_data/Shelby/One_Minute_Audio/SL13_Trial_1_trim.WAV,12.0,15.0,False,0,True,False,False,0,True,0,False,False,0
/mnt/class_data/Shelby/One_Minute_Audio/SL13_Trial_1_trim.WAV,15.0,18.0,False,0,False,False,False,0,False,0,False,False,1
/mnt/class_data/Shelby/One_Minute_Audio/SL13_Trial_1_trim.WAV,18.0,21.0,False,0,False,False,False,0,False,0,False,False,1
/mnt/class_data/Shelby/One_Minute_Audio/SL13_Trial_1_trim.WAV,21.0,24.0,False,0,False,False,False,0,False,0,False,False,1
/mnt/class_data/Shelby/One_Minute_Audio/SL13_Trial_1_trim.WAV,24.0,27.0,False,0,False,False,False,0,False,0,False,False,1
/mnt/class_data/Shelby/One_Minute_Audio/SL13_Trial_1_trim.WAV,27.0,30.0,False,0,False,False,False,0,False,0,False,False,1
/mnt/class_data/Shelby/One_Minute_Audio/SL13_Trial_1_trim.WAV,30.0,33.0,False,0,False,False,False,0,False,0,False,False,1
/mnt/class_data/Shelby/One_Minute_Audio/SL13_Trial_1_trim.WAV,33.0,36.0,False,0,False,False,False,0,False,0,False,False,1
/mnt/class_data/Shelby/One_Minute_Audio/SL13_Trial_1_trim.WAV,36.0,39.0,False,0,False,False,False,0,False,0,False,False,1
/mnt/class_data/Shelby/One_Minute_Audio/SL13_Trial_1_trim.WAV,39.0,42.0,False,0,False,False,False,0,False,0,False,False,1
/mnt/class_data/Shelby/One_Minute_Audio/SL13_Trial_1_trim.WAV,42.0,45.0,False,0,False,False,False,0,False,0,False,False,0
/mnt/class_data/Shelby/One_Minute_Audio/SL13_Trial_1_trim.WAV,45.0,48.0,False,0,False,False,False,0,False,0,False,False,1
/mnt/class_data/Shelby/One_Minute_Audio/SL13_Trial_1_trim.WAV,48.0,51.0,False,0,False,False,False,0,False,0,False,False,0
/mnt/class_data/Shelby/One_Minute_Audio/SL13_Trial_1_trim.WAV,51.0,54.0,False,0,False,False,False,0,False,0,False,False,0
/mnt/class_data/Shelby/One_Minute_Audio/SL13_Trial_1_trim.WAV,54.0,57.0,False,0,False,False,False,0,False,0,False,False,0
/mnt/class_data/Shelby/One_Minute_Audio/SL13_Trial_1_trim.WAV,57.0,60.0,False,0,False,False,False,0,False,0,False,False,0
/mnt/class_data/Shelby/One_Minute_Audio/SL43_Trial_2_trim.WAV,0.0,3.0,True,0,True,False,False,0,False,0,False,False,0
/mnt/class_data/Shelby/One_Minute_Audio/SL43_Trial_2_trim.WAV,3.0,6.0,True,0,True,False,False,0,False,0,False,False,0
/mnt/class_data/Shelby/One_Minute_Audio/SL43_Trial_2_trim.WAV,6.0,9.0,True,0,True,False,False,0,False,0,False,False,0
/mnt/class_data/Shelby/One_Minute_Audio/SL43_Trial_2_trim.WAV,9.0,12.0,True,0,True,False,False,0,False,0,False,False,0
/mnt/class_data/Shelby/One_Minute_Audio/SL43_Trial_2_trim.WAV,12.0,15.0,False,0,True,False,False,0,False,0,False,False,0
/mnt/class_data/Shelby/One_Minute_Audio/SL43_Trial_2_trim.WAV,15.0,18.0,True,0,False,False,False,0,False,0,False,False,0
/mnt/class_data/Shelby/One_Minute_Audio/SL43_Trial_2_trim.WAV,18.0,21.0,False,0,True,False,False,0,False,0,False,False,0
/mnt/class_data/Shelby/One_Minute_Audio/SL43_Trial_2_trim.WAV,21.0,24.0,True,0,True,False,False,0,False,0,False,False,0
/mnt/class_data/Shelby/One_Minute_Audio/SL43_Trial_2_trim.WAV,24.0,27.0,False,0,True,False,False,0,False,0,False,False,0
/mnt/class_data/Shelby/One_Minute_Audio/SL43_Trial_2_trim.WAV,27.0,30.0,False,0,True,False,False,0,False,0,False,False,0
/mnt/class_data/Shelby/One_Minute_Audio/SL43_Trial_2_trim.WAV,30.0,33.0,False,0,True,False,False,0,False,0,False,False,0
/mnt/class_data/Shelby/One_Minute_Audio/SL43_Trial_2_trim.WAV,33.0,36.0,True,0,True,False,False,0,False,0,False,False,0
/mnt/class_data/Shelby/One_Minute_Audio/SL43_Trial_2_trim.WAV,36.0,39.0,False,0,True,False,False,0,False,0,False,False,0
/mnt/class_data/Shelby/One_Minute_Audio/SL43_Trial_2_trim.WAV,39.0,42.0,True,0,True,False,False,0,False,0,False,False,0
/mnt/class_data/Shelby/One_Minute_Audio/SL43_Trial_2_trim.WAV,42.0,45.0,False,0,True,False,False,0,False,0,False,False,0
/mnt/class_data/Shelby/One_Minute_Audio/SL43_Trial_2_trim.WAV,45.0,48.0,True,0,True,False,False,0,False,0,False,False,0
/mnt/class_data/Shelby/One_Minute_Audio/SL43_Trial_2_trim.WAV,48.0,51.0,False,0,True,False,False,0,False,0,False,False,0
/mnt/class_data/Shelby/One_Minute_Audio/SL43_Trial_2_trim.WAV,51.0,54.0,False,0,True,False,False,0,False,0,False,False,0
/mnt/class_data/Shelby/One_Minute_Audio/SL43_Trial_2_trim.WAV,54.0,57.0,True,0,True,False,False,0,False,0,False,False,0
/mnt/class_data/Shelby/One_Minute_Audio/SL43_Trial_2_trim.WAV,57.0,60.0,True,0,False,False,False,0,False,0,False,False,0
/mnt/class_data/Shelby/One_Minute_Audio/EF04_Trial_3_trim.WAV,0.0,3.0,False,0,False,False,False,0,False,0,False,True,0
/mnt/class_data/Shelby/One_Minute_Audio/EF04_Trial_3_trim.WAV,3.0,6.0,False,0,True,False,False,0,False,0,False,True,0
/mnt/class_data/Shelby/One_Minute_Audio/EF04_Trial_3_trim.WAV,6.0,9.0,False,0,False,False,False,0,False,0,False,True,0
/mnt/class_data/Shelby/One_Minute_Audio/EF04_Trial_3_trim.WAV,9.0,12.0,False,0,False,False,False,0,False,0,False,True,0
/mnt/class_data/Shelby/One_Minute_Audio/EF04_Trial_3_trim.WAV,12.0,15.0,False,0,False,False,False,0,True,0,False,False,0
/mnt/class_data/Shelby/One_Minute_Audio/EF04_Trial_3_trim.WAV,15.0,18.0,False,0,True,False,False,0,True,0,False,False,0
/mnt/class_data/Shelby/One_Minute_Audio/EF04_Trial_3_trim.WAV,18.0,21.0,False,0,False,False,False,0,False,0,False,True,0
/mnt/class_data/Shelby/One_Minute_Audio/EF04_Trial_3_trim.WAV,21.0,24.0,False,0,False,False,False,0,False,0,False,False,0
/mnt/class_data/Shelby/One_Minute_Audio/EF04_Trial_3_trim.WAV,24.0,27.0,False,0,False,False,False,0,False,0,False,True,0
/mnt/class_data/Shelby/One_Minute_Audio/EF04_Trial_3_trim.WAV,27.0,30.0,False,0,False,False,False,0,True,0,False,False,0
/mnt/class_data/Shelby/One_Minute_Audio/EF04_Trial_3_trim.WAV,30.0,33.0,False,0,False,False,False,0,False,0,False,True,0
/mnt/class_data/Shelby/One_Minute_Audio/EF04_Trial_3_trim.WAV,33.0,36.0,False,0,False,False,False,0,True,0,False,False,0
/mnt/class_data/Shelby/One_Minute_Audio/EF04_Trial_3_trim.WAV,36.0,39.0,False,0,False,False,False,0,True,0,False,False,0
/mnt/class_data/Shelby/One_Minute_Audio/EF04_Trial_3_trim.WAV,39.0,42.0,False,0,False,False,False,0,True,0,False,False,0
/mnt/class_data/Shelby/One_Minute_Audio/EF04_Trial_3_trim.WAV,42.0,45.0,False,0,False,False,False,0,False,0,False,False,0
/mnt/class_data/Shelby/One_Minute_Audio/EF04_Trial_3_trim.WAV,45.0,48.0,False,0,True,False,False,0,False,0,False,False,0
/mnt/class_data/Shelby/One_Minute_Audio/EF04_Trial_3_trim.WAV,48.0,51.0,False,0,False,False,False,0,False,0,False,False,0
/mnt/class_data/Shelby/One_Minute_Audio/EF04_Trial_3_trim.WAV,51.0,54.0,False,0,False,False,False,0,False,0,False,False,0
/mnt/class_data/Shelby/One_Minute_Audio/EF04_Trial_3_trim.WAV,54.0,57.0,False,0,True,False,False,0,True,0,False,False,0
/mnt/class_data/Shelby/One_Minute_Audio/EF04_Trial_3_trim.WAV,57.0,60.0,False,0,False,False,False,0,False,0,False,False,0
/mnt/class_data/Shelby/One_Minute_Audio/SL21_Trial_2_trim.WAV,0.0,3.0,True,0,False,False,False,0,False,0,False,False,0
/mnt/class_data/Shelby/One_Minute_Audio/SL21_Trial_2_trim.WAV,3.0,6.0,True,0,False,False,False,0,False,0,False,False,0
/mnt/class_data/Shelby/One_Minute_Audio/SL21_Trial_2_trim.WAV,6.0,9.0,True,0,False,False,False,0,False,0,False,False,0
/mnt/class_data/Shelby/One_Minute_Audio/SL21_Trial_2_trim.WAV,9.0,12.0,True,0,False,False,True,0,False,0,False,False,0
/mnt/class_data/Shelby/One_Minute_Audio/SL21_Trial_2_trim.WAV,12.0,15.0,True,0,False,False,True,0,False,0,False,False,0
/mnt/class_data/Shelby/One_Minute_Audio/SL21_Trial_2_trim.WAV,15.0,18.0,False,0,True,False,True,0,False,0,False,False,0
/mnt/class_data/Shelby/One_Minute_Audio/SL21_Trial_2_trim.WAV,18.0,21.0,False,0,True,False,True,0,False,0,False,False,0
/mnt/class_data/Shelby/One_Minute_Audio/SL21_Trial_2_trim.WAV,21.0,24.0,False,0,True,False,True,0,False,0,False,False,0
/mnt/class_data/Shelby/One_Minute_Audio/SL21_Trial_2_trim.WAV,24.0,27.0,False,0,True,False,True,0,False,0,False,False,0
/mnt/class_data/Shelby/One_Minute_Audio/SL21_Trial_2_trim.WAV,27.0,30.0,False,0,True,False,True,0,False,0,False,False,0
/mnt/class_data/Shelby/One_Minute_Audio/SL21_Trial_2_trim.WAV,30.0,33.0,False,0,True,False,True,0,False,0,False,False,0
/mnt/class_data/Shelby/One_Minute_Audio/SL21_Trial_2_trim.WAV,33.0,36.0,False,0,True,False,True,0,False,0,False,False,0
/mnt/class_data/Shelby/One_Minute_Audio/SL21_Trial_2_trim.WAV,36.0,39.0,False,0,True,False,True,0,False,0,False,False,0
/mnt/class_data/Shelby/One_Minute_Audio/SL21_Trial_2_trim.WAV,39.0,42.0,False,0,True,False,True,0,False,0,False,False,0
/mnt/class_data/Shelby/One_Minute_Audio/SL21_Trial_2_trim.WAV,42.0,45.0,False,0,True,False,True,0,False,0,False,False,0
/mnt/class_data/Shelby/One_Minute_Audio/SL21_Trial_2_trim.WAV,45.0,48.0,False,0,True,False,True,0,False,0,False,False,0
/mnt/class_data/Shelby/One_Minute_Audio/SL21_Trial_2_trim.WAV,48.0,51.0,False,0,True,False,True,0,False,0,False,False,0
/mnt/class_data/Shelby/One_Minute_Audio/SL21_Trial_2_trim.WAV,51.0,54.0,False,0,True,False,True,0,False,0,False,False,0
/mnt/class_data/Shelby/One_Minute_Audio/SL21_Trial_2_trim.WAV,54.0,57.0,False,0,True,False,True,0,False,0,False,False,0
/mnt/class_data/Shelby/One_Minute_Audio/SL21_Trial_2_trim.WAV,57.0,60.0,False,0,True,False,True,0,False,0,False,False,0
/mnt/class_data/Shelby/One_Minute_Audio/SL17a_Trial_2_trim.WAV,0.0,3.0,False,0,False,False,False,0,False,0,False,False,1
/mnt/class_data/Shelby/One_Minute_Audio/SL17a_Trial_2_trim.WAV,3.0,6.0,False,0,False,False,False,0,False,0,False,False,1
/mnt/class_data/Shelby/One_Minute_Audio/SL17a_Trial_2_trim.WAV,6.0,9.0,False,0,False,False,False,0,False,0,False,False,1
/mnt/class_data/Shelby/One_Minute_Audio/SL17a_Trial_2_trim.WAV,9.0,12.0,False,0,False,False,False,0,False,0,False,False,1
/mnt/class_data/Shelby/One_Minute_Audio/SL17a_Trial_2_trim.WAV,12.0,15.0,False,0,False,False,False,0,False,0,False,False,1
/mnt/class_data/Shelby/One_Minute_Audio/SL17a_Trial_2_trim.WAV,15.0,18.0,False,0,False,False,False,0,False,0,False,False,1
/mnt/class_data/Shelby/One_Minute_Audio/SL17a_Trial_2_trim.WAV,18.0,21.0,False,0,False,False,False,0,False,0,False,False,1
/mnt/class_data/Shelby/One_Minute_Audio/SL17a_Trial_2_trim.WAV,21.0,24.0,False,0,False,False,False,0,False,0,False,False,0
/mnt/class_data/Shelby/One_Minute_Audio/SL17a_Trial_2_trim.WAV,24.0,27.0,False,0,False,False,False,0,False,0,False,False,1
/mnt/class_data/Shelby/One_Minute_Audio/SL17a_Trial_2_trim.WAV,27.0,30.0,False,0,False,False,False,0,False,0,False,False,1
/mnt/class_data/Shelby/One_Minute_Audio/SL17a_Trial_2_trim.WAV,30.0,33.0,False,0,False,False,False,0,False,0,False,False,1
/mnt/class_data/Shelby/One_Minute_Audio/SL17a_Trial_2_trim.WAV,33.0,36.0,False,0,False,False,False,0,False,0,False,False,1
/mnt/class_data/Shelby/One_Minute_Audio/SL17a_Trial_2_trim.WAV,36.0,39.0,False,0,False,False,False,0,False,0,False,False,1
/mnt/class_data/Shelby/One_Minute_Audio/SL17a_Trial_2_trim.WAV,39.0,42.0,False,0,True,False,False,0,True,0,False,False,1
/mnt/class_data/Shelby/One_Minute_Audio/SL17a_Trial_2_trim.WAV,42.0,45.0,False,0,False,False,False,0,True,0,False,False,0
/mnt/class_data/Shelby/One_Minute_Audio/SL17a_Trial_2_trim.WAV,45.0,48.0,False,0,False,False,False,0,False,0,False,False,1
/mnt/class_data/Shelby/One_Minute_Audio/SL17a_Trial_2_trim.WAV,48.0,51.0,False,0,False,False,False,0,True,0,False,False,1
/mnt/class_data/Shelby/One_Minute_Audio/SL17a_Trial_2_trim.WAV,51.0,54.0,False,0,False,False,False,0,False,0,False,False,1
/mnt/class_data/Shelby/One_Minute_Audio/SL17a_Trial_2_trim.WAV,54.0,57.0,False,0,False,False,False,0,False,0,False,False,1
/mnt/class_data/Shelby/One_Minute_Audio/SL17a_Trial_2_trim.WAV,57.0,60.0,False,0,False,False,False,0,False,0,False,False,1
/mnt/class_data/Shelby/One_Minute_Audio/SL02_Trial_1_trim.WAV,0.0,3.0,False,0,True,False,False,0,False,0,False,False,0
/mnt/class_data/Shelby/One_Minute_Audio/SL02_Trial_1_trim.WAV,3.0,6.0,False,0,False,False,False,0,False,0,False,False,0
/mnt/class_data/Shelby/One_Minute_Audio/SL02_Trial_1_trim.WAV,6.0,9.0,False,0,True,False,False,0,False,0,False,False,0
/mnt/class_data/Shelby/One_Minute_Audio/SL02_Trial_1_trim.WAV,9.0,12.0,False,0,True,False,False,0,False,0,False,False,0
/mnt/class_data/Shelby/One_Minute_Audio/SL02_Trial_1_trim.WAV,12.0,15.0,False,0,False,False,False,0,False,0,False,False,0
/mnt/class_data/Shelby/One_Minute_Audio/SL02_Trial_1_trim.WAV,15.0,18.0,False,0,False,False,False,0,False,0,False,False,0
/mnt/class_data/Shelby/One_Minute_Audio/SL02_Trial_1_trim.WAV,18.0,21.0,False,0,False,False,False,0,False,0,False,False,0
/mnt/class_data/Shelby/One_Minute_Audio/SL02_Trial_1_trim.WAV,21.0,24.0,False,0,False,False,False,0,False,0,False,False,0
/mnt/class_data/Shelby/One_Minute_Audio/SL02_Trial_1_trim.WAV,24.0,27.0,False,0,False,False,False,0,False,0,False,False,0
/mnt/class_data/Shelby/One_Minute_Audio/SL02_Trial_1_trim.WAV,27.0,30.0,False,0,False,False,False,0,False,0,False,False,0
/mnt/class_data/Shelby/One_Minute_Audio/SL02_Trial_1_trim.WAV,30.0,33.0,False,0,False,False,False,0,False,0,False,False,0
/mnt/class_data/Shelby/One_Minute_Audio/SL02_Trial_1_trim.WAV,33.0,36.0,False,0,False,False,False,0,False,0,False,False,0
/mnt/class_data/Shelby/One_Minute_Audio/SL02_Trial_1_trim.WAV,36.0,39.0,False,0,False,False,False,0,False,0,False,False,0
/mnt/class_data/Shelby/One_Minute_Audio/SL02_Trial_1_trim.WAV,39.0,42.0,False,0,False,False,False,0,False,0,False,False,0
/mnt/class_data/Shelby/One_Minute_Audio/SL02_Trial_1_trim.WAV,42.0,45.0,False,0,False,False,False,0,False,0,False,False,0
/mnt/class_data/Shelby/One_Minute_Audio/SL02_Trial_1_trim.WAV,45.0,48.0,False,0,True,False,False,0,False,0,False,False,0
/mnt/class_data/Shelby/One_Minute_Audio/SL02_Trial_1_trim.WAV,48.0,51.0,False,0,True,False,False,0,False,0,False,False,0
/mnt/class_data/Shelby/One_Minute_Audio/SL02_Trial_1_trim.WAV,51.0,54.0,False,0,True,False,False,0,False,0,False,False,0
/mnt/class_data/Shelby/One_Minute_Audio/SL02_Trial_1_trim.WAV,54.0,57.0,True,0,True,False,False,0,False,0,False,False,0
/mnt/class_data/Shelby/One_Minute_Audio/SL02_Trial_1_trim.WAV,57.0,60.0,False,0,True,False,False,0,False,0,False,False,0
/mnt/class_data/Shelby/One_Minute_Audio/SL01_Trial_3_trim.WAV,0.0,3.0,False,0,False,False,False,0,False,0,False,False,0
/mnt/class_data/Shelby/One_Minute_Audio/SL01_Trial_3_trim.WAV,3.0,6.0,False,0,True,False,False,0,False,0,False,False,0
/mnt/class_data/Shelby/One_Minute_Audio/SL01_Trial_3_trim.WAV,6.0,9.0,False,0,False,False,False,0,False,0,False,False,0
/mnt/class_data/Shelby/One_Minute_Audio/SL01_Trial_3_trim.WAV,9.0,12.0,False,0,False,False,False,0,False,0,False,False,0
/mnt/class_data/Shelby/One_Minute_Audio/SL01_Trial_3_trim.WAV,12.0,15.0,False,0,False,False,False,0,True,0,False,False,0
/mnt/class_data/Shelby/One_Minute_Audio/SL01_Trial_3_trim.WAV,15.0,18.0,False,0,False,False,False,0,False,0,False,False,0
/mnt/class_data/Shelby/One_Minute_Audio/SL01_Trial_3_trim.WAV,18.0,21.0,False,0,True,False,False,0,True,0,False,False,0
/mnt/class_data/Shelby/One_Minute_Audio/SL01_Trial_3_trim.WAV,21.0,24.0,False,0,False,False,False,0,False,0,False,False,0
/mnt/class_data/Shelby/One_Minute_Audio/SL01_Trial_3_trim.WAV,24.0,27.0,False,0,False,False,False,0,False,0,False,False,0
/mnt/class_data/Shelby/One_Minute_Audio/SL01_Trial_3_trim.WAV,27.0,30.0,False,0,False,False,False,0,True,0,False,False,0
/mnt/class_data/Shelby/One_Minute_Audio/SL01_Trial_3_trim.WAV,30.0,33.0,False,0,False,False,False,0,True,0,False,False,0
/mnt/class_data/Shelby/One_Minute_Audio/SL01_Trial_3_trim.WAV,33.0,36.0,False,0,False,False,False,0,False,0,False,False,0
/mnt/class_data/Shelby/One_Minute_Audio/SL01_Trial_3_trim.WAV,36.0,39.0,True,0,False,False,False,0,False,0,False,False,0
/mnt/class_data/Shelby/One_Minute_Audio/SL01_Trial_3_trim.WAV,39.0,42.0,False,0,False,False,False,0,False,0,False,False,0
/mnt/class_data/Shelby/One_Minute_Audio/SL01_Trial_3_trim.WAV,42.0,45.0,False,0,False,False,False,0,False,0,False,False,0
/mnt/class_data/Shelby/One_Minute_Audio/SL01_Trial_3_trim.WAV,45.0,48.0,False,0,True,False,False,0,False,0,False,False,0
/mnt/class_data/Shelby/One_Minute_Audio/SL01_Trial_3_trim.WAV,48.0,51.0,False,0,True,False,False,0,False,0,False,False,0
/mnt/class_data/Shelby/One_Minute_Audio/SL01_Trial_3_trim.WAV,51.0,54.0,False,0,True,False,False,0,True,0,False,False,0
/mnt/class_data/Shelby/One_Minute_Audio/SL01_Trial_3_trim.WAV,54.0,57.0,False,0,False,False,False,0,False,0,False,False,0
/mnt/class_data/Shelby/One_Minute_Audio/SL01_Trial_3_trim.WAV,57.0,60.0,False,0,True,False,False,0,True,0,False,False,0
/mnt/class_data/Shelby/One_Minute_Audio/AZ15_Trial_1_trim.WAV,0.0,3.0,False,1,True,False,False,0,False,1,False,False,0
/mnt/class_data/Shelby/One_Minute_Audio/AZ15_Trial_1_trim.WAV,3.0,6.0,False,1,True,False,False,0,False,1,False,False,0
/mnt/class_data/Shelby/One_Minute_Audio/AZ15_Trial_1_trim.WAV,6.0,9.0,False,1,True,False,False,0,False,0,False,False,0
/mnt/class_data/Shelby/One_Minute_Audio/AZ15_Trial_1_trim.WAV,9.0,12.0,False,1,False,False,False,0,False,1,False,False,0
/mnt/class_data/Shelby/One_Minute_Audio/AZ15_Trial_1_trim.WAV,12.0,15.0,False,1,False,False,False,0,False,0,False,False,0
/mnt/class_data/Shelby/One_Minute_Audio/AZ15_Trial_1_trim.WAV,15.0,18.0,False,0,True,False,False,0,False,0,False,False,0
/mnt/class_data/Shelby/One_Minute_Audio/AZ15_Trial_1_trim.WAV,18.0,21.0,False,0,True,False,False,0,False,0,False,False,0
/mnt/class_data/Shelby/One_Minute_Audio/AZ15_Trial_1_trim.WAV,21.0,24.0,False,0,True,False,False,0,False,0,False,False,0
/mnt/class_data/Shelby/One_Minute_Audio/AZ15_Trial_1_trim.WAV,24.0,27.0,False,1,True,False,False,0,False,1,False,False,0
/mnt/class_data/Shelby/One_Minute_Audio/AZ15_Trial_1_trim.WAV,27.0,30.0,False,1,True,False,False,0,False,1,False,False,0
/mnt/class_data/Shelby/One_Minute_Audio/AZ15_Trial_1_trim.WAV,30.0,33.0,False,1,True,False,False,0,False,1,False,False,0
/mnt/class_data/Shelby/One_Minute_Audio/AZ15_Trial_1_trim.WAV,33.0,36.0,False,1,True,False,False,0,False,1,False,False,0
/mnt/class_data/Shelby/One_Minute_Audio/AZ15_Trial_1_trim.WAV,36.0,39.0,False,1,True,False,False,0,False,1,False,False,0
/mnt/class_data/Shelby/One_Minute_Audio/AZ15_Trial_1_trim.WAV,39.0,42.0,False,0,True,False,False,0,False,1,False,False,0
/mnt/class_data/Shelby/One_Minute_Audio/AZ15_Trial_1_trim.WAV,42.0,45.0,False,1,True,False,False,0,False,1,False,False,0
/mnt/class_data/Shelby/One_Minute_Audio/AZ15_Trial_1_trim.WAV,45.0,48.0,False,1,True,False,False,0,False,0,False,False,0
/mnt/class_data/Shelby/One_Minute_Audio/AZ15_Trial_1_trim.WAV,48.0,51.0,False,0,True,False,False,0,False,0,False,False,0
/mnt/class_data/Shelby/One_Minute_Audio/AZ15_Trial_1_trim.WAV,51.0,54.0,False,0,True,False,False,0,False,1,False,False,0
/mnt/class_data/Shelby/One_Minute_Audio/AZ15_Trial_1_trim.WAV,54.0,57.0,False,0,True,False,False,0,False,0,False,False,0
/mnt/class_data/Shelby/One_Minute_Audio/AZ15_Trial_1_trim.WAV,57.0,60.0,False,1,True,False,False,0,False,0,False,False,0
/mnt/class_data/Shelby/One_Minute_Audio/SL21_Trial_1_trim.WAV,0.0,3.0,True,0,True,False,False,0,False,1,False,False,1
/mnt/class_data/Shelby/One_Minute_Audio/SL21_Trial_1_trim.WAV,3.0,6.0,False,0,True,False,False,0,False,0,False,False,0
/mnt/class_data/Shelby/One_Minute_Audio/SL21_Trial_1_trim.WAV,6.0,9.0,False,0,True,False,True,0,False,0,False,False,0
/mnt/class_data/Shelby/One_Minute_Audio/SL21_Trial_1_trim.WAV,9.0,12.0,False,0,True,False,True,0,False,0,False,False,0
/mnt/class_data/Shelby/One_Minute_Audio/SL21_Trial_1_trim.WAV,12.0,15.0,False,0,True,False,True,0,False,1,False,False,0
/mnt/class_data/Shelby/One_Minute_Audio/SL21_Trial_1_trim.WAV,15.0,18.0,True,0,True,False,False,0,False,1,False,False,1
/mnt/class_data/Shelby/One_Minute_Audio/SL21_Trial_1_trim.WAV,18.0,21.0,True,0,True,False,True,0,False,0,False,False,1
/mnt/class_data/Shelby/One_Minute_Audio/SL21_Trial_1_trim.WAV,21.0,24.0,True,0,True,False,True,0,False,1,False,False,1
/mnt/class_data/Shelby/One_Minute_Audio/SL21_Trial_1_trim.WAV,24.0,27.0,True,0,False,False,True,0,False,0,False,False,0
/mnt/class_data/Shelby/One_Minute_Audio/SL21_Trial_1_trim.WAV,27.0,30.0,False,0,True,False,True,0,False,0,False,False,0
/mnt/class_data/Shelby/One_Minute_Audio/SL21_Trial_1_trim.WAV,30.0,33.0,True,0,True,False,False,0,False,1,False,False,0
/mnt/class_data/Shelby/One_Minute_Audio/SL21_Trial_1_trim.WAV,33.0,36.0,True,0,True,False,False,0,False,1,False,False,0
/mnt/class_data/Shelby/One_Minute_Audio/SL21_Trial_1_trim.WAV,36.0,39.0,False,0,True,False,False,0,False,1,False,False,0
/mnt/class_data/Shelby/One_Minute_Audio/SL21_Trial_1_trim.WAV,39.0,42.0,False,0,True,False,False,0,False,1,False,False,0
/mnt/class_data/Shelby/One_Minute_Audio/SL21_Trial_1_trim.WAV,42.0,45.0,False,0,True,False,False,0,False,1,False,False,0
/mnt/class_data/Shelby/One_Minute_Audio/SL21_Trial_1_trim.WAV,45.0,48.0,True,0,True,False,False,0,False,1,False,False,0
/mnt/class_data/Shelby/One_Minute_Audio/SL21_Trial_1_trim.WAV,48.0,51.0,False,0,True,False,False,0,False,1,False,False,0
/mnt/class_data/Shelby/One_Minute_Audio/SL21_Trial_1_trim.WAV,51.0,54.0,True,0,True,False,True,0,False,0,False,False,0
/mnt/class_data/Shelby/One_Minute_Audio/SL21_Trial_1_trim.WAV,54.0,57.0,False,0,True,False,False,0,False,1,False,False,0
/mnt/class_data/Shelby/One_Minute_Audio/SL21_Trial_1_trim.WAV,57.0,60.0,False,0,True,False,True,0,False,0,False,False,0
/mnt/class_data/Shelby/One_Minute_Audio/SL42_Trial_1_trim.WAV,0.0,3.0,True,0,True,False,False,0,False,0,False,False,0
/mnt/class_data/Shelby/One_Minute_Audio/SL42_Trial_1_trim.WAV,3.0,6.0,False,0,True,False,False,0,False,0,False,False,0
/mnt/class_data/Shelby/One_Minute_Audio/SL42_Trial_1_trim.WAV,6.0,9.0,True,0,True,False,False,0,False,0,False,False,1
/mnt/class_data/Shelby/One_Minute_Audio/SL42_Trial_1_trim.WAV,9.0,12.0,True,0,True,False,False,0,False,0,False,False,0
/mnt/class_data/Shelby/One_Minute_Audio/SL42_Trial_1_trim.WAV,12.0,15.0,True,0,True,False,False,0,False,0,False,False,0
/mnt/class_data/Shelby/One_Minute_Audio/SL42_Trial_1_trim.WAV,15.0,18.0,True,0,True,False,False,0,False,0,False,False,0
/mnt/class_data/Shelby/One_Minute_Audio/SL42_Trial_1_trim.WAV,18.0,21.0,True,0,True,False,False,0,False,0,False,False,0
/mnt/class_data/Shelby/One_Minute_Audio/SL42_Trial_1_trim.WAV,21.0,24.0,True,0,True,False,False,0,False,0,False,False,0
/mnt/class_data/Shelby/One_Minute_Audio/SL42_Trial_1_trim.WAV,24.0,27.0,True,0,True,False,False,0,False,1,False,False,1
/mnt/class_data/Shelby/One_Minute_Audio/SL42_Trial_1_trim.WAV,27.0,30.0,True,0,True,False,False,0,False,0,False,False,0
/mnt/class_data/Shelby/One_Minute_Audio/SL42_Trial_1_trim.WAV,30.0,33.0,True,0,True,False,False,0,False,0,False,False,0
/mnt/class_data/Shelby/One_Minute_Audio/SL42_Trial_1_trim.WAV,33.0,36.0,True,0,True,False,False,0,False,0,False,False,1
/mnt/class_data/Shelby/One_Minute_Audio/SL42_Trial_1_trim.WAV,36.0,39.0,True,0,True,False,False,0,False,0,False,False,1
/mnt/class_data/Shelby/One_Minute_Audio/SL42_Trial_1_trim.WAV,39.0,42.0,True,0,True,False,False,0,False,0,False,False,0
/mnt/class_data/Shelby/One_Minute_Audio/SL42_Trial_1_trim.WAV,42.0,45.0,True,0,True,False,False,0,False,0,False,False,1
/mnt/class_data/Shelby/One_Minute_Audio/SL42_Trial_1_trim.WAV,45.0,48.0,True,0,True,False,False,0,False,0,False,False,0
/mnt/class_data/Shelby/One_Minute_Audio/SL42_Trial_1_trim.WAV,48.0,51.0,False,0,True,False,False,0,False,0,False,False,0
/mnt/class_data/Shelby/One_Minute_Audio/SL42_Trial_1_trim.WAV,51.0,54.0,True,0,True,False,False,0,False,0,False,False,0
/mnt/class_data/Shelby/One_Minute_Audio/SL42_Trial_1_trim.WAV,54.0,57.0,True,0,True,False,False,0,False,0,False,False,0
/mnt/class_data/Shelby/One_Minute_Audio/SL42_Trial_1_trim.WAV,57.0,60.0,True,0,True,False,False,0,False,0,False,False,0
/mnt/class_data/Shelby/One_Minute_Audio/SL56_Trial_3_trim.WAV,0.0,3.0,False,0,True,False,False,0,False,0,False,False,0
/mnt/class_data/Shelby/One_Minute_Audio/SL56_Trial_3_trim.WAV,3.0,6.0,False,0,True,False,False,0,False,0,False,False,0
/mnt/class_data/Shelby/One_Minute_Audio/SL56_Trial_3_trim.WAV,6.0,9.0,False,0,True,False,False,0,False,0,False,False,0
/mnt/class_data/Shelby/One_Minute_Audio/SL56_Trial_3_trim.WAV,9.0,12.0,False,0,True,False,False,0,False,0,False,False,0
/mnt/class_data/Shelby/One_Minute_Audio/SL56_Trial_3_trim.WAV,12.0,15.0,False,0,True,False,False,0,False,0,False,False,0
/mnt/class_data/Shelby/One_Minute_Audio/SL56_Trial_3_trim.WAV,15.0,18.0,False,0,True,False,False,0,False,0,False,False,0
/mnt/class_data/Shelby/One_Minute_Audio/SL56_Trial_3_trim.WAV,18.0,21.0,True,0,False,False,False,0,False,0,False,False,0
/mnt/class_data/Shelby/One_Minute_Audio/SL56_Trial_3_trim.WAV,21.0,24.0,True,0,False,False,False,0,False,0,False,False,0
/mnt/class_data/Shelby/One_Minute_Audio/SL56_Trial_3_trim.WAV,24.0,27.0,False,0,False,False,False,0,False,0,False,False,0
/mnt/class_data/Shelby/One_Minute_Audio/SL56_Trial_3_trim.WAV,27.0,30.0,False,0,True,False,False,0,False,0,False,False,0
/mnt/class_data/Shelby/One_Minute_Audio/SL56_Trial_3_trim.WAV,30.0,33.0,False,0,True,False,False,0,False,0,False,False,0
/mnt/class_data/Shelby/One_Minute_Audio/SL56_Trial_3_trim.WAV,33.0,36.0,True,0,False,False,False,0,False,0,False,False,0
/mnt/class_data/Shelby/One_Minute_Audio/SL56_Trial_3_trim.WAV,36.0,39.0,True,0,False,False,False,0,False,0,False,False,0
/mnt/class_data/Shelby/One_Minute_Audio/SL56_Trial_3_trim.WAV,39.0,42.0,False,0,True,False,False,0,False,0,False,False,0
/mnt/class_data/Shelby/One_Minute_Audio/SL56_Trial_3_trim.WAV,42.0,45.0,True,0,True,False,False,0,False,0,False,False,0
/mnt/class_data/Shelby/One_Minute_Audio/SL56_Trial_3_trim.WAV,45.0,48.0,False,0,False,False,False,0,False,0,False,False,0
/mnt/class_data/Shelby/One_Minute_Audio/SL56_Trial_3_trim.WAV,48.0,51.0,True,0,False,False,False,0,False,0,False,False,0
/mnt/class_data/Shelby/One_Minute_Audio/SL56_Trial_3_trim.WAV,51.0,54.0,False,0,True,False,False,0,False,0,False,False,0
/mnt/class_data/Shelby/One_Minute_Audio/SL56_Trial_3_trim.WAV,54.0,57.0,False,0,True,False,False,0,False,0,False,False,0
/mnt/class_data/Shelby/One_Minute_Audio/SL56_Trial_3_trim.WAV,57.0,60.0,True,0,False,False,False,0,False,0,False,False,0
/mnt/class_data/Shelby/One_Minute_Audio/SL54_Trial_3_trim.WAV,0.0,3.0,False,0,True,False,False,0,False,0,False,False,0
/mnt/class_data/Shelby/One_Minute_Audio/SL54_Trial_3_trim.WAV,3.0,6.0,False,0,True,False,False,0,False,0,False,False,0
/mnt/class_data/Shelby/One_Minute_Audio/SL54_Trial_3_trim.WAV,6.0,9.0,False,0,True,False,False,0,False,0,False,False,0
/mnt/class_data/Shelby/One_Minute_Audio/SL54_Trial_3_trim.WAV,9.0,12.0,False,0,True,False,False,0,True,0,False,False,0
/mnt/class_data/Shelby/One_Minute_Audio/SL54_Trial_3_trim.WAV,12.0,15.0,False,0,True,False,False,0,False,0,False,False,0
/mnt/class_data/Shelby/One_Minute_Audio/SL54_Trial_3_trim.WAV,15.0,18.0,False,0,True,False,False,0,False,0,False,False,0
/mnt/class_data/Shelby/One_Minute_Audio/SL54_Trial_3_trim.WAV,18.0,21.0,False,0,True,False,False,0,False,0,False,False,0
/mnt/class_data/Shelby/One_Minute_Audio/SL54_Trial_3_trim.WAV,21.0,24.0,False,0,True,False,False,0,False,0,False,False,0
/mnt/class_data/Shelby/One_Minute_Audio/SL54_Trial_3_trim.WAV,24.0,27.0,False,0,True,False,False,0,True,0,False,False,0
/mnt/class_data/Shelby/One_Minute_Audio/SL54_Trial_3_trim.WAV,27.0,30.0,False,0,True,False,False,0,False,0,False,False,0
/mnt/class_data/Shelby/One_Minute_Audio/SL54_Trial_3_trim.WAV,30.0,33.0,False,0,True,False,False,0,False,0,False,False,0
/mnt/class_data/Shelby/One_Minute_Audio/SL54_Trial_3_trim.WAV,33.0,36.0,False,0,True,False,False,0,False,0,False,False,0
/mnt/class_data/Shelby/One_Minute_Audio/SL54_Trial_3_trim.WAV,36.0,39.0,True,0,True,False,False,0,False,0,False,False,0
/mnt/class_data/Shelby/One_Minute_Audio/SL54_Trial_3_trim.WAV,39.0,42.0,False,0,True,False,False,0,False,0,False,False,0
/mnt/class_data/Shelby/One_Minute_Audio/SL54_Trial_3_trim.WAV,42.0,45.0,False,0,True,False,False,0,False,0,False,False,0
/mnt/class_data/Shelby/One_Minute_Audio/SL54_Trial_3_trim.WAV,45.0,48.0,False,0,True,False,False,0,True,0,False,False,0
/mnt/class_data/Shelby/One_Minute_Audio/SL54_Trial_3_trim.WAV,48.0,51.0,False,0,True,False,False,0,False,0,False,False,0
/mnt/class_data/Shelby/One_Minute_Audio/SL54_Trial_3_trim.WAV,51.0,54.0,False,0,True,False,False,0,False,0,False,False,0
/mnt/class_data/Shelby/One_Minute_Audio/SL54_Trial_3_trim.WAV,54.0,57.0,False,0,True,False,False,0,True,0,False,False,0
/mnt/class_data/Shelby/One_Minute_Audio/SL54_Trial_3_trim.WAV,57.0,60.0,False,0,True,False,False,0,False,0,False,False,0
/mnt/class_data/Shelby/One_Minute_Audio/SL56_Trial_2_trim.WAV,0.0,3.0,False,0,True,False,False,0,False,0,False,False,0
/mnt/class_data/Shelby/One_Minute_Audio/SL56_Trial_2_trim.WAV,3.0,6.0,False,0,True,False,False,0,False,0,False,False,0
/mnt/class_data/Shelby/One_Minute_Audio/SL56_Trial_2_trim.WAV,6.0,9.0,False,0,False,False,False,0,False,0,False,False,0
/mnt/class_data/Shelby/One_Minute_Audio/SL56_Trial_2_trim.WAV,9.0,12.0,False,0,True,False,False,0,False,0,False,False,0
/mnt/class_data/Shelby/One_Minute_Audio/SL56_Trial_2_trim.WAV,12.0,15.0,False,0,True,False,False,0,False,0,False,False,0
/mnt/class_data/Shelby/One_Minute_Audio/SL56_Trial_2_trim.WAV,15.0,18.0,False,0,True,False,False,0,False,0,False,False,0
/mnt/class_data/Shelby/One_Minute_Audio/SL56_Trial_2_trim.WAV,18.0,21.0,False,0,False,False,False,0,False,0,False,False,0
/mnt/class_data/Shelby/One_Minute_Audio/SL56_Trial_2_trim.WAV,21.0,24.0,False,0,True,False,False,0,False,0,False,False,0
/mnt/class_data/Shelby/One_Minute_Audio/SL56_Trial_2_trim.WAV,24.0,27.0,True,0,False,False,False,0,False,0,False,False,0
/mnt/class_data/Shelby/One_Minute_Audio/SL56_Trial_2_trim.WAV,27.0,30.0,False,0,True,False,False,0,False,0,False,False,0
/mnt/class_data/Shelby/One_Minute_Audio/SL56_Trial_2_trim.WAV,30.0,33.0,False,0,False,False,False,0,False,0,False,False,0
/mnt/class_data/Shelby/One_Minute_Audio/SL56_Trial_2_trim.WAV,33.0,36.0,False,0,True,False,False,0,False,0,False,False,0
/mnt/class_data/Shelby/One_Minute_Audio/SL56_Trial_2_trim.WAV,36.0,39.0,False,0,True,False,False,0,False,0,False,False,0
/mnt/class_data/Shelby/One_Minute_Audio/SL56_Trial_2_trim.WAV,39.0,42.0,False,0,False,False,False,0,False,0,False,False,0
/mnt/class_data/Shelby/One_Minute_Audio/SL56_Trial_2_trim.WAV,42.0,45.0,False,0,True,False,False,0,False,0,False,False,0
/mnt/class_data/Shelby/One_Minute_Audio/SL56_Trial_2_trim.WAV,45.0,48.0,False,0,False,False,False,0,False,0,False,False,0
/mnt/class_data/Shelby/One_Minute_Audio/SL56_Trial_2_trim.WAV,48.0,51.0,False,0,True,False,False,0,False,0,False,False,0
/mnt/class_data/Shelby/One_Minute_Audio/SL56_Trial_2_trim.WAV,51.0,54.0,False,0,True,False,False,0,False,0,False,False,0
/mnt/class_data/Shelby/One_Minute_Audio/SL56_Trial_2_trim.WAV,54.0,57.0,False,0,False,False,False,0,False,0,False,False,0
/mnt/class_data/Shelby/One_Minute_Audio/SL56_Trial_2_trim.WAV,57.0,60.0,False,0,False,False,False,0,False,0,False,False,0
/mnt/class_data/Shelby/One_Minute_Audio/AZ15_Trial_3_trim.WAV,0.0,3.0,False,0,True,False,False,1,False,0,False,False,0
/mnt/class_data/Shelby/One_Minute_Audio/AZ15_Trial_3_trim.WAV,3.0,6.0,False,0,True,False,False,1,False,0,False,False,0
/mnt/class_data/Shelby/One_Minute_Audio/AZ15_Trial_3_trim.WAV,6.0,9.0,False,0,True,False,False,1,False,0,False,False,0
/mnt/class_data/Shelby/One_Minute_Audio/AZ15_Trial_3_trim.WAV,9.0,12.0,False,0,True,False,False,1,False,0,False,False,0
/mnt/class_data/Shelby/One_Minute_Audio/AZ15_Trial_3_trim.WAV,12.0,15.0,False,0,True,False,False,1,False,0,False,False,0
/mnt/class_data/Shelby/One_Minute_Audio/AZ15_Trial_3_trim.WAV,15.0,18.0,False,0,True,False,False,1,False,0,False,False,0
/mnt/class_data/Shelby/One_Minute_Audio/AZ15_Trial_3_trim.WAV,18.0,21.0,True,0,True,False,False,1,False,0,False,False,0
/mnt/class_data/Shelby/One_Minute_Audio/AZ15_Trial_3_trim.WAV,21.0,24.0,False,0,True,False,False,0,False,0,False,False,0
/mnt/class_data/Shelby/One_Minute_Audio/AZ15_Trial_3_trim.WAV,24.0,27.0,False,0,True,False,False,1,False,0,False,False,0
/mnt/class_data/Shelby/One_Minute_Audio/AZ15_Trial_3_trim.WAV,27.0,30.0,False,0,False,False,False,0,False,0,False,False,0
/mnt/class_data/Shelby/One_Minute_Audio/AZ15_Trial_3_trim.WAV,30.0,33.0,False,0,True,False,False,0,False,0,False,False,0
/mnt/class_data/Shelby/One_Minute_Audio/AZ15_Trial_3_trim.WAV,33.0,36.0,False,0,True,False,False,0,False,0,False,False,0
/mnt/class_data/Shelby/One_Minute_Audio/AZ15_Trial_3_trim.WAV,36.0,39.0,False,0,True,False,False,1,False,0,False,False,0
/mnt/class_data/Shelby/One_Minute_Audio/AZ15_Trial_3_trim.WAV,39.0,42.0,False,0,False,False,False,1,False,0,False,False,0
/mnt/class_data/Shelby/One_Minute_Audio/AZ15_Trial_3_trim.WAV,42.0,45.0,False,0,False,False,False,1,False,0,False,False,0
/mnt/class_data/Shelby/One_Minute_Audio/AZ15_Trial_3_trim.WAV,45.0,48.0,False,0,True,False,False,1,False,0,False,False,0
/mnt/class_data/Shelby/One_Minute_Audio/AZ15_Trial_3_trim.WAV,48.0,51.0,False,0,True,False,False,1,False,0,False,False,0
/mnt/class_data/Shelby/One_Minute_Audio/AZ15_Trial_3_trim.WAV,51.0,54.0,False,0,True,False,False,1,False,0,False,False,0
/mnt/class_data/Shelby/One_Minute_Audio/AZ15_Trial_3_trim.WAV,54.0,57.0,False,0,False,False,False,1,False,0,False,False,0
/mnt/class_data/Shelby/One_Minute_Audio/AZ15_Trial_3_trim.WAV,57.0,60.0,False,0,True,False,False,1,False,0,False,False,0
/mnt/class_data/Shelby/One_Minute_Audio/SL11_Trial_2_trim.WAV,0.0,3.0,False,0,False,False,False,0,False,0,False,True,0
/mnt/class_data/Shelby/One_Minute_Audio/SL11_Trial_2_trim.WAV,3.0,6.0,False,0,False,False,False,0,False,0,False,True,0
/mnt/class_data/Shelby/One_Minute_Audio/SL11_Trial_2_trim.WAV,6.0,9.0,False,0,False,False,False,0,False,0,False,True,0
/mnt/class_data/Shelby/One_Minute_Audio/SL11_Trial_2_trim.WAV,9.0,12.0,False,0,False,False,False,0,False,0,False,True,0
/mnt/class_data/Shelby/One_Minute_Audio/SL11_Trial_2_trim.WAV,12.0,15.0,False,0,False,False,False,0,False,0,False,True,0
/mnt/class_data/Shelby/One_Minute_Audio/SL11_Trial_2_trim.WAV,15.0,18.0,False,0,False,False,False,0,False,0,False,True,0
/mnt/class_data/Shelby/One_Minute_Audio/SL11_Trial_2_trim.WAV,18.0,21.0,False,0,False,False,False,0,False,0,False,True,0
/mnt/class_data/Shelby/One_Minute_Audio/SL11_Trial_2_trim.WAV,21.0,24.0,False,0,False,False,False,0,False,0,False,True,0
/mnt/class_data/Shelby/One_Minute_Audio/SL11_Trial_2_trim.WAV,24.0,27.0,False,0,False,False,False,0,False,0,False,True,0
/mnt/class_data/Shelby/One_Minute_Audio/SL11_Trial_2_trim.WAV,27.0,30.0,False,0,False,False,False,0,False,0,False,True,0
/mnt/class_data/Shelby/One_Minute_Audio/SL11_Trial_2_trim.WAV,30.0,33.0,False,0,False,False,False,0,False,0,False,True,0
/mnt/class_data/Shelby/One_Minute_Audio/SL11_Trial_2_trim.WAV,33.0,36.0,False,0,False,False,False,0,False,0,False,True,0
/mnt/class_data/Shelby/One_Minute_Audio/SL11_Trial_2_trim.WAV,36.0,39.0,False,0,False,False,False,0,False,0,False,True,0
/mnt/class_data/Shelby/One_Minute_Audio/SL11_Trial_2_trim.WAV,39.0,42.0,False,0,False,False,False,0,False,0,False,True,0
/mnt/class_data/Shelby/One_Minute_Audio/SL11_Trial_2_trim.WAV,42.0,45.0,False,0,False,False,False,0,False,0,False,True,0
/mnt/class_data/Shelby/One_Minute_Audio/SL11_Trial_2_trim.WAV,45.0,48.0,False,0,False,False,False,0,False,0,False,True,0
/mnt/class_data/Shelby/One_Minute_Audio/SL11_Trial_2_trim.WAV,48.0,51.0,False,0,False,False,False,0,False,0,False,True,0
/mnt/class_data/Shelby/One_Minute_Audio/SL11_Trial_2_trim.WAV,51.0,54.0,False,0,False,False,False,0,False,0,False,True,0
/mnt/class_data/Shelby/One_Minute_Audio/SL11_Trial_2_trim.WAV,54.0,57.0,False,0,False,False,False,0,False,0,False,True,0
/mnt/class_data/Shelby/One_Minute_Audio/SL11_Trial_2_trim.WAV,57.0,60.0,False,0,False,False,False,0,False,0,False,True,0
/mnt/class_data/Shelby/One_Minute_Audio/SL22_Trial_1_trim.WAV,0.0,3.0,True,0,True,False,False,1,False,0,False,False,0
/mnt/class_data/Shelby/One_Minute_Audio/SL22_Trial_1_trim.WAV,3.0,6.0,False,0,True,False,False,1,False,0,False,False,0
/mnt/class_data/Shelby/One_Minute_Audio/SL22_Trial_1_trim.WAV,6.0,9.0,True,0,True,False,False,0,False,0,False,False,0
/mnt/class_data/Shelby/One_Minute_Audio/SL22_Trial_1_trim.WAV,9.0,12.0,True,0,True,False,False,0,False,0,False,False,0
/mnt/class_data/Shelby/One_Minute_Audio/SL22_Trial_1_trim.WAV,12.0,15.0,False,0,True,False,False,1,False,0,False,False,0
/mnt/class_data/Shelby/One_Minute_Audio/SL22_Trial_1_trim.WAV,15.0,18.0,True,0,True,False,False,0,False,0,False,False,0
/mnt/class_data/Shelby/One_Minute_Audio/SL22_Trial_1_trim.WAV,18.0,21.0,False,0,True,False,False,1,False,0,False,False,0
/mnt/class_data/Shelby/One_Minute_Audio/SL22_Trial_1_trim.WAV,21.0,24.0,True,0,True,False,False,1,False,0,False,False,0
/mnt/class_data/Shelby/One_Minute_Audio/SL22_Trial_1_trim.WAV,24.0,27.0,True,0,True,False,False,1,False,0,False,False,0
/mnt/class_data/Shelby/One_Minute_Audio/SL22_Trial_1_trim.WAV,27.0,30.0,False,0,True,False,False,1,False,0,False,False,0
/mnt/class_data/Shelby/One_Minute_Audio/SL22_Trial_1_trim.WAV,30.0,33.0,True,0,True,False,False,1,False,0,False,False,0
/mnt/class_data/Shelby/One_Minute_Audio/SL22_Trial_1_trim.WAV,33.0,36.0,False,0,True,False,False,0,False,0,False,False,0
/mnt/class_data/Shelby/One_Minute_Audio/SL22_Trial_1_trim.WAV,36.0,39.0,False,0,True,False,False,0,False,0,False,False,0
/mnt/class_data/Shelby/One_Minute_Audio/SL22_Trial_1_trim.WAV,39.0,42.0,False,0,True,False,False,0,False,0,False,False,0
/mnt/class_data/Shelby/One_Minute_Audio/SL22_Trial_1_trim.WAV,42.0,45.0,False,0,True,False,False,0,False,0,False,False,0
/mnt/class_data/Shelby/One_Minute_Audio/SL22_Trial_1_trim.WAV,45.0,48.0,False,0,True,False,False,1,False,0,False,False,0
/mnt/class_data/Shelby/One_Minute_Audio/SL22_Trial_1_trim.WAV,48.0,51.0,False,0,True,False,False,1,False,0,False,False,0
/mnt/class_data/Shelby/One_Minute_Audio/SL22_Trial_1_trim.WAV,51.0,54.0,False,0,True,False,False,1,False,0,False,False,0
/mnt/class_data/Shelby/One_Minute_Audio/SL22_Trial_1_trim.WAV,54.0,57.0,False,0,True,False,False,1,False,0,False,False,0
/mnt/class_data/Shelby/One_Minute_Audio/SL22_Trial_1_trim.WAV,57.0,60.0,False,0,True,False,False,1,False,0,False,False,0
/mnt/class_data/Shelby/One_Minute_Audio/SL11_Trial_1_trim.WAV,0.0,3.0,True,0,False,False,False,0,False,0,False,False,0
/mnt/class_data/Shelby/One_Minute_Audio/SL11_Trial_1_trim.WAV,3.0,6.0,True,0,False,False,False,0,False,0,False,False,0
/mnt/class_data/Shelby/One_Minute_Audio/SL11_Trial_1_trim.WAV,6.0,9.0,True,0,False,False,False,0,False,0,False,False,0
/mnt/class_data/Shelby/One_Minute_Audio/SL11_Trial_1_trim.WAV,9.0,12.0,True,0,False,False,False,0,False,0,False,False,0
/mnt/class_data/Shelby/One_Minute_Audio/SL11_Trial_1_trim.WAV,12.0,15.0,False,0,False,False,False,0,False,0,False,False,0
/mnt/class_data/Shelby/One_Minute_Audio/SL11_Trial_1_trim.WAV,15.0,18.0,False,0,False,False,False,0,False,0,False,False,0
/mnt/class_data/Shelby/One_Minute_Audio/SL11_Trial_1_trim.WAV,18.0,21.0,False,0,False,False,False,0,False,0,False,False,0
/mnt/class_data/Shelby/One_Minute_Audio/SL11_Trial_1_trim.WAV,21.0,24.0,True,0,False,False,False,0,False,0,False,False,0
/mnt/class_data/Shelby/One_Minute_Audio/SL11_Trial_1_trim.WAV,24.0,27.0,False,0,False,False,False,0,False,0,False,False,0
/mnt/class_data/Shelby/One_Minute_Audio/SL11_Trial_1_trim.WAV,27.0,30.0,False,0,False,False,False,0,False,0,False,False,0
/mnt/class_data/Shelby/One_Minute_Audio/SL11_Trial_1_trim.WAV,30.0,33.0,False,0,False,False,False,0,False,0,False,False,0
/mnt/class_data/Shelby/One_Minute_Audio/SL11_Trial_1_trim.WAV,33.0,36.0,False,0,False,False,False,0,False,0,False,True,0
/mnt/class_data/Shelby/One_Minute_Audio/SL11_Trial_1_trim.WAV,36.0,39.0,False,0,False,False,False,0,False,0,False,True,0
/mnt/class_data/Shelby/One_Minute_Audio/SL11_Trial_1_trim.WAV,39.0,42.0,False,0,False,False,False,0,False,0,False,True,0
/mnt/class_data/Shelby/One_Minute_Audio/SL11_Trial_1_trim.WAV,42.0,45.0,False,0,False,False,False,0,False,0,False,True,0
/mnt/class_data/Shelby/One_Minute_Audio/SL11_Trial_1_trim.WAV,45.0,48.0,False,0,False,False,False,0,False,0,False,True,0
/mnt/class_data/Shelby/One_Minute_Audio/SL11_Trial_1_trim.WAV,48.0,51.0,False,0,False,False,False,0,False,0,False,True,0
/mnt/class_data/Shelby/One_Minute_Audio/SL11_Trial_1_trim.WAV,51.0,54.0,False,0,False,False,False,0,False,0,False,True,0
/mnt/class_data/Shelby/One_Minute_Audio/SL11_Trial_1_trim.WAV,54.0,57.0,False,0,False,False,False,0,False,0,False,True,0
/mnt/class_data/Shelby/One_Minute_Audio/SL11_Trial_1_trim.WAV,57.0,60.0,False,0,False,False,False,0,False,0,False,True,0
/mnt/class_data/Shelby/One_Minute_Audio/SL42_Trial_3_trim.WAV,0.0,3.0,True,0,True,False,False,0,False,0,False,False,0
/mnt/class_data/Shelby/One_Minute_Audio/SL42_Trial_3_trim.WAV,3.0,6.0,False,0,True,False,False,0,False,0,False,False,0
/mnt/class_data/Shelby/One_Minute_Audio/SL42_Trial_3_trim.WAV,6.0,9.0,False,0,True,False,False,0,True,0,False,False,1
/mnt/class_data/Shelby/One_Minute_Audio/SL42_Trial_3_trim.WAV,9.0,12.0,False,0,False,False,False,0,False,0,False,False,0
/mnt/class_data/Shelby/One_Minute_Audio/SL42_Trial_3_trim.WAV,12.0,15.0,False,0,False,False,False,0,False,0,False,False,0
/mnt/class_data/Shelby/One_Minute_Audio/SL42_Trial_3_trim.WAV,15.0,18.0,False,0,False,False,False,0,False,0,False,False,1
/mnt/class_data/Shelby/One_Minute_Audio/SL42_Trial_3_trim.WAV,18.0,21.0,False,0,False,False,False,0,True,0,False,False,1
/mnt/class_data/Shelby/One_Minute_Audio/SL42_Trial_3_trim.WAV,21.0,24.0,True,0,False,False,False,0,True,0,False,False,0
/mnt/class_data/Shelby/One_Minute_Audio/SL42_Trial_3_trim.WAV,24.0,27.0,True,0,True,False,False,0,False,0,False,False,1
/mnt/class_data/Shelby/One_Minute_Audio/SL42_Trial_3_trim.WAV,27.0,30.0,True,0,False,False,False,0,False,0,False,False,1
/mnt/class_data/Shelby/One_Minute_Audio/SL42_Trial_3_trim.WAV,30.0,33.0,False,0,True,False,False,0,False,0,False,False,0
/mnt/class_data/Shelby/One_Minute_Audio/SL42_Trial_3_trim.WAV,33.0,36.0,True,0,False,False,False,0,False,0,False,False,0
/mnt/class_data/Shelby/One_Minute_Audio/SL42_Trial_3_trim.WAV,36.0,39.0,False,0,False,False,False,0,False,0,False,False,0
/mnt/class_data/Shelby/One_Minute_Audio/SL42_Trial_3_trim.WAV,39.0,42.0,False,0,True,False,False,0,False,0,False,False,0
/mnt/class_data/Shelby/One_Minute_Audio/SL42_Trial_3_trim.WAV,42.0,45.0,True,0,True,False,False,0,False,0,False,False,1
/mnt/class_data/Shelby/One_Minute_Audio/SL42_Trial_3_trim.WAV,45.0,48.0,False,0,True,False,False,0,False,0,False,False,1
/mnt/class_data/Shelby/One_Minute_Audio/SL42_Trial_3_trim.WAV,48.0,51.0,False,0,True,False,False,0,False,0,False,False,0
/mnt/class_data/Shelby/One_Minute_Audio/SL42_Trial_3_trim.WAV,51.0,54.0,True,0,True,False,False,0,False,0,False,False,0
/mnt/class_data/Shelby/One_Minute_Audio/SL42_Trial_3_trim.WAV,54.0,57.0,False,0,True,False,False,0,False,0,False,False,1
/mnt/class_data/Shelby/One_Minute_Audio/SL42_Trial_3_trim.WAV,57.0,60.0,True,0,True,False,False,0,False,0,False,False,1
/mnt/class_data/Shelby/One_Minute_Audio/SL50_Trial_3_trim.WAV,0.0,3.0,True,0,False,False,False,0,False,0,False,False,0
/mnt/class_data/Shelby/One_Minute_Audio/SL50_Trial_3_trim.WAV,3.0,6.0,True,0,False,False,False,0,False,0,False,False,0
/mnt/class_data/Shelby/One_Minute_Audio/SL50_Trial_3_trim.WAV,6.0,9.0,True,0,True,False,False,0,False,0,False,False,0
/mnt/class_data/Shelby/One_Minute_Audio/SL50_Trial_3_trim.WAV,9.0,12.0,True,0,False,False,False,0,False,0,False,False,0
/mnt/class_data/Shelby/One_Minute_Audio/SL50_Trial_3_trim.WAV,12.0,15.0,True,0,False,False,False,0,False,0,False,False,0
/mnt/class_data/Shelby/One_Minute_Audio/SL50_Trial_3_trim.WAV,15.0,18.0,False,0,True,False,False,0,False,0,False,False,0
/mnt/class_data/Shelby/One_Minute_Audio/SL50_Trial_3_trim.WAV,18.0,21.0,False,0,True,False,False,0,False,0,False,False,0
/mnt/class_data/Shelby/One_Minute_Audio/SL50_Trial_3_trim.WAV,21.0,24.0,False,0,True,False,False,0,False,0,False,False,0
/mnt/class_data/Shelby/One_Minute_Audio/SL50_Trial_3_trim.WAV,24.0,27.0,False,0,True,False,False,0,False,0,False,False,0
/mnt/class_data/Shelby/One_Minute_Audio/SL50_Trial_3_trim.WAV,27.0,30.0,False,0,True,False,False,0,False,0,False,False,0
/mnt/class_data/Shelby/One_Minute_Audio/SL50_Trial_3_trim.WAV,30.0,33.0,False,0,True,False,False,0,False,0,True,False,0
/mnt/class_data/Shelby/One_Minute_Audio/SL50_Trial_3_trim.WAV,33.0,36.0,False,0,True,False,True,0,False,0,False,False,0
/mnt/class_data/Shelby/One_Minute_Audio/SL50_Trial_3_trim.WAV,36.0,39.0,False,0,True,False,False,0,False,0,False,False,1
/mnt/class_data/Shelby/One_Minute_Audio/SL50_Trial_3_trim.WAV,39.0,42.0,False,0,True,False,True,0,False,0,False,False,0
/mnt/class_data/Shelby/One_Minute_Audio/SL50_Trial_3_trim.WAV,42.0,45.0,False,0,True,False,False,0,False,0,False,False,0
/mnt/class_data/Shelby/One_Minute_Audio/SL50_Trial_3_trim.WAV,45.0,48.0,False,0,True,False,False,0,False,0,False,False,0
/mnt/class_data/Shelby/One_Minute_Audio/SL50_Trial_3_trim.WAV,48.0,51.0,False,0,True,False,False,0,False,0,False,False,0
/mnt/class_data/Shelby/One_Minute_Audio/SL50_Trial_3_trim.WAV,51.0,54.0,False,0,True,False,False,0,False,0,False,False,0
/mnt/class_data/Shelby/One_Minute_Audio/SL50_Trial_3_trim.WAV,54.0,57.0,False,0,True,False,True,0,False,0,False,False,0
/mnt/class_data/Shelby/One_Minute_Audio/SL50_Trial_3_trim.WAV,57.0,60.0,False,0,True,False,True,0,False,0,False,False,0
