file,start_time,end_time,calltype_A,calltype_B,calltype_C,calltype_Check,calltype_Cheer,calltype_Chits,calltype_D,calltype_E,calltype_G,calltype_J,calltype_K
/home/Shelby/blackbird_calls/Experiments/Detection_of_calls/Datasets/All_call_classes/Split_data_controlled/OpenSoundScape/Call_audios/padded_3s/SL07_Trial_1_trim_37.44715902_37.57169857_D.WAV,0.0,3.0,False,False,False,False,False,False,True,False,False,False,False
/home/Shelby/blackbird_calls/Experiments/Detection_of_calls/Datasets/All_call_classes/Split_data_controlled/OpenSoundScape/Call_audios/padded_3s/SL10_Trial_1_trim_47.70134954_48.36720022_Cheer.WAV,0.0,3.0,False,False,False,False,True,False,False,False,False,False,False
/home/Shelby/blackbird_calls/Experiments/Detection_of_calls/Datasets/All_call_classes/Split_data_controlled/OpenSoundScape/Call_audios/padded_3s/AZ13_Trial_3_trim_21.29153733_21.35859514_Check.WAV,0.0,3.0,False,False,False,True,False,False,False,False,False,False,False
/home/Shelby/blackbird_calls/Experiments/Detection_of_calls/Datasets/All_call_classes/Split_data_controlled/OpenSoundScape/Call_audios/padded_3s/SL51_Trial_1_trim_57.29257191_58.21124032_Cheer.WAV,0.0,3.0,False,False,False,False,True,False,False,False,False,False,False
/home/Shelby/blackbird_calls/Experiments/Detection_of_calls/Datasets/All_call_classes/Split_data_controlled/OpenSoundScape/Call_audios/padded_3s/AZ15_Trial_1_trim_17.73289918_17.82390596_Check.WAV,0.0,3.0,False,False,False,True,False,False,False,False,False,False,False
/home/Shelby/blackbird_calls/Experiments/Detection_of_calls/Datasets/All_call_classes/Split_data_controlled/OpenSoundScape/Call_audios/padded_3s/SL38_Trial_3_trim_0.5767397_1.295061709_Cheer.WAV,0.0,3.0,False,False,False,False,True,False,False,False,False,False,False
/home/Shelby/blackbird_calls/Experiments/Detection_of_calls/Datasets/All_call_classes/Split_data_controlled/OpenSoundScape/Call_audios/padded_3s/AZ08_Trial_3_trim_59.15989578_60.11164015_Chits.WAV,0.0,3.0,False,False,False,False,False,True,False,False,False,False,False
/home/Shelby/blackbird_calls/Experiments/Detection_of_calls/Datasets/All_call_classes/Split_data_controlled/OpenSoundScape/Call_audios/padded_3s/SL43_Trial_2_trim_28.31064838_28.51885058_Check.WAV,0.0,3.0,False,False,False,True,False,False,False,False,False,False,False
/home/Shelby/blackbird_calls/Experiments/Detection_of_calls/Datasets/All_call_classes/Split_data_controlled/OpenSoundScape/Call_audios/padded_3s/SL02_Trial_3_trim_6.672235859_6.746479085_Check.WAV,0.0,3.0,False,False,False,True,False,False,False,False,False,False,False
/home/Shelby/blackbird_calls/Experiments/Detection_of_calls/Datasets/All_call_classes/Split_data_controlled/OpenSoundScape/Call_audios/padded_3s/SL42_Trial_1_trim_9.316374197_9.737166316_Cheer.WAV,0.0,3.0,False,False,False,False,True,False,False,False,False,False,False
/home/Shelby/blackbird_calls/Experiments/Detection_of_calls/Datasets/All_call_classes/Split_data_controlled/OpenSoundScape/Call_audios/padded_3s/SL52_Trial_3_trim_55.97441673_56.08685136_Check.WAV,0.0,3.0,False,False,False,True,False,False,False,False,False,False,False
/home/Shelby/blackbird_calls/Experiments/Detection_of_calls/Datasets/All_call_classes/Split_data_controlled/OpenSoundScape/Call_audios/padded_3s/SL09_Trial_3_trim_42.94832895_43.11769548_Check.WAV,0.0,3.0,False,False,False,True,False,False,False,False,False,False,False
/home/Shelby/blackbird_calls/Experiments/Detection_of_calls/Datasets/All_call_classes/Split_data_controlled/OpenSoundScape/Call_audios/padded_3s/AZ15_Trial_1_trim_7.22073864_7.335694575_Check.WAV,0.0,3.0,False,False,False,True,False,False,False,False,False,False,False
/home/Shelby/blackbird_calls/Experiments/Detection_of_calls/Datasets/All_call_classes/Split_data_controlled/OpenSoundScape/Call_audios/padded_3s/SL38_Trial_3_trim_10.37803584_11.02348461_Cheer.WAV,0.0,3.0,False,False,False,False,True,False,False,False,False,False,False
/home/Shelby/blackbird_calls/Experiments/Detection_of_calls/Datasets/All_call_classes/Split_data_controlled/OpenSoundScape/Call_audios/padded_3s/SL13_Trial_3_trim_55.86520987_55.94667989_Check.WAV,0.0,3.0,False,False,False,True,False,False,False,False,False,False,False
/home/Shelby/blackbird_calls/Experiments/Detection_of_calls/Datasets/All_call_classes/Split_data_controlled/OpenSoundScape/Call_audios/padded_3s/AZ15_Trial_1_trim_34.93412715_35.07782207_Check.WAV,0.0,3.0,False,False,False,True,False,False,False,False,False,False,False
/home/Shelby/blackbird_calls/Experiments/Detection_of_calls/Datasets/All_call_classes/Split_data_controlled/OpenSoundScape/Call_audios/padded_3s/SL51_Trial_3_trim_22.04655426_22.14960858_Check.WAV,0.0,3.0,False,False,False,True,False,False,False,False,False,False,False
/home/Shelby/blackbird_calls/Experiments/Detection_of_calls/Datasets/All_call_classes/Split_data_controlled/OpenSoundScape/Call_audios/padded_3s/SL50_Trial_3_trim_43.01295225_43.15138597_Check.WAV,0.0,3.0,False,False,False,True,False,False,False,False,False,False,False
/home/Shelby/blackbird_calls/Experiments/Detection_of_calls/Datasets/All_call_classes/Split_data_controlled/OpenSoundScape/Call_audios/padded_3s/SL21_Trial_3_trim_54.80321756_55.54602562_Cheer.WAV,0.0,3.0,False,False,False,False,True,False,False,False,False,False,False
/home/Shelby/blackbird_calls/Experiments/Detection_of_calls/Datasets/All_call_classes/Split_data_controlled/OpenSoundScape/Call_audios/padded_3s/SL07_Trial_3_trim_21.51276517_21.68280416_Check.WAV,0.0,3.0,False,False,False,True,False,False,False,False,False,False,False
/home/Shelby/blackbird_calls/Experiments/Detection_of_calls/Datasets/All_call_classes/Split_data_controlled/OpenSoundScape/Call_audios/padded_3s/SL51_Trial_2_trim_26.82383936_27.3235222_Cheer.WAV,0.0,3.0,False,False,False,False,True,False,False,False,False,False,False
/home/Shelby/blackbird_calls/Experiments/Detection_of_calls/Datasets/All_call_classes/Split_data_controlled/OpenSoundScape/Call_audios/padded_3s/SL30_Trial_2_trim_8.856358155_8.916746182_Check.WAV,0.0,3.0,False,False,False,True,False,False,False,False,False,False,False
/home/Shelby/blackbird_calls/Experiments/Detection_of_calls/Datasets/All_call_classes/Split_data_controlled/OpenSoundScape/Call_audios/padded_3s/SL10_Trial_3_trim_57.4291345_58.04706681_Cheer.WAV,0.0,3.0,False,False,False,False,True,False,False,False,False,False,False
/home/Shelby/blackbird_calls/Experiments/Detection_of_calls/Datasets/All_call_classes/Split_data_controlled/OpenSoundScape/Call_audios/padded_3s/SL16_Trial_2_trim_22.25906819_22.95673008_Chits.WAV,0.0,3.0,False,False,False,False,False,True,False,False,False,False,False
/home/Shelby/blackbird_calls/Experiments/Detection_of_calls/Datasets/All_call_classes/Split_data_controlled/OpenSoundScape/Call_audios/padded_3s/SL07_Trial_3_trim_3.338333302_3.424550253_D.WAV,0.0,3.0,False,False,False,False,False,False,True,False,False,False,False
/home/Shelby/blackbird_calls/Experiments/Detection_of_calls/Datasets/All_call_classes/Split_data_controlled/OpenSoundScape/Call_audios/padded_3s/SL17a_Trial_3_trim_54.383692_54.54608892_J.WAV,0.0,3.0,False,False,False,False,False,False,False,False,False,True,False
/home/Shelby/blackbird_calls/Experiments/Detection_of_calls/Datasets/All_call_classes/Split_data_controlled/OpenSoundScape/Call_audios/padded_3s/AZ02_Trial_3_trim_44.1217472_44.85463455_Cheer.WAV,0.0,3.0,False,False,False,False,True,False,False,False,False,False,False
/home/Shelby/blackbird_calls/Experiments/Detection_of_calls/Datasets/All_call_classes/Split_data_controlled/OpenSoundScape/Call_audios/padded_3s/SL43_Trial_2_trim_49.36799973_49.55954575_Check.WAV,0.0,3.0,False,False,False,True,False,False,False,False,False,False,False
/home/Shelby/blackbird_calls/Experiments/Detection_of_calls/Datasets/All_call_classes/Split_data_controlled/OpenSoundScape/Call_audios/padded_3s/SL52_Trial_3_trim_20.9040562_20.98317686_Check.WAV,0.0,3.0,False,False,False,True,False,False,False,False,False,False,False
/home/Shelby/blackbird_calls/Experiments/Detection_of_calls/Datasets/All_call_classes/Split_data_controlled/OpenSoundScape/Call_audios/padded_3s/SL02_Trial_3_trim_39.51091521_39.66898143_I.WAV,0.0,3.0,False,False,False,False,False,False,True,False,False,False,False
/home/Shelby/blackbird_calls/Experiments/Detection_of_calls/Datasets/All_call_classes/Split_data_controlled/OpenSoundScape/Call_audios/padded_3s/SL09_Trial_3_trim_82.76153838_83.38480719_Cheer.WAV,0.0,3.0,False,False,False,False,True,False,False,False,False,False,False
/home/Shelby/blackbird_calls/Experiments/Detection_of_calls/Datasets/All_call_classes/Split_data_controlled/OpenSoundScape/Call_audios/padded_3s/SL09_Trial_1_trim_31.37662588_31.49525158_Check.WAV,0.0,3.0,False,False,False,True,False,False,False,False,False,False,False
/home/Shelby/blackbird_calls/Experiments/Detection_of_calls/Datasets/All_call_classes/Split_data_controlled/OpenSoundScape/Call_audios/padded_3s/AZ13_Trial_1_trim_2.805752199_2.863241087_Check.WAV,0.0,3.0,False,False,False,True,False,False,False,False,False,False,False
/home/Shelby/blackbird_calls/Experiments/Detection_of_calls/Datasets/All_call_classes/Split_data_controlled/OpenSoundScape/Call_audios/padded_3s/SL51_Trial_3_trim_21.1779535_21.2721746_Check.WAV,0.0,3.0,False,False,False,True,False,False,False,False,False,False,False
/home/Shelby/blackbird_calls/Experiments/Detection_of_calls/Datasets/All_call_classes/Split_data_controlled/OpenSoundScape/Call_audios/padded_3s/SL07_Trial_1_trim_1.657333999_1.7675036_Check.WAV,0.0,3.0,False,False,False,True,False,False,False,False,False,False,False
/home/Shelby/blackbird_calls/Experiments/Detection_of_calls/Datasets/All_call_classes/Split_data_controlled/OpenSoundScape/Call_audios/padded_3s/SL13_Trial_3_trim_17.77424333_17.85231877_Check.WAV,0.0,3.0,False,False,False,True,False,False,False,False,False,False,False
/home/Shelby/blackbird_calls/Experiments/Detection_of_calls/Datasets/All_call_classes/Split_data_controlled/OpenSoundScape/Call_audios/padded_3s/AZ15_Trial_1_trim_32.15123554_32.26140165_D.WAV,0.0,3.0,False,False,False,False,False,False,True,False,False,False,False
/home/Shelby/blackbird_calls/Experiments/Detection_of_calls/Datasets/All_call_classes/Split_data_controlled/OpenSoundScape/Call_audios/padded_3s/SL30_Trial_3_trim_5.471345725_5.565106792_Check.WAV,0.0,3.0,False,False,False,True,False,False,False,False,False,False,False
/home/Shelby/blackbird_calls/Experiments/Detection_of_calls/Datasets/All_call_classes/Split_data_controlled/OpenSoundScape/Call_audios/padded_3s/SL52_Trial_3_trim_29.74544643_29.8620453_Check.WAV,0.0,3.0,False,False,False,True,False,False,False,False,False,False,False
/home/Shelby/blackbird_calls/Experiments/Detection_of_calls/Datasets/All_call_classes/Split_data_controlled/OpenSoundScape/Call_audios/padded_3s/RC02_Trial_1_trim_8.652679698_8.736501734_Check.WAV,0.0,3.0,False,False,False,True,False,False,False,False,False,False,False
/home/Shelby/blackbird_calls/Experiments/Detection_of_calls/Datasets/All_call_classes/Split_data_controlled/OpenSoundScape/Call_audios/padded_3s/SL21_Trial_3_trim_44.6463996_45.04728015_K.WAV,0.0,3.0,False,False,False,False,False,False,False,False,False,False,True
/home/Shelby/blackbird_calls/Experiments/Detection_of_calls/Datasets/All_call_classes/Split_data_controlled/OpenSoundScape/Call_audios/padded_3s/AZ13_Trial_1_trim_35.78221876_35.86605672_Check.WAV,0.0,3.0,False,False,False,True,False,False,False,False,False,False,False
/home/Shelby/blackbird_calls/Experiments/Detection_of_calls/Datasets/All_call_classes/Split_data_controlled/OpenSoundScape/Call_audios/padded_3s/SL11_Trial_2_trim_22.77301795_23.3228477_G.WAV,0.0,3.0,False,False,False,False,False,False,False,False,True,False,False
/home/Shelby/blackbird_calls/Experiments/Detection_of_calls/Datasets/All_call_classes/Split_data_controlled/OpenSoundScape/Call_audios/padded_3s/AZ13_Trial_1_trim_11.72132759_11.78839796_Check.WAV,0.0,3.0,False,False,False,True,False,False,False,False,False,False,False
/home/Shelby/blackbird_calls/Experiments/Detection_of_calls/Datasets/All_call_classes/Split_data_controlled/OpenSoundScape/Call_audios/padded_3s/SL02_Trial_3_trim_27.18130493_27.25075827_Check.WAV,0.0,3.0,False,False,False,True,False,False,False,False,False,False,False
/home/Shelby/blackbird_calls/Experiments/Detection_of_calls/Datasets/All_call_classes/Split_data_controlled/OpenSoundScape/Call_audios/padded_3s/AZ15_Trial_3_trim_9.978406286_10.06985317_C.WAV,0.0,3.0,False,False,True,False,False,False,False,False,False,False,False
/home/Shelby/blackbird_calls/Experiments/Detection_of_calls/Datasets/All_call_classes/Split_data_controlled/OpenSoundScape/Call_audios/padded_3s/SL42_Trial_3_trim_56.76172212_56.85006948_Check.WAV,0.0,3.0,False,False,False,True,False,False,False,False,False,False,False
/home/Shelby/blackbird_calls/Experiments/Detection_of_calls/Datasets/All_call_classes/Split_data_controlled/OpenSoundScape/Call_audios/padded_3s/SL07_Trial_3_trim_58.80419588_58.93831114_Check.WAV,0.0,3.0,False,False,False,True,False,False,False,False,False,False,False
/home/Shelby/blackbird_calls/Experiments/Detection_of_calls/Datasets/All_call_classes/Split_data_controlled/OpenSoundScape/Call_audios/padded_3s/AZ13_Trial_3_trim_52.25344232_52.32528998_Check.WAV,0.0,3.0,False,False,False,True,False,False,False,False,False,False,False
/home/Shelby/blackbird_calls/Experiments/Detection_of_calls/Datasets/All_call_classes/Split_data_controlled/OpenSoundScape/Call_audios/padded_3s/SL54_Trial_2_trim_3.702683179_3.811633845_Check.WAV,0.0,3.0,False,False,False,True,False,False,False,False,False,False,False
/home/Shelby/blackbird_calls/Experiments/Detection_of_calls/Datasets/All_call_classes/Split_data_controlled/OpenSoundScape/Call_audios/padded_3s/SL11_Trial_1_trim_61.12633364_61.67718363_G.WAV,0.0,3.0,False,False,False,False,False,False,False,False,True,False,False
/home/Shelby/blackbird_calls/Experiments/Detection_of_calls/Datasets/All_call_classes/Split_data_controlled/OpenSoundScape/Call_audios/padded_3s/AZ08_Trial_1_trim_54.05259355_54.14404231_C.WAV,0.0,3.0,False,False,True,False,False,False,False,False,False,False,False
/home/Shelby/blackbird_calls/Experiments/Detection_of_calls/Datasets/All_call_classes/Split_data_controlled/OpenSoundScape/Call_audios/padded_3s/SL51_Trial_2_trim_57.32336109_57.82304392_Cheer.WAV,0.0,3.0,False,False,False,False,True,False,False,False,False,False,False
/home/Shelby/blackbird_calls/Experiments/Detection_of_calls/Datasets/All_call_classes/Split_data_controlled/OpenSoundScape/Call_audios/padded_3s/AZ15_Trial_1_trim_57.33559433_57.43618077_Check.WAV,0.0,3.0,False,False,False,True,False,False,False,False,False,False,False
/home/Shelby/blackbird_calls/Experiments/Detection_of_calls/Datasets/All_call_classes/Split_data_controlled/OpenSoundScape/Call_audios/padded_3s/SL54_Trial_1_trim_28.55954469_28.71853706_B.WAV,0.0,3.0,False,True,False,False,False,False,False,False,False,False,False
/home/Shelby/blackbird_calls/Experiments/Detection_of_calls/Datasets/All_call_classes/Split_data_controlled/OpenSoundScape/Call_audios/padded_3s/SL12_Trial_1_trim_7.640805973_7.695845205_Check.WAV,0.0,3.0,False,False,False,True,False,False,False,False,False,False,False
/home/Shelby/blackbird_calls/Experiments/Detection_of_calls/Datasets/All_call_classes/Split_data_controlled/OpenSoundScape/Call_audios/padded_3s/SL11_Trial_1_trim_41.13599634_41.79222634_G.WAV,0.0,3.0,False,False,False,False,False,False,False,False,True,False,False
/home/Shelby/blackbird_calls/Experiments/Detection_of_calls/Datasets/All_call_classes/Split_data_controlled/OpenSoundScape/Call_audios/padded_3s/AZ02_Trial_3_trim_10.68674486_11.453163_Cheer.WAV,0.0,3.0,False,False,False,False,True,False,False,False,False,False,False
/home/Shelby/blackbird_calls/Experiments/Detection_of_calls/Datasets/All_call_classes/Split_data_controlled/OpenSoundScape/Call_audios/padded_3s/SL17b_Trial_2_trim_21.09379919_21.22640899_Check.WAV,0.0,3.0,False,False,False,True,False,False,False,False,False,False,False
/home/Shelby/blackbird_calls/Experiments/Detection_of_calls/Datasets/All_call_classes/Split_data_controlled/OpenSoundScape/Call_audios/padded_3s/AZ15_Trial_1_trim_25.11425416_25.22442027_Check.WAV,0.0,3.0,False,False,False,True,False,False,False,False,False,False,False
/home/Shelby/blackbird_calls/Experiments/Detection_of_calls/Datasets/All_call_classes/Split_data_controlled/OpenSoundScape/Call_audios/padded_3s/SL42_Trial_1_trim_14.78232768_14.9114817_Check.WAV,0.0,3.0,False,False,False,True,False,False,False,False,False,False,False
/home/Shelby/blackbird_calls/Experiments/Detection_of_calls/Datasets/All_call_classes/Split_data_controlled/OpenSoundScape/Call_audios/padded_3s/SL51_Trial_3_trim_41.52469885_41.62775318_Check.WAV,0.0,3.0,False,False,False,True,False,False,False,False,False,False,False
/home/Shelby/blackbird_calls/Experiments/Detection_of_calls/Datasets/All_call_classes/Split_data_controlled/OpenSoundScape/Call_audios/padded_3s/SL52_Trial_3_trim_43.72528311_43.79607528_Check.WAV,0.0,3.0,False,False,False,True,False,False,False,False,False,False,False
/home/Shelby/blackbird_calls/Experiments/Detection_of_calls/Datasets/All_call_classes/Split_data_controlled/OpenSoundScape/Call_audios/padded_3s/SL01_Trial_3_trim_20.13383695_20.18462708_Check.WAV,0.0,3.0,False,False,False,True,False,False,False,False,False,False,False
/home/Shelby/blackbird_calls/Experiments/Detection_of_calls/Datasets/All_call_classes/Split_data_controlled/OpenSoundScape/Call_audios/padded_3s/AZ15_Trial_1_trim_22.61512598_22.68697344_Check.WAV,0.0,3.0,False,False,False,True,False,False,False,False,False,False,False
/home/Shelby/blackbird_calls/Experiments/Detection_of_calls/Datasets/All_call_classes/Split_data_controlled/OpenSoundScape/Call_audios/padded_3s/SL07_Trial_1_trim_39.61890252_39.72428214_D.WAV,0.0,3.0,False,False,False,False,False,False,True,False,False,False,False
/home/Shelby/blackbird_calls/Experiments/Detection_of_calls/Datasets/All_call_classes/Split_data_controlled/OpenSoundScape/Call_audios/padded_3s/SL17a_Trial_3_trim_41.15503209_41.23831256_Check.WAV,0.0,3.0,False,False,False,True,False,False,False,False,False,False,False
/home/Shelby/blackbird_calls/Experiments/Detection_of_calls/Datasets/All_call_classes/Split_data_controlled/OpenSoundScape/Call_audios/padded_3s/SL02_Trial_2_trim_37.16185857_37.21934967_Check.WAV,0.0,3.0,False,False,False,True,False,False,False,False,False,False,False
/home/Shelby/blackbird_calls/Experiments/Detection_of_calls/Datasets/All_call_classes/Split_data_controlled/OpenSoundScape/Call_audios/padded_3s/SL09_Trial_3_trim_17.36748974_17.50298296_Check.WAV,0.0,3.0,False,False,False,True,False,False,False,False,False,False,False
/home/Shelby/blackbird_calls/Experiments/Detection_of_calls/Datasets/All_call_classes/Split_data_controlled/OpenSoundScape/Call_audios/padded_3s/AZ15_Trial_1_trim_46.31190831_46.41249476_M.WAV,0.0,3.0,True,False,False,False,False,False,False,False,False,False,False
/home/Shelby/blackbird_calls/Experiments/Detection_of_calls/Datasets/All_call_classes/Split_data_controlled/OpenSoundScape/Call_audios/padded_3s/SL17a_Trial_3_trim_32.75925528_32.9241422_K.WAV,0.0,3.0,False,False,False,False,False,False,False,False,False,False,True
/home/Shelby/blackbird_calls/Experiments/Detection_of_calls/Datasets/All_call_classes/Split_data_controlled/OpenSoundScape/Call_audios/padded_3s/SL50_Trial_1_trim_25.25070751_25.47973566_M.WAV,0.0,3.0,True,False,False,False,False,False,False,False,False,False,False
/home/Shelby/blackbird_calls/Experiments/Detection_of_calls/Datasets/All_call_classes/Split_data_controlled/OpenSoundScape/Call_audios/padded_3s/RC02_Trial_1_trim_20.34193365_20.42575569_Check.WAV,0.0,3.0,False,False,False,True,False,False,False,False,False,False,False
/home/Shelby/blackbird_calls/Experiments/Detection_of_calls/Datasets/All_call_classes/Split_data_controlled/OpenSoundScape/Call_audios/padded_3s/SL38_Trial_1_trim_36.54585287_36.72703771_E.WAV,0.0,3.0,False,False,False,False,False,False,False,True,False,False,False
/home/Shelby/blackbird_calls/Experiments/Detection_of_calls/Datasets/All_call_classes/Split_data_controlled/OpenSoundScape/Call_audios/padded_3s/AZ15_Trial_1_trim_24.5107355_24.5730033_Check.WAV,0.0,3.0,False,False,False,True,False,False,False,False,False,False,False
/home/Shelby/blackbird_calls/Experiments/Detection_of_calls/Datasets/All_call_classes/Split_data_controlled/OpenSoundScape/Call_audios/padded_3s/SL43_Trial_2_trim_5.749389503_6.436456741_Cheer.WAV,0.0,3.0,False,False,False,False,True,False,False,False,False,False,False
/home/Shelby/blackbird_calls/Experiments/Detection_of_calls/Datasets/All_call_classes/Split_data_controlled/OpenSoundScape/Call_audios/padded_3s/SL22_Trial_1_trim_14.72505781_14.84281312_Check.WAV,0.0,3.0,False,False,False,True,False,False,False,False,False,False,False
/home/Shelby/blackbird_calls/Experiments/Detection_of_calls/Datasets/All_call_classes/Split_data_controlled/OpenSoundScape/Call_audios/padded_3s/AZ15_Trial_1_trim_30.75260499_30.8627711_Check.WAV,0.0,3.0,False,False,False,True,False,False,False,False,False,False,False
/home/Shelby/blackbird_calls/Experiments/Detection_of_calls/Datasets/All_call_classes/Split_data_controlled/OpenSoundScape/Call_audios/padded_3s/SL28_Trial_3_trim_34.53924836_34.63502296_Check.WAV,0.0,3.0,False,False,False,True,False,False,False,False,False,False,False
/home/Shelby/blackbird_calls/Experiments/Detection_of_calls/Datasets/All_call_classes/Split_data_controlled/OpenSoundScape/Call_audios/padded_3s/AZ15_Trial_1_trim_2.696674653_2.859528895_M.WAV,0.0,3.0,True,False,False,False,False,False,False,False,False,False,False
/home/Shelby/blackbird_calls/Experiments/Detection_of_calls/Datasets/All_call_classes/Split_data_controlled/OpenSoundScape/Call_audios/padded_3s/AZ13_Trial_3_trim_53.72057609_53.80200344_Check.WAV,0.0,3.0,False,False,False,True,False,False,False,False,False,False,False
/home/Shelby/blackbird_calls/Experiments/Detection_of_calls/Datasets/All_call_classes/Split_data_controlled/OpenSoundScape/Call_audios/padded_3s/AZ13_Trial_1_trim_57.73523619_57.81188804_Check.WAV,0.0,3.0,False,False,False,True,False,False,False,False,False,False,False
/home/Shelby/blackbird_calls/Experiments/Detection_of_calls/Datasets/All_call_classes/Split_data_controlled/OpenSoundScape/Call_audios/padded_3s/SL49_Trial_2_trim_48.89979608_49.14133279_D.WAV,0.0,3.0,False,False,False,False,False,False,True,False,False,False,False
/home/Shelby/blackbird_calls/Experiments/Detection_of_calls/Datasets/All_call_classes/Split_data_controlled/OpenSoundScape/Call_audios/padded_3s/SL54_Trial_3_trim_52.52247992_52.7308592_Check.WAV,0.0,3.0,False,False,False,True,False,False,False,False,False,False,False
/home/Shelby/blackbird_calls/Experiments/Detection_of_calls/Datasets/All_call_classes/Split_data_controlled/OpenSoundScape/Call_audios/padded_3s/SL22_Trial_1_trim_38.1717179_38.27769767_Check.WAV,0.0,3.0,False,False,False,True,False,False,False,False,False,False,False
/home/Shelby/blackbird_calls/Experiments/Detection_of_calls/Datasets/All_call_classes/Split_data_controlled/OpenSoundScape/Call_audios/padded_3s/SL42_Trial_3_trim_25.50172275_26.46470895_Cheer.WAV,0.0,3.0,False,False,False,False,True,False,False,False,False,False,False
/home/Shelby/blackbird_calls/Experiments/Detection_of_calls/Datasets/All_call_classes/Split_data_controlled/OpenSoundScape/Call_audios/padded_3s/SL42_Trial_2_trim_51.74722469_51.81177023_Check.WAV,0.0,3.0,False,False,False,True,False,False,False,False,False,False,False
/home/Shelby/blackbird_calls/Experiments/Detection_of_calls/Datasets/All_call_classes/Split_data_controlled/OpenSoundScape/Call_audios/padded_3s/SL56_Trial_2_trim_38.46021543_38.55445067_Check.WAV,0.0,3.0,False,False,False,True,False,False,False,False,False,False,False
/home/Shelby/blackbird_calls/Experiments/Detection_of_calls/Datasets/All_call_classes/Split_data_controlled/OpenSoundScape/Call_audios/padded_3s/RC02_Trial_1_trim_12.81419406_12.91957033_Check.WAV,0.0,3.0,False,False,False,True,False,False,False,False,False,False,False
/home/Shelby/blackbird_calls/Experiments/Detection_of_calls/Datasets/All_call_classes/Split_data_controlled/OpenSoundScape/Call_audios/padded_3s/SL10_Trial_3_trim_14.88526561_15.48882739_Cheer.WAV,0.0,3.0,False,False,False,False,True,False,False,False,False,False,False
/home/Shelby/blackbird_calls/Experiments/Detection_of_calls/Datasets/All_call_classes/Split_data_controlled/OpenSoundScape/Call_audios/padded_3s/SL54_Trial_1_trim_52.51900109_52.61174664_Check.WAV,0.0,3.0,False,False,False,True,False,False,False,False,False,False,False
/home/Shelby/blackbird_calls/Experiments/Detection_of_calls/Datasets/All_call_classes/Split_data_controlled/OpenSoundScape/Call_audios/padded_3s/SL54_Trial_1_trim_1.963850113_2.122842476_Check.WAV,0.0,3.0,False,False,False,True,False,False,False,False,False,False,False
/home/Shelby/blackbird_calls/Experiments/Detection_of_calls/Datasets/All_call_classes/Split_data_controlled/OpenSoundScape/Call_audios/padded_3s/SL21_Trial_3_trim_1.998507416_2.154732922_C.WAV,0.0,3.0,False,False,True,False,False,False,False,False,False,False,False
/home/Shelby/blackbird_calls/Experiments/Detection_of_calls/Datasets/All_call_classes/Split_data_controlled/OpenSoundScape/Call_audios/padded_3s/AZ02_Trial_3_trim_18.95927394_19.53408754_Cheer.WAV,0.0,3.0,False,False,False,False,True,False,False,False,False,False,False
/home/Shelby/blackbird_calls/Experiments/Detection_of_calls/Datasets/All_call_classes/Split_data_controlled/OpenSoundScape/Call_audios/padded_3s/SL22_Trial_1_trim_53.88413213_53.97539249_Check.WAV,0.0,3.0,False,False,False,True,False,False,False,False,False,False,False
/home/Shelby/blackbird_calls/Experiments/Detection_of_calls/Datasets/All_call_classes/Split_data_controlled/OpenSoundScape/Call_audios/padded_3s/SL51_Trial_1_trim_55.13583741_55.87783882_Cheer.WAV,0.0,3.0,False,False,False,False,True,False,False,False,False,False,False
/home/Shelby/blackbird_calls/Experiments/Detection_of_calls/Datasets/All_call_classes/Split_data_controlled/OpenSoundScape/Call_audios/padded_3s/SL10_Trial_1_trim_54.63312787_55.25107562_Cheer.WAV,0.0,3.0,False,False,False,False,True,False,False,False,False,False,False
/home/Shelby/blackbird_calls/Experiments/Detection_of_calls/Datasets/All_call_classes/Split_data_controlled/OpenSoundScape/Call_audios/padded_3s/AZ15_Trial_1_trim_19.31833312_19.40455007_Check.WAV,0.0,3.0,False,False,False,True,False,False,False,False,False,False,False
/home/Shelby/blackbird_calls/Experiments/Detection_of_calls/Datasets/All_call_classes/Split_data_controlled/OpenSoundScape/Call_audios/padded_3s/SL38_Trial_3_trim_20.22243437_20.29114343_Check.WAV,0.0,3.0,False,False,False,True,False,False,False,False,False,False,False
/home/Shelby/blackbird_calls/Experiments/Detection_of_calls/Datasets/All_call_classes/Split_data_controlled/OpenSoundScape/Call_audios/padded_3s/AZ13_Trial_1_trim_21.03499506_21.10925154_Check.WAV,0.0,3.0,False,False,False,True,False,False,False,False,False,False,False
/home/Shelby/blackbird_calls/Experiments/Detection_of_calls/Datasets/All_call_classes/Split_data_controlled/OpenSoundScape/Call_audios/padded_3s/SL13_Trial_2_trim_48.06109584_48.17315882_Check.WAV,0.0,3.0,False,False,False,True,False,False,False,False,False,False,False
/home/Shelby/blackbird_calls/Experiments/Detection_of_calls/Datasets/All_call_classes/Split_data_controlled/OpenSoundScape/Call_audios/padded_3s/SL22_Trial_1_trim_53.01274288_53.13049818_Check.WAV,0.0,3.0,False,False,False,True,False,False,False,False,False,False,False
/home/Shelby/blackbird_calls/Experiments/Detection_of_calls/Datasets/All_call_classes/Split_data_controlled/OpenSoundScape/Call_audios/padded_3s/SL21_Trial_3_trim_4.265524324_5.005384739_Cheer.WAV,0.0,3.0,False,False,False,False,True,False,False,False,False,False,False
/home/Shelby/blackbird_calls/Experiments/Detection_of_calls/Datasets/All_call_classes/Split_data_controlled/OpenSoundScape/Call_audios/padded_3s/SL21_Trial_2_trim_49.75144357_50.49785739_K.WAV,0.0,3.0,False,False,False,False,False,False,False,False,False,False,True
/home/Shelby/blackbird_calls/Experiments/Detection_of_calls/Datasets/All_call_classes/Split_data_controlled/OpenSoundScape/Call_audios/padded_3s/SL17a_Trial_3_trim_62.74358904_62.86226372_Chits.WAV,0.0,3.0,False,False,False,False,False,True,False,False,False,False,False
/home/Shelby/blackbird_calls/Experiments/Detection_of_calls/Datasets/All_call_classes/Split_data_controlled/OpenSoundScape/Call_audios/padded_3s/SL21_Trial_2_trim_21.64855613_21.82786224_Check.WAV,0.0,3.0,False,False,False,True,False,False,False,False,False,False,False
/home/Shelby/blackbird_calls/Experiments/Detection_of_calls/Datasets/All_call_classes/Split_data_controlled/OpenSoundScape/Call_audios/padded_3s/SL54_Trial_1_trim_35.56484397_36.21847924_Chits.WAV,0.0,3.0,False,False,False,False,False,True,False,False,False,False,False
/home/Shelby/blackbird_calls/Experiments/Detection_of_calls/Datasets/All_call_classes/Split_data_controlled/OpenSoundScape/Call_audios/padded_3s/SL44_Trial_1_trim_27.20316642_27.31799883_E.WAV,0.0,3.0,False,False,False,False,False,False,False,True,False,False,False
/home/Shelby/blackbird_calls/Experiments/Detection_of_calls/Datasets/All_call_classes/Split_data_controlled/OpenSoundScape/Call_audios/padded_3s/SL21_Trial_2_trim_34.90516663_35.15536121_Check.WAV,0.0,3.0,False,False,False,True,False,False,False,False,False,False,False
/home/Shelby/blackbird_calls/Experiments/Detection_of_calls/Datasets/All_call_classes/Split_data_controlled/OpenSoundScape/Call_audios/padded_3s/SL50_Trial_3_trim_23.16834893_23.26260167_Check.WAV,0.0,3.0,False,False,False,True,False,False,False,False,False,False,False
/home/Shelby/blackbird_calls/Experiments/Detection_of_calls/Datasets/All_call_classes/Split_data_controlled/OpenSoundScape/Call_audios/padded_3s/EF01_Trial_3_trim_13.91214564_14.17714765_O.WAV,0.0,3.0,False,False,False,False,False,False,False,True,False,False,False
/home/Shelby/blackbird_calls/Experiments/Detection_of_calls/Datasets/All_call_classes/Split_data_controlled/OpenSoundScape/Call_audios/padded_3s/SL42_Trial_1_trim_25.3901959_25.47768733_Check.WAV,0.0,3.0,False,False,False,True,False,False,False,False,False,False,False
/home/Shelby/blackbird_calls/Experiments/Detection_of_calls/Datasets/All_call_classes/Split_data_controlled/OpenSoundScape/Call_audios/padded_3s/SL54_Trial_3_trim_27.97631569_28.12218118_Check.WAV,0.0,3.0,False,False,False,True,False,False,False,False,False,False,False
/home/Shelby/blackbird_calls/Experiments/Detection_of_calls/Datasets/All_call_classes/Split_data_controlled/OpenSoundScape/Call_audios/padded_3s/SL51_Trial_3_trim_3.98967466_4.075062531_Check.WAV,0.0,3.0,False,False,False,True,False,False,False,False,False,False,False
/home/Shelby/blackbird_calls/Experiments/Detection_of_calls/Datasets/All_call_classes/Split_data_controlled/OpenSoundScape/Call_audios/padded_3s/SL02_Trial_2_trim_51.04143181_51.11329568_Check.WAV,0.0,3.0,False,False,False,True,False,False,False,False,False,False,False
/home/Shelby/blackbird_calls/Experiments/Detection_of_calls/Datasets/All_call_classes/Split_data_controlled/OpenSoundScape/Call_audios/padded_3s/AZ08_Trial_1_trim_58.50987486_58.59454963_C.WAV,0.0,3.0,False,False,True,False,False,False,False,False,False,False,False
/home/Shelby/blackbird_calls/Experiments/Detection_of_calls/Datasets/All_call_classes/Split_data_controlled/OpenSoundScape/Call_audios/padded_3s/SL10_Trial_1_trim_0.732914778_1.010751752_Chits.WAV,0.0,3.0,False,False,False,False,False,True,False,False,False,False,False
/home/Shelby/blackbird_calls/Experiments/Detection_of_calls/Datasets/All_call_classes/Split_data_controlled/OpenSoundScape/Call_audios/padded_3s/SL50_Trial_3_trim_40.92218009_41.00759664_Check.WAV,0.0,3.0,False,False,False,True,False,False,False,False,False,False,False
/home/Shelby/blackbird_calls/Experiments/Detection_of_calls/Datasets/All_call_classes/Split_data_controlled/OpenSoundScape/Call_audios/padded_3s/AZ15_Trial_1_trim_43.64159372_43.72781068_Check.WAV,0.0,3.0,False,False,False,True,False,False,False,False,False,False,False
/home/Shelby/blackbird_calls/Experiments/Detection_of_calls/Datasets/All_call_classes/Split_data_controlled/OpenSoundScape/Call_audios/padded_3s/AZ13_Trial_1_trim_1.959412952_2.069599988_Check.WAV,0.0,3.0,False,False,False,True,False,False,False,False,False,False,False
/home/Shelby/blackbird_calls/Experiments/Detection_of_calls/Datasets/All_call_classes/Split_data_controlled/OpenSoundScape/Call_audios/padded_3s/SL11_Trial_3_trim_39.34784048_39.51719101_E.WAV,0.0,3.0,False,False,False,False,False,False,False,True,False,False,False
/home/Shelby/blackbird_calls/Experiments/Detection_of_calls/Datasets/All_call_classes/Split_data_controlled/OpenSoundScape/Call_audios/padded_3s/AZ13_Trial_2_trim_58.01361513_58.0782781_Check.WAV,0.0,3.0,False,False,False,True,False,False,False,False,False,False,False
/home/Shelby/blackbird_calls/Experiments/Detection_of_calls/Datasets/All_call_classes/Split_data_controlled/OpenSoundScape/Call_audios/padded_3s/SL54_Trial_3_trim_0.120859982_0.250055136_Check.WAV,0.0,3.0,False,False,False,True,False,False,False,False,False,False,False
/home/Shelby/blackbird_calls/Experiments/Detection_of_calls/Datasets/All_call_classes/Split_data_controlled/OpenSoundScape/Call_audios/padded_3s/SL42_Trial_1_trim_4.131377107_4.214702279_Check.WAV,0.0,3.0,False,False,False,True,False,False,False,False,False,False,False
/home/Shelby/blackbird_calls/Experiments/Detection_of_calls/Datasets/All_call_classes/Split_data_controlled/OpenSoundScape/Call_audios/padded_3s/SL07_Trial_3_trim_27.75098333_27.9186274_D.WAV,0.0,3.0,False,False,False,False,False,False,True,False,False,False,False
/home/Shelby/blackbird_calls/Experiments/Detection_of_calls/Datasets/All_call_classes/Split_data_controlled/OpenSoundScape/Call_audios/padded_3s/AZ13_Trial_2_trim_37.75732654_37.84593875_Check.WAV,0.0,3.0,False,False,False,True,False,False,False,False,False,False,False
/home/Shelby/blackbird_calls/Experiments/Detection_of_calls/Datasets/All_call_classes/Split_data_controlled/OpenSoundScape/Call_audios/padded_3s/SL43_Trial_2_trim_45.16994455_45.94029267_Cheer.WAV,0.0,3.0,False,False,False,False,True,False,False,False,False,False,False
/home/Shelby/blackbird_calls/Experiments/Detection_of_calls/Datasets/All_call_classes/Split_data_controlled/OpenSoundScape/Call_audios/padded_3s/SL11_Trial_3_trim_16.52520781_17.0637425_Cheer.WAV,0.0,3.0,False,False,False,False,True,False,False,False,False,False,False
/home/Shelby/blackbird_calls/Experiments/Detection_of_calls/Datasets/All_call_classes/Split_data_controlled/OpenSoundScape/Call_audios/padded_3s/SL51_Trial_1_trim_60.14861869_60.24873_Check.WAV,0.0,3.0,False,False,False,True,False,False,False,False,False,False,False
/home/Shelby/blackbird_calls/Experiments/Detection_of_calls/Datasets/All_call_classes/Split_data_controlled/OpenSoundScape/Call_audios/padded_3s/SL54_Trial_2_trim_49.93950508_50.77283045_Cheer.WAV,0.0,3.0,False,False,False,False,True,False,False,False,False,False,False
/home/Shelby/blackbird_calls/Experiments/Detection_of_calls/Datasets/All_call_classes/Split_data_controlled/OpenSoundScape/Call_audios/padded_3s/AZ13_Trial_2_trim_43.03003006_43.10666765_Check.WAV,0.0,3.0,False,False,False,True,False,False,False,False,False,False,False
/home/Shelby/blackbird_calls/Experiments/Detection_of_calls/Datasets/All_call_classes/Split_data_controlled/OpenSoundScape/Call_audios/padded_3s/AZ13_Trial_3_trim_30.65275269_30.72460034_Check.WAV,0.0,3.0,False,False,False,True,False,False,False,False,False,False,False
/home/Shelby/blackbird_calls/Experiments/Detection_of_calls/Datasets/All_call_classes/Split_data_controlled/OpenSoundScape/Call_audios/padded_3s/SL36_Trial_1_trim_19.43093302_19.51213206_Check.WAV,0.0,3.0,False,False,False,True,False,False,False,False,False,False,False
/home/Shelby/blackbird_calls/Experiments/Detection_of_calls/Datasets/All_call_classes/Split_data_controlled/OpenSoundScape/Call_audios/padded_3s/SL30_Trial_3_trim_49.42714766_50.14806608_Cheer.WAV,0.0,3.0,False,False,False,False,True,False,False,False,False,False,False
/home/Shelby/blackbird_calls/Experiments/Detection_of_calls/Datasets/All_call_classes/Split_data_controlled/OpenSoundScape/Call_audios/padded_3s/AZ13_Trial_3_trim_58.17572494_58.26194213_Check.WAV,0.0,3.0,False,False,False,True,False,False,False,False,False,False,False
/home/Shelby/blackbird_calls/Experiments/Detection_of_calls/Datasets/All_call_classes/Split_data_controlled/OpenSoundScape/Call_audios/padded_3s/SL01_Trial_3_trim_5.387938065_5.509834368_Check.WAV,0.0,3.0,False,False,False,True,False,False,False,False,False,False,False
/home/Shelby/blackbird_calls/Experiments/Detection_of_calls/Datasets/All_call_classes/Split_data_controlled/OpenSoundScape/Call_audios/padded_3s/SL38_Trial_3_trim_42.13991193_42.21694936_Check.WAV,0.0,3.0,False,False,False,True,False,False,False,False,False,False,False
/home/Shelby/blackbird_calls/Experiments/Detection_of_calls/Datasets/All_call_classes/Split_data_controlled/OpenSoundScape/Call_audios/padded_3s/AZ08_Trial_1_trim_0.203219453_0.301442188_C.WAV,0.0,3.0,False,False,True,False,False,False,False,False,False,False,False
/home/Shelby/blackbird_calls/Experiments/Detection_of_calls/Datasets/All_call_classes/Split_data_controlled/OpenSoundScape/Call_audios/padded_3s/SL38_Trial_1_trim_33.60324891_33.83441578_E.WAV,0.0,3.0,False,False,False,False,False,False,False,True,False,False,False
/home/Shelby/blackbird_calls/Experiments/Detection_of_calls/Datasets/All_call_classes/Split_data_controlled/OpenSoundScape/Call_audios/padded_3s/SL50_Trial_3_trim_15.95731726_16.0574608_Check.WAV,0.0,3.0,False,False,False,True,False,False,False,False,False,False,False
/home/Shelby/blackbird_calls/Experiments/Detection_of_calls/Datasets/All_call_classes/Split_data_controlled/OpenSoundScape/Call_audios/padded_3s/AZ13_Trial_1_trim_58.84189729_58.9544797_Check.WAV,0.0,3.0,False,False,False,True,False,False,False,False,False,False,False
/home/Shelby/blackbird_calls/Experiments/Detection_of_calls/Datasets/All_call_classes/Split_data_controlled/OpenSoundScape/Call_audios/padded_3s/SL38_Trial_1_trim_28.15950727_28.48647301_E.WAV,0.0,3.0,False,False,False,False,False,False,False,True,False,False,False
/home/Shelby/blackbird_calls/Experiments/Detection_of_calls/Datasets/All_call_classes/Split_data_controlled/OpenSoundScape/Call_audios/padded_3s/SL42_Trial_3_trim_45.90671023_45.98916777_E.WAV,0.0,3.0,False,False,False,False,False,False,False,True,False,False,False
/home/Shelby/blackbird_calls/Experiments/Detection_of_calls/Datasets/All_call_classes/Split_data_controlled/OpenSoundScape/Call_audios/padded_3s/SL02_Trial_2_trim_54.34008919_54.39518482_Check.WAV,0.0,3.0,False,False,False,True,False,False,False,False,False,False,False
/home/Shelby/blackbird_calls/Experiments/Detection_of_calls/Datasets/All_call_classes/Split_data_controlled/OpenSoundScape/Call_audios/padded_3s/SL13_Trial_2_trim_48.30899272_48.45501417_Check.WAV,0.0,3.0,False,False,False,True,False,False,False,False,False,False,False
/home/Shelby/blackbird_calls/Experiments/Detection_of_calls/Datasets/All_call_classes/Split_data_controlled/OpenSoundScape/Call_audios/padded_3s/AZ15_Trial_1_trim_27.06371524_27.16909151_Check.WAV,0.0,3.0,False,False,False,True,False,False,False,False,False,False,False
/home/Shelby/blackbird_calls/Experiments/Detection_of_calls/Datasets/All_call_classes/Split_data_controlled/OpenSoundScape/Call_audios/padded_3s/RC02_Trial_1_trim_20.44012518_20.53113196_Check.WAV,0.0,3.0,False,False,False,True,False,False,False,False,False,False,False
/home/Shelby/blackbird_calls/Experiments/Detection_of_calls/Datasets/All_call_classes/Split_data_controlled/OpenSoundScape/Call_audios/padded_3s/AZ15_Trial_1_trim_46.62606491_46.72665135_Check.WAV,0.0,3.0,False,False,False,True,False,False,False,False,False,False,False
/home/Shelby/blackbird_calls/Experiments/Detection_of_calls/Datasets/All_call_classes/Split_data_controlled/OpenSoundScape/Call_audios/padded_3s/SL02_Trial_2_trim_41.53963261_41.60910101_Check.WAV,0.0,3.0,False,False,False,True,False,False,False,False,False,False,False
/home/Shelby/blackbird_calls/Experiments/Detection_of_calls/Datasets/All_call_classes/Split_data_controlled/OpenSoundScape/Call_audios/padded_3s/SL10_Trial_1_trim_1.547264531_2.141260821_Cheer.WAV,0.0,3.0,False,False,False,False,True,False,False,False,False,False,False
/home/Shelby/blackbird_calls/Experiments/Detection_of_calls/Datasets/All_call_classes/Split_data_controlled/OpenSoundScape/Call_audios/padded_3s/SL21_Trial_1_trim_31.7799076_32.56905194_Cheer.WAV,0.0,3.0,False,False,False,False,True,False,False,False,False,False,False
/home/Shelby/blackbird_calls/Experiments/Detection_of_calls/Datasets/All_call_classes/Split_data_controlled/OpenSoundScape/Call_audios/padded_3s/SL50_Trial_1_trim_25.72125626_25.96277686_M.WAV,0.0,3.0,True,False,False,False,False,False,False,False,False,False,False
/home/Shelby/blackbird_calls/Experiments/Detection_of_calls/Datasets/All_call_classes/Split_data_controlled/OpenSoundScape/Call_audios/padded_3s/SL38_Trial_3_trim_55.981797_56.93747759_Cheer.WAV,0.0,3.0,False,False,False,False,True,False,False,False,False,False,False
/home/Shelby/blackbird_calls/Experiments/Detection_of_calls/Datasets/All_call_classes/Split_data_controlled/OpenSoundScape/Call_audios/padded_3s/SL13_Trial_2_trim_19.57572584_19.67420543_E.WAV,0.0,3.0,False,False,False,False,False,False,False,True,False,False,False
/home/Shelby/blackbird_calls/Experiments/Detection_of_calls/Datasets/All_call_classes/Split_data_controlled/OpenSoundScape/Call_audios/padded_3s/SL42_Trial_1_trim_0.74992655_0.824919204_Check.WAV,0.0,3.0,False,False,False,True,False,False,False,False,False,False,False
/home/Shelby/blackbird_calls/Experiments/Detection_of_calls/Datasets/All_call_classes/Split_data_controlled/OpenSoundScape/Call_audios/padded_3s/AZ15_Trial_1_trim_22.8210887_22.91209548_Check.WAV,0.0,3.0,False,False,False,True,False,False,False,False,False,False,False
/home/Shelby/blackbird_calls/Experiments/Detection_of_calls/Datasets/All_call_classes/Split_data_controlled/OpenSoundScape/Call_audios/padded_3s/SL21_Trial_3_trim_2.770791993_2.894593337_C.WAV,0.0,3.0,False,False,True,False,False,False,False,False,False,False,False
/home/Shelby/blackbird_calls/Experiments/Detection_of_calls/Datasets/All_call_classes/Split_data_controlled/OpenSoundScape/Call_audios/padded_3s/SL11_Trial_3_trim_25.9280257_26.60542783_Cheer.WAV,0.0,3.0,False,False,False,False,True,False,False,False,False,False,False
/home/Shelby/blackbird_calls/Experiments/Detection_of_calls/Datasets/All_call_classes/Split_data_controlled/OpenSoundScape/Call_audios/padded_3s/SL36_Trial_2_trim_12.17183206_12.27636956_C.WAV,0.0,3.0,False,False,True,False,False,False,False,False,False,False,False
/home/Shelby/blackbird_calls/Experiments/Detection_of_calls/Datasets/All_call_classes/Split_data_controlled/OpenSoundScape/Call_audios/padded_3s/SL50_Trial_3_trim_36.80484443_36.90204257_Check.WAV,0.0,3.0,False,False,False,True,False,False,False,False,False,False,False
/home/Shelby/blackbird_calls/Experiments/Detection_of_calls/Datasets/All_call_classes/Split_data_controlled/OpenSoundScape/Call_audios/padded_3s/EF04_Trial_3_trim_24.28280367_24.63777872_G.WAV,0.0,3.0,False,False,False,False,False,False,False,False,True,False,False
/home/Shelby/blackbird_calls/Experiments/Detection_of_calls/Datasets/All_call_classes/Split_data_controlled/OpenSoundScape/Call_audios/padded_3s/AZ08_Trial_3_trim_7.984497306_8.079333044_Check.WAV,0.0,3.0,False,False,False,True,False,False,False,False,False,False,False
/home/Shelby/blackbird_calls/Experiments/Detection_of_calls/Datasets/All_call_classes/Split_data_controlled/OpenSoundScape/Call_audios/padded_3s/SL42_Trial_1_trim_53.62816608_53.70524186_Check.WAV,0.0,3.0,False,False,False,True,False,False,False,False,False,False,False
/home/Shelby/blackbird_calls/Experiments/Detection_of_calls/Datasets/All_call_classes/Split_data_controlled/OpenSoundScape/Call_audios/padded_3s/SL13_Trial_1_trim_45.84532251_45.96027845_E.WAV,0.0,3.0,False,False,False,False,False,False,False,True,False,False,False
/home/Shelby/blackbird_calls/Experiments/Detection_of_calls/Datasets/All_call_classes/Split_data_controlled/OpenSoundScape/Call_audios/padded_3s/AZ13_Trial_3_trim_25.68374812_25.74122624_Check.WAV,0.0,3.0,False,False,False,True,False,False,False,False,False,False,False
/home/Shelby/blackbird_calls/Experiments/Detection_of_calls/Datasets/All_call_classes/Split_data_controlled/OpenSoundScape/Call_audios/padded_3s/SL07_Trial_3_trim_6.584320763_6.720830937_Check.WAV,0.0,3.0,False,False,False,True,False,False,False,False,False,False,False
/home/Shelby/blackbird_calls/Experiments/Detection_of_calls/Datasets/All_call_classes/Split_data_controlled/OpenSoundScape/Call_audios/padded_3s/SL56_Trial_2_trim_35.06452933_35.12931606_Check.WAV,0.0,3.0,False,False,False,True,False,False,False,False,False,False,False
/home/Shelby/blackbird_calls/Experiments/Detection_of_calls/Datasets/All_call_classes/Split_data_controlled/OpenSoundScape/Call_audios/padded_3s/AZ13_Trial_1_trim_16.71794328_16.75626921_Check.WAV,0.0,3.0,False,False,False,True,False,False,False,False,False,False,False
/home/Shelby/blackbird_calls/Experiments/Detection_of_calls/Datasets/All_call_classes/Split_data_controlled/OpenSoundScape/Call_audios/padded_3s/SL54_Trial_3_trim_35.14734644_35.25987125_Check.WAV,0.0,3.0,False,False,False,True,False,False,False,False,False,False,False
/home/Shelby/blackbird_calls/Experiments/Detection_of_calls/Datasets/All_call_classes/Split_data_controlled/OpenSoundScape/Call_audios/padded_3s/SL52_Trial_3_trim_4.617455015_4.763203605_Check.WAV,0.0,3.0,False,False,False,True,False,False,False,False,False,False,False
/home/Shelby/blackbird_calls/Experiments/Detection_of_calls/Datasets/All_call_classes/Split_data_controlled/OpenSoundScape/Call_audios/padded_3s/AZ13_Trial_1_trim_16.00651829_16.08317014_Check.WAV,0.0,3.0,False,False,False,True,False,False,False,False,False,False,False
/home/Shelby/blackbird_calls/Experiments/Detection_of_calls/Datasets/All_call_classes/Split_data_controlled/OpenSoundScape/Call_audios/padded_3s/AZ13_Trial_1_trim_29.24617638_29.32282823_Check.WAV,0.0,3.0,False,False,False,True,False,False,False,False,False,False,False
/home/Shelby/blackbird_calls/Experiments/Detection_of_calls/Datasets/All_call_classes/Split_data_controlled/OpenSoundScape/Call_audios/padded_3s/EF04_Trial_2_trim_7.596405979_7.692202599_Check.WAV,0.0,3.0,False,False,False,True,False,False,False,False,False,False,False
/home/Shelby/blackbird_calls/Experiments/Detection_of_calls/Datasets/All_call_classes/Split_data_controlled/OpenSoundScape/Call_audios/padded_3s/RC02_Trial_2_trim_45.28041605_46.90898893_Chits.WAV,0.0,3.0,False,False,False,False,False,True,False,False,False,False,False
/home/Shelby/blackbird_calls/Experiments/Detection_of_calls/Datasets/All_call_classes/Split_data_controlled/OpenSoundScape/Call_audios/padded_3s/SL50_Trial_1_trim_48.82042295_49.24100193_Cheer.WAV,0.0,3.0,False,False,False,False,True,False,False,False,False,False,False
/home/Shelby/blackbird_calls/Experiments/Detection_of_calls/Datasets/All_call_classes/Split_data_controlled/OpenSoundScape/Call_audios/padded_3s/SL42_Trial_2_trim_51.62229784_51.68476127_Check.WAV,0.0,3.0,False,False,False,True,False,False,False,False,False,False,False
/home/Shelby/blackbird_calls/Experiments/Detection_of_calls/Datasets/All_call_classes/Split_data_controlled/OpenSoundScape/Call_audios/padded_3s/SL42_Trial_3_trim_5.801476517_5.919272995_Check.WAV,0.0,3.0,False,False,False,True,False,False,False,False,False,False,False
/home/Shelby/blackbird_calls/Experiments/Detection_of_calls/Datasets/All_call_classes/Split_data_controlled/OpenSoundScape/Call_audios/padded_3s/SL22_Trial_2_trim_20.9357922_21.61869208_Cheer.WAV,0.0,3.0,False,False,False,False,True,False,False,False,False,False,False
/home/Shelby/blackbird_calls/Experiments/Detection_of_calls/Datasets/All_call_classes/Split_data_controlled/OpenSoundScape/Call_audios/padded_3s/SL42_Trial_1_trim_13.81730698_14.12769324_Cheer.WAV,0.0,3.0,False,False,False,False,True,False,False,False,False,False,False
/home/Shelby/blackbird_calls/Experiments/Detection_of_calls/Datasets/All_call_classes/Split_data_controlled/OpenSoundScape/Call_audios/padded_3s/SL30_Trial_3_trim_22.00401297_22.08318898_Check.WAV,0.0,3.0,False,False,False,True,False,False,False,False,False,False,False
/home/Shelby/blackbird_calls/Experiments/Detection_of_calls/Datasets/All_call_classes/Split_data_controlled/OpenSoundScape/Call_audios/padded_3s/EF01_Trial_3_trim_11.75090701_12.06302049_O.WAV,0.0,3.0,False,False,False,False,False,False,False,True,False,False,False
/home/Shelby/blackbird_calls/Experiments/Detection_of_calls/Datasets/All_call_classes/Split_data_controlled/OpenSoundScape/Call_audios/padded_3s/AZ08_Trial_1_trim_48.0982602_48.20325691_C.WAV,0.0,3.0,False,False,True,False,False,False,False,False,False,False,False
/home/Shelby/blackbird_calls/Experiments/Detection_of_calls/Datasets/All_call_classes/Split_data_controlled/OpenSoundScape/Call_audios/padded_3s/AZ15_Trial_3_trim_11.03004548_11.12995967_C.WAV,0.0,3.0,False,False,True,False,False,False,False,False,False,False,False
/home/Shelby/blackbird_calls/Experiments/Detection_of_calls/Datasets/All_call_classes/Split_data_controlled/OpenSoundScape/Call_audios/padded_3s/SL07_Trial_1_trim_6.507260382_6.631799931_D.WAV,0.0,3.0,False,False,False,False,False,False,True,False,False,False,False
/home/Shelby/blackbird_calls/Experiments/Detection_of_calls/Datasets/All_call_classes/Split_data_controlled/OpenSoundScape/Call_audios/padded_3s/AZ15_Trial_1_trim_25.24357959_25.37290502_Check.WAV,0.0,3.0,False,False,False,True,False,False,False,False,False,False,False
/home/Shelby/blackbird_calls/Experiments/Detection_of_calls/Datasets/All_call_classes/Split_data_controlled/OpenSoundScape/Call_audios/padded_3s/SL56_Trial_2_trim_52.78533707_52.89429657_Check.WAV,0.0,3.0,False,False,False,True,False,False,False,False,False,False,False
/home/Shelby/blackbird_calls/Experiments/Detection_of_calls/Datasets/All_call_classes/Split_data_controlled/OpenSoundScape/Call_audios/padded_3s/SL22_Trial_1_trim_11.3783179_11.85817077_Cheer.WAV,0.0,3.0,False,False,False,False,True,False,False,False,False,False,False
/home/Shelby/blackbird_calls/Experiments/Detection_of_calls/Datasets/All_call_classes/Split_data_controlled/OpenSoundScape/Call_audios/padded_3s/SL02_Trial_3_trim_11.24593658_11.31538992_Check.WAV,0.0,3.0,False,False,False,True,False,False,False,False,False,False,False
/home/Shelby/blackbird_calls/Experiments/Detection_of_calls/Datasets/All_call_classes/Split_data_controlled/OpenSoundScape/Call_audios/padded_3s/SL17b_Trial_2_trim_42.97262544_43.08755393_Check.WAV,0.0,3.0,False,False,False,True,False,False,False,False,False,False,False
/home/Shelby/blackbird_calls/Experiments/Detection_of_calls/Datasets/All_call_classes/Split_data_controlled/OpenSoundScape/Call_audios/padded_3s/AZ13_Trial_2_trim_36.14793707_36.24373406_Check.WAV,0.0,3.0,False,False,False,True,False,False,False,False,False,False,False
/home/Shelby/blackbird_calls/Experiments/Detection_of_calls/Datasets/All_call_classes/Split_data_controlled/OpenSoundScape/Call_audios/padded_3s/SL38_Trial_3_trim_36.95125091_37.02828835_Check.WAV,0.0,3.0,False,False,False,True,False,False,False,False,False,False,False
/home/Shelby/blackbird_calls/Experiments/Detection_of_calls/Datasets/All_call_classes/Split_data_controlled/OpenSoundScape/Call_audios/padded_3s/AZ13_Trial_2_trim_42.75940355_42.82646145_Check.WAV,0.0,3.0,False,False,False,True,False,False,False,False,False,False,False
/home/Shelby/blackbird_calls/Experiments/Detection_of_calls/Datasets/All_call_classes/Split_data_controlled/OpenSoundScape/Call_audios/padded_3s/SL22_Trial_2_trim_12.44904605_12.59062285_Check.WAV,0.0,3.0,False,False,False,True,False,False,False,False,False,False,False
/home/Shelby/blackbird_calls/Experiments/Detection_of_calls/Datasets/All_call_classes/Split_data_controlled/OpenSoundScape/Call_audios/padded_3s/SL56_Trial_2_trim_21.62462145_21.70413244_Check.WAV,0.0,3.0,False,False,False,True,False,False,False,False,False,False,False
/home/Shelby/blackbird_calls/Experiments/Detection_of_calls/Datasets/All_call_classes/Split_data_controlled/OpenSoundScape/Call_audios/padded_3s/RC02_Trial_1_trim_31.41301625_31.49683828_Check.WAV,0.0,3.0,False,False,False,True,False,False,False,False,False,False,False
/home/Shelby/blackbird_calls/Experiments/Detection_of_calls/Datasets/All_call_classes/Split_data_controlled/OpenSoundScape/Call_audios/padded_3s/SL50_Trial_1_trim_26.62603595_26.85506411_M.WAV,0.0,3.0,True,False,False,False,False,False,False,False,False,False,False
/home/Shelby/blackbird_calls/Experiments/Detection_of_calls/Datasets/All_call_classes/Split_data_controlled/OpenSoundScape/Call_audios/padded_3s/SL22_Trial_1_trim_32.33891525_32.43900726_Check.WAV,0.0,3.0,False,False,False,True,False,False,False,False,False,False,False
/home/Shelby/blackbird_calls/Experiments/Detection_of_calls/Datasets/All_call_classes/Split_data_controlled/OpenSoundScape/Call_audios/padded_3s/SL16_Trial_1_trim_11.80095986_11.90633913_Check.WAV,0.0,3.0,False,False,False,True,False,False,False,False,False,False,False
/home/Shelby/blackbird_calls/Experiments/Detection_of_calls/Datasets/All_call_classes/Split_data_controlled/OpenSoundScape/Call_audios/padded_3s/AZ13_Trial_2_trim_11.68517934_11.75463216_Check.WAV,0.0,3.0,False,False,False,True,False,False,False,False,False,False,False
/home/Shelby/blackbird_calls/Experiments/Detection_of_calls/Datasets/All_call_classes/Split_data_controlled/OpenSoundScape/Call_audios/padded_3s/AZ13_Trial_1_trim_5.328078592_5.416707295_Check.WAV,0.0,3.0,False,False,False,True,False,False,False,False,False,False,False
/home/Shelby/blackbird_calls/Experiments/Detection_of_calls/Datasets/All_call_classes/Split_data_controlled/OpenSoundScape/Call_audios/padded_3s/AZ13_Trial_1_trim_56.11959566_56.205829_Check.WAV,0.0,3.0,False,False,False,True,False,False,False,False,False,False,False
/home/Shelby/blackbird_calls/Experiments/Detection_of_calls/Datasets/All_call_classes/Split_data_controlled/OpenSoundScape/Call_audios/padded_3s/SL51_Trial_1_trim_12.75038213_12.95649364_Check.WAV,0.0,3.0,False,False,False,True,False,False,False,False,False,False,False
/home/Shelby/blackbird_calls/Experiments/Detection_of_calls/Datasets/All_call_classes/Split_data_controlled/OpenSoundScape/Call_audios/padded_3s/EF01_Trial_2_trim_13.80530178_13.92605975_Check.WAV,0.0,3.0,False,False,False,True,False,False,False,False,False,False,False
/home/Shelby/blackbird_calls/Experiments/Detection_of_calls/Datasets/All_call_classes/Split_data_controlled/OpenSoundScape/Call_audios/padded_3s/AZ15_Trial_1_trim_40.95946815_41.08400375_Check.WAV,0.0,3.0,False,False,False,True,False,False,False,False,False,False,False
/home/Shelby/blackbird_calls/Experiments/Detection_of_calls/Datasets/All_call_classes/Split_data_controlled/OpenSoundScape/Call_audios/padded_3s/AZ15_Trial_1_trim_24.10476331_24.21013959_Check.WAV,0.0,3.0,False,False,False,True,False,False,False,False,False,False,False
/home/Shelby/blackbird_calls/Experiments/Detection_of_calls/Datasets/All_call_classes/Split_data_controlled/OpenSoundScape/Call_audios/padded_3s/AZ08_Trial_1_trim_31.71876839_31.80344316_C.WAV,0.0,3.0,False,False,True,False,False,False,False,False,False,False,False
/home/Shelby/blackbird_calls/Experiments/Detection_of_calls/Datasets/All_call_classes/Split_data_controlled/OpenSoundScape/Call_audios/padded_3s/SL10_Trial_3_trim_36.32129923_36.9823431_Cheer.WAV,0.0,3.0,False,False,False,False,True,False,False,False,False,False,False
/home/Shelby/blackbird_calls/Experiments/Detection_of_calls/Datasets/All_call_classes/Split_data_controlled/OpenSoundScape/Call_audios/padded_3s/SL50_Trial_1_trim_27.21318086_27.44220901_M.WAV,0.0,3.0,True,False,False,False,False,False,False,False,False,False,False
/home/Shelby/blackbird_calls/Experiments/Detection_of_calls/Datasets/All_call_classes/Split_data_controlled/OpenSoundScape/Call_audios/padded_3s/SL02_Trial_2_trim_51.25223248_51.32170089_Check.WAV,0.0,3.0,False,False,False,True,False,False,False,False,False,False,False
/home/Shelby/blackbird_calls/Experiments/Detection_of_calls/Datasets/All_call_classes/Split_data_controlled/OpenSoundScape/Call_audios/padded_3s/SL22_Trial_1_trim_30.7281872_30.80767203_Check.WAV,0.0,3.0,False,False,False,True,False,False,False,False,False,False,False
/home/Shelby/blackbird_calls/Experiments/Detection_of_calls/Datasets/All_call_classes/Split_data_controlled/OpenSoundScape/Call_audios/padded_3s/SL16_Trial_1_trim_1.648241327_1.767990494_Check.WAV,0.0,3.0,False,False,False,True,False,False,False,False,False,False,False
/home/Shelby/blackbird_calls/Experiments/Detection_of_calls/Datasets/All_call_classes/Split_data_controlled/OpenSoundScape/Call_audios/padded_3s/SL49_Trial_2_trim_58.9734994_59.08385669_C.WAV,0.0,3.0,False,False,True,False,False,False,False,False,False,False,False
/home/Shelby/blackbird_calls/Experiments/Detection_of_calls/Datasets/All_call_classes/Split_data_controlled/OpenSoundScape/Call_audios/padded_3s/SL22_Trial_1_trim_0.791904425_0.906715847_Check.WAV,0.0,3.0,False,False,False,True,False,False,False,False,False,False,False
/home/Shelby/blackbird_calls/Experiments/Detection_of_calls/Datasets/All_call_classes/Split_data_controlled/OpenSoundScape/Call_audios/padded_3s/SL38_Trial_1_trim_34.69120164_35.42218875_Cheer.WAV,0.0,3.0,False,False,False,False,True,False,False,False,False,False,False
/home/Shelby/blackbird_calls/Experiments/Detection_of_calls/Datasets/All_call_classes/Split_data_controlled/OpenSoundScape/Call_audios/padded_3s/AZ15_Trial_1_trim_23.31444126_23.40065821_Check.WAV,0.0,3.0,False,False,False,True,False,False,False,False,False,False,False
/home/Shelby/blackbird_calls/Experiments/Detection_of_calls/Datasets/All_call_classes/Split_data_controlled/OpenSoundScape/Call_audios/padded_3s/SL17b_Trial_2_trim_13.44374788_13.5351013_Check.WAV,0.0,3.0,False,False,False,True,False,False,False,False,False,False,False
/home/Shelby/blackbird_calls/Experiments/Detection_of_calls/Datasets/All_call_classes/Split_data_controlled/OpenSoundScape/Call_audios/padded_3s/SL43_Trial_2_trim_52.17040126_52.32447088_Check.WAV,0.0,3.0,False,False,False,True,False,False,False,False,False,False,False
/home/Shelby/blackbird_calls/Experiments/Detection_of_calls/Datasets/All_call_classes/Split_data_controlled/OpenSoundScape/Call_audios/padded_3s/SL52_Trial_3_trim_43.52123508_43.64616245_Check.WAV,0.0,3.0,False,False,False,True,False,False,False,False,False,False,False
/home/Shelby/blackbird_calls/Experiments/Detection_of_calls/Datasets/All_call_classes/Split_data_controlled/OpenSoundScape/Call_audios/padded_3s/SL51_Trial_1_trim_46.41700027_47.12955718_Cheer.WAV,0.0,3.0,False,False,False,False,True,False,False,False,False,False,False
/home/Shelby/blackbird_calls/Experiments/Detection_of_calls/Datasets/All_call_classes/Split_data_controlled/OpenSoundScape/Call_audios/padded_3s/SL54_Trial_2_trim_23.77125076_23.8743122_Check.WAV,0.0,3.0,False,False,False,True,False,False,False,False,False,False,False
/home/Shelby/blackbird_calls/Experiments/Detection_of_calls/Datasets/All_call_classes/Split_data_controlled/OpenSoundScape/Call_audios/padded_3s/SL42_Trial_2_trim_42.17813499_42.2385163_Check.WAV,0.0,3.0,False,False,False,True,False,False,False,False,False,False,False
/home/Shelby/blackbird_calls/Experiments/Detection_of_calls/Datasets/All_call_classes/Split_data_controlled/OpenSoundScape/Call_audios/padded_3s/SL17a_Trial_2_trim_2.413110175_2.479736167_E.WAV,0.0,3.0,False,False,False,False,False,False,False,True,False,False,False
/home/Shelby/blackbird_calls/Experiments/Detection_of_calls/Datasets/All_call_classes/Split_data_controlled/OpenSoundScape/Call_audios/padded_3s/SL22_Trial_2_trim_13.43591964_13.57333242_Check.WAV,0.0,3.0,False,False,False,True,False,False,False,False,False,False,False
/home/Shelby/blackbird_calls/Experiments/Detection_of_calls/Datasets/All_call_classes/Split_data_controlled/OpenSoundScape/Call_audios/padded_3s/SL50_Trial_3_trim_32.8858582_32.98600173_Check.WAV,0.0,3.0,False,False,False,True,False,False,False,False,False,False,False
/home/Shelby/blackbird_calls/Experiments/Detection_of_calls/Datasets/All_call_classes/Split_data_controlled/OpenSoundScape/Call_audios/padded_3s/SL52_Trial_1_trim_49.53408619_49.63818678_Check.WAV,0.0,3.0,False,False,False,True,False,False,False,False,False,False,False
/home/Shelby/blackbird_calls/Experiments/Detection_of_calls/Datasets/All_call_classes/Split_data_controlled/OpenSoundScape/Call_audios/padded_3s/SL21_Trial_1_trim_24.81973688_25.80027816_Cheer.WAV,0.0,3.0,False,False,False,False,True,False,False,False,False,False,False
/home/Shelby/blackbird_calls/Experiments/Detection_of_calls/Datasets/All_call_classes/Split_data_controlled/OpenSoundScape/Call_audios/padded_3s/SL12_Trial_1_trim_25.66644249_25.75789229_Check.WAV,0.0,3.0,False,False,False,True,False,False,False,False,False,False,False
/home/Shelby/blackbird_calls/Experiments/Detection_of_calls/Datasets/All_call_classes/Split_data_controlled/OpenSoundScape/Call_audios/padded_3s/AZ08_Trial_3_trim_49.84180134_49.93663708_Check.WAV,0.0,3.0,False,False,False,True,False,False,False,False,False,False,False
/home/Shelby/blackbird_calls/Experiments/Detection_of_calls/Datasets/All_call_classes/Split_data_controlled/OpenSoundScape/Call_audios/padded_3s/SL17a_Trial_3_trim_41.02802937_41.11339185_Check.WAV,0.0,3.0,False,False,False,True,False,False,False,False,False,False,False
/home/Shelby/blackbird_calls/Experiments/Detection_of_calls/Datasets/All_call_classes/Split_data_controlled/OpenSoundScape/Call_audios/padded_3s/SL16_Trial_1_trim_40.48270735_40.59766655_Check.WAV,0.0,3.0,False,False,False,True,False,False,False,False,False,False,False
/home/Shelby/blackbird_calls/Experiments/Detection_of_calls/Datasets/All_call_classes/Split_data_controlled/OpenSoundScape/Call_audios/padded_3s/SL54_Trial_3_trim_28.55561008_28.70147558_Check.WAV,0.0,3.0,False,False,False,True,False,False,False,False,False,False,False
/home/Shelby/blackbird_calls/Experiments/Detection_of_calls/Datasets/All_call_classes/Split_data_controlled/OpenSoundScape/Call_audios/padded_3s/AZ02_Trial_2_trim_60.81421178_61.35617989_Cheer.WAV,0.0,3.0,False,False,False,False,True,False,False,False,False,False,False
/home/Shelby/blackbird_calls/Experiments/Detection_of_calls/Datasets/All_call_classes/Split_data_controlled/OpenSoundScape/Call_audios/padded_3s/SL51_Trial_1_trim_41.19590093_42.02623584_Cheer.WAV,0.0,3.0,False,False,False,False,True,False,False,False,False,False,False
/home/Shelby/blackbird_calls/Experiments/Detection_of_calls/Datasets/All_call_classes/Split_data_controlled/OpenSoundScape/Call_audios/padded_3s/SL17a_Trial_3_trim_51.77913908_52.95755777_Chits.WAV,0.0,3.0,False,False,False,False,False,True,False,False,False,False,False
/home/Shelby/blackbird_calls/Experiments/Detection_of_calls/Datasets/All_call_classes/Split_data_controlled/OpenSoundScape/Call_audios/padded_3s/AZ15_Trial_1_trim_18.95430599_19.01657379_Check.WAV,0.0,3.0,False,False,False,True,False,False,False,False,False,False,False
/home/Shelby/blackbird_calls/Experiments/Detection_of_calls/Datasets/All_call_classes/Split_data_controlled/OpenSoundScape/Call_audios/padded_3s/SL21_Trial_1_trim_18.99689783_19.59464522_K.WAV,0.0,3.0,False,False,False,False,False,False,False,False,False,False,True
/home/Shelby/blackbird_calls/Experiments/Detection_of_calls/Datasets/All_call_classes/Split_data_controlled/OpenSoundScape/Call_audios/padded_3s/AZ02_Trial_3_trim_23.5388472_23.65860003_Check.WAV,0.0,3.0,False,False,False,True,False,False,False,False,False,False,False
/home/Shelby/blackbird_calls/Experiments/Detection_of_calls/Datasets/All_call_classes/Split_data_controlled/OpenSoundScape/Call_audios/padded_3s/AZ15_Trial_3_trim_55.88860276_55.96763496_C.WAV,0.0,3.0,False,False,True,False,False,False,False,False,False,False,False
/home/Shelby/blackbird_calls/Experiments/Detection_of_calls/Datasets/All_call_classes/Split_data_controlled/OpenSoundScape/Call_audios/padded_3s/SL52_Trial_3_trim_36.57088018_36.67082207_Check.WAV,0.0,3.0,False,False,False,True,False,False,False,False,False,False,False
/home/Shelby/blackbird_calls/Experiments/Detection_of_calls/Datasets/All_call_classes/Split_data_controlled/OpenSoundScape/Call_audios/padded_3s/AZ02_Trial_3_trim_34.4794725_34.60401545_Check.WAV,0.0,3.0,False,False,False,True,False,False,False,False,False,False,False
/home/Shelby/blackbird_calls/Experiments/Detection_of_calls/Datasets/All_call_classes/Split_data_controlled/OpenSoundScape/Call_audios/padded_3s/AZ08_Trial_3_trim_10.7953124_10.86982619_Check.WAV,0.0,3.0,False,False,False,True,False,False,False,False,False,False,False
/home/Shelby/blackbird_calls/Experiments/Detection_of_calls/Datasets/All_call_classes/Split_data_controlled/OpenSoundScape/Call_audios/padded_3s/SL01_Trial_3_trim_29.75036345_30.78309602_Chits.WAV,0.0,3.0,False,False,False,False,False,True,False,False,False,False,False
/home/Shelby/blackbird_calls/Experiments/Detection_of_calls/Datasets/All_call_classes/Split_data_controlled/OpenSoundScape/Call_audios/padded_3s/SL22_Trial_1_trim_29.1355467_29.21208765_Check.WAV,0.0,3.0,False,False,False,True,False,False,False,False,False,False,False
/home/Shelby/blackbird_calls/Experiments/Detection_of_calls/Datasets/All_call_classes/Split_data_controlled/OpenSoundScape/Call_audios/padded_3s/SL52_Trial_3_trim_41.20591463_41.3225135_Check.WAV,0.0,3.0,False,False,False,True,False,False,False,False,False,False,False
/home/Shelby/blackbird_calls/Experiments/Detection_of_calls/Datasets/All_call_classes/Split_data_controlled/OpenSoundScape/Call_audios/padded_3s/SL51_Trial_1_trim_53.50951865_53.60374105_Check.WAV,0.0,3.0,False,False,False,True,False,False,False,False,False,False,False
/home/Shelby/blackbird_calls/Experiments/Detection_of_calls/Datasets/All_call_classes/Split_data_controlled/OpenSoundScape/Call_audios/padded_3s/AZ15_Trial_1_trim_53.98024531_54.07604192_Check.WAV,0.0,3.0,False,False,False,True,False,False,False,False,False,False,False
/home/Shelby/blackbird_calls/Experiments/Detection_of_calls/Datasets/All_call_classes/Split_data_controlled/OpenSoundScape/Call_audios/padded_3s/EF04_Trial_3_trim_6.775775293_7.159532107_G.WAV,0.0,3.0,False,False,False,False,False,False,False,False,True,False,False
/home/Shelby/blackbird_calls/Experiments/Detection_of_calls/Datasets/All_call_classes/Split_data_controlled/OpenSoundScape/Call_audios/padded_3s/SL11_Trial_1_trim_56.89694099_57.48132098_G.WAV,0.0,3.0,False,False,False,False,False,False,False,False,True,False,False
/home/Shelby/blackbird_calls/Experiments/Detection_of_calls/Datasets/All_call_classes/Split_data_controlled/OpenSoundScape/Call_audios/padded_3s/EF01_Trial_2_trim_34.15589975_34.26624755_Check.WAV,0.0,3.0,False,False,False,True,False,False,False,False,False,False,False
/home/Shelby/blackbird_calls/Experiments/Detection_of_calls/Datasets/All_call_classes/Split_data_controlled/OpenSoundScape/Call_audios/padded_3s/SL07_Trial_3_trim_47.81520937_47.99961785_D.WAV,0.0,3.0,False,False,False,False,False,False,True,False,False,False,False
/home/Shelby/blackbird_calls/Experiments/Detection_of_calls/Datasets/All_call_classes/Split_data_controlled/OpenSoundScape/Call_audios/padded_3s/SL13_Trial_2_trim_34.20852466_34.28662915_Check.WAV,0.0,3.0,False,False,False,True,False,False,False,False,False,False,False
/home/Shelby/blackbird_calls/Experiments/Detection_of_calls/Datasets/All_call_classes/Split_data_controlled/OpenSoundScape/Call_audios/padded_3s/SL30_Trial_3_trim_50.88716539_50.96425782_Check.WAV,0.0,3.0,False,False,False,True,False,False,False,False,False,False,False
/home/Shelby/blackbird_calls/Experiments/Detection_of_calls/Datasets/All_call_classes/Split_data_controlled/OpenSoundScape/Call_audios/padded_3s/SL50_Trial_3_trim_19.84463485_19.927106_Check.WAV,0.0,3.0,False,False,False,True,False,False,False,False,False,False,False
/home/Shelby/blackbird_calls/Experiments/Detection_of_calls/Datasets/All_call_classes/Split_data_controlled/OpenSoundScape/Call_audios/padded_3s/EF04_Trial_2_trim_16.53083013_16.63141658_Check.WAV,0.0,3.0,False,False,False,True,False,False,False,False,False,False,False
/home/Shelby/blackbird_calls/Experiments/Detection_of_calls/Datasets/All_call_classes/Split_data_controlled/OpenSoundScape/Call_audios/padded_3s/SL22_Trial_2_trim_54.51495283_54.64403757_Check.WAV,0.0,3.0,False,False,False,True,False,False,False,False,False,False,False
/home/Shelby/blackbird_calls/Experiments/Detection_of_calls/Datasets/All_call_classes/Split_data_controlled/OpenSoundScape/Call_audios/padded_3s/SL52_Trial_3_trim_54.29206158_54.46279565_Check.WAV,0.0,3.0,False,False,False,True,False,False,False,False,False,False,False
/home/Shelby/blackbird_calls/Experiments/Detection_of_calls/Datasets/All_call_classes/Split_data_controlled/OpenSoundScape/Call_audios/padded_3s/SL22_Trial_1_trim_39.14319916_39.24034729_Check.WAV,0.0,3.0,False,False,False,True,False,False,False,False,False,False,False
/home/Shelby/blackbird_calls/Experiments/Detection_of_calls/Datasets/All_call_classes/Split_data_controlled/OpenSoundScape/Call_audios/padded_3s/SL54_Trial_1_trim_51.6474874_51.81089621_B.WAV,0.0,3.0,False,True,False,False,False,False,False,False,False,False,False
/home/Shelby/blackbird_calls/Experiments/Detection_of_calls/Datasets/All_call_classes/Split_data_controlled/OpenSoundScape/Call_audios/padded_3s/SL43_Trial_2_trim_13.2145978_13.37283147_Check.WAV,0.0,3.0,False,False,False,True,False,False,False,False,False,False,False
/home/Shelby/blackbird_calls/Experiments/Detection_of_calls/Datasets/All_call_classes/Split_data_controlled/OpenSoundScape/Call_audios/padded_3s/SL07_Trial_3_trim_7.202208917_7.331534344_Check.WAV,0.0,3.0,False,False,False,True,False,False,False,False,False,False,False
/home/Shelby/blackbird_calls/Experiments/Detection_of_calls/Datasets/All_call_classes/Split_data_controlled/OpenSoundScape/Call_audios/padded_3s/SL54_Trial_3_trim_43.97730476_44.14400819_Check.WAV,0.0,3.0,False,False,False,True,False,False,False,False,False,False,False
/home/Shelby/blackbird_calls/Experiments/Detection_of_calls/Datasets/All_call_classes/Split_data_controlled/OpenSoundScape/Call_audios/padded_3s/SL54_Trial_2_trim_2.54708989_2.644262105_Check.WAV,0.0,3.0,False,False,False,True,False,False,False,False,False,False,False
/home/Shelby/blackbird_calls/Experiments/Detection_of_calls/Datasets/All_call_classes/Split_data_controlled/OpenSoundScape/Call_audios/padded_3s/SL09_Trial_2_trim_41.37154101_41.87818485_Chits.WAV,0.0,3.0,False,False,False,False,False,True,False,False,False,False,False
/home/Shelby/blackbird_calls/Experiments/Detection_of_calls/Datasets/All_call_classes/Split_data_controlled/OpenSoundScape/Call_audios/padded_3s/SL11_Trial_3_trim_46.47108993_46.99946359_Cheer.WAV,0.0,3.0,False,False,False,False,True,False,False,False,False,False,False
/home/Shelby/blackbird_calls/Experiments/Detection_of_calls/Datasets/All_call_classes/Split_data_controlled/OpenSoundScape/Call_audios/padded_3s/SL30_Trial_2_trim_13.50204498_13.56537876_Check.WAV,0.0,3.0,False,False,False,True,False,False,False,False,False,False,False
/home/Shelby/blackbird_calls/Experiments/Detection_of_calls/Datasets/All_call_classes/Split_data_controlled/OpenSoundScape/Call_audios/padded_3s/AZ13_Trial_1_trim_18.80067989_18.88451786_Check.WAV,0.0,3.0,False,False,False,True,False,False,False,False,False,False,False
/home/Shelby/blackbird_calls/Experiments/Detection_of_calls/Datasets/All_call_classes/Split_data_controlled/OpenSoundScape/Call_audios/padded_3s/SL51_Trial_1_trim_21.37877428_21.47594113_Check.WAV,0.0,3.0,False,False,False,True,False,False,False,False,False,False,False
/home/Shelby/blackbird_calls/Experiments/Detection_of_calls/Datasets/All_call_classes/Split_data_controlled/OpenSoundScape/Call_audios/padded_3s/SL13_Trial_2_trim_29.04289888_29.10062829_E.WAV,0.0,3.0,False,False,False,False,False,False,False,True,False,False,False
/home/Shelby/blackbird_calls/Experiments/Detection_of_calls/Datasets/All_call_classes/Split_data_controlled/OpenSoundScape/Call_audios/padded_3s/SL42_Trial_1_trim_46.62548504_46.71089334_Check.WAV,0.0,3.0,False,False,False,True,False,False,False,False,False,False,False
/home/Shelby/blackbird_calls/Experiments/Detection_of_calls/Datasets/All_call_classes/Split_data_controlled/OpenSoundScape/Call_audios/padded_3s/EF01_Trial_3_trim_61.97787004_62.13687125_Check.WAV,0.0,3.0,False,False,False,True,False,False,False,False,False,False,False
/home/Shelby/blackbird_calls/Experiments/Detection_of_calls/Datasets/All_call_classes/Split_data_controlled/OpenSoundScape/Call_audios/padded_3s/SL42_Trial_2_trim_31.18847249_31.63404492_Chits.WAV,0.0,3.0,False,False,False,False,False,True,False,False,False,False,False
/home/Shelby/blackbird_calls/Experiments/Detection_of_calls/Datasets/All_call_classes/Split_data_controlled/OpenSoundScape/Call_audios/padded_3s/SL52_Trial_1_trim_42.98916504_43.1057577_Check.WAV,0.0,3.0,False,False,False,True,False,False,False,False,False,False,False
/home/Shelby/blackbird_calls/Experiments/Detection_of_calls/Datasets/All_call_classes/Split_data_controlled/OpenSoundScape/Call_audios/padded_3s/AZ08_Trial_1_trim_15.31301976_15.40785622_C.WAV,0.0,3.0,False,False,True,False,False,False,False,False,False,False,False
/home/Shelby/blackbird_calls/Experiments/Detection_of_calls/Datasets/All_call_classes/Split_data_controlled/OpenSoundScape/Call_audios/padded_3s/SL09_Trial_2_trim_67.56711415_67.66748699_Check.WAV,0.0,3.0,False,False,False,True,False,False,False,False,False,False,False
/home/Shelby/blackbird_calls/Experiments/Detection_of_calls/Datasets/All_call_classes/Split_data_controlled/OpenSoundScape/Call_audios/padded_3s/SL42_Trial_1_trim_43.90797234_44.42042215_Cheer.WAV,0.0,3.0,False,False,False,False,True,False,False,False,False,False,False
/home/Shelby/blackbird_calls/Experiments/Detection_of_calls/Datasets/All_call_classes/Split_data_controlled/OpenSoundScape/Call_audios/padded_3s/EF04_Trial_2_trim_0.052688141_0.162854253_Check.WAV,0.0,3.0,False,False,False,True,False,False,False,False,False,False,False
/home/Shelby/blackbird_calls/Experiments/Detection_of_calls/Datasets/All_call_classes/Split_data_controlled/OpenSoundScape/Call_audios/padded_3s/SL36_Trial_3_trim_27.99321022_28.16395106_Check.WAV,0.0,3.0,False,False,False,True,False,False,False,False,False,False,False
/home/Shelby/blackbird_calls/Experiments/Detection_of_calls/Datasets/All_call_classes/Split_data_controlled/OpenSoundScape/Call_audios/padded_3s/SL11_Trial_2_trim_0.139154441_0.617709956_G.WAV,0.0,3.0,False,False,False,False,False,False,False,False,True,False,False
/home/Shelby/blackbird_calls/Experiments/Detection_of_calls/Datasets/All_call_classes/Split_data_controlled/OpenSoundScape/Call_audios/padded_3s/SL21_Trial_1_trim_36.68300912_36.98629967_D.WAV,0.0,3.0,False,False,False,False,False,False,True,False,False,False,False
/home/Shelby/blackbird_calls/Experiments/Detection_of_calls/Datasets/All_call_classes/Split_data_controlled/OpenSoundScape/Call_audios/padded_3s/SL51_Trial_1_trim_50.85323191_50.96217656_Check.WAV,0.0,3.0,False,False,False,True,False,False,False,False,False,False,False
/home/Shelby/blackbird_calls/Experiments/Detection_of_calls/Datasets/All_call_classes/Split_data_controlled/OpenSoundScape/Call_audios/padded_3s/SL51_Trial_2_trim_12.82155951_12.89442992_Check.WAV,0.0,3.0,False,False,False,True,False,False,False,False,False,False,False
/home/Shelby/blackbird_calls/Experiments/Detection_of_calls/Datasets/All_call_classes/Split_data_controlled/OpenSoundScape/Call_audios/padded_3s/AZ15_Trial_3_trim_25.66892443_25.76472105_C.WAV,0.0,3.0,False,False,True,False,False,False,False,False,False,False,False
/home/Shelby/blackbird_calls/Experiments/Detection_of_calls/Datasets/All_call_classes/Split_data_controlled/OpenSoundScape/Call_audios/padded_3s/SL42_Trial_1_trim_21.33625265_21.88828192_Cheer.WAV,0.0,3.0,False,False,False,False,True,False,False,False,False,False,False
/home/Shelby/blackbird_calls/Experiments/Detection_of_calls/Datasets/All_call_classes/Split_data_controlled/OpenSoundScape/Call_audios/padded_3s/EF04_Trial_3_trim_0.326193292_0.705153146_G.WAV,0.0,3.0,False,False,False,False,False,False,False,False,True,False,False
/home/Shelby/blackbird_calls/Experiments/Detection_of_calls/Datasets/All_call_classes/Split_data_controlled/OpenSoundScape/Call_audios/padded_3s/SL54_Trial_1_trim_1.154166783_1.289604722_Check.WAV,0.0,3.0,False,False,False,True,False,False,False,False,False,False,False
/home/Shelby/blackbird_calls/Experiments/Detection_of_calls/Datasets/All_call_classes/Split_data_controlled/OpenSoundScape/Call_audios/padded_3s/SL54_Trial_2_trim_28.24599818_28.38145036_Check.WAV,0.0,3.0,False,False,False,True,False,False,False,False,False,False,False
/home/Shelby/blackbird_calls/Experiments/Detection_of_calls/Datasets/All_call_classes/Split_data_controlled/OpenSoundScape/Call_audios/padded_3s/SL17a_Trial_2_trim_28.43684914_28.49931101_E.WAV,0.0,3.0,False,False,False,False,False,False,False,True,False,False,False
/home/Shelby/blackbird_calls/Experiments/Detection_of_calls/Datasets/All_call_classes/Split_data_controlled/OpenSoundScape/Call_audios/padded_3s/SL42_Trial_2_trim_16.07728673_16.58532259_Cheer.WAV,0.0,3.0,False,False,False,False,True,False,False,False,False,False,False
/home/Shelby/blackbird_calls/Experiments/Detection_of_calls/Datasets/All_call_classes/Split_data_controlled/OpenSoundScape/Call_audios/padded_3s/SL50_Trial_3_trim_46.21912741_46.33694334_Check.WAV,0.0,3.0,False,False,False,True,False,False,False,False,False,False,False
/home/Shelby/blackbird_calls/Experiments/Detection_of_calls/Datasets/All_call_classes/Split_data_controlled/OpenSoundScape/Call_audios/padded_3s/EF04_Trial_2_trim_2.634407038_2.734993488_Check.WAV,0.0,3.0,False,False,False,True,False,False,False,False,False,False,False
/home/Shelby/blackbird_calls/Experiments/Detection_of_calls/Datasets/All_call_classes/Split_data_controlled/OpenSoundScape/Call_audios/padded_3s/SL22_Trial_1_trim_33.31066884_33.4019292_Check.WAV,0.0,3.0,False,False,False,True,False,False,False,False,False,False,False
/home/Shelby/blackbird_calls/Experiments/Detection_of_calls/Datasets/All_call_classes/Split_data_controlled/OpenSoundScape/Call_audios/padded_3s/SL56_Trial_3_trim_11.9532974_12.10640668_Check.WAV,0.0,3.0,False,False,False,True,False,False,False,False,False,False,False
/home/Shelby/blackbird_calls/Experiments/Detection_of_calls/Datasets/All_call_classes/Split_data_controlled/OpenSoundScape/Call_audios/padded_3s/SL10_Trial_3_trim_1.250235132_1.705301559_Cheer.WAV,0.0,3.0,False,False,False,False,True,False,False,False,False,False,False
/home/Shelby/blackbird_calls/Experiments/Detection_of_calls/Datasets/All_call_classes/Split_data_controlled/OpenSoundScape/Call_audios/padded_3s/AZ13_Trial_2_trim_57.09625298_57.1848652_Check.WAV,0.0,3.0,False,False,False,True,False,False,False,False,False,False,False
/home/Shelby/blackbird_calls/Experiments/Detection_of_calls/Datasets/All_call_classes/Split_data_controlled/OpenSoundScape/Call_audios/padded_3s/SL22_Trial_1_trim_58.63862297_58.74165886_Check.WAV,0.0,3.0,False,False,False,True,False,False,False,False,False,False,False
/home/Shelby/blackbird_calls/Experiments/Detection_of_calls/Datasets/All_call_classes/Split_data_controlled/OpenSoundScape/Call_audios/padded_3s/SL13_Trial_3_trim_58.92323586_59.00810047_Check.WAV,0.0,3.0,False,False,False,True,False,False,False,False,False,False,False
/home/Shelby/blackbird_calls/Experiments/Detection_of_calls/Datasets/All_call_classes/Split_data_controlled/OpenSoundScape/Call_audios/padded_3s/SL42_Trial_3_trim_42.9074897_43.01056162_Check.WAV,0.0,3.0,False,False,False,True,False,False,False,False,False,False,False
/home/Shelby/blackbird_calls/Experiments/Detection_of_calls/Datasets/All_call_classes/Split_data_controlled/OpenSoundScape/Call_audios/padded_3s/SL22_Trial_1_trim_13.00261302_13.10270503_C.WAV,0.0,3.0,False,False,True,False,False,False,False,False,False,False,False
/home/Shelby/blackbird_calls/Experiments/Detection_of_calls/Datasets/All_call_classes/Split_data_controlled/OpenSoundScape/Call_audios/padded_3s/AZ13_Trial_1_trim_28.02693287_28.09400324_Check.WAV,0.0,3.0,False,False,False,True,False,False,False,False,False,False,False
/home/Shelby/blackbird_calls/Experiments/Detection_of_calls/Datasets/All_call_classes/Split_data_controlled/OpenSoundScape/Call_audios/padded_3s/AZ13_Trial_1_trim_24.66151108_24.73097682_Check.WAV,0.0,3.0,False,False,False,True,False,False,False,False,False,False,False
/home/Shelby/blackbird_calls/Experiments/Detection_of_calls/Datasets/All_call_classes/Split_data_controlled/OpenSoundScape/Call_audios/padded_3s/AZ13_Trial_2_trim_50.88934928_51.38988856_Chits.WAV,0.0,3.0,False,False,False,False,False,True,False,False,False,False,False
/home/Shelby/blackbird_calls/Experiments/Detection_of_calls/Datasets/All_call_classes/Split_data_controlled/OpenSoundScape/Call_audios/padded_3s/SL52_Trial_1_trim_27.73425712_27.84668576_Check.WAV,0.0,3.0,False,False,False,True,False,False,False,False,False,False,False
/home/Shelby/blackbird_calls/Experiments/Detection_of_calls/Datasets/All_call_classes/Split_data_controlled/OpenSoundScape/Call_audios/padded_3s/AZ13_Trial_2_trim_36.50478086_36.57423368_Check.WAV,0.0,3.0,False,False,False,True,False,False,False,False,False,False,False
/home/Shelby/blackbird_calls/Experiments/Detection_of_calls/Datasets/All_call_classes/Split_data_controlled/OpenSoundScape/Call_audios/padded_3s/SL54_Trial_3_trim_16.71804459_16.8305694_Check.WAV,0.0,3.0,False,False,False,True,False,False,False,False,False,False,False
/home/Shelby/blackbird_calls/Experiments/Detection_of_calls/Datasets/All_call_classes/Split_data_controlled/OpenSoundScape/Call_audios/padded_3s/SL43_Trial_2_trim_1.994577013_2.673316163_Cheer.WAV,0.0,3.0,False,False,False,False,True,False,False,False,False,False,False
/home/Shelby/blackbird_calls/Experiments/Detection_of_calls/Datasets/All_call_classes/Split_data_controlled/OpenSoundScape/Call_audios/padded_3s/AZ13_Trial_1_trim_50.61204482_50.68390593_Check.WAV,0.0,3.0,False,False,False,True,False,False,False,False,False,False,False
/home/Shelby/blackbird_calls/Experiments/Detection_of_calls/Datasets/All_call_classes/Split_data_controlled/OpenSoundScape/Call_audios/padded_3s/SL30_Trial_3_trim_35.76795998_35.85130315_Check.WAV,0.0,3.0,False,False,False,True,False,False,False,False,False,False,False
/home/Shelby/blackbird_calls/Experiments/Detection_of_calls/Datasets/All_call_classes/Split_data_controlled/OpenSoundScape/Call_audios/padded_3s/AZ13_Trial_3_trim_10.56902747_10.63369036_Check.WAV,0.0,3.0,False,False,False,True,False,False,False,False,False,False,False
/home/Shelby/blackbird_calls/Experiments/Detection_of_calls/Datasets/All_call_classes/Split_data_controlled/OpenSoundScape/Call_audios/padded_3s/SL50_Trial_1_trim_2.03210435_2.244475911_M.WAV,0.0,3.0,True,False,False,False,False,False,False,False,False,False,False
/home/Shelby/blackbird_calls/Experiments/Detection_of_calls/Datasets/All_call_classes/Split_data_controlled/OpenSoundScape/Call_audios/padded_3s/EF01_Trial_3_trim_1.542900603_1.743124346_O.WAV,0.0,3.0,False,False,False,False,False,False,False,True,False,False,False
/home/Shelby/blackbird_calls/Experiments/Detection_of_calls/Datasets/All_call_classes/Split_data_controlled/OpenSoundScape/Call_audios/padded_3s/SL21_Trial_3_trim_28.99023831_29.59155913_K.WAV,0.0,3.0,False,False,False,False,False,False,False,False,False,False,True
/home/Shelby/blackbird_calls/Experiments/Detection_of_calls/Datasets/All_call_classes/Split_data_controlled/OpenSoundScape/Call_audios/padded_3s/SL42_Trial_2_trim_42.29889761_42.35719681_Check.WAV,0.0,3.0,False,False,False,True,False,False,False,False,False,False,False
/home/Shelby/blackbird_calls/Experiments/Detection_of_calls/Datasets/All_call_classes/Split_data_controlled/OpenSoundScape/Call_audios/padded_3s/AZ08_Trial_3_trim_11.944646_12.04964271_Check.WAV,0.0,3.0,False,False,False,True,False,False,False,False,False,False,False
/home/Shelby/blackbird_calls/Experiments/Detection_of_calls/Datasets/All_call_classes/Split_data_controlled/OpenSoundScape/Call_audios/padded_3s/SL38_Trial_3_trim_28.64064547_29.08829542_Cheer.WAV,0.0,3.0,False,False,False,False,True,False,False,False,False,False,False
/home/Shelby/blackbird_calls/Experiments/Detection_of_calls/Datasets/All_call_classes/Split_data_controlled/OpenSoundScape/Call_audios/padded_3s/SL02_Trial_3_trim_54.27293772_54.33281129_Check.WAV,0.0,3.0,False,False,False,True,False,False,False,False,False,False,False
/home/Shelby/blackbird_calls/Experiments/Detection_of_calls/Datasets/All_call_classes/Split_data_controlled/OpenSoundScape/Call_audios/padded_3s/SL52_Trial_3_trim_45.06339767_45.18416079_Check.WAV,0.0,3.0,False,False,False,True,False,False,False,False,False,False,False
/home/Shelby/blackbird_calls/Experiments/Detection_of_calls/Datasets/All_call_classes/Split_data_controlled/OpenSoundScape/Call_audios/padded_3s/SL07_Trial_1_trim_9.347720097_9.409989872_Check.WAV,0.0,3.0,False,False,False,True,False,False,False,False,False,False,False
/home/Shelby/blackbird_calls/Experiments/Detection_of_calls/Datasets/All_call_classes/Split_data_controlled/OpenSoundScape/Call_audios/padded_3s/AZ15_Trial_1_trim_18.88245853_18.95430599_Check.WAV,0.0,3.0,False,False,False,True,False,False,False,False,False,False,False
/home/Shelby/blackbird_calls/Experiments/Detection_of_calls/Datasets/All_call_classes/Split_data_controlled/OpenSoundScape/Call_audios/padded_3s/SL51_Trial_3_trim_54.22545473_54.3108426_Check.WAV,0.0,3.0,False,False,False,True,False,False,False,False,False,False,False
/home/Shelby/blackbird_calls/Experiments/Detection_of_calls/Datasets/All_call_classes/Split_data_controlled/OpenSoundScape/Call_audios/padded_3s/SL02_Trial_1_trim_10.52323041_10.57831761_Check.WAV,0.0,3.0,False,False,False,True,False,False,False,False,False,False,False
/home/Shelby/blackbird_calls/Experiments/Detection_of_calls/Datasets/All_call_classes/Split_data_controlled/OpenSoundScape/Call_audios/padded_3s/AZ13_Trial_2_trim_33.97591752_34.05495004_Check.WAV,0.0,3.0,False,False,False,True,False,False,False,False,False,False,False
/home/Shelby/blackbird_calls/Experiments/Detection_of_calls/Datasets/All_call_classes/Split_data_controlled/OpenSoundScape/Call_audios/padded_3s/SL42_Trial_1_trim_43.14918144_43.238756_Check.WAV,0.0,3.0,False,False,False,True,False,False,False,False,False,False,False
/home/Shelby/blackbird_calls/Experiments/Detection_of_calls/Datasets/All_call_classes/Split_data_controlled/OpenSoundScape/Call_audios/padded_3s/SL52_Trial_1_trim_23.24081118_23.32825568_Check.WAV,0.0,3.0,False,False,False,True,False,False,False,False,False,False,False
/home/Shelby/blackbird_calls/Experiments/Detection_of_calls/Datasets/All_call_classes/Split_data_controlled/OpenSoundScape/Call_audios/padded_3s/AZ13_Trial_1_trim_6.796442287_6.88267562_Check.WAV,0.0,3.0,False,False,False,True,False,False,False,False,False,False,False
/home/Shelby/blackbird_calls/Experiments/Detection_of_calls/Datasets/All_call_classes/Split_data_controlled/OpenSoundScape/Call_audios/padded_3s/SL02_Trial_3_trim_6.854251509_6.935679563_Check.WAV,0.0,3.0,False,False,False,True,False,False,False,False,False,False,False
/home/Shelby/blackbird_calls/Experiments/Detection_of_calls/Datasets/All_call_classes/Split_data_controlled/OpenSoundScape/Call_audios/padded_3s/AZ13_Trial_1_trim_7.807288578_7.864777466_Check.WAV,0.0,3.0,False,False,False,True,False,False,False,False,False,False,False
/home/Shelby/blackbird_calls/Experiments/Detection_of_calls/Datasets/All_call_classes/Split_data_controlled/OpenSoundScape/Call_audios/padded_3s/SL07_Trial_1_trim_9.323681245_9.802679511_Cheer.WAV,0.0,3.0,False,False,False,False,True,False,False,False,False,False,False
/home/Shelby/blackbird_calls/Experiments/Detection_of_calls/Datasets/All_call_classes/Split_data_controlled/OpenSoundScape/Call_audios/padded_3s/AZ15_Trial_1_trim_21.87270223_21.96370901_Check.WAV,0.0,3.0,False,False,False,True,False,False,False,False,False,False,False
/home/Shelby/blackbird_calls/Experiments/Detection_of_calls/Datasets/All_call_classes/Split_data_controlled/OpenSoundScape/Call_audios/padded_3s/AZ15_Trial_1_trim_50.11816492_50.23312085_Check.WAV,0.0,3.0,False,False,False,True,False,False,False,False,False,False,False
/home/Shelby/blackbird_calls/Experiments/Detection_of_calls/Datasets/All_call_classes/Split_data_controlled/OpenSoundScape/Call_audios/padded_3s/SL51_Trial_2_trim_45.68323233_46.27035966_Cheer.WAV,0.0,3.0,False,False,False,False,True,False,False,False,False,False,False
/home/Shelby/blackbird_calls/Experiments/Detection_of_calls/Datasets/All_call_classes/Split_data_controlled/OpenSoundScape/Call_audios/padded_3s/SL16_Trial_3_trim_50.38332962_50.46036585_Check.WAV,0.0,3.0,False,False,False,True,False,False,False,False,False,False,False
/home/Shelby/blackbird_calls/Experiments/Detection_of_calls/Datasets/All_call_classes/Split_data_controlled/OpenSoundScape/Call_audios/padded_3s/SL16_Trial_2_trim_39.70659567_39.78156829_Check.WAV,0.0,3.0,False,False,False,True,False,False,False,False,False,False,False
/home/Shelby/blackbird_calls/Experiments/Detection_of_calls/Datasets/All_call_classes/Split_data_controlled/OpenSoundScape/Call_audios/padded_3s/AZ13_Trial_1_trim_2.422492942_2.491958682_Check.WAV,0.0,3.0,False,False,False,True,False,False,False,False,False,False,False
/home/Shelby/blackbird_calls/Experiments/Detection_of_calls/Datasets/All_call_classes/Split_data_controlled/OpenSoundScape/Call_audios/padded_3s/SL01_Trial_3_trim_51.7197409_51.78746107_Check.WAV,0.0,3.0,False,False,False,True,False,False,False,False,False,False,False
/home/Shelby/blackbird_calls/Experiments/Detection_of_calls/Datasets/All_call_classes/Split_data_controlled/OpenSoundScape/Call_audios/padded_3s/SL52_Trial_1_trim_13.26311291_13.3672135_Check.WAV,0.0,3.0,False,False,False,True,False,False,False,False,False,False,False
/home/Shelby/blackbird_calls/Experiments/Detection_of_calls/Datasets/All_call_classes/Split_data_controlled/OpenSoundScape/Call_audios/padded_3s/SL21_Trial_1_trim_22.35780529_22.91432872_K.WAV,0.0,3.0,False,False,False,False,False,False,False,False,False,False,True
/home/Shelby/blackbird_calls/Experiments/Detection_of_calls/Datasets/All_call_classes/Split_data_controlled/OpenSoundScape/Call_audios/padded_3s/AZ15_Trial_1_trim_29.58679485_29.70175079_Check.WAV,0.0,3.0,False,False,False,True,False,False,False,False,False,False,False
/home/Shelby/blackbird_calls/Experiments/Detection_of_calls/Datasets/All_call_classes/Split_data_controlled/OpenSoundScape/Call_audios/padded_3s/SL11_Trial_1_trim_4.224779958_4.756469953_Cheer.WAV,0.0,3.0,False,False,False,False,True,False,False,False,False,False,False
/home/Shelby/blackbird_calls/Experiments/Detection_of_calls/Datasets/All_call_classes/Split_data_controlled/OpenSoundScape/Call_audios/padded_3s/SL22_Trial_1_trim_4.221527679_4.345170749_Check.WAV,0.0,3.0,False,False,False,True,False,False,False,False,False,False,False
/home/Shelby/blackbird_calls/Experiments/Detection_of_calls/Datasets/All_call_classes/Split_data_controlled/OpenSoundScape/Call_audios/padded_3s/SL50_Trial_1_trim_30.07140663_30.20049522_Check.WAV,0.0,3.0,False,False,False,True,False,False,False,False,False,False,False
/home/Shelby/blackbird_calls/Experiments/Detection_of_calls/Datasets/All_call_classes/Split_data_controlled/OpenSoundScape/Call_audios/padded_3s/AZ02_Trial_3_trim_35.2315203_35.4087545_Check.WAV,0.0,3.0,False,False,False,True,False,False,False,False,False,False,False
/home/Shelby/blackbird_calls/Experiments/Detection_of_calls/Datasets/All_call_classes/Split_data_controlled/OpenSoundScape/Call_audios/padded_3s/SL17a_Trial_1_trim_53.30979703_53.40107483_Check.WAV,0.0,3.0,False,False,False,True,False,False,False,False,False,False,False
/home/Shelby/blackbird_calls/Experiments/Detection_of_calls/Datasets/All_call_classes/Split_data_controlled/OpenSoundScape/Call_audios/padded_3s/RC02_Trial_1_trim_20.22218788_20.30122009_Check.WAV,0.0,3.0,False,False,False,True,False,False,False,False,False,False,False
/home/Shelby/blackbird_calls/Experiments/Detection_of_calls/Datasets/All_call_classes/Split_data_controlled/OpenSoundScape/Call_audios/padded_3s/AZ15_Trial_1_trim_41.89809537_41.965153_Check.WAV,0.0,3.0,False,False,False,True,False,False,False,False,False,False,False
/home/Shelby/blackbird_calls/Experiments/Detection_of_calls/Datasets/All_call_classes/Split_data_controlled/OpenSoundScape/Call_audios/padded_3s/SL50_Trial_1_trim_4.026731365_4.25575952_M.WAV,0.0,3.0,True,False,False,False,False,False,False,False,False,False,False
/home/Shelby/blackbird_calls/Experiments/Detection_of_calls/Datasets/All_call_classes/Split_data_controlled/OpenSoundScape/Call_audios/padded_3s/SL17a_Trial_3_trim_4.717838769_4.842759478_Chits.WAV,0.0,3.0,False,False,False,False,False,True,False,False,False,False,False
/home/Shelby/blackbird_calls/Experiments/Detection_of_calls/Datasets/All_call_classes/Split_data_controlled/OpenSoundScape/Call_audios/padded_3s/SL22_Trial_1_trim_38.42783568_38.53087158_Check.WAV,0.0,3.0,False,False,False,True,False,False,False,False,False,False,False
/home/Shelby/blackbird_calls/Experiments/Detection_of_calls/Datasets/All_call_classes/Split_data_controlled/OpenSoundScape/Call_audios/padded_3s/SL21_Trial_2_trim_42.68529437_42.93131904_Check.WAV,0.0,3.0,False,False,False,True,False,False,False,False,False,False,False
/home/Shelby/blackbird_calls/Experiments/Detection_of_calls/Datasets/All_call_classes/Split_data_controlled/OpenSoundScape/Call_audios/padded_3s/AZ15_Trial_3_trim_53.90818729_53.98961441_C.WAV,0.0,3.0,False,False,True,False,False,False,False,False,False,False,False
/home/Shelby/blackbird_calls/Experiments/Detection_of_calls/Datasets/All_call_classes/Split_data_controlled/OpenSoundScape/Call_audios/padded_3s/AZ13_Trial_3_trim_42.59370908_42.67513643_Check.WAV,0.0,3.0,False,False,False,True,False,False,False,False,False,False,False
/home/Shelby/blackbird_calls/Experiments/Detection_of_calls/Datasets/All_call_classes/Split_data_controlled/OpenSoundScape/Call_audios/padded_3s/SL42_Trial_3_trim_2.72109863_2.862454403_Check.WAV,0.0,3.0,False,False,False,True,False,False,False,False,False,False,False
/home/Shelby/blackbird_calls/Experiments/Detection_of_calls/Datasets/All_call_classes/Split_data_controlled/OpenSoundScape/Call_audios/padded_3s/AZ15_Trial_3_trim_10.5965195_10.6744187_C.WAV,0.0,3.0,False,False,True,False,False,False,False,False,False,False,False
/home/Shelby/blackbird_calls/Experiments/Detection_of_calls/Datasets/All_call_classes/Split_data_controlled/OpenSoundScape/Call_audios/padded_3s/SL11_Trial_2_trim_40.58159168_41.14839148_G.WAV,0.0,3.0,False,False,False,False,False,False,False,False,True,False,False
/home/Shelby/blackbird_calls/Experiments/Detection_of_calls/Datasets/All_call_classes/Split_data_controlled/OpenSoundScape/Call_audios/padded_3s/SL50_Trial_1_trim_23.33774503_23.74999571_Cheer.WAV,0.0,3.0,False,False,False,False,True,False,False,False,False,False,False
/home/Shelby/blackbird_calls/Experiments/Detection_of_calls/Datasets/All_call_classes/Split_data_controlled/OpenSoundScape/Call_audios/padded_3s/SL22_Trial_2_trim_40.75053707_40.89211388_Check.WAV,0.0,3.0,False,False,False,True,False,False,False,False,False,False,False
/home/Shelby/blackbird_calls/Experiments/Detection_of_calls/Datasets/All_call_classes/Split_data_controlled/OpenSoundScape/Call_audios/padded_3s/AZ13_Trial_1_trim_18.3719086_18.44856045_Check.WAV,0.0,3.0,False,False,False,True,False,False,False,False,False,False,False
/home/Shelby/blackbird_calls/Experiments/Detection_of_calls/Datasets/All_call_classes/Split_data_controlled/OpenSoundScape/Call_audios/padded_3s/SL51_Trial_3_trim_42.15480245_42.24313473_Check.WAV,0.0,3.0,False,False,False,True,False,False,False,False,False,False,False
/home/Shelby/blackbird_calls/Experiments/Detection_of_calls/Datasets/All_call_classes/Split_data_controlled/OpenSoundScape/Call_audios/padded_3s/RC02_Trial_1_trim_52.56330413_52.61838718_Check.WAV,0.0,3.0,False,False,False,True,False,False,False,False,False,False,False
/home/Shelby/blackbird_calls/Experiments/Detection_of_calls/Datasets/All_call_classes/Split_data_controlled/OpenSoundScape/Call_audios/padded_3s/SL16_Trial_1_trim_47.34910404_47.46406324_Check.WAV,0.0,3.0,False,False,False,True,False,False,False,False,False,False,False
/home/Shelby/blackbird_calls/Experiments/Detection_of_calls/Datasets/All_call_classes/Split_data_controlled/OpenSoundScape/Call_audios/padded_3s/SL38_Trial_3_trim_2.645985418_3.566270427_Cheer.WAV,0.0,3.0,False,False,False,False,True,False,False,False,False,False,False
/home/Shelby/blackbird_calls/Experiments/Detection_of_calls/Datasets/All_call_classes/Split_data_controlled/OpenSoundScape/Call_audios/padded_3s/SL07_Trial_3_trim_1.918327173_1.982989887_D.WAV,0.0,3.0,False,False,False,False,False,False,True,False,False,False,False
/home/Shelby/blackbird_calls/Experiments/Detection_of_calls/Datasets/All_call_classes/Split_data_controlled/OpenSoundScape/Call_audios/padded_3s/SL42_Trial_1_trim_38.31260118_38.41467452_Check.WAV,0.0,3.0,False,False,False,True,False,False,False,False,False,False,False
/home/Shelby/blackbird_calls/Experiments/Detection_of_calls/Datasets/All_call_classes/Split_data_controlled/OpenSoundScape/Call_audios/padded_3s/SL51_Trial_1_trim_42.37060678_42.84760769_Cheer.WAV,0.0,3.0,False,False,False,False,True,False,False,False,False,False,False
/home/Shelby/blackbird_calls/Experiments/Detection_of_calls/Datasets/All_call_classes/Split_data_controlled/OpenSoundScape/Call_audios/padded_3s/SL49_Trial_2_trim_53.53134536_53.66668921_D.WAV,0.0,3.0,False,False,False,False,False,False,True,False,False,False,False
/home/Shelby/blackbird_calls/Experiments/Detection_of_calls/Datasets/All_call_classes/Split_data_controlled/OpenSoundScape/Call_audios/padded_3s/SL51_Trial_2_trim_3.500127634_3.589654142_Check.WAV,0.0,3.0,False,False,False,True,False,False,False,False,False,False,False
/home/Shelby/blackbird_calls/Experiments/Detection_of_calls/Datasets/All_call_classes/Split_data_controlled/OpenSoundScape/Call_audios/padded_3s/SL36_Trial_3_trim_33.68959257_33.84575796_Check.WAV,0.0,3.0,False,False,False,True,False,False,False,False,False,False,False
/home/Shelby/blackbird_calls/Experiments/Detection_of_calls/Datasets/All_call_classes/Split_data_controlled/OpenSoundScape/Call_audios/padded_3s/SL28_Trial_3_trim_10.70593717_10.82669645_Check.WAV,0.0,3.0,False,False,False,True,False,False,False,False,False,False,False
/home/Shelby/blackbird_calls/Experiments/Detection_of_calls/Datasets/All_call_classes/Split_data_controlled/OpenSoundScape/Call_audios/padded_3s/SL50_Trial_3_trim_42.73903022_42.83033757_Check.WAV,0.0,3.0,False,False,False,True,False,False,False,False,False,False,False
/home/Shelby/blackbird_calls/Experiments/Detection_of_calls/Datasets/All_call_classes/Split_data_controlled/OpenSoundScape/Call_audios/padded_3s/SL21_Trial_3_trim_30.83145768_30.99652614_Check.WAV,0.0,3.0,False,False,False,True,False,False,False,False,False,False,False
/home/Shelby/blackbird_calls/Experiments/Detection_of_calls/Datasets/All_call_classes/Split_data_controlled/OpenSoundScape/Call_audios/padded_3s/SL28_Trial_3_trim_0.653765738_0.753704449_Check.WAV,0.0,3.0,False,False,False,True,False,False,False,False,False,False,False
/home/Shelby/blackbird_calls/Experiments/Detection_of_calls/Datasets/All_call_classes/Split_data_controlled/OpenSoundScape/Call_audios/padded_3s/SL07_Trial_1_trim_32.93731998_33.09059943_D.WAV,0.0,3.0,False,False,False,False,False,False,True,False,False,False,False
/home/Shelby/blackbird_calls/Experiments/Detection_of_calls/Datasets/All_call_classes/Split_data_controlled/OpenSoundScape/Call_audios/padded_3s/SL07_Trial_3_trim_48.36709914_48.47966016_Check.WAV,0.0,3.0,False,False,False,True,False,False,False,False,False,False,False
/home/Shelby/blackbird_calls/Experiments/Detection_of_calls/Datasets/All_call_classes/Split_data_controlled/OpenSoundScape/Call_audios/padded_3s/SL43_Trial_2_trim_1.14094802_1.340822126_Check.WAV,0.0,3.0,False,False,False,True,False,False,False,False,False,False,False
/home/Shelby/blackbird_calls/Experiments/Detection_of_calls/Datasets/All_call_classes/Split_data_controlled/OpenSoundScape/Call_audios/padded_3s/SL42_Trial_3_trim_2.514954795_2.673980039_Check.WAV,0.0,3.0,False,False,False,True,False,False,False,False,False,False,False
/home/Shelby/blackbird_calls/Experiments/Detection_of_calls/Datasets/All_call_classes/Split_data_controlled/OpenSoundScape/Call_audios/padded_3s/AZ08_Trial_3_trim_18.06815453_18.15621628_Check.WAV,0.0,3.0,False,False,False,True,False,False,False,False,False,False,False
/home/Shelby/blackbird_calls/Experiments/Detection_of_calls/Datasets/All_call_classes/Split_data_controlled/OpenSoundScape/Call_audios/padded_3s/SL21_Trial_3_trim_34.52999918_34.69506764_Check.WAV,0.0,3.0,False,False,False,True,False,False,False,False,False,False,False
/home/Shelby/blackbird_calls/Experiments/Detection_of_calls/Datasets/All_call_classes/Split_data_controlled/OpenSoundScape/Call_audios/padded_3s/SL17a_Trial_3_trim_26.30688115_26.41930979_J.WAV,0.0,3.0,False,False,False,False,False,False,False,False,False,True,False
/home/Shelby/blackbird_calls/Experiments/Detection_of_calls/Datasets/All_call_classes/Split_data_controlled/OpenSoundScape/Call_audios/padded_3s/SL07_Trial_3_trim_17.73750001_17.84287629_Check.WAV,0.0,3.0,False,False,False,True,False,False,False,False,False,False,False
/home/Shelby/blackbird_calls/Experiments/Detection_of_calls/Datasets/All_call_classes/Split_data_controlled/OpenSoundScape/Call_audios/padded_3s/SL52_Trial_3_trim_44.1000652_44.1833501_Check.WAV,0.0,3.0,False,False,False,True,False,False,False,False,False,False,False
/home/Shelby/blackbird_calls/Experiments/Detection_of_calls/Datasets/All_call_classes/Split_data_controlled/OpenSoundScape/Call_audios/padded_3s/SL22_Trial_1_trim_56.71626762_56.81047187_Check.WAV,0.0,3.0,False,False,False,True,False,False,False,False,False,False,False
/home/Shelby/blackbird_calls/Experiments/Detection_of_calls/Datasets/All_call_classes/Split_data_controlled/OpenSoundScape/Call_audios/padded_3s/SL22_Trial_1_trim_59.52029552_59.61744365_Check.WAV,0.0,3.0,False,False,False,True,False,False,False,False,False,False,False
/home/Shelby/blackbird_calls/Experiments/Detection_of_calls/Datasets/All_call_classes/Split_data_controlled/OpenSoundScape/Call_audios/padded_3s/RC02_Trial_2_trim_30.94419546_32.00348844_Chits.WAV,0.0,3.0,False,False,False,False,False,True,False,False,False,False,False
/home/Shelby/blackbird_calls/Experiments/Detection_of_calls/Datasets/All_call_classes/Split_data_controlled/OpenSoundScape/Call_audios/padded_3s/AZ02_Trial_2_trim_0.766266064_1.132741138_K.WAV,0.0,3.0,False,False,False,False,False,False,False,False,False,False,True
/home/Shelby/blackbird_calls/Experiments/Detection_of_calls/Datasets/All_call_classes/Split_data_controlled/OpenSoundScape/Call_audios/padded_3s/SL38_Trial_1_trim_13.79198015_13.90860488_D.WAV,0.0,3.0,False,False,False,False,False,False,True,False,False,False,False
/home/Shelby/blackbird_calls/Experiments/Detection_of_calls/Datasets/All_call_classes/Split_data_controlled/OpenSoundScape/Call_audios/padded_3s/SL17a_Trial_3_trim_37.87803774_37.98422035_E.WAV,0.0,3.0,False,False,False,False,False,False,False,True,False,False,False
/home/Shelby/blackbird_calls/Experiments/Detection_of_calls/Datasets/All_call_classes/Split_data_controlled/OpenSoundScape/Call_audios/padded_3s/SL36_Trial_3_trim_49.72084361_49.81141954_Check.WAV,0.0,3.0,False,False,False,True,False,False,False,False,False,False,False
/home/Shelby/blackbird_calls/Experiments/Detection_of_calls/Datasets/All_call_classes/Split_data_controlled/OpenSoundScape/Call_audios/padded_3s/SL07_Trial_1_trim_2.371041415_2.514740894_D.WAV,0.0,3.0,False,False,False,False,False,False,True,False,False,False,False
/home/Shelby/blackbird_calls/Experiments/Detection_of_calls/Datasets/All_call_classes/Split_data_controlled/OpenSoundScape/Call_audios/padded_3s/SL54_Trial_3_trim_53.85193973_54.66045134_Chits.WAV,0.0,3.0,False,False,False,False,False,True,False,False,False,False,False
/home/Shelby/blackbird_calls/Experiments/Detection_of_calls/Datasets/All_call_classes/Split_data_controlled/OpenSoundScape/Call_audios/padded_3s/SL51_Trial_1_trim_38.8462298_39.58234231_Cheer.WAV,0.0,3.0,False,False,False,False,True,False,False,False,False,False,False
/home/Shelby/blackbird_calls/Experiments/Detection_of_calls/Datasets/All_call_classes/Split_data_controlled/OpenSoundScape/Call_audios/padded_3s/AZ13_Trial_1_trim_3.598619787_3.653713305_Check.WAV,0.0,3.0,False,False,False,True,False,False,False,False,False,False,False
/home/Shelby/blackbird_calls/Experiments/Detection_of_calls/Datasets/All_call_classes/Split_data_controlled/OpenSoundScape/Call_audios/padded_3s/SL22_Trial_1_trim_19.32352401_19.42067214_Check.WAV,0.0,3.0,False,False,False,True,False,False,False,False,False,False,False
/home/Shelby/blackbird_calls/Experiments/Detection_of_calls/Datasets/All_call_classes/Split_data_controlled/OpenSoundScape/Call_audios/padded_3s/SL51_Trial_1_trim_30.378832_30.45833215_Check.WAV,0.0,3.0,False,False,False,True,False,False,False,False,False,False,False
/home/Shelby/blackbird_calls/Experiments/Detection_of_calls/Datasets/All_call_classes/Split_data_controlled/OpenSoundScape/Call_audios/padded_3s/AZ13_Trial_1_trim_21.12362376_21.22183395_Check.WAV,0.0,3.0,False,False,False,True,False,False,False,False,False,False,False
/home/Shelby/blackbird_calls/Experiments/Detection_of_calls/Datasets/All_call_classes/Split_data_controlled/OpenSoundScape/Call_audios/padded_3s/SL13_Trial_1_trim_35.80305872_35.91801466_E.WAV,0.0,3.0,False,False,False,False,False,False,False,True,False,False,False
/home/Shelby/blackbird_calls/Experiments/Detection_of_calls/Datasets/All_call_classes/Split_data_controlled/OpenSoundScape/Call_audios/padded_3s/SL09_Trial_1_trim_6.400370537_6.512217627_Check.WAV,0.0,3.0,False,False,False,True,False,False,False,False,False,False,False
/home/Shelby/blackbird_calls/Experiments/Detection_of_calls/Datasets/All_call_classes/Split_data_controlled/OpenSoundScape/Call_audios/padded_3s/SL51_Trial_2_trim_2.152800215_2.223588617_Check.WAV,0.0,3.0,False,False,False,True,False,False,False,False,False,False,False
/home/Shelby/blackbird_calls/Experiments/Detection_of_calls/Datasets/All_call_classes/Split_data_controlled/OpenSoundScape/Call_audios/padded_3s/SL50_Trial_3_trim_27.45827635_27.56725608_Check.WAV,0.0,3.0,False,False,False,True,False,False,False,False,False,False,False
/home/Shelby/blackbird_calls/Experiments/Detection_of_calls/Datasets/All_call_classes/Split_data_controlled/OpenSoundScape/Call_audios/padded_3s/SL52_Trial_1_trim_24.97304501_25.08130962_Check.WAV,0.0,3.0,False,False,False,True,False,False,False,False,False,False,False
/home/Shelby/blackbird_calls/Experiments/Detection_of_calls/Datasets/All_call_classes/Split_data_controlled/OpenSoundScape/Call_audios/padded_3s/SL11_Trial_3_trim_0.189672596_0.304830957_E.WAV,0.0,3.0,False,False,False,False,False,False,False,True,False,False,False
/home/Shelby/blackbird_calls/Experiments/Detection_of_calls/Datasets/All_call_classes/Split_data_controlled/OpenSoundScape/Call_audios/padded_3s/SL38_Trial_3_trim_31.62960175_31.72537802_Check.WAV,0.0,3.0,False,False,False,True,False,False,False,False,False,False,False
/home/Shelby/blackbird_calls/Experiments/Detection_of_calls/Datasets/All_call_classes/Split_data_controlled/OpenSoundScape/Call_audios/padded_3s/SL10_Trial_1_trim_35.81882203_36.58047856_Cheer.WAV,0.0,3.0,False,False,False,False,True,False,False,False,False,False,False
/home/Shelby/blackbird_calls/Experiments/Detection_of_calls/Datasets/All_call_classes/Split_data_controlled/OpenSoundScape/Call_audios/padded_3s/RC02_Trial_1_trim_7.201539953_7.948753534_Chits.WAV,0.0,3.0,False,False,False,False,False,True,False,False,False,False,False
/home/Shelby/blackbird_calls/Experiments/Detection_of_calls/Datasets/All_call_classes/Split_data_controlled/OpenSoundScape/Call_audios/padded_3s/SL50_Trial_3_trim_48.51948339_48.62551772_Check.WAV,0.0,3.0,False,False,False,True,False,False,False,False,False,False,False
/home/Shelby/blackbird_calls/Experiments/Detection_of_calls/Datasets/All_call_classes/Split_data_controlled/OpenSoundScape/Call_audios/padded_3s/SL07_Trial_3_trim_57.3297799_57.64590872_D.WAV,0.0,3.0,False,False,False,False,False,False,True,False,False,False,False
/home/Shelby/blackbird_calls/Experiments/Detection_of_calls/Datasets/All_call_classes/Split_data_controlled/OpenSoundScape/Call_audios/padded_3s/EF01_Trial_3_trim_70.000252_70.1415864_I.WAV,0.0,3.0,False,False,False,False,False,False,True,False,False,False,False
/home/Shelby/blackbird_calls/Experiments/Detection_of_calls/Datasets/All_call_classes/Split_data_controlled/OpenSoundScape/Call_audios/padded_3s/SL02_Trial_3_trim_19.30276157_19.37221491_Check.WAV,0.0,3.0,False,False,False,True,False,False,False,False,False,False,False
/home/Shelby/blackbird_calls/Experiments/Detection_of_calls/Datasets/All_call_classes/Split_data_controlled/OpenSoundScape/Call_audios/padded_3s/SL30_Trial_2_trim_24.2176946_24.28839278_Check.WAV,0.0,3.0,False,False,False,True,False,False,False,False,False,False,False
/home/Shelby/blackbird_calls/Experiments/Detection_of_calls/Datasets/All_call_classes/Split_data_controlled/OpenSoundScape/Call_audios/padded_3s/SL21_Trial_2_trim_41.61005591_42.41796447_K.WAV,0.0,3.0,False,False,False,False,False,False,False,False,False,False,True
/home/Shelby/blackbird_calls/Experiments/Detection_of_calls/Datasets/All_call_classes/Split_data_controlled/OpenSoundScape/Call_audios/padded_3s/SL21_Trial_1_trim_49.66051463_50.07864334_D.WAV,0.0,3.0,False,False,False,False,False,False,True,False,False,False,False
/home/Shelby/blackbird_calls/Experiments/Detection_of_calls/Datasets/All_call_classes/Split_data_controlled/OpenSoundScape/Call_audios/padded_3s/SL30_Trial_2_trim_36.99588788_37.05627591_Check.WAV,0.0,3.0,False,False,False,True,False,False,False,False,False,False,False
/home/Shelby/blackbird_calls/Experiments/Detection_of_calls/Datasets/All_call_classes/Split_data_controlled/OpenSoundScape/Call_audios/padded_3s/SL22_Trial_1_trim_6.718637855_7.598858758_Cheer.WAV,0.0,3.0,False,False,False,False,True,False,False,False,False,False,False
/home/Shelby/blackbird_calls/Experiments/Detection_of_calls/Datasets/All_call_classes/Split_data_controlled/OpenSoundScape/Call_audios/padded_3s/SL11_Trial_2_trim_58.75365153_59.25596512_G.WAV,0.0,3.0,False,False,False,False,False,False,False,False,True,False,False
/home/Shelby/blackbird_calls/Experiments/Detection_of_calls/Datasets/All_call_classes/Split_data_controlled/OpenSoundScape/Call_audios/padded_3s/SL38_Trial_3_trim_59.22857927_59.31186298_Check.WAV,0.0,3.0,False,False,False,True,False,False,False,False,False,False,False
/home/Shelby/blackbird_calls/Experiments/Detection_of_calls/Datasets/All_call_classes/Split_data_controlled/OpenSoundScape/Call_audios/padded_3s/SL52_Trial_1_trim_27.01804506_27.1304737_Check.WAV,0.0,3.0,False,False,False,True,False,False,False,False,False,False,False
/home/Shelby/blackbird_calls/Experiments/Detection_of_calls/Datasets/All_call_classes/Split_data_controlled/OpenSoundScape/Call_audios/padded_3s/SL21_Trial_2_trim_17.59209167_18.47666309_K.WAV,0.0,3.0,False,False,False,False,False,False,False,False,False,False,True
/home/Shelby/blackbird_calls/Experiments/Detection_of_calls/Datasets/All_call_classes/Split_data_controlled/OpenSoundScape/Call_audios/padded_3s/SL51_Trial_3_trim_52.38519889_52.47353117_Check.WAV,0.0,3.0,False,False,False,True,False,False,False,False,False,False,False
/home/Shelby/blackbird_calls/Experiments/Detection_of_calls/Datasets/All_call_classes/Split_data_controlled/OpenSoundScape/Call_audios/padded_3s/SL17b_Trial_2_trim_37.06181274_37.20915696_Check.WAV,0.0,3.0,False,False,False,True,False,False,False,False,False,False,False
/home/Shelby/blackbird_calls/Experiments/Detection_of_calls/Datasets/All_call_classes/Split_data_controlled/OpenSoundScape/Call_audios/padded_3s/SL42_Trial_3_trim_5.99477802_7.346492599_Chits.WAV,0.0,3.0,False,False,False,False,False,True,False,False,False,False,False
/home/Shelby/blackbird_calls/Experiments/Detection_of_calls/Datasets/All_call_classes/Split_data_controlled/OpenSoundScape/Call_audios/padded_3s/SL21_Trial_2_trim_51.04156632_51.27091135_Check.WAV,0.0,3.0,False,False,False,True,False,False,False,False,False,False,False
/home/Shelby/blackbird_calls/Experiments/Detection_of_calls/Datasets/All_call_classes/Split_data_controlled/OpenSoundScape/Call_audios/padded_3s/RC02_Trial_1_trim_33.66578423_33.73284186_Check.WAV,0.0,3.0,False,False,False,True,False,False,False,False,False,False,False
/home/Shelby/blackbird_calls/Experiments/Detection_of_calls/Datasets/All_call_classes/Split_data_controlled/OpenSoundScape/Call_audios/padded_3s/SL42_Trial_1_trim_53.70524186_53.771902_Check.WAV,0.0,3.0,False,False,False,True,False,False,False,False,False,False,False
/home/Shelby/blackbird_calls/Experiments/Detection_of_calls/Datasets/All_call_classes/Split_data_controlled/OpenSoundScape/Call_audios/padded_3s/SL54_Trial_2_trim_59.39915072_59.50515677_Check.WAV,0.0,3.0,False,False,False,True,False,False,False,False,False,False,False
/home/Shelby/blackbird_calls/Experiments/Detection_of_calls/Datasets/All_call_classes/Split_data_controlled/OpenSoundScape/Call_audios/padded_3s/SL51_Trial_2_trim_8.49381064_8.554188982_Check.WAV,0.0,3.0,False,False,False,True,False,False,False,False,False,False,False
/home/Shelby/blackbird_calls/Experiments/Detection_of_calls/Datasets/All_call_classes/Split_data_controlled/OpenSoundScape/Call_audios/padded_3s/SL21_Trial_2_trim_33.62580538_34.4690968_K.WAV,0.0,3.0,False,False,False,False,False,False,False,False,False,False,True
/home/Shelby/blackbird_calls/Experiments/Detection_of_calls/Datasets/All_call_classes/Split_data_controlled/OpenSoundScape/Call_audios/padded_3s/SL22_Trial_1_trim_25.10406486_25.56331055_Cheer.WAV,0.0,3.0,False,False,False,False,True,False,False,False,False,False,False
/home/Shelby/blackbird_calls/Experiments/Detection_of_calls/Datasets/All_call_classes/Split_data_controlled/OpenSoundScape/Call_audios/padded_3s/SL52_Trial_3_trim_21.00399809_21.11226847_Check.WAV,0.0,3.0,False,False,False,True,False,False,False,False,False,False,False
/home/Shelby/blackbird_calls/Experiments/Detection_of_calls/Datasets/All_call_classes/Split_data_controlled/OpenSoundScape/Call_audios/padded_3s/SL51_Trial_1_trim_36.26388153_37.04121634_Cheer.WAV,0.0,3.0,False,False,False,False,True,False,False,False,False,False,False
/home/Shelby/blackbird_calls/Experiments/Detection_of_calls/Datasets/All_call_classes/Split_data_controlled/OpenSoundScape/Call_audios/padded_3s/SL51_Trial_3_trim_41.10070391_41.19492501_Check.WAV,0.0,3.0,False,False,False,True,False,False,False,False,False,False,False
/home/Shelby/blackbird_calls/Experiments/Detection_of_calls/Datasets/All_call_classes/Split_data_controlled/OpenSoundScape/Call_audios/padded_3s/SL52_Trial_1_trim_52.94604155_53.06679824_Check.WAV,0.0,3.0,False,False,False,True,False,False,False,False,False,False,False
/home/Shelby/blackbird_calls/Experiments/Detection_of_calls/Datasets/All_call_classes/Split_data_controlled/OpenSoundScape/Call_audios/padded_3s/SL07_Trial_3_trim_11.85651113_11.9930213_D.WAV,0.0,3.0,False,False,False,False,False,False,True,False,False,False,False
/home/Shelby/blackbird_calls/Experiments/Detection_of_calls/Datasets/All_call_classes/Split_data_controlled/OpenSoundScape/Call_audios/padded_3s/SL07_Trial_3_trim_10.464679_10.57724002_Check.WAV,0.0,3.0,False,False,False,True,False,False,False,False,False,False,False
/home/Shelby/blackbird_calls/Experiments/Detection_of_calls/Datasets/All_call_classes/Split_data_controlled/OpenSoundScape/Call_audios/padded_3s/SL30_Trial_3_trim_43.70404318_43.81655646_Check.WAV,0.0,3.0,False,False,False,True,False,False,False,False,False,False,False
/home/Shelby/blackbird_calls/Experiments/Detection_of_calls/Datasets/All_call_classes/Split_data_controlled/OpenSoundScape/Call_audios/padded_3s/AZ15_Trial_3_trim_10.75401136_10.81328249_Check.WAV,0.0,3.0,False,False,False,True,False,False,False,False,False,False,False
/home/Shelby/blackbird_calls/Experiments/Detection_of_calls/Datasets/All_call_classes/Split_data_controlled/OpenSoundScape/Call_audios/padded_3s/SL52_Trial_3_trim_42.85495582_42.95906195_Check.WAV,0.0,3.0,False,False,False,True,False,False,False,False,False,False,False
/home/Shelby/blackbird_calls/Experiments/Detection_of_calls/Datasets/All_call_classes/Split_data_controlled/OpenSoundScape/Call_audios/padded_3s/SL21_Trial_3_trim_45.06791371_45.4717419_K.WAV,0.0,3.0,False,False,False,False,False,False,False,False,False,False,True
/home/Shelby/blackbird_calls/Experiments/Detection_of_calls/Datasets/All_call_classes/Split_data_controlled/OpenSoundScape/Call_audios/padded_3s/AZ08_Trial_1_trim_12.5864921_12.66439289_C.WAV,0.0,3.0,False,False,True,False,False,False,False,False,False,False,False
/home/Shelby/blackbird_calls/Experiments/Detection_of_calls/Datasets/All_call_classes/Split_data_controlled/OpenSoundScape/Call_audios/padded_3s/SL21_Trial_3_trim_33.77953353_34.45159797_K.WAV,0.0,3.0,False,False,False,False,False,False,False,False,False,False,True
/home/Shelby/blackbird_calls/Experiments/Detection_of_calls/Datasets/All_call_classes/Split_data_controlled/OpenSoundScape/Call_audios/padded_3s/SL43_Trial_2_trim_39.10663288_39.91862143_Cheer.WAV,0.0,3.0,False,False,False,False,True,False,False,False,False,False,False
/home/Shelby/blackbird_calls/Experiments/Detection_of_calls/Datasets/All_call_classes/Split_data_controlled/OpenSoundScape/Call_audios/padded_3s/SL21_Trial_3_trim_35.7090596_35.86233746_Check.WAV,0.0,3.0,False,False,False,True,False,False,False,False,False,False,False
/home/Shelby/blackbird_calls/Experiments/Detection_of_calls/Datasets/All_call_classes/Split_data_controlled/OpenSoundScape/Call_audios/padded_3s/AZ15_Trial_1_trim_22.99831243_23.10368871_Check.WAV,0.0,3.0,False,False,False,True,False,False,False,False,False,False,False
/home/Shelby/blackbird_calls/Experiments/Detection_of_calls/Datasets/All_call_classes/Split_data_controlled/OpenSoundScape/Call_audios/padded_3s/SL50_Trial_1_trim_11.27628559_11.50531374_M.WAV,0.0,3.0,True,False,False,False,False,False,False,False,False,False,False
/home/Shelby/blackbird_calls/Experiments/Detection_of_calls/Datasets/All_call_classes/Split_data_controlled/OpenSoundScape/Call_audios/padded_3s/SL09_Trial_2_trim_8.038137445_9.094442063_Chits.WAV,0.0,3.0,False,False,False,False,False,True,False,False,False,False,False
/home/Shelby/blackbird_calls/Experiments/Detection_of_calls/Datasets/All_call_classes/Split_data_controlled/OpenSoundScape/Call_audios/padded_3s/SL52_Trial_1_trim_12.81062327_12.89390374_Check.WAV,0.0,3.0,False,False,False,True,False,False,False,False,False,False,False
/home/Shelby/blackbird_calls/Experiments/Detection_of_calls/Datasets/All_call_classes/Split_data_controlled/OpenSoundScape/Call_audios/padded_3s/SL42_Trial_1_trim_48.94333993_49.48495355_Check.WAV,0.0,3.0,False,False,False,True,False,False,False,False,False,False,False
/home/Shelby/blackbird_calls/Experiments/Detection_of_calls/Datasets/All_call_classes/Split_data_controlled/OpenSoundScape/Call_audios/padded_3s/SL22_Trial_1_trim_43.48436031_43.60211561_Check.WAV,0.0,3.0,False,False,False,True,False,False,False,False,False,False,False
/home/Shelby/blackbird_calls/Experiments/Detection_of_calls/Datasets/All_call_classes/Split_data_controlled/OpenSoundScape/Call_audios/padded_3s/SL49_Trial_2_trim_2.625670687_2.713123636_D.WAV,0.0,3.0,False,False,False,False,False,False,True,False,False,False,False
/home/Shelby/blackbird_calls/Experiments/Detection_of_calls/Datasets/All_call_classes/Split_data_controlled/OpenSoundScape/Call_audios/padded_3s/SL54_Trial_3_trim_37.26679467_37.40849258_Check.WAV,0.0,3.0,False,False,False,True,False,False,False,False,False,False,False
/home/Shelby/blackbird_calls/Experiments/Detection_of_calls/Datasets/All_call_classes/Split_data_controlled/OpenSoundScape/Call_audios/padded_3s/AZ08_Trial_1_trim_18.52388783_18.62888454_C.WAV,0.0,3.0,False,False,True,False,False,False,False,False,False,False,False
/home/Shelby/blackbird_calls/Experiments/Detection_of_calls/Datasets/All_call_classes/Split_data_controlled/OpenSoundScape/Call_audios/padded_3s/SL21_Trial_3_trim_13.32301828_13.48513908_Check.WAV,0.0,3.0,False,False,False,True,False,False,False,False,False,False,False
/home/Shelby/blackbird_calls/Experiments/Detection_of_calls/Datasets/All_call_classes/Split_data_controlled/OpenSoundScape/Call_audios/padded_3s/SL11_Trial_2_trim_55.09304859_55.65984839_G.WAV,0.0,3.0,False,False,False,False,False,False,False,False,True,False,False
/home/Shelby/blackbird_calls/Experiments/Detection_of_calls/Datasets/All_call_classes/Split_data_controlled/OpenSoundScape/Call_audios/padded_3s/SL38_Trial_1_trim_26.54413126_26.78571105_E.WAV,0.0,3.0,False,False,False,False,False,False,False,True,False,False,False
/home/Shelby/blackbird_calls/Experiments/Detection_of_calls/Datasets/All_call_classes/Split_data_controlled/OpenSoundScape/Call_audios/padded_3s/SL38_Trial_3_trim_19.01668299_19.11037717_Check.WAV,0.0,3.0,False,False,False,True,False,False,False,False,False,False,False
/home/Shelby/blackbird_calls/Experiments/Detection_of_calls/Datasets/All_call_classes/Split_data_controlled/OpenSoundScape/Call_audios/padded_3s/AZ13_Trial_1_trim_17.76108916_17.84013638_Check.WAV,0.0,3.0,False,False,False,True,False,False,False,False,False,False,False
/home/Shelby/blackbird_calls/Experiments/Detection_of_calls/Datasets/All_call_classes/Split_data_controlled/OpenSoundScape/Call_audios/padded_3s/SL54_Trial_3_trim_1.94209489_2.083792801_Check.WAV,0.0,3.0,False,False,False,True,False,False,False,False,False,False,False
/home/Shelby/blackbird_calls/Experiments/Detection_of_calls/Datasets/All_call_classes/Split_data_controlled/OpenSoundScape/Call_audios/padded_3s/SL54_Trial_2_trim_23.37078345_23.47384489_Check.WAV,0.0,3.0,False,False,False,True,False,False,False,False,False,False,False
/home/Shelby/blackbird_calls/Experiments/Detection_of_calls/Datasets/All_call_classes/Split_data_controlled/OpenSoundScape/Call_audios/padded_3s/RC02_Trial_1_trim_6.43995688_6.521384001_Check.WAV,0.0,3.0,False,False,False,True,False,False,False,False,False,False,False
/home/Shelby/blackbird_calls/Experiments/Detection_of_calls/Datasets/All_call_classes/Split_data_controlled/OpenSoundScape/Call_audios/padded_3s/SL11_Trial_3_trim_12.16825921_12.28341757_E.WAV,0.0,3.0,False,False,False,False,False,False,False,True,False,False,False
/home/Shelby/blackbird_calls/Experiments/Detection_of_calls/Datasets/All_call_classes/Split_data_controlled/OpenSoundScape/Call_audios/padded_3s/AZ08_Trial_1_trim_2.455568388_2.553791123_C.WAV,0.0,3.0,False,False,True,False,False,False,False,False,False,False,False
/home/Shelby/blackbird_calls/Experiments/Detection_of_calls/Datasets/All_call_classes/Split_data_controlled/OpenSoundScape/Call_audios/padded_3s/AZ15_Trial_3_trim_15.80353897_15.88496609_Check.WAV,0.0,3.0,False,False,False,True,False,False,False,False,False,False,False
/home/Shelby/blackbird_calls/Experiments/Detection_of_calls/Datasets/All_call_classes/Split_data_controlled/OpenSoundScape/Call_audios/padded_3s/SL28_Trial_3_trim_35.61775362_35.72185645_Check.WAV,0.0,3.0,False,False,False,True,False,False,False,False,False,False,False
/home/Shelby/blackbird_calls/Experiments/Detection_of_calls/Datasets/All_call_classes/Split_data_controlled/OpenSoundScape/Call_audios/padded_3s/AZ13_Trial_1_trim_51.67798463_51.76421796_Check.WAV,0.0,3.0,False,False,False,True,False,False,False,False,False,False,False
/home/Shelby/blackbird_calls/Experiments/Detection_of_calls/Datasets/All_call_classes/Split_data_controlled/OpenSoundScape/Call_audios/padded_3s/AZ15_Trial_1_trim_18.71002463_18.78187209_Check.WAV,0.0,3.0,False,False,False,True,False,False,False,False,False,False,False
/home/Shelby/blackbird_calls/Experiments/Detection_of_calls/Datasets/All_call_classes/Split_data_controlled/OpenSoundScape/Call_audios/padded_3s/SL07_Trial_3_trim_12.84599805_12.9944828_Check.WAV,0.0,3.0,False,False,False,True,False,False,False,False,False,False,False
/home/Shelby/blackbird_calls/Experiments/Detection_of_calls/Datasets/All_call_classes/Split_data_controlled/OpenSoundScape/Call_audios/padded_3s/SL22_Trial_1_trim_15.32855375_15.40215082_Check.WAV,0.0,3.0,False,False,False,True,False,False,False,False,False,False,False
/home/Shelby/blackbird_calls/Experiments/Detection_of_calls/Datasets/All_call_classes/Split_data_controlled/OpenSoundScape/Call_audios/padded_3s/SL22_Trial_1_trim_31.69714883_31.79135308_Check.WAV,0.0,3.0,False,False,False,True,False,False,False,False,False,False,False
/home/Shelby/blackbird_calls/Experiments/Detection_of_calls/Datasets/All_call_classes/Split_data_controlled/OpenSoundScape/Call_audios/padded_3s/SL17b_Trial_2_trim_56.50152995_56.68718367_Check.WAV,0.0,3.0,False,False,False,True,False,False,False,False,False,False,False
/home/Shelby/blackbird_calls/Experiments/Detection_of_calls/Datasets/All_call_classes/Split_data_controlled/OpenSoundScape/Call_audios/padded_3s/SL54_Trial_1_trim_5.150162656_5.294433504_B.WAV,0.0,3.0,False,True,False,False,False,False,False,False,False,False,False
/home/Shelby/blackbird_calls/Experiments/Detection_of_calls/Datasets/All_call_classes/Split_data_controlled/OpenSoundScape/Call_audios/padded_3s/EF01_Trial_2_trim_11.89674194_11.97585923_Check.WAV,0.0,3.0,False,False,False,True,False,False,False,False,False,False,False
/home/Shelby/blackbird_calls/Experiments/Detection_of_calls/Datasets/All_call_classes/Split_data_controlled/OpenSoundScape/Call_audios/padded_3s/SL11_Trial_1_trim_43.24655249_43.82135248_G.WAV,0.0,3.0,False,False,False,False,False,False,False,False,True,False,False
/home/Shelby/blackbird_calls/Experiments/Detection_of_calls/Datasets/All_call_classes/Split_data_controlled/OpenSoundScape/Call_audios/padded_3s/AZ13_Trial_1_trim_32.74133287_32.82277546_Check.WAV,0.0,3.0,False,False,False,True,False,False,False,False,False,False,False
/home/Shelby/blackbird_calls/Experiments/Detection_of_calls/Datasets/All_call_classes/Split_data_controlled/OpenSoundScape/Call_audios/padded_3s/AZ02_Trial_3_trim_15.20404923_15.40044388_Check.WAV,0.0,3.0,False,False,False,True,False,False,False,False,False,False,False
/home/Shelby/blackbird_calls/Experiments/Detection_of_calls/Datasets/All_call_classes/Split_data_controlled/OpenSoundScape/Call_audios/padded_3s/EF01_Trial_3_trim_77.90433604_78.79356502_Chits.WAV,0.0,3.0,False,False,False,False,False,True,False,False,False,False,False
/home/Shelby/blackbird_calls/Experiments/Detection_of_calls/Datasets/All_call_classes/Split_data_controlled/OpenSoundScape/Call_audios/padded_3s/SL50_Trial_3_trim_49.80777532_49.93339498_Check.WAV,0.0,3.0,False,False,False,True,False,False,False,False,False,False,False
/home/Shelby/blackbird_calls/Experiments/Detection_of_calls/Datasets/All_call_classes/Split_data_controlled/OpenSoundScape/Call_audios/padded_3s/SL12_Trial_1_trim_54.54935572_54.63403146_Check.WAV,0.0,3.0,False,False,False,True,False,False,False,False,False,False,False
/home/Shelby/blackbird_calls/Experiments/Detection_of_calls/Datasets/All_call_classes/Split_data_controlled/OpenSoundScape/Call_audios/padded_3s/SL02_Trial_2_trim_33.71285361_34.16799142_Chits.WAV,0.0,3.0,False,False,False,False,False,True,False,False,False,False,False
/home/Shelby/blackbird_calls/Experiments/Detection_of_calls/Datasets/All_call_classes/Split_data_controlled/OpenSoundScape/Call_audios/padded_3s/AZ02_Trial_3_trim_21.94830562_22.41773673_Cheer.WAV,0.0,3.0,False,False,False,False,True,False,False,False,False,False,False
/home/Shelby/blackbird_calls/Experiments/Detection_of_calls/Datasets/All_call_classes/Split_data_controlled/OpenSoundScape/Call_audios/padded_3s/AZ13_Trial_1_trim_59.77552522_59.84738633_Check.WAV,0.0,3.0,False,False,False,True,False,False,False,False,False,False,False
/home/Shelby/blackbird_calls/Experiments/Detection_of_calls/Datasets/All_call_classes/Split_data_controlled/OpenSoundScape/Call_audios/padded_3s/SL22_Trial_1_trim_0.479852867_0.609383703_Check.WAV,0.0,3.0,False,False,False,True,False,False,False,False,False,False,False
/home/Shelby/blackbird_calls/Experiments/Detection_of_calls/Datasets/All_call_classes/Split_data_controlled/OpenSoundScape/Call_audios/padded_3s/SL16_Trial_1_trim_32.55665324_32.6764024_Check.WAV,0.0,3.0,False,False,False,True,False,False,False,False,False,False,False
/home/Shelby/blackbird_calls/Experiments/Detection_of_calls/Datasets/All_call_classes/Split_data_controlled/OpenSoundScape/Call_audios/padded_3s/SL21_Trial_1_trim_55.65650009_55.80667308_Check.WAV,0.0,3.0,False,False,False,True,False,False,False,False,False,False,False
/home/Shelby/blackbird_calls/Experiments/Detection_of_calls/Datasets/All_call_classes/Split_data_controlled/OpenSoundScape/Call_audios/padded_3s/SL38_Trial_1_trim_0.191597762_0.293644396_D.WAV,0.0,3.0,False,False,False,False,False,False,True,False,False,False,False
/home/Shelby/blackbird_calls/Experiments/Detection_of_calls/Datasets/All_call_classes/Split_data_controlled/OpenSoundScape/Call_audios/padded_3s/SL51_Trial_3_trim_46.88304103_46.96842891_Check.WAV,0.0,3.0,False,False,False,True,False,False,False,False,False,False,False
/home/Shelby/blackbird_calls/Experiments/Detection_of_calls/Datasets/All_call_classes/Split_data_controlled/OpenSoundScape/Call_audios/padded_3s/SL21_Trial_3_trim_12.63177776_13.18298851_K.WAV,0.0,3.0,False,False,False,False,False,False,False,False,False,False,True
/home/Shelby/blackbird_calls/Experiments/Detection_of_calls/Datasets/All_call_classes/Split_data_controlled/OpenSoundScape/Call_audios/padded_3s/SL54_Trial_3_trim_5.450045906_5.579241059_Check.WAV,0.0,3.0,False,False,False,True,False,False,False,False,False,False,False
/home/Shelby/blackbird_calls/Experiments/Detection_of_calls/Datasets/All_call_classes/Split_data_controlled/OpenSoundScape/Call_audios/padded_3s/SL09_Trial_1_trim_26.87661769_26.99524339_Check.WAV,0.0,3.0,False,False,False,True,False,False,False,False,False,False,False
/home/Shelby/blackbird_calls/Experiments/Detection_of_calls/Datasets/All_call_classes/Split_data_controlled/OpenSoundScape/Call_audios/padded_3s/SL52_Trial_3_trim_43.40047197_43.52539933_Check.WAV,0.0,3.0,False,False,False,True,False,False,False,False,False,False,False
/home/Shelby/blackbird_calls/Experiments/Detection_of_calls/Datasets/All_call_classes/Split_data_controlled/OpenSoundScape/Call_audios/padded_3s/SL21_Trial_1_trim_12.39566169_12.89329375_K.WAV,0.0,3.0,False,False,False,False,False,False,False,False,False,False,True
/home/Shelby/blackbird_calls/Experiments/Detection_of_calls/Datasets/All_call_classes/Split_data_controlled/OpenSoundScape/Call_audios/padded_3s/AZ15_Trial_3_trim_24.46379144_24.5667728_Check.WAV,0.0,3.0,False,False,False,True,False,False,False,False,False,False,False
/home/Shelby/blackbird_calls/Experiments/Detection_of_calls/Datasets/All_call_classes/Split_data_controlled/OpenSoundScape/Call_audios/padded_3s/SL17a_Trial_3_trim_50.39526889_50.47646735_E.WAV,0.0,3.0,False,False,False,False,False,False,False,True,False,False,False
/home/Shelby/blackbird_calls/Experiments/Detection_of_calls/Datasets/All_call_classes/Split_data_controlled/OpenSoundScape/Call_audios/padded_3s/SL07_Trial_3_trim_56.37899852_56.65920361_D.WAV,0.0,3.0,False,False,False,False,False,False,True,False,False,False,False
/home/Shelby/blackbird_calls/Experiments/Detection_of_calls/Datasets/All_call_classes/Split_data_controlled/OpenSoundScape/Call_audios/padded_3s/AZ08_Trial_1_trim_43.74597541_43.83742417_C.WAV,0.0,3.0,False,False,True,False,False,False,False,False,False,False,False
/home/Shelby/blackbird_calls/Experiments/Detection_of_calls/Datasets/All_call_classes/Split_data_controlled/OpenSoundScape/Call_audios/padded_3s/SL07_Trial_3_trim_23.38780436_23.50755013_Check.WAV,0.0,3.0,False,False,False,True,False,False,False,False,False,False,False
/home/Shelby/blackbird_calls/Experiments/Detection_of_calls/Datasets/All_call_classes/Split_data_controlled/OpenSoundScape/Call_audios/padded_3s/SL42_Trial_1_trim_48.76419081_48.87459667_Check.WAV,0.0,3.0,False,False,False,True,False,False,False,False,False,False,False
/home/Shelby/blackbird_calls/Experiments/Detection_of_calls/Datasets/All_call_classes/Split_data_controlled/OpenSoundScape/Call_audios/padded_3s/SL30_Trial_3_trim_22.60616737_22.67075833_Check.WAV,0.0,3.0,False,False,False,True,False,False,False,False,False,False,False
/home/Shelby/blackbird_calls/Experiments/Detection_of_calls/Datasets/All_call_classes/Split_data_controlled/OpenSoundScape/Call_audios/padded_3s/AZ02_Trial_2_trim_44.59747184_45.01749712_Cheer.WAV,0.0,3.0,False,False,False,False,True,False,False,False,False,False,False
/home/Shelby/blackbird_calls/Experiments/Detection_of_calls/Datasets/All_call_classes/Split_data_controlled/OpenSoundScape/Call_audios/padded_3s/AZ15_Trial_3_trim_30.30043761_30.4082088_Check.WAV,0.0,3.0,False,False,False,True,False,False,False,False,False,False,False
/home/Shelby/blackbird_calls/Experiments/Detection_of_calls/Datasets/All_call_classes/Split_data_controlled/OpenSoundScape/Call_audios/padded_3s/AZ15_Trial_1_trim_32.54400166_32.67332708_Check.WAV,0.0,3.0,False,False,False,True,False,False,False,False,False,False,False
/home/Shelby/blackbird_calls/Experiments/Detection_of_calls/Datasets/All_call_classes/Split_data_controlled/OpenSoundScape/Call_audios/padded_3s/AZ13_Trial_1_trim_7.977359873_8.061197835_Check.WAV,0.0,3.0,False,False,False,True,False,False,False,False,False,False,False
/home/Shelby/blackbird_calls/Experiments/Detection_of_calls/Datasets/All_call_classes/Split_data_controlled/OpenSoundScape/Call_audios/padded_3s/AZ15_Trial_1_trim_23.87485144_23.96585822_Check.WAV,0.0,3.0,False,False,False,True,False,False,False,False,False,False,False
/home/Shelby/blackbird_calls/Experiments/Detection_of_calls/Datasets/All_call_classes/Split_data_controlled/OpenSoundScape/Call_audios/padded_3s/SL42_Trial_1_trim_30.57878564_30.92041885_Cheer.WAV,0.0,3.0,False,False,False,False,True,False,False,False,False,False,False
/home/Shelby/blackbird_calls/Experiments/Detection_of_calls/Datasets/All_call_classes/Split_data_controlled/OpenSoundScape/Call_audios/padded_3s/SL52_Trial_3_trim_29.21658726_29.33318613_Check.WAV,0.0,3.0,False,False,False,True,False,False,False,False,False,False,False
/home/Shelby/blackbird_calls/Experiments/Detection_of_calls/Datasets/All_call_classes/Split_data_controlled/OpenSoundScape/Call_audios/padded_3s/SL11_Trial_1_trim_33.47539585_34.07893585_G.WAV,0.0,3.0,False,False,False,False,False,False,False,False,True,False,False
/home/Shelby/blackbird_calls/Experiments/Detection_of_calls/Datasets/All_call_classes/Split_data_controlled/OpenSoundScape/Call_audios/padded_3s/SL17a_Trial_3_trim_56.52896375_56.79546127_K.WAV,0.0,3.0,False,False,False,False,False,False,False,False,False,False,True
/home/Shelby/blackbird_calls/Experiments/Detection_of_calls/Datasets/All_call_classes/Split_data_controlled/OpenSoundScape/Call_audios/padded_3s/SL52_Trial_1_trim_15.94613306_16.05023365_Check.WAV,0.0,3.0,False,False,False,True,False,False,False,False,False,False,False
/home/Shelby/blackbird_calls/Experiments/Detection_of_calls/Datasets/All_call_classes/Split_data_controlled/OpenSoundScape/Call_audios/padded_3s/SL22_Trial_2_trim_58.33961099_58.45620365_Check.WAV,0.0,3.0,False,False,False,True,False,False,False,False,False,False,False
/home/Shelby/blackbird_calls/Experiments/Detection_of_calls/Datasets/All_call_classes/Split_data_controlled/OpenSoundScape/Call_audios/padded_3s/SL42_Trial_2_trim_11.01048477_11.58931252_Cheer.WAV,0.0,3.0,False,False,False,False,True,False,False,False,False,False,False
/home/Shelby/blackbird_calls/Experiments/Detection_of_calls/Datasets/All_call_classes/Split_data_controlled/OpenSoundScape/Call_audios/padded_3s/SL16_Trial_1_trim_36.8088029_36.94771194_Check.WAV,0.0,3.0,False,False,False,True,False,False,False,False,False,False,False
/home/Shelby/blackbird_calls/Experiments/Detection_of_calls/Datasets/All_call_classes/Split_data_controlled/OpenSoundScape/Call_audios/padded_3s/SL54_Trial_2_trim_4.553676217_4.689128396_Check.WAV,0.0,3.0,False,False,False,True,False,False,False,False,False,False,False
/home/Shelby/blackbird_calls/Experiments/Detection_of_calls/Datasets/All_call_classes/Split_data_controlled/OpenSoundScape/Call_audios/padded_3s/SL22_Trial_2_trim_3.014753106_3.12301772_Check.WAV,0.0,3.0,False,False,False,True,False,False,False,False,False,False,False
/home/Shelby/blackbird_calls/Experiments/Detection_of_calls/Datasets/All_call_classes/Split_data_controlled/OpenSoundScape/Call_audios/padded_3s/SL50_Trial_3_trim_47.89505897_47.98636632_Check.WAV,0.0,3.0,False,False,False,True,False,False,False,False,False,False,False
/home/Shelby/blackbird_calls/Experiments/Detection_of_calls/Datasets/All_call_classes/Split_data_controlled/OpenSoundScape/Call_audios/padded_3s/SL02_Trial_3_trim_9.440715013_9.510168353_Check.WAV,0.0,3.0,False,False,False,True,False,False,False,False,False,False,False
/home/Shelby/blackbird_calls/Experiments/Detection_of_calls/Datasets/All_call_classes/Split_data_controlled/OpenSoundScape/Call_audios/padded_3s/SL56_Trial_3_trim_40.58664191_40.7103071_Check.WAV,0.0,3.0,False,False,False,True,False,False,False,False,False,False,False
/home/Shelby/blackbird_calls/Experiments/Detection_of_calls/Datasets/All_call_classes/Split_data_controlled/OpenSoundScape/Call_audios/padded_3s/SL17a_Trial_3_trim_30.94126173_31.36599214_Chits.WAV,0.0,3.0,False,False,False,False,False,True,False,False,False,False,False
/home/Shelby/blackbird_calls/Experiments/Detection_of_calls/Datasets/All_call_classes/Split_data_controlled/OpenSoundScape/Call_audios/padded_3s/SL07_Trial_3_trim_13.07083689_13.26243012_D.WAV,0.0,3.0,False,False,False,False,False,False,True,False,False,False,False
/home/Shelby/blackbird_calls/Experiments/Detection_of_calls/Datasets/All_call_classes/Split_data_controlled/OpenSoundScape/Call_audios/padded_3s/SL50_Trial_3_trim_6.038764329_6.165416451_Check.WAV,0.0,3.0,False,False,False,True,False,False,False,False,False,False,False
/home/Shelby/blackbird_calls/Experiments/Detection_of_calls/Datasets/All_call_classes/Split_data_controlled/OpenSoundScape/Call_audios/padded_3s/SL17b_Trial_2_trim_25.08208855_25.22648589_Check.WAV,0.0,3.0,False,False,False,True,False,False,False,False,False,False,False
/home/Shelby/blackbird_calls/Experiments/Detection_of_calls/Datasets/All_call_classes/Split_data_controlled/OpenSoundScape/Call_audios/padded_3s/SL22_Trial_1_trim_5.723180711_5.882150373_Check.WAV,0.0,3.0,False,False,False,True,False,False,False,False,False,False,False
/home/Shelby/blackbird_calls/Experiments/Detection_of_calls/Datasets/All_call_classes/Split_data_controlled/OpenSoundScape/Call_audios/padded_3s/RC02_Trial_1_trim_27.2418174_27.34000893_Check.WAV,0.0,3.0,False,False,False,True,False,False,False,False,False,False,False
/home/Shelby/blackbird_calls/Experiments/Detection_of_calls/Datasets/All_call_classes/Split_data_controlled/OpenSoundScape/Call_audios/padded_3s/SL56_Trial_2_trim_37.20276388_37.27933001_Check.WAV,0.0,3.0,False,False,False,True,False,False,False,False,False,False,False
/home/Shelby/blackbird_calls/Experiments/Detection_of_calls/Datasets/All_call_classes/Split_data_controlled/OpenSoundScape/Call_audios/padded_3s/SL43_Trial_2_trim_11.30630793_12.072492_Cheer.WAV,0.0,3.0,False,False,False,False,True,False,False,False,False,False,False
/home/Shelby/blackbird_calls/Experiments/Detection_of_calls/Datasets/All_call_classes/Split_data_controlled/OpenSoundScape/Call_audios/padded_3s/SL16_Trial_1_trim_14.13367364_14.26779271_Check.WAV,0.0,3.0,False,False,False,True,False,False,False,False,False,False,False
/home/Shelby/blackbird_calls/Experiments/Detection_of_calls/Datasets/All_call_classes/Split_data_controlled/OpenSoundScape/Call_audios/padded_3s/SL22_Trial_1_trim_41.19551187_41.30149164_Check.WAV,0.0,3.0,False,False,False,True,False,False,False,False,False,False,False
/home/Shelby/blackbird_calls/Experiments/Detection_of_calls/Datasets/All_call_classes/Split_data_controlled/OpenSoundScape/Call_audios/padded_3s/SL38_Trial_3_trim_43.38704616_43.71185263_Cheer.WAV,0.0,3.0,False,False,False,False,True,False,False,False,False,False,False
/home/Shelby/blackbird_calls/Experiments/Detection_of_calls/Datasets/All_call_classes/Split_data_controlled/OpenSoundScape/Call_audios/padded_3s/SL02_Trial_2_trim_2.911929749_2.981398152_Check.WAV,0.0,3.0,False,False,False,True,False,False,False,False,False,False,False
/home/Shelby/blackbird_calls/Experiments/Detection_of_calls/Datasets/All_call_classes/Split_data_controlled/OpenSoundScape/Call_audios/padded_3s/SL09_Trial_3_trim_51.88227866_52.09229315_E.WAV,0.0,3.0,False,False,False,False,False,False,False,True,False,False,False
/home/Shelby/blackbird_calls/Experiments/Detection_of_calls/Datasets/All_call_classes/Split_data_controlled/OpenSoundScape/Call_audios/padded_3s/SL42_Trial_3_trim_5.571773386_5.713129159_Check.WAV,0.0,3.0,False,False,False,True,False,False,False,False,False,False,False
/home/Shelby/blackbird_calls/Experiments/Detection_of_calls/Datasets/All_call_classes/Split_data_controlled/OpenSoundScape/Call_audios/padded_3s/SL51_Trial_1_trim_48.09133778_48.19439353_Check.WAV,0.0,3.0,False,False,False,True,False,False,False,False,False,False,False
/home/Shelby/blackbird_calls/Experiments/Detection_of_calls/Datasets/All_call_classes/Split_data_controlled/OpenSoundScape/Call_audios/padded_3s/SL42_Trial_1_trim_29.73303515_30.18715733_Cheer.WAV,0.0,3.0,False,False,False,False,True,False,False,False,False,False,False
/home/Shelby/blackbird_calls/Experiments/Detection_of_calls/Datasets/All_call_classes/Split_data_controlled/OpenSoundScape/Call_audios/padded_3s/SL21_Trial_2_trim_45.89774711_46.1104125_Check.WAV,0.0,3.0,False,False,False,True,False,False,False,False,False,False,False
/home/Shelby/blackbird_calls/Experiments/Detection_of_calls/Datasets/All_call_classes/Split_data_controlled/OpenSoundScape/Call_audios/padded_3s/SL52_Trial_1_trim_7.329377114_7.441805752_Check.WAV,0.0,3.0,False,False,False,True,False,False,False,False,False,False,False
/home/Shelby/blackbird_calls/Experiments/Detection_of_calls/Datasets/All_call_classes/Split_data_controlled/OpenSoundScape/Call_audios/padded_3s/SL13_Trial_3_trim_51.41929341_51.49736885_Check.WAV,0.0,3.0,False,False,False,True,False,False,False,False,False,False,False
/home/Shelby/blackbird_calls/Experiments/Detection_of_calls/Datasets/All_call_classes/Split_data_controlled/OpenSoundScape/Call_audios/padded_3s/AZ02_Trial_2_trim_72.83913038_73.01865732_Check.WAV,0.0,3.0,False,False,False,True,False,False,False,False,False,False,False
/home/Shelby/blackbird_calls/Experiments/Detection_of_calls/Datasets/All_call_classes/Split_data_controlled/OpenSoundScape/Call_audios/padded_3s/AZ13_Trial_1_trim_14.01848963_14.11430444_Check.WAV,0.0,3.0,False,False,False,True,False,False,False,False,False,False,False
/home/Shelby/blackbird_calls/Experiments/Detection_of_calls/Datasets/All_call_classes/Split_data_controlled/OpenSoundScape/Call_audios/padded_3s/AZ13_Trial_2_trim_54.91782471_55.00164707_Check.WAV,0.0,3.0,False,False,False,True,False,False,False,False,False,False,False
/home/Shelby/blackbird_calls/Experiments/Detection_of_calls/Datasets/All_call_classes/Split_data_controlled/OpenSoundScape/Call_audios/padded_3s/SL51_Trial_2_trim_33.63201833_33.70697075_Check.WAV,0.0,3.0,False,False,False,True,False,False,False,False,False,False,False
/home/Shelby/blackbird_calls/Experiments/Detection_of_calls/Datasets/All_call_classes/Split_data_controlled/OpenSoundScape/Call_audios/padded_3s/AZ15_Trial_3_trim_12.11861255_12.18806509_Check.WAV,0.0,3.0,False,False,False,True,False,False,False,False,False,False,False
/home/Shelby/blackbird_calls/Experiments/Detection_of_calls/Datasets/All_call_classes/Split_data_controlled/OpenSoundScape/Call_audios/padded_3s/SL52_Trial_1_trim_48.27238703_48.38481567_Check.WAV,0.0,3.0,False,False,False,True,False,False,False,False,False,False,False
/home/Shelby/blackbird_calls/Experiments/Detection_of_calls/Datasets/All_call_classes/Split_data_controlled/OpenSoundScape/Call_audios/padded_3s/SL17a_Trial_3_trim_5.815753851_6.269632426_Chits.WAV,0.0,3.0,False,False,False,False,False,True,False,False,False,False,False
/home/Shelby/blackbird_calls/Experiments/Detection_of_calls/Datasets/All_call_classes/Split_data_controlled/OpenSoundScape/Call_audios/padded_3s/SL54_Trial_1_trim_37.37676501_38.04070534_Chits.WAV,0.0,3.0,False,False,False,False,False,True,False,False,False,False,False
/home/Shelby/blackbird_calls/Experiments/Detection_of_calls/Datasets/All_call_classes/Split_data_controlled/OpenSoundScape/Call_audios/padded_3s/SL07_Trial_1_trim_55.09207552_55.235775_D.WAV,0.0,3.0,False,False,False,False,False,False,True,False,False,False,False
/home/Shelby/blackbird_calls/Experiments/Detection_of_calls/Datasets/All_call_classes/Split_data_controlled/OpenSoundScape/Call_audios/padded_3s/SL51_Trial_2_trim_51.19799427_51.28960279_Check.WAV,0.0,3.0,False,False,False,True,False,False,False,False,False,False,False
/home/Shelby/blackbird_calls/Experiments/Detection_of_calls/Datasets/All_call_classes/Split_data_controlled/OpenSoundScape/Call_audios/padded_3s/SL52_Trial_1_trim_18.91462073_19.00622925_Check.WAV,0.0,3.0,False,False,False,True,False,False,False,False,False,False,False
/home/Shelby/blackbird_calls/Experiments/Detection_of_calls/Datasets/All_call_classes/Split_data_controlled/OpenSoundScape/Call_audios/padded_3s/AZ15_Trial_3_trim_54.9569807_55.04798748_C.WAV,0.0,3.0,False,False,True,False,False,False,False,False,False,False,False
/home/Shelby/blackbird_calls/Experiments/Detection_of_calls/Datasets/All_call_classes/Split_data_controlled/OpenSoundScape/Call_audios/padded_3s/RC02_Trial_1_trim_20.614954_20.69159129_Check.WAV,0.0,3.0,False,False,False,True,False,False,False,False,False,False,False
/home/Shelby/blackbird_calls/Experiments/Detection_of_calls/Datasets/All_call_classes/Split_data_controlled/OpenSoundScape/Call_audios/padded_3s/RC02_Trial_1_trim_36.40567105_36.48949309_Check.WAV,0.0,3.0,False,False,False,True,False,False,False,False,False,False,False
/home/Shelby/blackbird_calls/Experiments/Detection_of_calls/Datasets/All_call_classes/Split_data_controlled/OpenSoundScape/Call_audios/padded_3s/SL16_Trial_1_trim_53.93544898_54.09351788_Check.WAV,0.0,3.0,False,False,False,True,False,False,False,False,False,False,False
/home/Shelby/blackbird_calls/Experiments/Detection_of_calls/Datasets/All_call_classes/Split_data_controlled/OpenSoundScape/Call_audios/padded_3s/EF04_Trial_2_trim_5.311922555_5.412509005_Check.WAV,0.0,3.0,False,False,False,True,False,False,False,False,False,False,False
/home/Shelby/blackbird_calls/Experiments/Detection_of_calls/Datasets/All_call_classes/Split_data_controlled/OpenSoundScape/Call_audios/padded_3s/SL17b_Trial_2_trim_53.80513065_53.91416537_Check.WAV,0.0,3.0,False,False,False,True,False,False,False,False,False,False,False
/home/Shelby/blackbird_calls/Experiments/Detection_of_calls/Datasets/All_call_classes/Split_data_controlled/OpenSoundScape/Call_audios/padded_3s/SL30_Trial_3_trim_34.07972884_34.16098843_Check.WAV,0.0,3.0,False,False,False,True,False,False,False,False,False,False,False
/home/Shelby/blackbird_calls/Experiments/Detection_of_calls/Datasets/All_call_classes/Split_data_controlled/OpenSoundScape/Call_audios/padded_3s/RC02_Trial_1_trim_22.62132551_22.7602306_Chits.WAV,0.0,3.0,False,False,False,False,False,True,False,False,False,False,False
/home/Shelby/blackbird_calls/Experiments/Detection_of_calls/Datasets/All_call_classes/Split_data_controlled/OpenSoundScape/Call_audios/padded_3s/SL52_Trial_1_trim_43.13097178_43.23507237_Check.WAV,0.0,3.0,False,False,False,True,False,False,False,False,False,False,False
/home/Shelby/blackbird_calls/Experiments/Detection_of_calls/Datasets/All_call_classes/Split_data_controlled/OpenSoundScape/Call_audios/padded_3s/SL42_Trial_3_trim_50.94688427_51.0293418_Check.WAV,0.0,3.0,False,False,False,True,False,False,False,False,False,False,False
/home/Shelby/blackbird_calls/Experiments/Detection_of_calls/Datasets/All_call_classes/Split_data_controlled/OpenSoundScape/Call_audios/padded_3s/SL38_Trial_1_trim_53.68193103_54.02972262_E.WAV,0.0,3.0,False,False,False,False,False,False,False,True,False,False,False
/home/Shelby/blackbird_calls/Experiments/Detection_of_calls/Datasets/All_call_classes/Split_data_controlled/OpenSoundScape/Call_audios/padded_3s/SL10_Trial_1_trim_50.99707089_51.61022836_Cheer.WAV,0.0,3.0,False,False,False,False,True,False,False,False,False,False,False
/home/Shelby/blackbird_calls/Experiments/Detection_of_calls/Datasets/All_call_classes/Split_data_controlled/OpenSoundScape/Call_audios/padded_3s/SL42_Trial_1_trim_14.28862604_14.40319815_Check.WAV,0.0,3.0,False,False,False,True,False,False,False,False,False,False,False
/home/Shelby/blackbird_calls/Experiments/Detection_of_calls/Datasets/All_call_classes/Split_data_controlled/OpenSoundScape/Call_audios/padded_3s/SL50_Trial_1_trim_35.60232216_36.26858588_Cheer.WAV,0.0,3.0,False,False,False,False,True,False,False,False,False,False,False
/home/Shelby/blackbird_calls/Experiments/Detection_of_calls/Datasets/All_call_classes/Split_data_controlled/OpenSoundScape/Call_audios/padded_3s/SL42_Trial_3_trim_32.80209866_32.91695023_Check.WAV,0.0,3.0,False,False,False,True,False,False,False,False,False,False,False
/home/Shelby/blackbird_calls/Experiments/Detection_of_calls/Datasets/All_call_classes/Split_data_controlled/OpenSoundScape/Call_audios/padded_3s/SL13_Trial_1_trim_19.46780398_19.59233958_E.WAV,0.0,3.0,False,False,False,False,False,False,False,True,False,False,False
/home/Shelby/blackbird_calls/Experiments/Detection_of_calls/Datasets/All_call_classes/Split_data_controlled/OpenSoundScape/Call_audios/padded_3s/SL42_Trial_1_trim_33.28140211_33.37514293_Check.WAV,0.0,3.0,False,False,False,True,False,False,False,False,False,False,False
/home/Shelby/blackbird_calls/Experiments/Detection_of_calls/Datasets/All_call_classes/Split_data_controlled/OpenSoundScape/Call_audios/padded_3s/SL13_Trial_2_trim_59.06237469_59.15066673_Check.WAV,0.0,3.0,False,False,False,True,False,False,False,False,False,False,False
/home/Shelby/blackbird_calls/Experiments/Detection_of_calls/Datasets/All_call_classes/Split_data_controlled/OpenSoundScape/Call_audios/padded_3s/SL54_Trial_2_trim_6.308058053_6.387562592_Check.WAV,0.0,3.0,False,False,False,True,False,False,False,False,False,False,False
/home/Shelby/blackbird_calls/Experiments/Detection_of_calls/Datasets/All_call_classes/Split_data_controlled/OpenSoundScape/Call_audios/padded_3s/SL21_Trial_2_trim_54.76877345_54.97309902_Check.WAV,0.0,3.0,False,False,False,True,False,False,False,False,False,False,False
/home/Shelby/blackbird_calls/Experiments/Detection_of_calls/Datasets/All_call_classes/Split_data_controlled/OpenSoundScape/Call_audios/padded_3s/AZ13_Trial_2_trim_11.06249889_11.13674156_Check.WAV,0.0,3.0,False,False,False,True,False,False,False,False,False,False,False
/home/Shelby/blackbird_calls/Experiments/Detection_of_calls/Datasets/All_call_classes/Split_data_controlled/OpenSoundScape/Call_audios/padded_3s/SL09_Trial_3_trim_46.88088446_47.029927_Check.WAV,0.0,3.0,False,False,False,True,False,False,False,False,False,False,False
/home/Shelby/blackbird_calls/Experiments/Detection_of_calls/Datasets/All_call_classes/Split_data_controlled/OpenSoundScape/Call_audios/padded_3s/AZ13_Trial_3_trim_7.522092085_7.591544817_Check.WAV,0.0,3.0,False,False,False,True,False,False,False,False,False,False,False
/home/Shelby/blackbird_calls/Experiments/Detection_of_calls/Datasets/All_call_classes/Split_data_controlled/OpenSoundScape/Call_audios/padded_3s/SL36_Trial_3_trim_22.6626328_22.74383881_Check.WAV,0.0,3.0,False,False,False,True,False,False,False,False,False,False,False
/home/Shelby/blackbird_calls/Experiments/Detection_of_calls/Datasets/All_call_classes/Split_data_controlled/OpenSoundScape/Call_audios/padded_3s/SL36_Trial_2_trim_9.457494804_9.585590059_C.WAV,0.0,3.0,False,False,True,False,False,False,False,False,False,False,False
/home/Shelby/blackbird_calls/Experiments/Detection_of_calls/Datasets/All_call_classes/Split_data_controlled/OpenSoundScape/Call_audios/padded_3s/SL21_Trial_2_trim_43.59016476_43.84452925_Check.WAV,0.0,3.0,False,False,False,True,False,False,False,False,False,False,False
/home/Shelby/blackbird_calls/Experiments/Detection_of_calls/Datasets/All_call_classes/Split_data_controlled/OpenSoundScape/Call_audios/padded_3s/EF01_Trial_2_trim_33.2856095_33.36056273_Check.WAV,0.0,3.0,False,False,False,True,False,False,False,False,False,False,False
/home/Shelby/blackbird_calls/Experiments/Detection_of_calls/Datasets/All_call_classes/Split_data_controlled/OpenSoundScape/Call_audios/padded_3s/SL54_Trial_2_trim_42.30036284_42.4564273_Check.WAV,0.0,3.0,False,False,False,True,False,False,False,False,False,False,False
/home/Shelby/blackbird_calls/Experiments/Detection_of_calls/Datasets/All_call_classes/Split_data_controlled/OpenSoundScape/Call_audios/padded_3s/SL21_Trial_3_trim_30.10135292_30.31358379_Check.WAV,0.0,3.0,False,False,False,True,False,False,False,False,False,False,False
/home/Shelby/blackbird_calls/Experiments/Detection_of_calls/Datasets/All_call_classes/Split_data_controlled/OpenSoundScape/Call_audios/padded_3s/EF01_Trial_3_trim_62.4430958_62.602097_Check.WAV,0.0,3.0,False,False,False,True,False,False,False,False,False,False,False
/home/Shelby/blackbird_calls/Experiments/Detection_of_calls/Datasets/All_call_classes/Split_data_controlled/OpenSoundScape/Call_audios/padded_3s/SL07_Trial_1_trim_17.56532063_17.67549023_D.WAV,0.0,3.0,False,False,False,False,False,False,True,False,False,False,False
/home/Shelby/blackbird_calls/Experiments/Detection_of_calls/Datasets/All_call_classes/Split_data_controlled/OpenSoundScape/Call_audios/padded_3s/SL22_Trial_1_trim_59.64849512_59.75153101_C.WAV,0.0,3.0,False,False,True,False,False,False,False,False,False,False,False
/home/Shelby/blackbird_calls/Experiments/Detection_of_calls/Datasets/All_call_classes/Split_data_controlled/OpenSoundScape/Call_audios/padded_3s/SL07_Trial_3_trim_44.87711323_44.996859_Check.WAV,0.0,3.0,False,False,False,True,False,False,False,False,False,False,False
/home/Shelby/blackbird_calls/Experiments/Detection_of_calls/Datasets/All_call_classes/Split_data_controlled/OpenSoundScape/Call_audios/padded_3s/AZ15_Trial_1_trim_23.21864464_23.30965142_Check.WAV,0.0,3.0,False,False,False,True,False,False,False,False,False,False,False
/home/Shelby/blackbird_calls/Experiments/Detection_of_calls/Datasets/All_call_classes/Split_data_controlled/OpenSoundScape/Call_audios/padded_3s/SL16_Trial_2_trim_46.54253363_47.14439717_Cheer.WAV,0.0,3.0,False,False,False,False,True,False,False,False,False,False,False
/home/Shelby/blackbird_calls/Experiments/Detection_of_calls/Datasets/All_call_classes/Split_data_controlled/OpenSoundScape/Call_audios/padded_3s/AZ13_Trial_2_trim_44.15564471_44.22749246_Check.WAV,0.0,3.0,False,False,False,True,False,False,False,False,False,False,False
/home/Shelby/blackbird_calls/Experiments/Detection_of_calls/Datasets/All_call_classes/Split_data_controlled/OpenSoundScape/Call_audios/padded_3s/AZ13_Trial_2_trim_36.4113788_36.48322654_Check.WAV,0.0,3.0,False,False,False,True,False,False,False,False,False,False,False
/home/Shelby/blackbird_calls/Experiments/Detection_of_calls/Datasets/All_call_classes/Split_data_controlled/OpenSoundScape/Call_audios/padded_3s/RC02_Trial_1_trim_50.0171958_50.08185851_Check.WAV,0.0,3.0,False,False,False,True,False,False,False,False,False,False,False
/home/Shelby/blackbird_calls/Experiments/Detection_of_calls/Datasets/All_call_classes/Split_data_controlled/OpenSoundScape/Call_audios/padded_3s/SL10_Trial_1_trim_42.95434683_43.58187517_Cheer.WAV,0.0,3.0,False,False,False,False,True,False,False,False,False,False,False
/home/Shelby/blackbird_calls/Experiments/Detection_of_calls/Datasets/All_call_classes/Split_data_controlled/OpenSoundScape/Call_audios/padded_3s/AZ13_Trial_3_trim_10.94982004_11.01927277_Check.WAV,0.0,3.0,False,False,False,True,False,False,False,False,False,False,False
/home/Shelby/blackbird_calls/Experiments/Detection_of_calls/Datasets/All_call_classes/Split_data_controlled/OpenSoundScape/Call_audios/padded_3s/SL10_Trial_1_trim_29.55437141_30.2106415_Cheer.WAV,0.0,3.0,False,False,False,False,True,False,False,False,False,False,False
/home/Shelby/blackbird_calls/Experiments/Detection_of_calls/Datasets/All_call_classes/Split_data_controlled/OpenSoundScape/Call_audios/padded_3s/SL56_Trial_2_trim_15.48305726_15.57140281_Check.WAV,0.0,3.0,False,False,False,True,False,False,False,False,False,False,False
/home/Shelby/blackbird_calls/Experiments/Detection_of_calls/Datasets/All_call_classes/Split_data_controlled/OpenSoundScape/Call_audios/padded_3s/SL21_Trial_2_trim_44.48362114_45.37998684_K.WAV,0.0,3.0,False,False,False,False,False,False,False,False,False,False,True
/home/Shelby/blackbird_calls/Experiments/Detection_of_calls/Datasets/All_call_classes/Split_data_controlled/OpenSoundScape/Call_audios/padded_3s/AZ13_Trial_2_trim_47.78521791_47.86904028_Check.WAV,0.0,3.0,False,False,False,True,False,False,False,False,False,False,False
/home/Shelby/blackbird_calls/Experiments/Detection_of_calls/Datasets/All_call_classes/Split_data_controlled/OpenSoundScape/Call_audios/padded_3s/AZ15_Trial_1_trim_48.24055131_48.36029707_Check.WAV,0.0,3.0,False,False,False,True,False,False,False,False,False,False,False
/home/Shelby/blackbird_calls/Experiments/Detection_of_calls/Datasets/All_call_classes/Split_data_controlled/OpenSoundScape/Call_audios/padded_3s/SL42_Trial_1_trim_30.69960714_30.78293231_Check.WAV,0.0,3.0,False,False,False,True,False,False,False,False,False,False,False
/home/Shelby/blackbird_calls/Experiments/Detection_of_calls/Datasets/All_call_classes/Split_data_controlled/OpenSoundScape/Call_audios/padded_3s/SL52_Trial_1_trim_39.96145378_40.09886656_Check.WAV,0.0,3.0,False,False,False,True,False,False,False,False,False,False,False
/home/Shelby/blackbird_calls/Experiments/Detection_of_calls/Datasets/All_call_classes/Split_data_controlled/OpenSoundScape/Call_audios/padded_3s/SL42_Trial_1_trim_58.04187335_58.10645035_Check.WAV,0.0,3.0,False,False,False,True,False,False,False,False,False,False,False
/home/Shelby/blackbird_calls/Experiments/Detection_of_calls/Datasets/All_call_classes/Split_data_controlled/OpenSoundScape/Call_audios/padded_3s/AZ13_Trial_1_trim_3.445316084_3.500409602_Check.WAV,0.0,3.0,False,False,False,True,False,False,False,False,False,False,False
/home/Shelby/blackbird_calls/Experiments/Detection_of_calls/Datasets/All_call_classes/Split_data_controlled/OpenSoundScape/Call_audios/padded_3s/AZ02_Trial_2_trim_10.42976018_10.86672196_Cheer.WAV,0.0,3.0,False,False,False,False,True,False,False,False,False,False,False
/home/Shelby/blackbird_calls/Experiments/Detection_of_calls/Datasets/All_call_classes/Split_data_controlled/OpenSoundScape/Call_audios/padded_3s/SL13_Trial_1_trim_12.33493734_13.70961873_Chits.WAV,0.0,3.0,False,False,False,False,False,True,False,False,False,False,False
/home/Shelby/blackbird_calls/Experiments/Detection_of_calls/Datasets/All_call_classes/Split_data_controlled/OpenSoundScape/Call_audios/padded_3s/AZ13_Trial_1_trim_39.02653384_39.11995329_Check.WAV,0.0,3.0,False,False,False,True,False,False,False,False,False,False,False
/home/Shelby/blackbird_calls/Experiments/Detection_of_calls/Datasets/All_call_classes/Split_data_controlled/OpenSoundScape/Call_audios/padded_3s/SL42_Trial_2_trim_25.98934531_26.074712_I.WAV,0.0,3.0,False,False,False,False,False,False,True,False,False,False,False
/home/Shelby/blackbird_calls/Experiments/Detection_of_calls/Datasets/All_call_classes/Split_data_controlled/OpenSoundScape/Call_audios/padded_3s/SL51_Trial_1_trim_58.97090843_59.70702094_Cheer.WAV,0.0,3.0,False,False,False,False,True,False,False,False,False,False,False
/home/Shelby/blackbird_calls/Experiments/Detection_of_calls/Datasets/All_call_classes/Split_data_controlled/OpenSoundScape/Call_audios/padded_3s/AZ15_Trial_1_trim_19.78773652_19.8931128_Check.WAV,0.0,3.0,False,False,False,True,False,False,False,False,False,False,False
/home/Shelby/blackbird_calls/Experiments/Detection_of_calls/Datasets/All_call_classes/Split_data_controlled/OpenSoundScape/Call_audios/padded_3s/SL01_Trial_3_trim_47.51705657_47.58816274_Check.WAV,0.0,3.0,False,False,False,True,False,False,False,False,False,False,False
/home/Shelby/blackbird_calls/Experiments/Detection_of_calls/Datasets/All_call_classes/Split_data_controlled/OpenSoundScape/Call_audios/padded_3s/SL42_Trial_1_trim_21.1904336_21.26959251_Check.WAV,0.0,3.0,False,False,False,True,False,False,False,False,False,False,False
/home/Shelby/blackbird_calls/Experiments/Detection_of_calls/Datasets/All_call_classes/Split_data_controlled/OpenSoundScape/Call_audios/padded_3s/SL07_Trial_3_trim_4.959690975_5.060277419_D.WAV,0.0,3.0,False,False,False,False,False,False,True,False,False,False,False
/home/Shelby/blackbird_calls/Experiments/Detection_of_calls/Datasets/All_call_classes/Split_data_controlled/OpenSoundScape/Call_audios/padded_3s/AZ15_Trial_1_trim_57.75709942_57.83852654_Check.WAV,0.0,3.0,False,False,False,True,False,False,False,False,False,False,False
/home/Shelby/blackbird_calls/Experiments/Detection_of_calls/Datasets/All_call_classes/Split_data_controlled/OpenSoundScape/Call_audios/padded_3s/SL09_Trial_3_trim_47.45165035_47.65489018_E.WAV,0.0,3.0,False,False,False,False,False,False,False,True,False,False,False
/home/Shelby/blackbird_calls/Experiments/Detection_of_calls/Datasets/All_call_classes/Split_data_controlled/OpenSoundScape/Call_audios/padded_3s/SL50_Trial_1_trim_2.635905847_2.894083039_M.WAV,0.0,3.0,True,False,False,False,False,False,False,False,False,False,False
/home/Shelby/blackbird_calls/Experiments/Detection_of_calls/Datasets/All_call_classes/Split_data_controlled/OpenSoundScape/Call_audios/padded_3s/SL17a_Trial_3_trim_59.92906484_60.06647761_K.WAV,0.0,3.0,False,False,False,False,False,False,False,False,False,False,True
/home/Shelby/blackbird_calls/Experiments/Detection_of_calls/Datasets/All_call_classes/Split_data_controlled/OpenSoundScape/Call_audios/padded_3s/SL38_Trial_1_trim_51.05410929_51.73094921_Cheer.WAV,0.0,3.0,False,False,False,False,True,False,False,False,False,False,False
/home/Shelby/blackbird_calls/Experiments/Detection_of_calls/Datasets/All_call_classes/Split_data_controlled/OpenSoundScape/Call_audios/padded_3s/SL12_Trial_1_trim_41.18262442_41.31471858_Check.WAV,0.0,3.0,False,False,False,True,False,False,False,False,False,False,False
/home/Shelby/blackbird_calls/Experiments/Detection_of_calls/Datasets/All_call_classes/Split_data_controlled/OpenSoundScape/Call_audios/padded_3s/SL11_Trial_3_trim_23.64474849_24.31876361_Cheer.WAV,0.0,3.0,False,False,False,False,True,False,False,False,False,False,False
/home/Shelby/blackbird_calls/Experiments/Detection_of_calls/Datasets/All_call_classes/Split_data_controlled/OpenSoundScape/Call_audios/padded_3s/SL07_Trial_1_trim_5.13965139_5.273770904_D.WAV,0.0,3.0,False,False,False,False,False,False,True,False,False,False,False
/home/Shelby/blackbird_calls/Experiments/Detection_of_calls/Datasets/All_call_classes/Split_data_controlled/OpenSoundScape/Call_audios/padded_3s/SL51_Trial_2_trim_10.06595091_10.1346573_Check.WAV,0.0,3.0,False,False,False,True,False,False,False,False,False,False,False
/home/Shelby/blackbird_calls/Experiments/Detection_of_calls/Datasets/All_call_classes/Split_data_controlled/OpenSoundScape/Call_audios/padded_3s/SL07_Trial_3_trim_25.21868035_25.30010747_Check.WAV,0.0,3.0,False,False,False,True,False,False,False,False,False,False,False
/home/Shelby/blackbird_calls/Experiments/Detection_of_calls/Datasets/All_call_classes/Split_data_controlled/OpenSoundScape/Call_audios/padded_3s/SL17a_Trial_3_trim_28.21063021_28.51684878_Cheer.WAV,0.0,3.0,False,False,False,False,True,False,False,False,False,False,False
/home/Shelby/blackbird_calls/Experiments/Detection_of_calls/Datasets/All_call_classes/Split_data_controlled/OpenSoundScape/Call_audios/padded_3s/SL54_Trial_3_trim_36.16145872_36.8032669_Cheer.WAV,0.0,3.0,False,False,False,False,True,False,False,False,False,False,False
/home/Shelby/blackbird_calls/Experiments/Detection_of_calls/Datasets/All_call_classes/Split_data_controlled/OpenSoundScape/Call_audios/padded_3s/SL22_Trial_1_trim_10.05551362_10.17326892_Check.WAV,0.0,3.0,False,False,False,True,False,False,False,False,False,False,False
/home/Shelby/blackbird_calls/Experiments/Detection_of_calls/Datasets/All_call_classes/Split_data_controlled/OpenSoundScape/Call_audios/padded_3s/SL52_Trial_3_trim_13.72859638_14.09088573_Cheer.WAV,0.0,3.0,False,False,False,False,True,False,False,False,False,False,False
/home/Shelby/blackbird_calls/Experiments/Detection_of_calls/Datasets/All_call_classes/Split_data_controlled/OpenSoundScape/Call_audios/padded_3s/SL02_Trial_1_trim_9.780750825_9.83583802_Check.WAV,0.0,3.0,False,False,False,True,False,False,False,False,False,False,False
/home/Shelby/blackbird_calls/Experiments/Detection_of_calls/Datasets/All_call_classes/Split_data_controlled/OpenSoundScape/Call_audios/padded_3s/SL17a_Trial_2_trim_29.85225185_29.90430341_E.WAV,0.0,3.0,False,False,False,False,False,False,False,True,False,False,False
/home/Shelby/blackbird_calls/Experiments/Detection_of_calls/Datasets/All_call_classes/Split_data_controlled/OpenSoundScape/Call_audios/padded_3s/SL17a_Trial_2_trim_37.98394395_38.05056994_E.WAV,0.0,3.0,False,False,False,False,False,False,False,True,False,False,False
/home/Shelby/blackbird_calls/Experiments/Detection_of_calls/Datasets/All_call_classes/Split_data_controlled/OpenSoundScape/Call_audios/padded_3s/AZ15_Trial_1_trim_23.98022771_24.0712345_Check.WAV,0.0,3.0,False,False,False,True,False,False,False,False,False,False,False
/home/Shelby/blackbird_calls/Experiments/Detection_of_calls/Datasets/All_call_classes/Split_data_controlled/OpenSoundScape/Call_audios/padded_3s/SL52_Trial_1_trim_19.78073764_19.88900226_Check.WAV,0.0,3.0,False,False,False,True,False,False,False,False,False,False,False
/home/Shelby/blackbird_calls/Experiments/Detection_of_calls/Datasets/All_call_classes/Split_data_controlled/OpenSoundScape/Call_audios/padded_3s/SL42_Trial_1_trim_35.28027456_35.35735034_Check.WAV,0.0,3.0,False,False,False,True,False,False,False,False,False,False,False
/home/Shelby/blackbird_calls/Experiments/Detection_of_calls/Datasets/All_call_classes/Split_data_controlled/OpenSoundScape/Call_audios/padded_3s/AZ15_Trial_1_trim_27.80976769_27.92472362_Check.WAV,0.0,3.0,False,False,False,True,False,False,False,False,False,False,False
/home/Shelby/blackbird_calls/Experiments/Detection_of_calls/Datasets/All_call_classes/Split_data_controlled/OpenSoundScape/Call_audios/padded_3s/SL21_Trial_1_trim_13.3583836_13.59689365_D.WAV,0.0,3.0,False,False,False,False,False,False,True,False,False,False,False
/home/Shelby/blackbird_calls/Experiments/Detection_of_calls/Datasets/All_call_classes/Split_data_controlled/OpenSoundScape/Call_audios/padded_3s/SL30_Trial_3_trim_4.262914505_4.373344205_Check.WAV,0.0,3.0,False,False,False,True,False,False,False,False,False,False,False
/home/Shelby/blackbird_calls/Experiments/Detection_of_calls/Datasets/All_call_classes/Split_data_controlled/OpenSoundScape/Call_audios/padded_3s/AZ13_Trial_1_trim_2.348236461_2.403329979_Check.WAV,0.0,3.0,False,False,False,True,False,False,False,False,False,False,False
/home/Shelby/blackbird_calls/Experiments/Detection_of_calls/Datasets/All_call_classes/Split_data_controlled/OpenSoundScape/Call_audios/padded_3s/RC02_Trial_3_trim_57.47783405_57.56081644_D.WAV,0.0,3.0,False,False,False,False,False,False,True,False,False,False,False
/home/Shelby/blackbird_calls/Experiments/Detection_of_calls/Datasets/All_call_classes/Split_data_controlled/OpenSoundScape/Call_audios/padded_3s/AZ08_Trial_3_trim_20.29864988_20.39687261_Check.WAV,0.0,3.0,False,False,False,True,False,False,False,False,False,False,False
/home/Shelby/blackbird_calls/Experiments/Detection_of_calls/Datasets/All_call_classes/Split_data_controlled/OpenSoundScape/Call_audios/padded_3s/SL01_Trial_3_trim_51.57752855_51.64524872_Check.WAV,0.0,3.0,False,False,False,True,False,False,False,False,False,False,False
/home/Shelby/blackbird_calls/Experiments/Detection_of_calls/Datasets/All_call_classes/Split_data_controlled/OpenSoundScape/Call_audios/padded_3s/SL51_Trial_3_trim_8.788576228_8.876908508_Check.WAV,0.0,3.0,False,False,False,True,False,False,False,False,False,False,False
/home/Shelby/blackbird_calls/Experiments/Detection_of_calls/Datasets/All_call_classes/Split_data_controlled/OpenSoundScape/Call_audios/padded_3s/SL50_Trial_3_trim_35.16720304_35.2467288_Check.WAV,0.0,3.0,False,False,False,True,False,False,False,False,False,False,False
/home/Shelby/blackbird_calls/Experiments/Detection_of_calls/Datasets/All_call_classes/Split_data_controlled/OpenSoundScape/Call_audios/padded_3s/AZ15_Trial_1_trim_16.16662455_16.25284151_Check.WAV,0.0,3.0,False,False,False,True,False,False,False,False,False,False,False
/home/Shelby/blackbird_calls/Experiments/Detection_of_calls/Datasets/All_call_classes/Split_data_controlled/OpenSoundScape/Call_audios/padded_3s/AZ15_Trial_1_trim_27.56548632_27.64691344_Check.WAV,0.0,3.0,False,False,False,True,False,False,False,False,False,False,False
/home/Shelby/blackbird_calls/Experiments/Detection_of_calls/Datasets/All_call_classes/Split_data_controlled/OpenSoundScape/Call_audios/padded_3s/SL52_Trial_3_trim_43.01319714_43.11730328_Check.WAV,0.0,3.0,False,False,False,True,False,False,False,False,False,False,False
/home/Shelby/blackbird_calls/Experiments/Detection_of_calls/Datasets/All_call_classes/Split_data_controlled/OpenSoundScape/Call_audios/padded_3s/SL52_Trial_1_trim_57.63959514_57.73953171_Check.WAV,0.0,3.0,False,False,False,True,False,False,False,False,False,False,False
/home/Shelby/blackbird_calls/Experiments/Detection_of_calls/Datasets/All_call_classes/Split_data_controlled/OpenSoundScape/Call_audios/padded_3s/AZ15_Trial_1_trim_31.39923213_31.52376773_Check.WAV,0.0,3.0,False,False,False,True,False,False,False,False,False,False,False
/home/Shelby/blackbird_calls/Experiments/Detection_of_calls/Datasets/All_call_classes/Split_data_controlled/OpenSoundScape/Call_audios/padded_3s/SL17a_Trial_3_trim_62.24807023_62.56453603_Chits.WAV,0.0,3.0,False,False,False,False,False,True,False,False,False,False,False
/home/Shelby/blackbird_calls/Experiments/Detection_of_calls/Datasets/All_call_classes/Split_data_controlled/OpenSoundScape/Call_audios/padded_3s/SL52_Trial_3_trim_57.19500968_57.32826554_Check.WAV,0.0,3.0,False,False,False,True,False,False,False,False,False,False,False
/home/Shelby/blackbird_calls/Experiments/Detection_of_calls/Datasets/All_call_classes/Split_data_controlled/OpenSoundScape/Call_audios/padded_3s/SL38_Trial_3_trim_8.198749002_8.927481475_Cheer.WAV,0.0,3.0,False,False,False,False,True,False,False,False,False,False,False
/home/Shelby/blackbird_calls/Experiments/Detection_of_calls/Datasets/All_call_classes/Split_data_controlled/OpenSoundScape/Call_audios/padded_3s/SL21_Trial_3_trim_43.41343188_43.92632316_K.WAV,0.0,3.0,False,False,False,False,False,False,False,False,False,False,True
/home/Shelby/blackbird_calls/Experiments/Detection_of_calls/Datasets/All_call_classes/Split_data_controlled/OpenSoundScape/Call_audios/padded_3s/SL17b_Trial_2_trim_60.01770381_60.16504804_Check.WAV,0.0,3.0,False,False,False,True,False,False,False,False,False,False,False
/home/Shelby/blackbird_calls/Experiments/Detection_of_calls/Datasets/All_call_classes/Split_data_controlled/OpenSoundScape/Call_audios/padded_3s/SL17a_Trial_1_trim_48.46509776_48.54901445_Check.WAV,0.0,3.0,False,False,False,True,False,False,False,False,False,False,False
/home/Shelby/blackbird_calls/Experiments/Detection_of_calls/Datasets/All_call_classes/Split_data_controlled/OpenSoundScape/Call_audios/padded_3s/SL02_Trial_1_trim_54.53401308_54.60347085_Check.WAV,0.0,3.0,False,False,False,True,False,False,False,False,False,False,False
/home/Shelby/blackbird_calls/Experiments/Detection_of_calls/Datasets/All_call_classes/Split_data_controlled/OpenSoundScape/Call_audios/padded_3s/SL51_Trial_1_trim_26.36958396_26.44908411_Check.WAV,0.0,3.0,False,False,False,True,False,False,False,False,False,False,False
/home/Shelby/blackbird_calls/Experiments/Detection_of_calls/Datasets/All_call_classes/Split_data_controlled/OpenSoundScape/Call_audios/padded_3s/SL51_Trial_1_trim_0.424000805_0.959890711_Cheer.WAV,0.0,3.0,False,False,False,False,True,False,False,False,False,False,False
/home/Shelby/blackbird_calls/Experiments/Detection_of_calls/Datasets/All_call_classes/Split_data_controlled/OpenSoundScape/Call_audios/padded_3s/AZ15_Trial_1_trim_34.24918137_34.32102883_D.WAV,0.0,3.0,False,False,False,False,False,False,True,False,False,False,False
/home/Shelby/blackbird_calls/Experiments/Detection_of_calls/Datasets/All_call_classes/Split_data_controlled/OpenSoundScape/Call_audios/padded_3s/AZ08_Trial_1_trim_16.8236184_16.91845415_C.WAV,0.0,3.0,False,False,True,False,False,False,False,False,False,False,False
/home/Shelby/blackbird_calls/Experiments/Detection_of_calls/Datasets/All_call_classes/Split_data_controlled/OpenSoundScape/Call_audios/padded_3s/SL50_Trial_1_trim_12.32588261_12.8339087_Cheer.WAV,0.0,3.0,False,False,False,False,True,False,False,False,False,False,False
/home/Shelby/blackbird_calls/Experiments/Detection_of_calls/Datasets/All_call_classes/Split_data_controlled/OpenSoundScape/Call_audios/padded_3s/SL21_Trial_1_trim_4.951124654_5.039461707_Check.WAV,0.0,3.0,False,False,False,True,False,False,False,False,False,False,False
/home/Shelby/blackbird_calls/Experiments/Detection_of_calls/Datasets/All_call_classes/Split_data_controlled/OpenSoundScape/Call_audios/padded_3s/SL50_Trial_3_trim_23.58392481_23.68701375_Check.WAV,0.0,3.0,False,False,False,True,False,False,False,False,False,False,False
/home/Shelby/blackbird_calls/Experiments/Detection_of_calls/Datasets/All_call_classes/Split_data_controlled/OpenSoundScape/Call_audios/padded_3s/SL43_Trial_2_trim_23.10744481_23.89861315_Cheer.WAV,0.0,3.0,False,False,False,False,True,False,False,False,False,False,False
/home/Shelby/blackbird_calls/Experiments/Detection_of_calls/Datasets/All_call_classes/Split_data_controlled/OpenSoundScape/Call_audios/padded_3s/AZ13_Trial_1_trim_19.54267933_19.59777284_Check.WAV,0.0,3.0,False,False,False,True,False,False,False,False,False,False,False
/home/Shelby/blackbird_calls/Experiments/Detection_of_calls/Datasets/All_call_classes/Split_data_controlled/OpenSoundScape/Call_audios/padded_3s/SL54_Trial_3_trim_57.43814959_57.62152336_Check.WAV,0.0,3.0,False,False,False,True,False,False,False,False,False,False,False
/home/Shelby/blackbird_calls/Experiments/Detection_of_calls/Datasets/All_call_classes/Split_data_controlled/OpenSoundScape/Call_audios/padded_3s/SL09_Trial_1_trim_36.78556987_36.91436349_Check.WAV,0.0,3.0,False,False,False,True,False,False,False,False,False,False,False
/home/Shelby/blackbird_calls/Experiments/Detection_of_calls/Datasets/All_call_classes/Split_data_controlled/OpenSoundScape/Call_audios/padded_3s/SL50_Trial_1_trim_56.22087837_56.42492164_M.WAV,0.0,3.0,True,False,False,False,False,False,False,False,False,False,False
/home/Shelby/blackbird_calls/Experiments/Detection_of_calls/Datasets/All_call_classes/Split_data_controlled/OpenSoundScape/Call_audios/padded_3s/SL21_Trial_3_trim_27.35134432_27.9850893_K.WAV,0.0,3.0,False,False,False,False,False,False,False,False,False,False,True
/home/Shelby/blackbird_calls/Experiments/Detection_of_calls/Datasets/All_call_classes/Split_data_controlled/OpenSoundScape/Call_audios/padded_3s/AZ02_Trial_3_trim_31.01142889_31.15513229_Check.WAV,0.0,3.0,False,False,False,True,False,False,False,False,False,False,False
/home/Shelby/blackbird_calls/Experiments/Detection_of_calls/Datasets/All_call_classes/Split_data_controlled/OpenSoundScape/Call_audios/padded_3s/SL28_Trial_3_trim_2.644211742_2.727494002_Check.WAV,0.0,3.0,False,False,False,True,False,False,False,False,False,False,False
/home/Shelby/blackbird_calls/Experiments/Detection_of_calls/Datasets/All_call_classes/Split_data_controlled/OpenSoundScape/Call_audios/padded_3s/SL38_Trial_3_trim_14.20983893_14.88443699_Cheer.WAV,0.0,3.0,False,False,False,False,True,False,False,False,False,False,False
/home/Shelby/blackbird_calls/Experiments/Detection_of_calls/Datasets/All_call_classes/Split_data_controlled/OpenSoundScape/Call_audios/padded_3s/SL17a_Trial_3_trim_17.73878292_17.92408198_J.WAV,0.0,3.0,False,False,False,False,False,False,False,False,False,True,False
/home/Shelby/blackbird_calls/Experiments/Detection_of_calls/Datasets/All_call_classes/Split_data_controlled/OpenSoundScape/Call_audios/padded_3s/SL21_Trial_3_trim_35.88120874_36.45305304_K.WAV,0.0,3.0,False,False,False,False,False,False,False,False,False,False,True
/home/Shelby/blackbird_calls/Experiments/Detection_of_calls/Datasets/All_call_classes/Split_data_controlled/OpenSoundScape/Call_audios/padded_3s/SL52_Trial_1_trim_46.03746027_46.14572489_Check.WAV,0.0,3.0,False,False,False,True,False,False,False,False,False,False,False
/home/Shelby/blackbird_calls/Experiments/Detection_of_calls/Datasets/All_call_classes/Split_data_controlled/OpenSoundScape/Call_audios/padded_3s/AZ13_Trial_2_trim_9.63118233_9.717399623_Check.WAV,0.0,3.0,False,False,False,True,False,False,False,False,False,False,False
/home/Shelby/blackbird_calls/Experiments/Detection_of_calls/Datasets/All_call_classes/Split_data_controlled/OpenSoundScape/Call_audios/padded_3s/SL51_Trial_2_trim_17.37026683_17.43272719_Check.WAV,0.0,3.0,False,False,False,True,False,False,False,False,False,False,False
/home/Shelby/blackbird_calls/Experiments/Detection_of_calls/Datasets/All_call_classes/Split_data_controlled/OpenSoundScape/Call_audios/padded_3s/SL02_Trial_2_trim_24.58858392_25.0964219_Cheer.WAV,0.0,3.0,False,False,False,False,True,False,False,False,False,False,False
/home/Shelby/blackbird_calls/Experiments/Detection_of_calls/Datasets/All_call_classes/Split_data_controlled/OpenSoundScape/Call_audios/padded_3s/SL54_Trial_3_trim_52.309005_52.42986498_Check.WAV,0.0,3.0,False,False,False,True,False,False,False,False,False,False,False
/home/Shelby/blackbird_calls/Experiments/Detection_of_calls/Datasets/All_call_classes/Split_data_controlled/OpenSoundScape/Call_audios/padded_3s/AZ15_Trial_1_trim_28.84916094_28.94974738_Check.WAV,0.0,3.0,False,False,False,True,False,False,False,False,False,False,False
/home/Shelby/blackbird_calls/Experiments/Detection_of_calls/Datasets/All_call_classes/Split_data_controlled/OpenSoundScape/Call_audios/padded_3s/SL54_Trial_3_trim_6.121027187_6.250222341_Check.WAV,0.0,3.0,False,False,False,True,False,False,False,False,False,False,False
/home/Shelby/blackbird_calls/Experiments/Detection_of_calls/Datasets/All_call_classes/Split_data_controlled/OpenSoundScape/Call_audios/padded_3s/SL52_Trial_3_trim_37.60361304_37.74519738_Check.WAV,0.0,3.0,False,False,False,True,False,False,False,False,False,False,False
/home/Shelby/blackbird_calls/Experiments/Detection_of_calls/Datasets/All_call_classes/Split_data_controlled/OpenSoundScape/Call_audios/padded_3s/SL21_Trial_1_trim_20.52333916_21.20353446_Cheer.WAV,0.0,3.0,False,False,False,False,True,False,False,False,False,False,False
/home/Shelby/blackbird_calls/Experiments/Detection_of_calls/Datasets/All_call_classes/Split_data_controlled/OpenSoundScape/Call_audios/padded_3s/SL02_Trial_1_trim_58.92759937_59.00663752_Check.WAV,0.0,3.0,False,False,False,True,False,False,False,False,False,False,False
/home/Shelby/blackbird_calls/Experiments/Detection_of_calls/Datasets/All_call_classes/Split_data_controlled/OpenSoundScape/Call_audios/padded_3s/AZ13_Trial_1_trim_57.37353526_57.45018711_Check.WAV,0.0,3.0,False,False,False,True,False,False,False,False,False,False,False
/home/Shelby/blackbird_calls/Experiments/Detection_of_calls/Datasets/All_call_classes/Split_data_controlled/OpenSoundScape/Call_audios/padded_3s/EF01_Trial_2_trim_31.91744733_31.98199039_Check.WAV,0.0,3.0,False,False,False,True,False,False,False,False,False,False,False
/home/Shelby/blackbird_calls/Experiments/Detection_of_calls/Datasets/All_call_classes/Split_data_controlled/OpenSoundScape/Call_audios/padded_3s/SL50_Trial_3_trim_21.24205852_21.31863888_Check.WAV,0.0,3.0,False,False,False,True,False,False,False,False,False,False,False
/home/Shelby/blackbird_calls/Experiments/Detection_of_calls/Datasets/All_call_classes/Split_data_controlled/OpenSoundScape/Call_audios/padded_3s/SL17a_Trial_3_trim_40.40134381_40.47421423_E.WAV,0.0,3.0,False,False,False,False,False,False,False,True,False,False,False
/home/Shelby/blackbird_calls/Experiments/Detection_of_calls/Datasets/All_call_classes/Split_data_controlled/OpenSoundScape/Call_audios/padded_3s/AZ15_Trial_1_trim_59.08867234_59.19883845_Check.WAV,0.0,3.0,False,False,False,True,False,False,False,False,False,False,False
/home/Shelby/blackbird_calls/Experiments/Detection_of_calls/Datasets/All_call_classes/Split_data_controlled/OpenSoundScape/Call_audios/padded_3s/AZ08_Trial_3_trim_10.25678089_10.35500362_Check.WAV,0.0,3.0,False,False,False,True,False,False,False,False,False,False,False
/home/Shelby/blackbird_calls/Experiments/Detection_of_calls/Datasets/All_call_classes/Split_data_controlled/OpenSoundScape/Call_audios/padded_3s/AZ13_Trial_3_trim_54.41749834_54.49653076_Check.WAV,0.0,3.0,False,False,False,True,False,False,False,False,False,False,False
/home/Shelby/blackbird_calls/Experiments/Detection_of_calls/Datasets/All_call_classes/Split_data_controlled/OpenSoundScape/Call_audios/padded_3s/SL09_Trial_1_trim_17.34819841_17.47360272_Check.WAV,0.0,3.0,False,False,False,True,False,False,False,False,False,False,False
/home/Shelby/blackbird_calls/Experiments/Detection_of_calls/Datasets/All_call_classes/Split_data_controlled/OpenSoundScape/Call_audios/padded_3s/SL56_Trial_2_trim_12.40568754_12.49992278_Check.WAV,0.0,3.0,False,False,False,True,False,False,False,False,False,False,False
/home/Shelby/blackbird_calls/Experiments/Detection_of_calls/Datasets/All_call_classes/Split_data_controlled/OpenSoundScape/Call_audios/padded_3s/SL54_Trial_2_trim_15.63534581_15.76785338_Check.WAV,0.0,3.0,False,False,False,True,False,False,False,False,False,False,False
/home/Shelby/blackbird_calls/Experiments/Detection_of_calls/Datasets/All_call_classes/Split_data_controlled/OpenSoundScape/Call_audios/padded_3s/AZ02_Trial_3_trim_36.51504601_37.27667403_Cheer.WAV,0.0,3.0,False,False,False,False,True,False,False,False,False,False,False
/home/Shelby/blackbird_calls/Experiments/Detection_of_calls/Datasets/All_call_classes/Split_data_controlled/OpenSoundScape/Call_audios/padded_3s/SL22_Trial_1_trim_52.12165343_52.23940874_Check.WAV,0.0,3.0,False,False,False,True,False,False,False,False,False,False,False
/home/Shelby/blackbird_calls/Experiments/Detection_of_calls/Datasets/All_call_classes/Split_data_controlled/OpenSoundScape/Call_audios/padded_3s/AZ13_Trial_1_trim_14.8448924_14.93831185_Check.WAV,0.0,3.0,False,False,False,True,False,False,False,False,False,False,False
/home/Shelby/blackbird_calls/Experiments/Detection_of_calls/Datasets/All_call_classes/Split_data_controlled/OpenSoundScape/Call_audios/padded_3s/AZ15_Trial_1_trim_34.68984579_34.78085257_Check.WAV,0.0,3.0,False,False,False,True,False,False,False,False,False,False,False
/home/Shelby/blackbird_calls/Experiments/Detection_of_calls/Datasets/All_call_classes/Split_data_controlled/OpenSoundScape/Call_audios/padded_3s/SL54_Trial_3_trim_41.64692714_41.81363056_Check.WAV,0.0,3.0,False,False,False,True,False,False,False,False,False,False,False
/home/Shelby/blackbird_calls/Experiments/Detection_of_calls/Datasets/All_call_classes/Split_data_controlled/OpenSoundScape/Call_audios/padded_3s/AZ13_Trial_3_trim_32.52617582_32.60520824_Check.WAV,0.0,3.0,False,False,False,True,False,False,False,False,False,False,False
/home/Shelby/blackbird_calls/Experiments/Detection_of_calls/Datasets/All_call_classes/Split_data_controlled/OpenSoundScape/Call_audios/padded_3s/SL21_Trial_3_trim_19.66584674_20.20821453_K.WAV,0.0,3.0,False,False,False,False,False,False,False,False,False,False,True
/home/Shelby/blackbird_calls/Experiments/Detection_of_calls/Datasets/All_call_classes/Split_data_controlled/OpenSoundScape/Call_audios/padded_3s/AZ15_Trial_1_trim_1.053762742_1.139979694_Check.WAV,0.0,3.0,False,False,False,True,False,False,False,False,False,False,False
/home/Shelby/blackbird_calls/Experiments/Detection_of_calls/Datasets/All_call_classes/Split_data_controlled/OpenSoundScape/Call_audios/padded_3s/SL07_Trial_3_trim_27.43245959_27.59770875_D.WAV,0.0,3.0,False,False,False,False,False,False,True,False,False,False,False
/home/Shelby/blackbird_calls/Experiments/Detection_of_calls/Datasets/All_call_classes/Split_data_controlled/OpenSoundScape/Call_audios/padded_3s/AZ15_Trial_3_trim_6.578762329_6.656661529_Check.WAV,0.0,3.0,False,False,False,True,False,False,False,False,False,False,False
/home/Shelby/blackbird_calls/Experiments/Detection_of_calls/Datasets/All_call_classes/Split_data_controlled/OpenSoundScape/Call_audios/padded_3s/SL52_Trial_1_trim_40.88656141_41.01148212_Check.WAV,0.0,3.0,False,False,False,True,False,False,False,False,False,False,False
/home/Shelby/blackbird_calls/Experiments/Detection_of_calls/Datasets/All_call_classes/Split_data_controlled/OpenSoundScape/Call_audios/padded_3s/AZ13_Trial_1_trim_23.58282049_23.67144919_Check.WAV,0.0,3.0,False,False,False,True,False,False,False,False,False,False,False
/home/Shelby/blackbird_calls/Experiments/Detection_of_calls/Datasets/All_call_classes/Split_data_controlled/OpenSoundScape/Call_audios/padded_3s/EF01_Trial_3_trim_44.30710543_44.88422092_Cheer.WAV,0.0,3.0,False,False,False,False,True,False,False,False,False,False,False
/home/Shelby/blackbird_calls/Experiments/Detection_of_calls/Datasets/All_call_classes/Split_data_controlled/OpenSoundScape/Call_audios/padded_3s/AZ15_Trial_1_trim_28.30361101_28.48083475_M.WAV,0.0,3.0,True,False,False,False,False,False,False,False,False,False,False
/home/Shelby/blackbird_calls/Experiments/Detection_of_calls/Datasets/All_call_classes/Split_data_controlled/OpenSoundScape/Call_audios/padded_3s/SL22_Trial_1_trim_57.2285032_57.32270744_Check.WAV,0.0,3.0,False,False,False,True,False,False,False,False,False,False,False
/home/Shelby/blackbird_calls/Experiments/Detection_of_calls/Datasets/All_call_classes/Split_data_controlled/OpenSoundScape/Call_audios/padded_3s/SL52_Trial_3_trim_14.44901083_14.85294264_Cheer.WAV,0.0,3.0,False,False,False,False,True,False,False,False,False,False,False
/home/Shelby/blackbird_calls/Experiments/Detection_of_calls/Datasets/All_call_classes/Split_data_controlled/OpenSoundScape/Call_audios/padded_3s/SL21_Trial_2_trim_20.34103234_21.34354661_K.WAV,0.0,3.0,False,False,False,False,False,False,False,False,False,False,True
/home/Shelby/blackbird_calls/Experiments/Detection_of_calls/Datasets/All_call_classes/Split_data_controlled/OpenSoundScape/Call_audios/padded_3s/AZ15_Trial_1_trim_48.44172419_48.53752081_Check.WAV,0.0,3.0,False,False,False,True,False,False,False,False,False,False,False
/home/Shelby/blackbird_calls/Experiments/Detection_of_calls/Datasets/All_call_classes/Split_data_controlled/OpenSoundScape/Call_audios/padded_3s/SL13_Trial_3_trim_49.51493155_49.59979616_Check.WAV,0.0,3.0,False,False,False,True,False,False,False,False,False,False,False
/home/Shelby/blackbird_calls/Experiments/Detection_of_calls/Datasets/All_call_classes/Split_data_controlled/OpenSoundScape/Call_audios/padded_3s/SL51_Trial_2_trim_20.38701196_20.94082711_Cheer.WAV,0.0,3.0,False,False,False,False,True,False,False,False,False,False,False
/home/Shelby/blackbird_calls/Experiments/Detection_of_calls/Datasets/All_call_classes/Split_data_controlled/OpenSoundScape/Call_audios/padded_3s/RC02_Trial_1_trim_52.71418379_52.77884651_Check.WAV,0.0,3.0,False,False,False,True,False,False,False,False,False,False,False
/home/Shelby/blackbird_calls/Experiments/Detection_of_calls/Datasets/All_call_classes/Split_data_controlled/OpenSoundScape/Call_audios/padded_3s/AZ15_Trial_1_trim_37.57305788_37.72154263_Check.WAV,0.0,3.0,False,False,False,True,False,False,False,False,False,False,False
/home/Shelby/blackbird_calls/Experiments/Detection_of_calls/Datasets/All_call_classes/Split_data_controlled/OpenSoundScape/Call_audios/padded_3s/SL50_Trial_3_trim_58.17249108_58.2961978_Check.WAV,0.0,3.0,False,False,False,True,False,False,False,False,False,False,False
/home/Shelby/blackbird_calls/Experiments/Detection_of_calls/Datasets/All_call_classes/Split_data_controlled/OpenSoundScape/Call_audios/padded_3s/SL09_Trial_1_trim_33.59962247_33.73858401_Check.WAV,0.0,3.0,False,False,False,True,False,False,False,False,False,False,False
/home/Shelby/blackbird_calls/Experiments/Detection_of_calls/Datasets/All_call_classes/Split_data_controlled/OpenSoundScape/Call_audios/padded_3s/SL30_Trial_1_trim_52.61301466_52.75459172_Check.WAV,0.0,3.0,False,False,False,True,False,False,False,False,False,False,False
/home/Shelby/blackbird_calls/Experiments/Detection_of_calls/Datasets/All_call_classes/Split_data_controlled/OpenSoundScape/Call_audios/padded_3s/SL42_Trial_1_trim_0.562444912_0.631188179_Check.WAV,0.0,3.0,False,False,False,True,False,False,False,False,False,False,False
/home/Shelby/blackbird_calls/Experiments/Detection_of_calls/Datasets/All_call_classes/Split_data_controlled/OpenSoundScape/Call_audios/padded_3s/SL36_Trial_3_trim_59.83580635_59.95064898_Check.WAV,0.0,3.0,False,False,False,True,False,False,False,False,False,False,False
/home/Shelby/blackbird_calls/Experiments/Detection_of_calls/Datasets/All_call_classes/Split_data_controlled/OpenSoundScape/Call_audios/padded_3s/SL02_Trial_3_trim_41.04378001_41.11083841_Check.WAV,0.0,3.0,False,False,False,True,False,False,False,False,False,False,False
/home/Shelby/blackbird_calls/Experiments/Detection_of_calls/Datasets/All_call_classes/Split_data_controlled/OpenSoundScape/Call_audios/padded_3s/AZ02_Trial_3_trim_7.194752208_7.803096607_Cheer.WAV,0.0,3.0,False,False,False,False,True,False,False,False,False,False,False
/home/Shelby/blackbird_calls/Experiments/Detection_of_calls/Datasets/All_call_classes/Split_data_controlled/OpenSoundScape/Call_audios/padded_3s/SL52_Trial_1_trim_57.06495988_57.16489645_Check.WAV,0.0,3.0,False,False,False,True,False,False,False,False,False,False,False
/home/Shelby/blackbird_calls/Experiments/Detection_of_calls/Datasets/All_call_classes/Split_data_controlled/OpenSoundScape/Call_audios/padded_3s/AZ15_Trial_1_trim_20.24277043_20.33377722_Check.WAV,0.0,3.0,False,False,False,True,False,False,False,False,False,False,False
/home/Shelby/blackbird_calls/Experiments/Detection_of_calls/Datasets/All_call_classes/Split_data_controlled/OpenSoundScape/Call_audios/padded_3s/SL43_Trial_2_trim_17.94495163_18.12816956_Check.WAV,0.0,3.0,False,False,False,True,False,False,False,False,False,False,False
/home/Shelby/blackbird_calls/Experiments/Detection_of_calls/Datasets/All_call_classes/Split_data_controlled/OpenSoundScape/Call_audios/padded_3s/SL42_Trial_2_trim_1.883072828_1.962193167_Check.WAV,0.0,3.0,False,False,False,True,False,False,False,False,False,False,False
/home/Shelby/blackbird_calls/Experiments/Detection_of_calls/Datasets/All_call_classes/Split_data_controlled/OpenSoundScape/Call_audios/padded_3s/SL21_Trial_1_trim_9.874260715_9.965542336_Check.WAV,0.0,3.0,False,False,False,True,False,False,False,False,False,False,False
/home/Shelby/blackbird_calls/Experiments/Detection_of_calls/Datasets/All_call_classes/Split_data_controlled/OpenSoundScape/Call_audios/padded_3s/AZ15_Trial_1_trim_16.78451271_16.89467881_Check.WAV,0.0,3.0,False,False,False,True,False,False,False,False,False,False,False
/home/Shelby/blackbird_calls/Experiments/Detection_of_calls/Datasets/All_call_classes/Split_data_controlled/OpenSoundScape/Call_audios/padded_3s/SL07_Trial_1_trim_9.869828207_9.994367756_D.WAV,0.0,3.0,False,False,False,False,False,False,True,False,False,False,False
/home/Shelby/blackbird_calls/Experiments/Detection_of_calls/Datasets/All_call_classes/Split_data_controlled/OpenSoundScape/Call_audios/padded_3s/SL21_Trial_3_trim_53.91892224_54.4937142_K.WAV,0.0,3.0,False,False,False,False,False,False,False,False,False,False,True
/home/Shelby/blackbird_calls/Experiments/Detection_of_calls/Datasets/All_call_classes/Split_data_controlled/OpenSoundScape/Call_audios/padded_3s/SL10_Trial_3_trim_20.71844407_21.35074689_Cheer.WAV,0.0,3.0,False,False,False,False,True,False,False,False,False,False,False
/home/Shelby/blackbird_calls/Experiments/Detection_of_calls/Datasets/All_call_classes/Split_data_controlled/OpenSoundScape/Call_audios/padded_3s/AZ15_Trial_1_trim_50.88932765_51.01386325_Check.WAV,0.0,3.0,False,False,False,True,False,False,False,False,False,False,False
/home/Shelby/blackbird_calls/Experiments/Detection_of_calls/Datasets/All_call_classes/Split_data_controlled/OpenSoundScape/Call_audios/padded_3s/SL01_Trial_3_trim_57.74666655_57.79407067_Check.WAV,0.0,3.0,False,False,False,True,False,False,False,False,False,False,False
/home/Shelby/blackbird_calls/Experiments/Detection_of_calls/Datasets/All_call_classes/Split_data_controlled/OpenSoundScape/Call_audios/padded_3s/SL54_Trial_1_trim_10.47252175_10.60795969_B.WAV,0.0,3.0,False,True,False,False,False,False,False,False,False,False,False
/home/Shelby/blackbird_calls/Experiments/Detection_of_calls/Datasets/All_call_classes/Split_data_controlled/OpenSoundScape/Call_audios/padded_3s/AZ15_Trial_1_trim_31.9261135_32.04585927_Check.WAV,0.0,3.0,False,False,False,True,False,False,False,False,False,False,False
/home/Shelby/blackbird_calls/Experiments/Detection_of_calls/Datasets/All_call_classes/Split_data_controlled/OpenSoundScape/Call_audios/padded_3s/SL21_Trial_2_trim_16.51887189_16.64304224_Check.WAV,0.0,3.0,False,False,False,True,False,False,False,False,False,False,False
/home/Shelby/blackbird_calls/Experiments/Detection_of_calls/Datasets/All_call_classes/Split_data_controlled/OpenSoundScape/Call_audios/padded_3s/EF01_Trial_2_trim_29.25492537_29.34653487_Check.WAV,0.0,3.0,False,False,False,True,False,False,False,False,False,False,False
/home/Shelby/blackbird_calls/Experiments/Detection_of_calls/Datasets/All_call_classes/Split_data_controlled/OpenSoundScape/Call_audios/padded_3s/RC02_Trial_1_trim_11.72211267_11.79874996_Check.WAV,0.0,3.0,False,False,False,True,False,False,False,False,False,False,False
/home/Shelby/blackbird_calls/Experiments/Detection_of_calls/Datasets/All_call_classes/Split_data_controlled/OpenSoundScape/Call_audios/padded_3s/SL21_Trial_2_trim_59.7460236_59.95034917_Check.WAV,0.0,3.0,False,False,False,True,False,False,False,False,False,False,False
/home/Shelby/blackbird_calls/Experiments/Detection_of_calls/Datasets/All_call_classes/Split_data_controlled/OpenSoundScape/Call_audios/padded_3s/SL36_Trial_1_trim_31.95480855_32.04225367_Check.WAV,0.0,3.0,False,False,False,True,False,False,False,False,False,False,False
/home/Shelby/blackbird_calls/Experiments/Detection_of_calls/Datasets/All_call_classes/Split_data_controlled/OpenSoundScape/Call_audios/padded_3s/SL54_Trial_2_trim_54.07107348_54.9632911_Cheer.WAV,0.0,3.0,False,False,False,False,True,False,False,False,False,False,False
/home/Shelby/blackbird_calls/Experiments/Detection_of_calls/Datasets/All_call_classes/Split_data_controlled/OpenSoundScape/Call_audios/padded_3s/SL07_Trial_1_trim_29.80856381_29.94747331_D.WAV,0.0,3.0,False,False,False,False,False,False,True,False,False,False,False
/home/Shelby/blackbird_calls/Experiments/Detection_of_calls/Datasets/All_call_classes/Split_data_controlled/OpenSoundScape/Call_audios/padded_3s/SL02_Trial_2_trim_11.21082209_11.785733_Cheer.WAV,0.0,3.0,False,False,False,False,True,False,False,False,False,False,False
/home/Shelby/blackbird_calls/Experiments/Detection_of_calls/Datasets/All_call_classes/Split_data_controlled/OpenSoundScape/Call_audios/padded_3s/SL30_Trial_2_trim_40.21022607_40.27797849_Check.WAV,0.0,3.0,False,False,False,True,False,False,False,False,False,False,False
/home/Shelby/blackbird_calls/Experiments/Detection_of_calls/Datasets/All_call_classes/Split_data_controlled/OpenSoundScape/Call_audios/padded_3s/SL54_Trial_3_trim_12.51503148_12.6233887_Check.WAV,0.0,3.0,False,False,False,True,False,False,False,False,False,False,False
/home/Shelby/blackbird_calls/Experiments/Detection_of_calls/Datasets/All_call_classes/Split_data_controlled/OpenSoundScape/Call_audios/padded_3s/AZ15_Trial_3_trim_17.6190933_17.70531026_C.WAV,0.0,3.0,False,False,True,False,False,False,False,False,False,False,False
/home/Shelby/blackbird_calls/Experiments/Detection_of_calls/Datasets/All_call_classes/Split_data_controlled/OpenSoundScape/Call_audios/padded_3s/SL42_Trial_1_trim_38.12303641_38.23344227_E.WAV,0.0,3.0,False,False,False,False,False,False,False,True,False,False,False
/home/Shelby/blackbird_calls/Experiments/Detection_of_calls/Datasets/All_call_classes/Split_data_controlled/OpenSoundScape/Call_audios/padded_3s/SL30_Trial_3_trim_29.98984062_30.1023539_Check.WAV,0.0,3.0,False,False,False,True,False,False,False,False,False,False,False
/home/Shelby/blackbird_calls/Experiments/Detection_of_calls/Datasets/All_call_classes/Split_data_controlled/OpenSoundScape/Call_audios/padded_3s/SL50_Trial_3_trim_41.27857327_41.40227999_Check.WAV,0.0,3.0,False,False,False,True,False,False,False,False,False,False,False
/home/Shelby/blackbird_calls/Experiments/Detection_of_calls/Datasets/All_call_classes/Split_data_controlled/OpenSoundScape/Call_audios/padded_3s/SL17a_Trial_3_trim_43.24617154_43.31904195_Check.WAV,0.0,3.0,False,False,False,True,False,False,False,False,False,False,False
/home/Shelby/blackbird_calls/Experiments/Detection_of_calls/Datasets/All_call_classes/Split_data_controlled/OpenSoundScape/Call_audios/padded_3s/SL07_Trial_3_trim_3.259301096_3.333543471_D.WAV,0.0,3.0,False,False,False,False,False,False,True,False,False,False,False
/home/Shelby/blackbird_calls/Experiments/Detection_of_calls/Datasets/All_call_classes/Split_data_controlled/OpenSoundScape/Call_audios/padded_3s/SL51_Trial_1_trim_23.87857923_23.97280163_Check.WAV,0.0,3.0,False,False,False,True,False,False,False,False,False,False,False
/home/Shelby/blackbird_calls/Experiments/Detection_of_calls/Datasets/All_call_classes/Split_data_controlled/OpenSoundScape/Call_audios/padded_3s/SL42_Trial_1_trim_36.41376282_36.47833983_Check.WAV,0.0,3.0,False,False,False,True,False,False,False,False,False,False,False
/home/Shelby/blackbird_calls/Experiments/Detection_of_calls/Datasets/All_call_classes/Split_data_controlled/OpenSoundScape/Call_audios/padded_3s/SL38_Trial_1_trim_22.28830187_22.54237716_Cheer.WAV,0.0,3.0,False,False,False,False,True,False,False,False,False,False,False
/home/Shelby/blackbird_calls/Experiments/Detection_of_calls/Datasets/All_call_classes/Split_data_controlled/OpenSoundScape/Call_audios/padded_3s/AZ13_Trial_1_trim_7.673147838_7.764171911_Check.WAV,0.0,3.0,False,False,False,True,False,False,False,False,False,False,False
/home/Shelby/blackbird_calls/Experiments/Detection_of_calls/Datasets/All_call_classes/Split_data_controlled/OpenSoundScape/Call_audios/padded_3s/SL02_Trial_1_trim_55.72035917_55.79939732_Check.WAV,0.0,3.0,False,False,False,True,False,False,False,False,False,False,False
/home/Shelby/blackbird_calls/Experiments/Detection_of_calls/Datasets/All_call_classes/Split_data_controlled/OpenSoundScape/Call_audios/padded_3s/AZ13_Trial_2_trim_36.33953105_36.4113788_Check.WAV,0.0,3.0,False,False,False,True,False,False,False,False,False,False,False
/home/Shelby/blackbird_calls/Experiments/Detection_of_calls/Datasets/All_call_classes/Split_data_controlled/OpenSoundScape/Call_audios/padded_3s/AZ15_Trial_1_trim_38.31548163_38.40648841_Check.WAV,0.0,3.0,False,False,False,True,False,False,False,False,False,False,False
/home/Shelby/blackbird_calls/Experiments/Detection_of_calls/Datasets/All_call_classes/Split_data_controlled/OpenSoundScape/Call_audios/padded_3s/SL36_Trial_2_trim_7.086570901_7.905202645_Cheer.WAV,0.0,3.0,False,False,False,False,True,False,False,False,False,False,False
/home/Shelby/blackbird_calls/Experiments/Detection_of_calls/Datasets/All_call_classes/Split_data_controlled/OpenSoundScape/Call_audios/padded_3s/EF01_Trial_2_trim_10.14783331_10.2269506_Check.WAV,0.0,3.0,False,False,False,True,False,False,False,False,False,False,False
/home/Shelby/blackbird_calls/Experiments/Detection_of_calls/Datasets/All_call_classes/Split_data_controlled/OpenSoundScape/Call_audios/padded_3s/AZ13_Trial_1_trim_2.117507395_2.189368506_Check.WAV,0.0,3.0,False,False,False,True,False,False,False,False,False,False,False
/home/Shelby/blackbird_calls/Experiments/Detection_of_calls/Datasets/All_call_classes/Split_data_controlled/OpenSoundScape/Call_audios/padded_3s/AZ15_Trial_3_trim_42.33895892_42.4299657_C.WAV,0.0,3.0,False,False,True,False,False,False,False,False,False,False,False
/home/Shelby/blackbird_calls/Experiments/Detection_of_calls/Datasets/All_call_classes/Split_data_controlled/OpenSoundScape/Call_audios/padded_3s/SL17a_Trial_3_trim_39.83295459_39.94330122_Check.WAV,0.0,3.0,False,False,False,True,False,False,False,False,False,False,False
/home/Shelby/blackbird_calls/Experiments/Detection_of_calls/Datasets/All_call_classes/Split_data_controlled/OpenSoundScape/Call_audios/padded_3s/EF01_Trial_2_trim_23.34487375_23.44272935_Check.WAV,0.0,3.0,False,False,False,True,False,False,False,False,False,False,False
/home/Shelby/blackbird_calls/Experiments/Detection_of_calls/Datasets/All_call_classes/Split_data_controlled/OpenSoundScape/Call_audios/padded_3s/SL50_Trial_3_trim_52.58069994_52.66022569_Check.WAV,0.0,3.0,False,False,False,True,False,False,False,False,False,False,False
/home/Shelby/blackbird_calls/Experiments/Detection_of_calls/Datasets/All_call_classes/Split_data_controlled/OpenSoundScape/Call_audios/padded_3s/SL42_Trial_3_trim_25.26612979_25.35447715_Check.WAV,0.0,3.0,False,False,False,True,False,False,False,False,False,False,False
/home/Shelby/blackbird_calls/Experiments/Detection_of_calls/Datasets/All_call_classes/Split_data_controlled/OpenSoundScape/Call_audios/padded_3s/SL51_Trial_1_trim_45.54472392_45.63600187_Check.WAV,0.0,3.0,False,False,False,True,False,False,False,False,False,False,False
/home/Shelby/blackbird_calls/Experiments/Detection_of_calls/Datasets/All_call_classes/Split_data_controlled/OpenSoundScape/Call_audios/padded_3s/SL07_Trial_1_trim_50.86748813_50.99681766_D.WAV,0.0,3.0,False,False,False,False,False,False,True,False,False,False,False
/home/Shelby/blackbird_calls/Experiments/Detection_of_calls/Datasets/All_call_classes/Split_data_controlled/OpenSoundScape/Call_audios/padded_3s/SL51_Trial_3_trim_18.65213424_18.77579944_Check.WAV,0.0,3.0,False,False,False,True,False,False,False,False,False,False,False
/home/Shelby/blackbird_calls/Experiments/Detection_of_calls/Datasets/All_call_classes/Split_data_controlled/OpenSoundScape/Call_audios/padded_3s/SL21_Trial_2_trim_32.58276016_32.8162751_Check.WAV,0.0,3.0,False,False,False,True,False,False,False,False,False,False,False
/home/Shelby/blackbird_calls/Experiments/Detection_of_calls/Datasets/All_call_classes/Split_data_controlled/OpenSoundScape/Call_audios/padded_3s/SL52_Trial_3_trim_43.25888762_43.39630772_Check.WAV,0.0,3.0,False,False,False,True,False,False,False,False,False,False,False
/home/Shelby/blackbird_calls/Experiments/Detection_of_calls/Datasets/All_call_classes/Split_data_controlled/OpenSoundScape/Call_audios/padded_3s/SL36_Trial_3_trim_31.56259779_31.72917421_Check.WAV,0.0,3.0,False,False,False,True,False,False,False,False,False,False,False
/home/Shelby/blackbird_calls/Experiments/Detection_of_calls/Datasets/All_call_classes/Split_data_controlled/OpenSoundScape/Call_audios/padded_3s/SL16_Trial_1_trim_6.193919715_6.342408683_Check.WAV,0.0,3.0,False,False,False,True,False,False,False,False,False,False,False
/home/Shelby/blackbird_calls/Experiments/Detection_of_calls/Datasets/All_call_classes/Split_data_controlled/OpenSoundScape/Call_audios/padded_3s/SL54_Trial_3_trim_13.68612303_13.78614509_Check.WAV,0.0,3.0,False,False,False,True,False,False,False,False,False,False,False
/home/Shelby/blackbird_calls/Experiments/Detection_of_calls/Datasets/All_call_classes/Split_data_controlled/OpenSoundScape/Call_audios/padded_3s/AZ13_Trial_1_trim_10.73922367_10.78952644_Check.WAV,0.0,3.0,False,False,False,True,False,False,False,False,False,False,False
/home/Shelby/blackbird_calls/Experiments/Detection_of_calls/Datasets/All_call_classes/Split_data_controlled/OpenSoundScape/Call_audios/padded_3s/SL50_Trial_3_trim_26.52753052_26.61000167_Check.WAV,0.0,3.0,False,False,False,True,False,False,False,False,False,False,False
/home/Shelby/blackbird_calls/Experiments/Detection_of_calls/Datasets/All_call_classes/Split_data_controlled/OpenSoundScape/Call_audios/padded_3s/SL43_Trial_2_trim_8.910130453_9.08918434_Check.WAV,0.0,3.0,False,False,False,True,False,False,False,False,False,False,False
/home/Shelby/blackbird_calls/Experiments/Detection_of_calls/Datasets/All_call_classes/Split_data_controlled/OpenSoundScape/Call_audios/padded_3s/SL30_Trial_3_trim_21.03514862_21.10807389_Check.WAV,0.0,3.0,False,False,False,True,False,False,False,False,False,False,False
/home/Shelby/blackbird_calls/Experiments/Detection_of_calls/Datasets/All_call_classes/Split_data_controlled/OpenSoundScape/Call_audios/padded_3s/SL09_Trial_1_trim_35.51119091_35.62642731_Check.WAV,0.0,3.0,False,False,False,True,False,False,False,False,False,False,False
/home/Shelby/blackbird_calls/Experiments/Detection_of_calls/Datasets/All_call_classes/Split_data_controlled/OpenSoundScape/Call_audios/padded_3s/SL42_Trial_1_trim_6.125463548_6.204622462_Check.WAV,0.0,3.0,False,False,False,True,False,False,False,False,False,False,False
/home/Shelby/blackbird_calls/Experiments/Detection_of_calls/Datasets/All_call_classes/Split_data_controlled/OpenSoundScape/Call_audios/padded_3s/SL02_Trial_2_trim_33.32957967_33.41342084_Check.WAV,0.0,3.0,False,False,False,True,False,False,False,False,False,False,False
/home/Shelby/blackbird_calls/Experiments/Detection_of_calls/Datasets/All_call_classes/Split_data_controlled/OpenSoundScape/Call_audios/padded_3s/SL07_Trial_1_trim_18.73407639_18.82029608_Check.WAV,0.0,3.0,False,False,False,True,False,False,False,False,False,False,False
/home/Shelby/blackbird_calls/Experiments/Detection_of_calls/Datasets/All_call_classes/Split_data_controlled/OpenSoundScape/Call_audios/padded_3s/EF01_Trial_2_trim_34.72013098_34.79924828_Check.WAV,0.0,3.0,False,False,False,True,False,False,False,False,False,False,False
/home/Shelby/blackbird_calls/Experiments/Detection_of_calls/Datasets/All_call_classes/Split_data_controlled/OpenSoundScape/Call_audios/padded_3s/SL16_Trial_1_trim_24.972925_25.09267416_Check.WAV,0.0,3.0,False,False,False,True,False,False,False,False,False,False,False
/home/Shelby/blackbird_calls/Experiments/Detection_of_calls/Datasets/All_call_classes/Split_data_controlled/OpenSoundScape/Call_audios/padded_3s/SL49_Trial_2_trim_36.54939485_36.65975214_D.WAV,0.0,3.0,False,False,False,False,False,False,True,False,False,False,False
/home/Shelby/blackbird_calls/Experiments/Detection_of_calls/Datasets/All_call_classes/Split_data_controlled/OpenSoundScape/Call_audios/padded_3s/SL22_Trial_1_trim_30.12763515_30.22478327_Check.WAV,0.0,3.0,False,False,False,True,False,False,False,False,False,False,False
/home/Shelby/blackbird_calls/Experiments/Detection_of_calls/Datasets/All_call_classes/Split_data_controlled/OpenSoundScape/Call_audios/padded_3s/SL17a_Trial_3_trim_5.29207525_5.439898089_J.WAV,0.0,3.0,False,False,False,False,False,False,False,False,False,True,False
/home/Shelby/blackbird_calls/Experiments/Detection_of_calls/Datasets/All_call_classes/Split_data_controlled/OpenSoundScape/Call_audios/padded_3s/SL21_Trial_3_trim_17.53132144_17.6845993_Check.WAV,0.0,3.0,False,False,False,True,False,False,False,False,False,False,False
/home/Shelby/blackbird_calls/Experiments/Detection_of_calls/Datasets/All_call_classes/Split_data_controlled/OpenSoundScape/Call_audios/padded_3s/AZ02_Trial_3_trim_33.01347313_33.8277924_Cheer.WAV,0.0,3.0,False,False,False,False,True,False,False,False,False,False,False
/home/Shelby/blackbird_calls/Experiments/Detection_of_calls/Datasets/All_call_classes/Split_data_controlled/OpenSoundScape/Call_audios/padded_3s/SL09_Trial_1_trim_8.442697456_8.564712463_Check.WAV,0.0,3.0,False,False,False,True,False,False,False,False,False,False,False
/home/Shelby/blackbird_calls/Experiments/Detection_of_calls/Datasets/All_call_classes/Split_data_controlled/OpenSoundScape/Call_audios/padded_3s/SL30_Trial_1_trim_11.19800857_11.78513696_Cheer.WAV,0.0,3.0,False,False,False,False,True,False,False,False,False,False,False
/home/Shelby/blackbird_calls/Experiments/Detection_of_calls/Datasets/All_call_classes/Split_data_controlled/OpenSoundScape/Call_audios/padded_3s/SL21_Trial_1_trim_12.12139191_12.21267353_Check.WAV,0.0,3.0,False,False,False,True,False,False,False,False,False,False,False
/home/Shelby/blackbird_calls/Experiments/Detection_of_calls/Datasets/All_call_classes/Split_data_controlled/OpenSoundScape/Call_audios/padded_3s/SL22_Trial_1_trim_38.68395347_38.77521383_Check.WAV,0.0,3.0,False,False,False,True,False,False,False,False,False,False,False
/home/Shelby/blackbird_calls/Experiments/Detection_of_calls/Datasets/All_call_classes/Split_data_controlled/OpenSoundScape/Call_audios/padded_3s/SL51_Trial_1_trim_48.9433384_49.64411751_Cheer.WAV,0.0,3.0,False,False,False,False,True,False,False,False,False,False,False
/home/Shelby/blackbird_calls/Experiments/Detection_of_calls/Datasets/All_call_classes/Split_data_controlled/OpenSoundScape/Call_audios/padded_3s/EF01_Trial_3_trim_47.21148484_47.35870818_O.WAV,0.0,3.0,False,False,False,False,False,False,False,True,False,False,False
/home/Shelby/blackbird_calls/Experiments/Detection_of_calls/Datasets/All_call_classes/Split_data_controlled/OpenSoundScape/Call_audios/padded_3s/SL49_Trial_2_trim_23.21415071_23.31826136_D.WAV,0.0,3.0,False,False,False,False,False,False,True,False,False,False,False
/home/Shelby/blackbird_calls/Experiments/Detection_of_calls/Datasets/All_call_classes/Split_data_controlled/OpenSoundScape/Call_audios/padded_3s/SL22_Trial_1_trim_36.29309426_36.38435462_Check.WAV,0.0,3.0,False,False,False,True,False,False,False,False,False,False,False
/home/Shelby/blackbird_calls/Experiments/Detection_of_calls/Datasets/All_call_classes/Split_data_controlled/OpenSoundScape/Call_audios/padded_3s/SL54_Trial_1_trim_38.13639519_38.32777488_B.WAV,0.0,3.0,False,True,False,False,False,False,False,False,False,False,False
/home/Shelby/blackbird_calls/Experiments/Detection_of_calls/Datasets/All_call_classes/Split_data_controlled/OpenSoundScape/Call_audios/padded_3s/SL22_Trial_1_trim_52.6484565_52.77209957_C.WAV,0.0,3.0,False,False,True,False,False,False,False,False,False,False,False
/home/Shelby/blackbird_calls/Experiments/Detection_of_calls/Datasets/All_call_classes/Split_data_controlled/OpenSoundScape/Call_audios/padded_3s/SL22_Trial_1_trim_8.568852892_8.648337723_Check.WAV,0.0,3.0,False,False,False,True,False,False,False,False,False,False,False
/home/Shelby/blackbird_calls/Experiments/Detection_of_calls/Datasets/All_call_classes/Split_data_controlled/OpenSoundScape/Call_audios/padded_3s/SL42_Trial_1_trim_21.26750938_21.34041891_Check.WAV,0.0,3.0,False,False,False,True,False,False,False,False,False,False,False
/home/Shelby/blackbird_calls/Experiments/Detection_of_calls/Datasets/All_call_classes/Split_data_controlled/OpenSoundScape/Call_audios/padded_3s/SL17a_Trial_2_trim_0.204042103_0.25609366_E.WAV,0.0,3.0,False,False,False,False,False,False,False,True,False,False,False
/home/Shelby/blackbird_calls/Experiments/Detection_of_calls/Datasets/All_call_classes/Split_data_controlled/OpenSoundScape/Call_audios/padded_3s/SL30_Trial_2_trim_50.92691764_51.00203446_Check.WAV,0.0,3.0,False,False,False,True,False,False,False,False,False,False,False
/home/Shelby/blackbird_calls/Experiments/Detection_of_calls/Datasets/All_call_classes/Split_data_controlled/OpenSoundScape/Call_audios/padded_3s/SL09_Trial_3_trim_2.743737715_2.994400173_E.WAV,0.0,3.0,False,False,False,False,False,False,False,True,False,False,False
/home/Shelby/blackbird_calls/Experiments/Detection_of_calls/Datasets/All_call_classes/Split_data_controlled/OpenSoundScape/Call_audios/padded_3s/SL07_Trial_3_trim_59.70362479_59.94072141_D.WAV,0.0,3.0,False,False,False,False,False,False,True,False,False,False,False
/home/Shelby/blackbird_calls/Experiments/Detection_of_calls/Datasets/All_call_classes/Split_data_controlled/OpenSoundScape/Call_audios/padded_3s/SL50_Trial_3_trim_52.39513986_52.4864472_Check.WAV,0.0,3.0,False,False,False,True,False,False,False,False,False,False,False
/home/Shelby/blackbird_calls/Experiments/Detection_of_calls/Datasets/All_call_classes/Split_data_controlled/OpenSoundScape/Call_audios/padded_3s/AZ13_Trial_1_trim_12.96692204_13.04836464_Check.WAV,0.0,3.0,False,False,False,True,False,False,False,False,False,False,False
/home/Shelby/blackbird_calls/Experiments/Detection_of_calls/Datasets/All_call_classes/Split_data_controlled/OpenSoundScape/Call_audios/padded_3s/SL51_Trial_1_trim_2.173004125_2.66178283_Cheer.WAV,0.0,3.0,False,False,False,False,True,False,False,False,False,False,False
/home/Shelby/blackbird_calls/Experiments/Detection_of_calls/Datasets/All_call_classes/Split_data_controlled/OpenSoundScape/Call_audios/padded_3s/AZ15_Trial_3_trim_56.44422311_56.52804515_C.WAV,0.0,3.0,False,False,True,False,False,False,False,False,False,False,False
/home/Shelby/blackbird_calls/Experiments/Detection_of_calls/Datasets/All_call_classes/Split_data_controlled/OpenSoundScape/Call_audios/padded_3s/AZ15_Trial_1_trim_21.26439374_21.35540052_Check.WAV,0.0,3.0,False,False,False,True,False,False,False,False,False,False,False
/home/Shelby/blackbird_calls/Experiments/Detection_of_calls/Datasets/All_call_classes/Split_data_controlled/OpenSoundScape/Call_audios/padded_3s/EF01_Trial_3_trim_77.0386628_77.22121974_I.WAV,0.0,3.0,False,False,False,False,False,False,True,False,False,False,False
/home/Shelby/blackbird_calls/Experiments/Detection_of_calls/Datasets/All_call_classes/Split_data_controlled/OpenSoundScape/Call_audios/padded_3s/SL16_Trial_3_trim_27.32291926_27.38954519_Check.WAV,0.0,3.0,False,False,False,True,False,False,False,False,False,False,False
/home/Shelby/blackbird_calls/Experiments/Detection_of_calls/Datasets/All_call_classes/Split_data_controlled/OpenSoundScape/Call_audios/padded_3s/SL21_Trial_2_trim_22.71758088_23.64932944_K.WAV,0.0,3.0,False,False,False,False,False,False,False,False,False,False,True
/home/Shelby/blackbird_calls/Experiments/Detection_of_calls/Datasets/All_call_classes/Split_data_controlled/OpenSoundScape/Call_audios/padded_3s/SL51_Trial_3_trim_58.44579846_58.53413074_Check.WAV,0.0,3.0,False,False,False,True,False,False,False,False,False,False,False
/home/Shelby/blackbird_calls/Experiments/Detection_of_calls/Datasets/All_call_classes/Split_data_controlled/OpenSoundScape/Call_audios/padded_3s/SL07_Trial_3_trim_24.98876848_25.09893459_Check.WAV,0.0,3.0,False,False,False,True,False,False,False,False,False,False,False
/home/Shelby/blackbird_calls/Experiments/Detection_of_calls/Datasets/All_call_classes/Split_data_controlled/OpenSoundScape/Call_audios/padded_3s/AZ13_Trial_1_trim_4.908888779_4.992726742_Check.WAV,0.0,3.0,False,False,False,True,False,False,False,False,False,False,False
/home/Shelby/blackbird_calls/Experiments/Detection_of_calls/Datasets/All_call_classes/Split_data_controlled/OpenSoundScape/Call_audios/padded_3s/SL30_Trial_3_trim_31.72922936_31.80423822_Check.WAV,0.0,3.0,False,False,False,True,False,False,False,False,False,False,False
/home/Shelby/blackbird_calls/Experiments/Detection_of_calls/Datasets/All_call_classes/Split_data_controlled/OpenSoundScape/Call_audios/padded_3s/SL56_Trial_3_trim_55.32836342_55.46380625_Check.WAV,0.0,3.0,False,False,False,True,False,False,False,False,False,False,False
/home/Shelby/blackbird_calls/Experiments/Detection_of_calls/Datasets/All_call_classes/Split_data_controlled/OpenSoundScape/Call_audios/padded_3s/SL22_Trial_2_trim_39.24107704_39.98227325_Cheer.WAV,0.0,3.0,False,False,False,False,True,False,False,False,False,False,False
/home/Shelby/blackbird_calls/Experiments/Detection_of_calls/Datasets/All_call_classes/Split_data_controlled/OpenSoundScape/Call_audios/padded_3s/SL52_Trial_1_trim_36.66354706_36.83427203_Check.WAV,0.0,3.0,False,False,False,True,False,False,False,False,False,False,False
/home/Shelby/blackbird_calls/Experiments/Detection_of_calls/Datasets/All_call_classes/Split_data_controlled/OpenSoundScape/Call_audios/padded_3s/SL52_Trial_3_trim_29.87870228_29.98280842_Check.WAV,0.0,3.0,False,False,False,True,False,False,False,False,False,False,False
/home/Shelby/blackbird_calls/Experiments/Detection_of_calls/Datasets/All_call_classes/Split_data_controlled/OpenSoundScape/Call_audios/padded_3s/SL52_Trial_1_trim_19.04370546_19.14364203_Check.WAV,0.0,3.0,False,False,False,True,False,False,False,False,False,False,False
/home/Shelby/blackbird_calls/Experiments/Detection_of_calls/Datasets/All_call_classes/Split_data_controlled/OpenSoundScape/Call_audios/padded_3s/SL42_Trial_3_trim_0.359279256_0.500635029_Check.WAV,0.0,3.0,False,False,False,True,False,False,False,False,False,False,False
/home/Shelby/blackbird_calls/Experiments/Detection_of_calls/Datasets/All_call_classes/Split_data_controlled/OpenSoundScape/Call_audios/padded_3s/SL28_Trial_3_trim_24.73206234_25.19011476_Cheer.WAV,0.0,3.0,False,False,False,False,True,False,False,False,False,False,False
/home/Shelby/blackbird_calls/Experiments/Detection_of_calls/Datasets/All_call_classes/Split_data_controlled/OpenSoundScape/Call_audios/padded_3s/SL10_Trial_3_trim_4.263253898_4.790172919_Cheer.WAV,0.0,3.0,False,False,False,False,True,False,False,False,False,False,False
/home/Shelby/blackbird_calls/Experiments/Detection_of_calls/Datasets/All_call_classes/Split_data_controlled/OpenSoundScape/Call_audios/padded_3s/AZ13_Trial_1_trim_23.30495753_23.38400475_Check.WAV,0.0,3.0,False,False,False,True,False,False,False,False,False,False,False
/home/Shelby/blackbird_calls/Experiments/Detection_of_calls/Datasets/All_call_classes/Split_data_controlled/OpenSoundScape/Call_audios/padded_3s/SL13_Trial_2_trim_34.55150527_34.64998486_Check.WAV,0.0,3.0,False,False,False,True,False,False,False,False,False,False,False
/home/Shelby/blackbird_calls/Experiments/Detection_of_calls/Datasets/All_call_classes/Split_data_controlled/OpenSoundScape/Call_audios/padded_3s/SL17b_Trial_2_trim_46.11251054_46.30700492_Check.WAV,0.0,3.0,False,False,False,True,False,False,False,False,False,False,False
/home/Shelby/blackbird_calls/Experiments/Detection_of_calls/Datasets/All_call_classes/Split_data_controlled/OpenSoundScape/Call_audios/padded_3s/SL50_Trial_1_trim_52.28336059_52.69352919_Cheer.WAV,0.0,3.0,False,False,False,False,True,False,False,False,False,False,False
/home/Shelby/blackbird_calls/Experiments/Detection_of_calls/Datasets/All_call_classes/Split_data_controlled/OpenSoundScape/Call_audios/padded_3s/SL21_Trial_2_trim_38.03561321_38.2899777_Check.WAV,0.0,3.0,False,False,False,True,False,False,False,False,False,False,False
/home/Shelby/blackbird_calls/Experiments/Detection_of_calls/Datasets/All_call_classes/Split_data_controlled/OpenSoundScape/Call_audios/padded_3s/AZ13_Trial_1_trim_4.410650338_4.477720708_Check.WAV,0.0,3.0,False,False,False,True,False,False,False,False,False,False,False
/home/Shelby/blackbird_calls/Experiments/Detection_of_calls/Datasets/All_call_classes/Split_data_controlled/OpenSoundScape/Call_audios/padded_3s/SL11_Trial_2_trim_45.61484808_46.25631611_G.WAV,0.0,3.0,False,False,False,False,False,False,False,False,True,False,False
/home/Shelby/blackbird_calls/Experiments/Detection_of_calls/Datasets/All_call_classes/Split_data_controlled/OpenSoundScape/Call_audios/padded_3s/SL54_Trial_3_trim_8.154808961_8.275668944_Check.WAV,0.0,3.0,False,False,False,True,False,False,False,False,False,False,False
/home/Shelby/blackbird_calls/Experiments/Detection_of_calls/Datasets/All_call_classes/Split_data_controlled/OpenSoundScape/Call_audios/padded_3s/SL16_Trial_3_trim_42.97061937_43.02891706_Check.WAV,0.0,3.0,False,False,False,True,False,False,False,False,False,False,False
/home/Shelby/blackbird_calls/Experiments/Detection_of_calls/Datasets/All_call_classes/Split_data_controlled/OpenSoundScape/Call_audios/padded_3s/SL50_Trial_3_trim_40.4273532_40.51866054_Check.WAV,0.0,3.0,False,False,False,True,False,False,False,False,False,False,False
/home/Shelby/blackbird_calls/Experiments/Detection_of_calls/Datasets/All_call_classes/Split_data_controlled/OpenSoundScape/Call_audios/padded_3s/SL42_Trial_1_trim_33.63136783_33.72510865_Check.WAV,0.0,3.0,False,False,False,True,False,False,False,False,False,False,False
/home/Shelby/blackbird_calls/Experiments/Detection_of_calls/Datasets/All_call_classes/Split_data_controlled/OpenSoundScape/Call_audios/padded_3s/SL12_Trial_1_trim_6.813931501_6.878285065_Check.WAV,0.0,3.0,False,False,False,True,False,False,False,False,False,False,False
/home/Shelby/blackbird_calls/Experiments/Detection_of_calls/Datasets/All_call_classes/Split_data_controlled/OpenSoundScape/Call_audios/padded_3s/SL54_Trial_2_trim_22.51979041_22.60812879_Check.WAV,0.0,3.0,False,False,False,True,False,False,False,False,False,False,False
/home/Shelby/blackbird_calls/Experiments/Detection_of_calls/Datasets/All_call_classes/Split_data_controlled/OpenSoundScape/Call_audios/padded_3s/AZ13_Trial_2_trim_51.67009476_51.75391713_Check.WAV,0.0,3.0,False,False,False,True,False,False,False,False,False,False,False
/home/Shelby/blackbird_calls/Experiments/Detection_of_calls/Datasets/All_call_classes/Split_data_controlled/OpenSoundScape/Call_audios/padded_3s/SL42_Trial_1_trim_51.10079839_51.20703799_Check.WAV,0.0,3.0,False,False,False,True,False,False,False,False,False,False,False
/home/Shelby/blackbird_calls/Experiments/Detection_of_calls/Datasets/All_call_classes/Split_data_controlled/OpenSoundScape/Call_audios/padded_3s/EF01_Trial_2_trim_43.97565786_44.43786943_Chits.WAV,0.0,3.0,False,False,False,False,False,True,False,False,False,False,False
/home/Shelby/blackbird_calls/Experiments/Detection_of_calls/Datasets/All_call_classes/Split_data_controlled/OpenSoundScape/Call_audios/padded_3s/AZ15_Trial_1_trim_56.74165533_56.82308245_Check.WAV,0.0,3.0,False,False,False,True,False,False,False,False,False,False,False
/home/Shelby/blackbird_calls/Experiments/Detection_of_calls/Datasets/All_call_classes/Split_data_controlled/OpenSoundScape/Call_audios/padded_3s/SL07_Trial_1_trim_18.63827674_18.72449643_D.WAV,0.0,3.0,False,False,False,False,False,False,True,False,False,False,False
/home/Shelby/blackbird_calls/Experiments/Detection_of_calls/Datasets/All_call_classes/Split_data_controlled/OpenSoundScape/Call_audios/padded_3s/SL42_Trial_1_trim_7.261876865_7.330620132_Check.WAV,0.0,3.0,False,False,False,True,False,False,False,False,False,False,False
/home/Shelby/blackbird_calls/Experiments/Detection_of_calls/Datasets/All_call_classes/Split_data_controlled/OpenSoundScape/Call_audios/padded_3s/SL02_Trial_3_trim_37.35219429_37.42883245_Check.WAV,0.0,3.0,False,False,False,True,False,False,False,False,False,False,False
/home/Shelby/blackbird_calls/Experiments/Detection_of_calls/Datasets/All_call_classes/Split_data_controlled/OpenSoundScape/Call_audios/padded_3s/SL21_Trial_1_trim_48.25273399_48.65613986_D.WAV,0.0,3.0,False,False,False,False,False,False,True,False,False,False,False
/home/Shelby/blackbird_calls/Experiments/Detection_of_calls/Datasets/All_call_classes/Split_data_controlled/OpenSoundScape/Call_audios/padded_3s/SL42_Trial_1_trim_3.646007979_3.727250022_Check.WAV,0.0,3.0,False,False,False,True,False,False,False,False,False,False,False
/home/Shelby/blackbird_calls/Experiments/Detection_of_calls/Datasets/All_call_classes/Split_data_controlled/OpenSoundScape/Call_audios/padded_3s/SL21_Trial_1_trim_22.11738058_22.19099479_E.WAV,0.0,3.0,False,False,False,False,False,False,False,True,False,False,False
/home/Shelby/blackbird_calls/Experiments/Detection_of_calls/Datasets/All_call_classes/Split_data_controlled/OpenSoundScape/Call_audios/padded_3s/SL21_Trial_1_trim_31.9995661_32.08790315_Check.WAV,0.0,3.0,False,False,False,True,False,False,False,False,False,False,False
/home/Shelby/blackbird_calls/Experiments/Detection_of_calls/Datasets/All_call_classes/Split_data_controlled/OpenSoundScape/Call_audios/padded_3s/SL42_Trial_3_trim_16.73493266_16.83800458_E.WAV,0.0,3.0,False,False,False,False,False,False,False,True,False,False,False
/home/Shelby/blackbird_calls/Experiments/Detection_of_calls/Datasets/All_call_classes/Split_data_controlled/OpenSoundScape/Call_audios/padded_3s/SL21_Trial_1_trim_27.43581821_27.55065637_Check.WAV,0.0,3.0,False,False,False,True,False,False,False,False,False,False,False
/home/Shelby/blackbird_calls/Experiments/Detection_of_calls/Datasets/All_call_classes/Split_data_controlled/OpenSoundScape/Call_audios/padded_3s/SL49_Trial_2_trim_1.393000547_1.459631365_D.WAV,0.0,3.0,False,False,False,False,False,False,True,False,False,False,False
/home/Shelby/blackbird_calls/Experiments/Detection_of_calls/Datasets/All_call_classes/Split_data_controlled/OpenSoundScape/Call_audios/padded_3s/SL02_Trial_2_trim_4.003025273_4.074889138_Check.WAV,0.0,3.0,False,False,False,True,False,False,False,False,False,False,False
/home/Shelby/blackbird_calls/Experiments/Detection_of_calls/Datasets/All_call_classes/Split_data_controlled/OpenSoundScape/Call_audios/padded_3s/SL43_Trial_2_trim_51.06276559_51.23349139_Check.WAV,0.0,3.0,False,False,False,True,False,False,False,False,False,False,False
/home/Shelby/blackbird_calls/Experiments/Detection_of_calls/Datasets/All_call_classes/Split_data_controlled/OpenSoundScape/Call_audios/padded_3s/SL51_Trial_2_trim_16.04198829_16.53126107_Cheer.WAV,0.0,3.0,False,False,False,False,True,False,False,False,False,False,False
/home/Shelby/blackbird_calls/Experiments/Detection_of_calls/Datasets/All_call_classes/Split_data_controlled/OpenSoundScape/Call_audios/padded_3s/SL10_Trial_3_trim_39.15229143_39.72232201_Cheer.WAV,0.0,3.0,False,False,False,False,True,False,False,False,False,False,False
/home/Shelby/blackbird_calls/Experiments/Detection_of_calls/Datasets/All_call_classes/Split_data_controlled/OpenSoundScape/Call_audios/padded_3s/SL52_Trial_1_trim_32.63809243_33.09197101_Cheer.WAV,0.0,3.0,False,False,False,False,True,False,False,False,False,False,False
/home/Shelby/blackbird_calls/Experiments/Detection_of_calls/Datasets/All_call_classes/Split_data_controlled/OpenSoundScape/Call_audios/padded_3s/SL54_Trial_3_trim_10.106167_10.21869181_Check.WAV,0.0,3.0,False,False,False,True,False,False,False,False,False,False,False
/home/Shelby/blackbird_calls/Experiments/Detection_of_calls/Datasets/All_call_classes/Split_data_controlled/OpenSoundScape/Call_audios/padded_3s/AZ02_Trial_3_trim_41.33412584_41.4634589_Check.WAV,0.0,3.0,False,False,False,True,False,False,False,False,False,False,False
/home/Shelby/blackbird_calls/Experiments/Detection_of_calls/Datasets/All_call_classes/Split_data_controlled/OpenSoundScape/Call_audios/padded_3s/AZ13_Trial_1_trim_50.31022815_50.38927538_Check.WAV,0.0,3.0,False,False,False,True,False,False,False,False,False,False,False
/home/Shelby/blackbird_calls/Experiments/Detection_of_calls/Datasets/All_call_classes/Split_data_controlled/OpenSoundScape/Call_audios/padded_3s/SL42_Trial_1_trim_37.77723695_37.88347654_Check.WAV,0.0,3.0,False,False,False,True,False,False,False,False,False,False,False
/home/Shelby/blackbird_calls/Experiments/Detection_of_calls/Datasets/All_call_classes/Split_data_controlled/OpenSoundScape/Call_audios/padded_3s/AZ13_Trial_1_trim_19.05937989_19.16238082_Check.WAV,0.0,3.0,False,False,False,True,False,False,False,False,False,False,False
/home/Shelby/blackbird_calls/Experiments/Detection_of_calls/Datasets/All_call_classes/Split_data_controlled/OpenSoundScape/Call_audios/padded_3s/SL42_Trial_1_trim_44.55374243_44.63498447_E.WAV,0.0,3.0,False,False,False,False,False,False,False,True,False,False,False
/home/Shelby/blackbird_calls/Experiments/Detection_of_calls/Datasets/All_call_classes/Split_data_controlled/OpenSoundScape/Call_audios/padded_3s/EF04_Trial_2_trim_17.09603019_17.18703698_Check.WAV,0.0,3.0,False,False,False,True,False,False,False,False,False,False,False
/home/Shelby/blackbird_calls/Experiments/Detection_of_calls/Datasets/All_call_classes/Split_data_controlled/OpenSoundScape/Call_audios/padded_3s/SL49_Trial_2_trim_8.854810137_9.406596602_Cheer.WAV,0.0,3.0,False,False,False,False,True,False,False,False,False,False,False
/home/Shelby/blackbird_calls/Experiments/Detection_of_calls/Datasets/All_call_classes/Split_data_controlled/OpenSoundScape/Call_audios/padded_3s/AZ15_Trial_3_trim_6.453446225_6.544893112_Check.WAV,0.0,3.0,False,False,False,True,False,False,False,False,False,False,False
/home/Shelby/blackbird_calls/Experiments/Detection_of_calls/Datasets/All_call_classes/Split_data_controlled/OpenSoundScape/Call_audios/padded_3s/AZ15_Trial_1_trim_26.02432199_26.13927792_Check.WAV,0.0,3.0,False,False,False,True,False,False,False,False,False,False,False
/home/Shelby/blackbird_calls/Experiments/Detection_of_calls/Datasets/All_call_classes/Split_data_controlled/OpenSoundScape/Call_audios/padded_3s/AZ13_Trial_2_trim_59.98579893_60.02890758_Check.WAV,0.0,3.0,False,False,False,True,False,False,False,False,False,False,False
/home/Shelby/blackbird_calls/Experiments/Detection_of_calls/Datasets/All_call_classes/Split_data_controlled/OpenSoundScape/Call_audios/padded_3s/AZ15_Trial_1_trim_18.21667207_18.29330936_Check.WAV,0.0,3.0,False,False,False,True,False,False,False,False,False,False,False
/home/Shelby/blackbird_calls/Experiments/Detection_of_calls/Datasets/All_call_classes/Split_data_controlled/OpenSoundScape/Call_audios/padded_3s/EF01_Trial_3_trim_78.78767608_78.91134369_I.WAV,0.0,3.0,False,False,False,False,False,False,True,False,False,False,False
/home/Shelby/blackbird_calls/Experiments/Detection_of_calls/Datasets/All_call_classes/Split_data_controlled/OpenSoundScape/Call_audios/padded_3s/SL21_Trial_1_trim_33.38026478_33.69238903_D.WAV,0.0,3.0,False,False,False,False,False,False,True,False,False,False,False
/home/Shelby/blackbird_calls/Experiments/Detection_of_calls/Datasets/All_call_classes/Split_data_controlled/OpenSoundScape/Call_audios/padded_3s/AZ13_Trial_3_trim_57.04349333_57.12013083_Check.WAV,0.0,3.0,False,False,False,True,False,False,False,False,False,False,False
/home/Shelby/blackbird_calls/Experiments/Detection_of_calls/Datasets/All_call_classes/Split_data_controlled/OpenSoundScape/Call_audios/padded_3s/SL52_Trial_1_trim_26.28471245_26.37632097_Check.WAV,0.0,3.0,False,False,False,True,False,False,False,False,False,False,False
/home/Shelby/blackbird_calls/Experiments/Detection_of_calls/Datasets/All_call_classes/Split_data_controlled/OpenSoundScape/Call_audios/padded_3s/SL42_Trial_1_trim_9.45594386_9.543435291_Check.WAV,0.0,3.0,False,False,False,True,False,False,False,False,False,False,False
/home/Shelby/blackbird_calls/Experiments/Detection_of_calls/Datasets/All_call_classes/Split_data_controlled/OpenSoundScape/Call_audios/padded_3s/SL42_Trial_1_trim_54.0489582_54.12811711_Check.WAV,0.0,3.0,False,False,False,True,False,False,False,False,False,False,False
/home/Shelby/blackbird_calls/Experiments/Detection_of_calls/Datasets/All_call_classes/Split_data_controlled/OpenSoundScape/Call_audios/padded_3s/SL51_Trial_1_trim_35.71276739_36.2192128_Cheer.WAV,0.0,3.0,False,False,False,False,True,False,False,False,False,False,False
/home/Shelby/blackbird_calls/Experiments/Detection_of_calls/Datasets/All_call_classes/Split_data_controlled/OpenSoundScape/Call_audios/padded_3s/SL52_Trial_1_trim_36.00146731_36.15970021_Check.WAV,0.0,3.0,False,False,False,True,False,False,False,False,False,False,False
/home/Shelby/blackbird_calls/Experiments/Detection_of_calls/Datasets/All_call_classes/Split_data_controlled/OpenSoundScape/Call_audios/padded_3s/AZ08_Trial_1_trim_7.84410032_8.426662752_Cheer.WAV,0.0,3.0,False,False,False,False,True,False,False,False,False,False,False
/home/Shelby/blackbird_calls/Experiments/Detection_of_calls/Datasets/All_call_classes/Split_data_controlled/OpenSoundScape/Call_audios/padded_3s/AZ13_Trial_1_trim_6.180830439_6.276645253_Check.WAV,0.0,3.0,False,False,False,True,False,False,False,False,False,False,False
/home/Shelby/blackbird_calls/Experiments/Detection_of_calls/Datasets/All_call_classes/Split_data_controlled/OpenSoundScape/Call_audios/padded_3s/SL38_Trial_3_trim_13.99746546_14.48051099_Cheer.WAV,0.0,3.0,False,False,False,False,True,False,False,False,False,False,False
/home/Shelby/blackbird_calls/Experiments/Detection_of_calls/Datasets/All_call_classes/Split_data_controlled/OpenSoundScape/Call_audios/padded_3s/SL30_Trial_1_trim_31.80557344_32.35938958_Cheer.WAV,0.0,3.0,False,False,False,False,True,False,False,False,False,False,False
/home/Shelby/blackbird_calls/Experiments/Detection_of_calls/Datasets/All_call_classes/Split_data_controlled/OpenSoundScape/Call_audios/padded_3s/SL11_Trial_1_trim_58.92311097_59.48354096_G.WAV,0.0,3.0,False,False,False,False,False,False,False,False,True,False,False
/home/Shelby/blackbird_calls/Experiments/Detection_of_calls/Datasets/All_call_classes/Split_data_controlled/OpenSoundScape/Call_audios/padded_3s/SL21_Trial_2_trim_39.28068451_40.14166735_K.WAV,0.0,3.0,False,False,False,False,False,False,False,False,False,False,True
/home/Shelby/blackbird_calls/Experiments/Detection_of_calls/Datasets/All_call_classes/Split_data_controlled/OpenSoundScape/Call_audios/padded_3s/SL17a_Trial_3_trim_25.31619703_25.39323147_I.WAV,0.0,3.0,False,False,False,False,False,False,True,False,False,False,False
/home/Shelby/blackbird_calls/Experiments/Detection_of_calls/Datasets/All_call_classes/Split_data_controlled/OpenSoundScape/Call_audios/padded_3s/RC02_Trial_1_trim_20.98616587_21.07477774_Check.WAV,0.0,3.0,False,False,False,True,False,False,False,False,False,False,False
/home/Shelby/blackbird_calls/Experiments/Detection_of_calls/Datasets/All_call_classes/Split_data_controlled/OpenSoundScape/Call_audios/padded_3s/SL42_Trial_1_trim_9.549684679_9.624677334_Check.WAV,0.0,3.0,False,False,False,True,False,False,False,False,False,False,False
/home/Shelby/blackbird_calls/Experiments/Detection_of_calls/Datasets/All_call_classes/Split_data_controlled/OpenSoundScape/Call_audios/padded_3s/AZ13_Trial_1_trim_24.49623053_24.57767312_Check.WAV,0.0,3.0,False,False,False,True,False,False,False,False,False,False,False
/home/Shelby/blackbird_calls/Experiments/Detection_of_calls/Datasets/All_call_classes/Split_data_controlled/OpenSoundScape/Call_audios/padded_3s/AZ13_Trial_1_trim_28.7838699_28.8724986_Check.WAV,0.0,3.0,False,False,False,True,False,False,False,False,False,False,False
/home/Shelby/blackbird_calls/Experiments/Detection_of_calls/Datasets/All_call_classes/Split_data_controlled/OpenSoundScape/Call_audios/padded_3s/SL52_Trial_1_trim_28.54624173_28.66283439_Check.WAV,0.0,3.0,False,False,False,True,False,False,False,False,False,False,False
/home/Shelby/blackbird_calls/Experiments/Detection_of_calls/Datasets/All_call_classes/Split_data_controlled/OpenSoundScape/Call_audios/padded_3s/AZ08_Trial_3_trim_20.8390369_21.43514726_Cheer.WAV,0.0,3.0,False,False,False,False,True,False,False,False,False,False,False
/home/Shelby/blackbird_calls/Experiments/Detection_of_calls/Datasets/All_call_classes/Split_data_controlled/OpenSoundScape/Call_audios/padded_3s/SL38_Trial_3_trim_23.32377979_23.40498141_Check.WAV,0.0,3.0,False,False,False,True,False,False,False,False,False,False,False
/home/Shelby/blackbird_calls/Experiments/Detection_of_calls/Datasets/All_call_classes/Split_data_controlled/OpenSoundScape/Call_audios/padded_3s/SL17b_Trial_2_trim_5.00614915_5.144652721_Check.WAV,0.0,3.0,False,False,False,True,False,False,False,False,False,False,False
/home/Shelby/blackbird_calls/Experiments/Detection_of_calls/Datasets/All_call_classes/Split_data_controlled/OpenSoundScape/Call_audios/padded_3s/SL11_Trial_3_trim_20.09975582_20.63829051_Cheer.WAV,0.0,3.0,False,False,False,False,True,False,False,False,False,False,False
/home/Shelby/blackbird_calls/Experiments/Detection_of_calls/Datasets/All_call_classes/Split_data_controlled/OpenSoundScape/Call_audios/padded_3s/SL11_Trial_1_trim_2.04532998_2.672819974_Cheer.WAV,0.0,3.0,False,False,False,False,True,False,False,False,False,False,False
/home/Shelby/blackbird_calls/Experiments/Detection_of_calls/Datasets/All_call_classes/Split_data_controlled/OpenSoundScape/Call_audios/padded_3s/SL09_Trial_1_trim_2.833459604_2.97242114_Check.WAV,0.0,3.0,False,False,False,True,False,False,False,False,False,False,False
/home/Shelby/blackbird_calls/Experiments/Detection_of_calls/Datasets/All_call_classes/Split_data_controlled/OpenSoundScape/Call_audios/padded_3s/SL50_Trial_3_trim_1.952798989_2.574278004_Cheer.WAV,0.0,3.0,False,False,False,False,True,False,False,False,False,False,False
/home/Shelby/blackbird_calls/Experiments/Detection_of_calls/Datasets/All_call_classes/Split_data_controlled/OpenSoundScape/Call_audios/padded_3s/SL07_Trial_1_trim_24.74358214_24.88249164_D.WAV,0.0,3.0,False,False,False,False,False,False,True,False,False,False,False
/home/Shelby/blackbird_calls/Experiments/Detection_of_calls/Datasets/All_call_classes/Split_data_controlled/OpenSoundScape/Call_audios/padded_3s/SL21_Trial_1_trim_60.20315461_60.59183764_I.WAV,0.0,3.0,False,False,False,False,False,False,True,False,False,False,False
/home/Shelby/blackbird_calls/Experiments/Detection_of_calls/Datasets/All_call_classes/Split_data_controlled/OpenSoundScape/Call_audios/padded_3s/SL52_Trial_1_trim_35.382184_35.49461264_Check.WAV,0.0,3.0,False,False,False,True,False,False,False,False,False,False,False
/home/Shelby/blackbird_calls/Experiments/Detection_of_calls/Datasets/All_call_classes/Split_data_controlled/OpenSoundScape/Call_audios/padded_3s/AZ13_Trial_1_trim_26.48554883_26.5765729_Check.WAV,0.0,3.0,False,False,False,True,False,False,False,False,False,False,False
/home/Shelby/blackbird_calls/Experiments/Detection_of_calls/Datasets/All_call_classes/Split_data_controlled/OpenSoundScape/Call_audios/padded_3s/AZ13_Trial_1_trim_28.37665694_28.44612268_Check.WAV,0.0,3.0,False,False,False,True,False,False,False,False,False,False,False
/home/Shelby/blackbird_calls/Experiments/Detection_of_calls/Datasets/All_call_classes/Split_data_controlled/OpenSoundScape/Call_audios/padded_3s/SL21_Trial_3_trim_41.08478754_41.68610836_K.WAV,0.0,3.0,False,False,False,False,False,False,False,False,False,False,True
/home/Shelby/blackbird_calls/Experiments/Detection_of_calls/Datasets/All_call_classes/Split_data_controlled/OpenSoundScape/Call_audios/padded_3s/SL28_Trial_3_trim_34.38517618_34.48095078_Check.WAV,0.0,3.0,False,False,False,True,False,False,False,False,False,False,False
/home/Shelby/blackbird_calls/Experiments/Detection_of_calls/Datasets/All_call_classes/Split_data_controlled/OpenSoundScape/Call_audios/padded_3s/SL50_Trial_3_trim_16.19589451_16.29309265_Check.WAV,0.0,3.0,False,False,False,True,False,False,False,False,False,False,False
/home/Shelby/blackbird_calls/Experiments/Detection_of_calls/Datasets/All_call_classes/Split_data_controlled/OpenSoundScape/Call_audios/padded_3s/SL43_Trial_2_trim_0.191546018_0.320631378_Check.WAV,0.0,3.0,False,False,False,True,False,False,False,False,False,False,False
/home/Shelby/blackbird_calls/Experiments/Detection_of_calls/Datasets/All_call_classes/Split_data_controlled/OpenSoundScape/Call_audios/padded_3s/SL52_Trial_1_trim_31.02152629_31.11313481_Check.WAV,0.0,3.0,False,False,False,True,False,False,False,False,False,False,False
/home/Shelby/blackbird_calls/Experiments/Detection_of_calls/Datasets/All_call_classes/Split_data_controlled/OpenSoundScape/Call_audios/padded_3s/SL50_Trial_3_trim_20.01546795_20.1008845_Check.WAV,0.0,3.0,False,False,False,True,False,False,False,False,False,False,False
/home/Shelby/blackbird_calls/Experiments/Detection_of_calls/Datasets/All_call_classes/Split_data_controlled/OpenSoundScape/Call_audios/padded_3s/AZ13_Trial_3_trim_46.16263543_46.23208816_Check.WAV,0.0,3.0,False,False,False,True,False,False,False,False,False,False,False
/home/Shelby/blackbird_calls/Experiments/Detection_of_calls/Datasets/All_call_classes/Split_data_controlled/OpenSoundScape/Call_audios/padded_3s/SL21_Trial_1_trim_14.83066781_15.12806923_D.WAV,0.0,3.0,False,False,False,False,False,False,True,False,False,False,False
/home/Shelby/blackbird_calls/Experiments/Detection_of_calls/Datasets/All_call_classes/Split_data_controlled/OpenSoundScape/Call_audios/padded_3s/AZ15_Trial_1_trim_41.12711222_41.2803868_Check.WAV,0.0,3.0,False,False,False,True,False,False,False,False,False,False,False
/home/Shelby/blackbird_calls/Experiments/Detection_of_calls/Datasets/All_call_classes/Split_data_controlled/OpenSoundScape/Call_audios/padded_3s/SL56_Trial_3_trim_23.34026309_24.08814306_Cheer.WAV,0.0,3.0,False,False,False,False,True,False,False,False,False,False,False
/home/Shelby/blackbird_calls/Experiments/Detection_of_calls/Datasets/All_call_classes/Split_data_controlled/OpenSoundScape/Call_audios/padded_3s/AZ15_Trial_1_trim_6.938138632_7.053094567_Check.WAV,0.0,3.0,False,False,False,True,False,False,False,False,False,False,False
/home/Shelby/blackbird_calls/Experiments/Detection_of_calls/Datasets/All_call_classes/Split_data_controlled/OpenSoundScape/Call_audios/padded_3s/AZ13_Trial_1_trim_31.12569235_31.19276272_Check.WAV,0.0,3.0,False,False,False,True,False,False,False,False,False,False,False
/home/Shelby/blackbird_calls/Experiments/Detection_of_calls/Datasets/All_call_classes/Split_data_controlled/OpenSoundScape/Call_audios/padded_3s/AZ15_Trial_1_trim_57.02904517_57.16316042_Check.WAV,0.0,3.0,False,False,False,True,False,False,False,False,False,False,False
/home/Shelby/blackbird_calls/Experiments/Detection_of_calls/Datasets/All_call_classes/Split_data_controlled/OpenSoundScape/Call_audios/padded_3s/SL38_Trial_3_trim_13.87732451_13.98351125_Check.WAV,0.0,3.0,False,False,False,True,False,False,False,False,False,False,False
/home/Shelby/blackbird_calls/Experiments/Detection_of_calls/Datasets/All_call_classes/Split_data_controlled/OpenSoundScape/Call_audios/padded_3s/SL50_Trial_3_trim_37.59154048_37.67106623_Check.WAV,0.0,3.0,False,False,False,True,False,False,False,False,False,False,False
/home/Shelby/blackbird_calls/Experiments/Detection_of_calls/Datasets/All_call_classes/Split_data_controlled/OpenSoundScape/Call_audios/padded_3s/SL51_Trial_1_trim_19.83472891_20.43539672_Cheer.WAV,0.0,3.0,False,False,False,False,True,False,False,False,False,False,False
/home/Shelby/blackbird_calls/Experiments/Detection_of_calls/Datasets/All_call_classes/Split_data_controlled/OpenSoundScape/Call_audios/padded_3s/SL50_Trial_3_trim_56.68376007_56.7927398_Check.WAV,0.0,3.0,False,False,False,True,False,False,False,False,False,False,False
/home/Shelby/blackbird_calls/Experiments/Detection_of_calls/Datasets/All_call_classes/Split_data_controlled/OpenSoundScape/Call_audios/padded_3s/AZ08_Trial_3_trim_55.11528436_55.58607606_Cheer.WAV,0.0,3.0,False,False,False,False,True,False,False,False,False,False,False
/home/Shelby/blackbird_calls/Experiments/Detection_of_calls/Datasets/All_call_classes/Split_data_controlled/OpenSoundScape/Call_audios/padded_3s/SL54_Trial_3_trim_43.13128488_43.27715038_Check.WAV,0.0,3.0,False,False,False,True,False,False,False,False,False,False,False
/home/Shelby/blackbird_calls/Experiments/Detection_of_calls/Datasets/All_call_classes/Split_data_controlled/OpenSoundScape/Call_audios/padded_3s/SL17a_Trial_2_trim_36.10215929_36.17503147_E.WAV,0.0,3.0,False,False,False,False,False,False,False,True,False,False,False
/home/Shelby/blackbird_calls/Experiments/Detection_of_calls/Datasets/All_call_classes/Split_data_controlled/OpenSoundScape/Call_audios/padded_3s/AZ15_Trial_1_trim_48.59020894_48.71474454_Check.WAV,0.0,3.0,False,False,False,True,False,False,False,False,False,False,False
/home/Shelby/blackbird_calls/Experiments/Detection_of_calls/Datasets/All_call_classes/Split_data_controlled/OpenSoundScape/Call_audios/padded_3s/SL22_Trial_1_trim_55.74172207_55.84770184_Check.WAV,0.0,3.0,False,False,False,True,False,False,False,False,False,False,False
/home/Shelby/blackbird_calls/Experiments/Detection_of_calls/Datasets/All_call_classes/Split_data_controlled/OpenSoundScape/Call_audios/padded_3s/RC02_Trial_1_trim_4.660995947_4.728053576_Check.WAV,0.0,3.0,False,False,False,True,False,False,False,False,False,False,False
/home/Shelby/blackbird_calls/Experiments/Detection_of_calls/Datasets/All_call_classes/Split_data_controlled/OpenSoundScape/Call_audios/padded_3s/SL17b_Trial_2_trim_9.937714583_10.04085554_Check.WAV,0.0,3.0,False,False,False,True,False,False,False,False,False,False,False
/home/Shelby/blackbird_calls/Experiments/Detection_of_calls/Datasets/All_call_classes/Split_data_controlled/OpenSoundScape/Call_audios/padded_3s/SL42_Trial_2_trim_51.86798732_51.94086131_Check.WAV,0.0,3.0,False,False,False,True,False,False,False,False,False,False,False
/home/Shelby/blackbird_calls/Experiments/Detection_of_calls/Datasets/All_call_classes/Split_data_controlled/OpenSoundScape/Call_audios/padded_3s/SL51_Trial_2_trim_52.04413452_52.59170363_Cheer.WAV,0.0,3.0,False,False,False,False,True,False,False,False,False,False,False
/home/Shelby/blackbird_calls/Experiments/Detection_of_calls/Datasets/All_call_classes/Split_data_controlled/OpenSoundScape/Call_audios/padded_3s/SL11_Trial_3_trim_28.34973831_28.99665734_Cheer.WAV,0.0,3.0,False,False,False,False,True,False,False,False,False,False,False
/home/Shelby/blackbird_calls/Experiments/Detection_of_calls/Datasets/All_call_classes/Split_data_controlled/OpenSoundScape/Call_audios/padded_3s/SL50_Trial_1_trim_13.65008175_14.07898903_Cheer.WAV,0.0,3.0,False,False,False,False,True,False,False,False,False,False,False
/home/Shelby/blackbird_calls/Experiments/Detection_of_calls/Datasets/All_call_classes/Split_data_controlled/OpenSoundScape/Call_audios/padded_3s/RC02_Trial_1_trim_29.05286623_29.11513403_Check.WAV,0.0,3.0,False,False,False,True,False,False,False,False,False,False,False
/home/Shelby/blackbird_calls/Experiments/Detection_of_calls/Datasets/All_call_classes/Split_data_controlled/OpenSoundScape/Call_audios/padded_3s/RC02_Trial_3_trim_50.66875431_51.09552091_Cheer.WAV,0.0,3.0,False,False,False,False,True,False,False,False,False,False,False
/home/Shelby/blackbird_calls/Experiments/Detection_of_calls/Datasets/All_call_classes/Split_data_controlled/OpenSoundScape/Call_audios/padded_3s/SL51_Trial_1_trim_21.85283074_21.94999759_Check.WAV,0.0,3.0,False,False,False,True,False,False,False,False,False,False,False
/home/Shelby/blackbird_calls/Experiments/Detection_of_calls/Datasets/All_call_classes/Split_data_controlled/OpenSoundScape/Call_audios/padded_3s/SL54_Trial_3_trim_48.97377833_49.16131968_Check.WAV,0.0,3.0,False,False,False,True,False,False,False,False,False,False,False
/home/Shelby/blackbird_calls/Experiments/Detection_of_calls/Datasets/All_call_classes/Split_data_controlled/OpenSoundScape/Call_audios/padded_3s/AZ13_Trial_2_trim_11.2469081_11.32594062_Check.WAV,0.0,3.0,False,False,False,True,False,False,False,False,False,False,False
/home/Shelby/blackbird_calls/Experiments/Detection_of_calls/Datasets/All_call_classes/Split_data_controlled/OpenSoundScape/Call_audios/padded_3s/AZ13_Trial_1_trim_22.87139549_22.95762882_Check.WAV,0.0,3.0,False,False,False,True,False,False,False,False,False,False,False
/home/Shelby/blackbird_calls/Experiments/Detection_of_calls/Datasets/All_call_classes/Split_data_controlled/OpenSoundScape/Call_audios/padded_3s/SL21_Trial_1_trim_6.635842992_6.69473436_Check.WAV,0.0,3.0,False,False,False,True,False,False,False,False,False,False,False
/home/Shelby/blackbird_calls/Experiments/Detection_of_calls/Datasets/All_call_classes/Split_data_controlled/OpenSoundScape/Call_audios/padded_3s/SL09_Trial_1_trim_12.51554447_12.65789531_Check.WAV,0.0,3.0,False,False,False,True,False,False,False,False,False,False,False
/home/Shelby/blackbird_calls/Experiments/Detection_of_calls/Datasets/All_call_classes/Split_data_controlled/OpenSoundScape/Call_audios/padded_3s/SL07_Trial_1_trim_13.40183955_14.01495733_Cheer.WAV,0.0,3.0,False,False,False,False,True,False,False,False,False,False,False
/home/Shelby/blackbird_calls/Experiments/Detection_of_calls/Datasets/All_call_classes/Split_data_controlled/OpenSoundScape/Call_audios/padded_3s/SL42_Trial_1_trim_10.44751341_10.54958675_Check.WAV,0.0,3.0,False,False,False,True,False,False,False,False,False,False,False
/home/Shelby/blackbird_calls/Experiments/Detection_of_calls/Datasets/All_call_classes/Split_data_controlled/OpenSoundScape/Call_audios/padded_3s/SL43_Trial_2_trim_50.15500402_50.30907365_Check.WAV,0.0,3.0,False,False,False,True,False,False,False,False,False,False,False
/home/Shelby/blackbird_calls/Experiments/Detection_of_calls/Datasets/All_call_classes/Split_data_controlled/OpenSoundScape/Call_audios/padded_3s/SL30_Trial_3_trim_49.25989_49.31614664_Check.WAV,0.0,3.0,False,False,False,True,False,False,False,False,False,False,False
/home/Shelby/blackbird_calls/Experiments/Detection_of_calls/Datasets/All_call_classes/Split_data_controlled/OpenSoundScape/Call_audios/padded_3s/SL16_Trial_3_trim_33.30325979_33.36363954_Check.WAV,0.0,3.0,False,False,False,True,False,False,False,False,False,False,False
/home/Shelby/blackbird_calls/Experiments/Detection_of_calls/Datasets/All_call_classes/Split_data_controlled/OpenSoundScape/Call_audios/padded_3s/SL22_Trial_1_trim_4.742867799_4.84590369_C.WAV,0.0,3.0,False,False,True,False,False,False,False,False,False,False,False
/home/Shelby/blackbird_calls/Experiments/Detection_of_calls/Datasets/All_call_classes/Split_data_controlled/OpenSoundScape/Call_audios/padded_3s/SL09_Trial_3_trim_56.06973113_56.57783071_Cheer.WAV,0.0,3.0,False,False,False,False,True,False,False,False,False,False,False
/home/Shelby/blackbird_calls/Experiments/Detection_of_calls/Datasets/All_call_classes/Split_data_controlled/OpenSoundScape/Call_audios/padded_3s/SL30_Trial_1_trim_21.16554512_21.8442822_Cheer.WAV,0.0,3.0,False,False,False,False,True,False,False,False,False,False,False
/home/Shelby/blackbird_calls/Experiments/Detection_of_calls/Datasets/All_call_classes/Split_data_controlled/OpenSoundScape/Call_audios/padded_3s/RC02_Trial_1_trim_33.75439609_33.81666389_Check.WAV,0.0,3.0,False,False,False,True,False,False,False,False,False,False,False
/home/Shelby/blackbird_calls/Experiments/Detection_of_calls/Datasets/All_call_classes/Split_data_controlled/OpenSoundScape/Call_audios/padded_3s/SL09_Trial_1_trim_57.50360285_58.27636456_Chits.WAV,0.0,3.0,False,False,False,False,False,True,False,False,False,False,False
/home/Shelby/blackbird_calls/Experiments/Detection_of_calls/Datasets/All_call_classes/Split_data_controlled/OpenSoundScape/Call_audios/padded_3s/SL02_Trial_2_trim_13.09749276_13.16217024_Check.WAV,0.0,3.0,False,False,False,True,False,False,False,False,False,False,False
/home/Shelby/blackbird_calls/Experiments/Detection_of_calls/Datasets/All_call_classes/Split_data_controlled/OpenSoundScape/Call_audios/padded_3s/SL30_Trial_1_trim_2.885673583_3.01892258_Check.WAV,0.0,3.0,False,False,False,True,False,False,False,False,False,False,False
/home/Shelby/blackbird_calls/Experiments/Detection_of_calls/Datasets/All_call_classes/Split_data_controlled/OpenSoundScape/Call_audios/padded_3s/SL16_Trial_2_trim_43.22507839_43.31879416_Check.WAV,0.0,3.0,False,False,False,True,False,False,False,False,False,False,False
/home/Shelby/blackbird_calls/Experiments/Detection_of_calls/Datasets/All_call_classes/Split_data_controlled/OpenSoundScape/Call_audios/padded_3s/AZ13_Trial_1_trim_30.89334142_30.97238865_Check.WAV,0.0,3.0,False,False,False,True,False,False,False,False,False,False,False
/home/Shelby/blackbird_calls/Experiments/Detection_of_calls/Datasets/All_call_classes/Split_data_controlled/OpenSoundScape/Call_audios/padded_3s/SL07_Trial_1_trim_9.984698851_10.56428675_Cheer.WAV,0.0,3.0,False,False,False,False,True,False,False,False,False,False,False
/home/Shelby/blackbird_calls/Experiments/Detection_of_calls/Datasets/All_call_classes/Split_data_controlled/OpenSoundScape/Call_audios/padded_3s/SL07_Trial_1_trim_10.57485286_10.71855234_D.WAV,0.0,3.0,False,False,False,False,False,False,True,False,False,False,False
/home/Shelby/blackbird_calls/Experiments/Detection_of_calls/Datasets/All_call_classes/Split_data_controlled/OpenSoundScape/Call_audios/padded_3s/SL21_Trial_3_trim_19.5209859_19.66247315_Check.WAV,0.0,3.0,False,False,False,True,False,False,False,False,False,False,False
/home/Shelby/blackbird_calls/Experiments/Detection_of_calls/Datasets/All_call_classes/Split_data_controlled/OpenSoundScape/Call_audios/padded_3s/SL22_Trial_1_trim_46.80958492_46.92145246_Check.WAV,0.0,3.0,False,False,False,True,False,False,False,False,False,False,False
/home/Shelby/blackbird_calls/Experiments/Detection_of_calls/Datasets/All_call_classes/Split_data_controlled/OpenSoundScape/Call_audios/padded_3s/SL42_Trial_1_trim_41.44345901_42.00798705_Cheer.WAV,0.0,3.0,False,False,False,False,True,False,False,False,False,False,False
/home/Shelby/blackbird_calls/Experiments/Detection_of_calls/Datasets/All_call_classes/Split_data_controlled/OpenSoundScape/Call_audios/padded_3s/AZ15_Trial_1_trim_45.4525564_45.53398352_Check.WAV,0.0,3.0,False,False,False,True,False,False,False,False,False,False,False
/home/Shelby/blackbird_calls/Experiments/Detection_of_calls/Datasets/All_call_classes/Split_data_controlled/OpenSoundScape/Call_audios/padded_3s/SL07_Trial_3_trim_45.15971324_45.3872302_D.WAV,0.0,3.0,False,False,False,False,False,False,True,False,False,False,False
/home/Shelby/blackbird_calls/Experiments/Detection_of_calls/Datasets/All_call_classes/Split_data_controlled/OpenSoundScape/Call_audios/padded_3s/SL13_Trial_3_trim_55.28813052_55.35262762_Check.WAV,0.0,3.0,False,False,False,True,False,False,False,False,False,False,False
/home/Shelby/blackbird_calls/Experiments/Detection_of_calls/Datasets/All_call_classes/Split_data_controlled/OpenSoundScape/Call_audios/padded_3s/AZ08_Trial_3_trim_19.65850865_19.7499574_Check.WAV,0.0,3.0,False,False,False,True,False,False,False,False,False,False,False
/home/Shelby/blackbird_calls/Experiments/Detection_of_calls/Datasets/All_call_classes/Split_data_controlled/OpenSoundScape/Call_audios/padded_3s/SL10_Trial_3_trim_17.475497_18.05031775_Cheer.WAV,0.0,3.0,False,False,False,False,True,False,False,False,False,False,False
/home/Shelby/blackbird_calls/Experiments/Detection_of_calls/Datasets/All_call_classes/Split_data_controlled/OpenSoundScape/Call_audios/padded_3s/SL11_Trial_3_trim_54.73266147_55.33216235_Cheer.WAV,0.0,3.0,False,False,False,False,True,False,False,False,False,False,False
/home/Shelby/blackbird_calls/Experiments/Detection_of_calls/Datasets/All_call_classes/Split_data_controlled/OpenSoundScape/Call_audios/padded_3s/SL50_Trial_1_trim_24.65939845_24.86760587_M.WAV,0.0,3.0,True,False,False,False,False,False,False,False,False,False,False
/home/Shelby/blackbird_calls/Experiments/Detection_of_calls/Datasets/All_call_classes/Split_data_controlled/OpenSoundScape/Call_audios/padded_3s/AZ02_Trial_3_trim_37.89003323_38.23492139_Cheer.WAV,0.0,3.0,False,False,False,False,True,False,False,False,False,False,False
/home/Shelby/blackbird_calls/Experiments/Detection_of_calls/Datasets/All_call_classes/Split_data_controlled/OpenSoundScape/Call_audios/padded_3s/SL13_Trial_1_trim_37.31185538_37.4411808_E.WAV,0.0,3.0,False,False,False,False,False,False,False,True,False,False,False
/home/Shelby/blackbird_calls/Experiments/Detection_of_calls/Datasets/All_call_classes/Split_data_controlled/OpenSoundScape/Call_audios/padded_3s/SL01_Trial_3_trim_11.9968893_12.74181115_Chits.WAV,0.0,3.0,False,False,False,False,False,True,False,False,False,False,False
/home/Shelby/blackbird_calls/Experiments/Detection_of_calls/Datasets/All_call_classes/Split_data_controlled/OpenSoundScape/Call_audios/padded_3s/SL38_Trial_1_trim_30.99443629_31.32764979_E.WAV,0.0,3.0,False,False,False,False,False,False,False,True,False,False,False
/home/Shelby/blackbird_calls/Experiments/Detection_of_calls/Datasets/All_call_classes/Split_data_controlled/OpenSoundScape/Call_audios/padded_3s/SL38_Trial_1_trim_18.74569503_19.61621529_Cheer.WAV,0.0,3.0,False,False,False,False,True,False,False,False,False,False,False
/home/Shelby/blackbird_calls/Experiments/Detection_of_calls/Datasets/All_call_classes/Split_data_controlled/OpenSoundScape/Call_audios/padded_3s/SL21_Trial_1_trim_1.581233243_1.73729537_D.WAV,0.0,3.0,False,False,False,False,False,False,True,False,False,False,False
/home/Shelby/blackbird_calls/Experiments/Detection_of_calls/Datasets/All_call_classes/Split_data_controlled/OpenSoundScape/Call_audios/padded_3s/AZ15_Trial_1_trim_33.78935762_33.90431356_Check.WAV,0.0,3.0,False,False,False,True,False,False,False,False,False,False,False
/home/Shelby/blackbird_calls/Experiments/Detection_of_calls/Datasets/All_call_classes/Split_data_controlled/OpenSoundScape/Call_audios/padded_3s/SL42_Trial_1_trim_40.49980144_40.58520974_Check.WAV,0.0,3.0,False,False,False,True,False,False,False,False,False,False,False
/home/Shelby/blackbird_calls/Experiments/Detection_of_calls/Datasets/All_call_classes/Split_data_controlled/OpenSoundScape/Call_audios/padded_3s/AZ02_Trial_3_trim_25.93869567_26.04886828_Check.WAV,0.0,3.0,False,False,False,True,False,False,False,False,False,False,False
/home/Shelby/blackbird_calls/Experiments/Detection_of_calls/Datasets/All_call_classes/Split_data_controlled/OpenSoundScape/Call_audios/padded_3s/SL16_Trial_1_trim_34.15650211_34.28104124_Check.WAV,0.0,3.0,False,False,False,True,False,False,False,False,False,False,False
/home/Shelby/blackbird_calls/Experiments/Detection_of_calls/Datasets/All_call_classes/Split_data_controlled/OpenSoundScape/Call_audios/padded_3s/AZ13_Trial_1_trim_45.73187358_45.83247914_Check.WAV,0.0,3.0,False,False,False,True,False,False,False,False,False,False,False
/home/Shelby/blackbird_calls/Experiments/Detection_of_calls/Datasets/All_call_classes/Split_data_controlled/OpenSoundScape/Call_audios/padded_3s/SL52_Trial_3_trim_49.71787006_49.88027563_Check.WAV,0.0,3.0,False,False,False,True,False,False,False,False,False,False,False
/home/Shelby/blackbird_calls/Experiments/Detection_of_calls/Datasets/All_call_classes/Split_data_controlled/OpenSoundScape/Call_audios/padded_3s/SL11_Trial_2_trim_50.77860699_51.40649897_G.WAV,0.0,3.0,False,False,False,False,False,False,False,False,True,False,False
/home/Shelby/blackbird_calls/Experiments/Detection_of_calls/Datasets/All_call_classes/Split_data_controlled/OpenSoundScape/Call_audios/padded_3s/SL11_Trial_1_trim_54.38930335_54.95452335_G.WAV,0.0,3.0,False,False,False,False,False,False,False,False,True,False,False
/home/Shelby/blackbird_calls/Experiments/Detection_of_calls/Datasets/All_call_classes/Split_data_controlled/OpenSoundScape/Call_audios/padded_3s/SL02_Trial_3_trim_10.0729799_10.14243324_Check.WAV,0.0,3.0,False,False,False,True,False,False,False,False,False,False,False
/home/Shelby/blackbird_calls/Experiments/Detection_of_calls/Datasets/All_call_classes/Split_data_controlled/OpenSoundScape/Call_audios/padded_3s/SL42_Trial_3_trim_57.60102202_57.7188185_E.WAV,0.0,3.0,False,False,False,False,False,False,False,True,False,False,False
/home/Shelby/blackbird_calls/Experiments/Detection_of_calls/Datasets/All_call_classes/Split_data_controlled/OpenSoundScape/Call_audios/padded_3s/SL38_Trial_1_trim_46.41220424_47.11403517_Cheer.WAV,0.0,3.0,False,False,False,False,True,False,False,False,False,False,False
/home/Shelby/blackbird_calls/Experiments/Detection_of_calls/Datasets/All_call_classes/Split_data_controlled/OpenSoundScape/Call_audios/padded_3s/SL16_Trial_3_trim_29.21068249_29.28771872_Check.WAV,0.0,3.0,False,False,False,True,False,False,False,False,False,False,False
/home/Shelby/blackbird_calls/Experiments/Detection_of_calls/Datasets/All_call_classes/Split_data_controlled/OpenSoundScape/Call_audios/padded_3s/SL07_Trial_3_trim_42.50938932_42.7612378_D.WAV,0.0,3.0,False,False,False,False,False,False,True,False,False,False,False
/home/Shelby/blackbird_calls/Experiments/Detection_of_calls/Datasets/All_call_classes/Split_data_controlled/OpenSoundScape/Call_audios/padded_3s/SL51_Trial_2_trim_0.09160852_0.18321704_Check.WAV,0.0,3.0,False,False,False,True,False,False,False,False,False,False,False
/home/Shelby/blackbird_calls/Experiments/Detection_of_calls/Datasets/All_call_classes/Split_data_controlled/OpenSoundScape/Call_audios/padded_3s/SL51_Trial_2_trim_0.95356141_1.011857741_Check.WAV,0.0,3.0,False,False,False,True,False,False,False,False,False,False,False
/home/Shelby/blackbird_calls/Experiments/Detection_of_calls/Datasets/All_call_classes/Split_data_controlled/OpenSoundScape/Call_audios/padded_3s/AZ13_Trial_1_trim_5.169984148_5.253822111_Check.WAV,0.0,3.0,False,False,False,True,False,False,False,False,False,False,False
/home/Shelby/blackbird_calls/Experiments/Detection_of_calls/Datasets/All_call_classes/Split_data_controlled/OpenSoundScape/Call_audios/padded_3s/SL21_Trial_2_trim_29.02582559_29.25100071_Check.WAV,0.0,3.0,False,False,False,True,False,False,False,False,False,False,False
/home/Shelby/blackbird_calls/Experiments/Detection_of_calls/Datasets/All_call_classes/Split_data_controlled/OpenSoundScape/Call_audios/padded_3s/SL21_Trial_1_trim_28.72126079_29.15705692_K.WAV,0.0,3.0,False,False,False,False,False,False,False,False,False,False,True
/home/Shelby/blackbird_calls/Experiments/Detection_of_calls/Datasets/All_call_classes/Split_data_controlled/OpenSoundScape/Call_audios/padded_3s/SL02_Trial_3_trim_13.141497_13.22053011_Check.WAV,0.0,3.0,False,False,False,True,False,False,False,False,False,False,False
/home/Shelby/blackbird_calls/Experiments/Detection_of_calls/Datasets/All_call_classes/Split_data_controlled/OpenSoundScape/Call_audios/padded_3s/AZ15_Trial_3_trim_52.43770928_52.5191364_Check.WAV,0.0,3.0,False,False,False,True,False,False,False,False,False,False,False
/home/Shelby/blackbird_calls/Experiments/Detection_of_calls/Datasets/All_call_classes/Split_data_controlled/OpenSoundScape/Call_audios/padded_3s/AZ13_Trial_1_trim_42.6961654_42.76323577_Check.WAV,0.0,3.0,False,False,False,True,False,False,False,False,False,False,False
/home/Shelby/blackbird_calls/Experiments/Detection_of_calls/Datasets/All_call_classes/Split_data_controlled/OpenSoundScape/Call_audios/padded_3s/SL17a_Trial_2_trim_54.62772852_54.68810832_E.WAV,0.0,3.0,False,False,False,False,False,False,False,True,False,False,False
/home/Shelby/blackbird_calls/Experiments/Detection_of_calls/Datasets/All_call_classes/Split_data_controlled/OpenSoundScape/Call_audios/padded_3s/SL28_Trial_3_trim_0.166564519_0.283159683_Check.WAV,0.0,3.0,False,False,False,True,False,False,False,False,False,False,False
/home/Shelby/blackbird_calls/Experiments/Detection_of_calls/Datasets/All_call_classes/Split_data_controlled/OpenSoundScape/Call_audios/padded_3s/AZ13_Trial_3_trim_36.8728831_36.92557138_Check.WAV,0.0,3.0,False,False,False,True,False,False,False,False,False,False,False
/home/Shelby/blackbird_calls/Experiments/Detection_of_calls/Datasets/All_call_classes/Split_data_controlled/OpenSoundScape/Call_audios/padded_3s/SL38_Trial_1_trim_3.376400816_3.484695203_D.WAV,0.0,3.0,False,False,False,False,False,False,True,False,False,False,False
/home/Shelby/blackbird_calls/Experiments/Detection_of_calls/Datasets/All_call_classes/Split_data_controlled/OpenSoundScape/Call_audios/padded_3s/AZ13_Trial_1_trim_28.47247175_28.54912361_Check.WAV,0.0,3.0,False,False,False,True,False,False,False,False,False,False,False
/home/Shelby/blackbird_calls/Experiments/Detection_of_calls/Datasets/All_call_classes/Split_data_controlled/OpenSoundScape/Call_audios/padded_3s/SL36_Trial_1_trim_9.565715419_9.603191897_Check.WAV,0.0,3.0,False,False,False,True,False,False,False,False,False,False,False
/home/Shelby/blackbird_calls/Experiments/Detection_of_calls/Datasets/All_call_classes/Split_data_controlled/OpenSoundScape/Call_audios/padded_3s/SL52_Trial_3_trim_40.15166775_40.54310682_Cheer.WAV,0.0,3.0,False,False,False,False,True,False,False,False,False,False,False
/home/Shelby/blackbird_calls/Experiments/Detection_of_calls/Datasets/All_call_classes/Split_data_controlled/OpenSoundScape/Call_audios/padded_3s/SL50_Trial_1_trim_28.4640454_28.67225281_M.WAV,0.0,3.0,True,False,False,False,False,False,False,False,False,False,False
/home/Shelby/blackbird_calls/Experiments/Detection_of_calls/Datasets/All_call_classes/Split_data_controlled/OpenSoundScape/Call_audios/padded_3s/SL07_Trial_1_trim_18.52331716_18.62869677_D.WAV,0.0,3.0,False,False,False,False,False,False,True,False,False,False,False
/home/Shelby/blackbird_calls/Experiments/Detection_of_calls/Datasets/All_call_classes/Split_data_controlled/OpenSoundScape/Call_audios/padded_3s/SL12_Trial_1_trim_52.48633061_52.56084526_Check.WAV,0.0,3.0,False,False,False,True,False,False,False,False,False,False,False
/home/Shelby/blackbird_calls/Experiments/Detection_of_calls/Datasets/All_call_classes/Split_data_controlled/OpenSoundScape/Call_audios/padded_3s/SL11_Trial_1_trim_39.12898636_39.76126636_G.WAV,0.0,3.0,False,False,False,False,False,False,False,False,True,False,False
/home/Shelby/blackbird_calls/Experiments/Detection_of_calls/Datasets/All_call_classes/Split_data_controlled/OpenSoundScape/Call_audios/padded_3s/SL13_Trial_1_trim_28.40146851_28.51163461_E.WAV,0.0,3.0,False,False,False,False,False,False,False,True,False,False,False
/home/Shelby/blackbird_calls/Experiments/Detection_of_calls/Datasets/All_call_classes/Split_data_controlled/OpenSoundScape/Call_audios/padded_3s/SL13_Trial_2_trim_18.37699161_18.50263798_E.WAV,0.0,3.0,False,False,False,False,False,False,False,True,False,False,False
/home/Shelby/blackbird_calls/Experiments/Detection_of_calls/Datasets/All_call_classes/Split_data_controlled/OpenSoundScape/Call_audios/padded_3s/SL02_Trial_2_trim_2.423255468_2.497514795_Check.WAV,0.0,3.0,False,False,False,True,False,False,False,False,False,False,False
/home/Shelby/blackbird_calls/Experiments/Detection_of_calls/Datasets/All_call_classes/Split_data_controlled/OpenSoundScape/Call_audios/padded_3s/AZ15_Trial_1_trim_5.560993379_5.661579823_D.WAV,0.0,3.0,False,False,False,False,False,False,True,False,False,False,False
/home/Shelby/blackbird_calls/Experiments/Detection_of_calls/Datasets/All_call_classes/Split_data_controlled/OpenSoundScape/Call_audios/padded_3s/RC02_Trial_2_trim_41.54919357_43.37473249_Chits.WAV,0.0,3.0,False,False,False,False,False,True,False,False,False,False,False
/home/Shelby/blackbird_calls/Experiments/Detection_of_calls/Datasets/All_call_classes/Split_data_controlled/OpenSoundScape/Call_audios/padded_3s/SL52_Trial_1_trim_35.8568827_35.97347536_Check.WAV,0.0,3.0,False,False,False,True,False,False,False,False,False,False,False
/home/Shelby/blackbird_calls/Experiments/Detection_of_calls/Datasets/All_call_classes/Split_data_controlled/OpenSoundScape/Call_audios/padded_3s/SL42_Trial_3_trim_41.67946143_41.75897405_Check.WAV,0.0,3.0,False,False,False,True,False,False,False,False,False,False,False
/home/Shelby/blackbird_calls/Experiments/Detection_of_calls/Datasets/All_call_classes/Split_data_controlled/OpenSoundScape/Call_audios/padded_3s/AZ08_Trial_1_trim_46.70620694_46.79426871_C.WAV,0.0,3.0,False,False,True,False,False,False,False,False,False,False,False
/home/Shelby/blackbird_calls/Experiments/Detection_of_calls/Datasets/All_call_classes/Split_data_controlled/OpenSoundScape/Call_audios/padded_3s/RC02_Trial_1_trim_24.20552748_24.24863595_Check.WAV,0.0,3.0,False,False,False,True,False,False,False,False,False,False,False
/home/Shelby/blackbird_calls/Experiments/Detection_of_calls/Datasets/All_call_classes/Split_data_controlled/OpenSoundScape/Call_audios/padded_3s/RC02_Trial_1_trim_18.79911759_18.8781498_Check.WAV,0.0,3.0,False,False,False,True,False,False,False,False,False,False,False
/home/Shelby/blackbird_calls/Experiments/Detection_of_calls/Datasets/All_call_classes/Split_data_controlled/OpenSoundScape/Call_audios/padded_3s/SL07_Trial_3_trim_53.10905484_53.30064807_D.WAV,0.0,3.0,False,False,False,False,False,False,True,False,False,False,False
/home/Shelby/blackbird_calls/Experiments/Detection_of_calls/Datasets/All_call_classes/Split_data_controlled/OpenSoundScape/Call_audios/padded_3s/AZ15_Trial_3_trim_51.29790457_51.42004526_C.WAV,0.0,3.0,False,False,True,False,False,False,False,False,False,False,False
/home/Shelby/blackbird_calls/Experiments/Detection_of_calls/Datasets/All_call_classes/Split_data_controlled/OpenSoundScape/Call_audios/padded_3s/SL17b_Trial_2_trim_10.21472173_10.37680037_Check.WAV,0.0,3.0,False,False,False,True,False,False,False,False,False,False,False
/home/Shelby/blackbird_calls/Experiments/Detection_of_calls/Datasets/All_call_classes/Split_data_controlled/OpenSoundScape/Call_audios/padded_3s/SL22_Trial_2_trim_11.8410986_11.9826754_Check.WAV,0.0,3.0,False,False,False,True,False,False,False,False,False,False,False
/home/Shelby/blackbird_calls/Experiments/Detection_of_calls/Datasets/All_call_classes/Split_data_controlled/OpenSoundScape/Call_audios/padded_3s/SL09_Trial_3_trim_41.9897015_42.19294133_E.WAV,0.0,3.0,False,False,False,False,False,False,False,True,False,False,False
/home/Shelby/blackbird_calls/Experiments/Detection_of_calls/Datasets/All_call_classes/Split_data_controlled/OpenSoundScape/Call_audios/padded_3s/EF01_Trial_2_trim_39.51961724_39.77778947_Chits.WAV,0.0,3.0,False,False,False,False,False,True,False,False,False,False,False
/home/Shelby/blackbird_calls/Experiments/Detection_of_calls/Datasets/All_call_classes/Split_data_controlled/OpenSoundScape/Call_audios/padded_3s/SL50_Trial_1_trim_29.05489391_29.50878607_Cheer.WAV,0.0,3.0,False,False,False,False,True,False,False,False,False,False,False
/home/Shelby/blackbird_calls/Experiments/Detection_of_calls/Datasets/All_call_classes/Split_data_controlled/OpenSoundScape/Call_audios/padded_3s/AZ13_Trial_1_trim_35.02288635_35.09235209_Check.WAV,0.0,3.0,False,False,False,True,False,False,False,False,False,False,False
/home/Shelby/blackbird_calls/Experiments/Detection_of_calls/Datasets/All_call_classes/Split_data_controlled/OpenSoundScape/Call_audios/padded_3s/SL51_Trial_3_trim_2.755967145_2.838410607_Check.WAV,0.0,3.0,False,False,False,True,False,False,False,False,False,False,False
/home/Shelby/blackbird_calls/Experiments/Detection_of_calls/Datasets/All_call_classes/Split_data_controlled/OpenSoundScape/Call_audios/padded_3s/SL01_Trial_3_trim_47.33759812_47.40193228_Check.WAV,0.0,3.0,False,False,False,True,False,False,False,False,False,False,False
/home/Shelby/blackbird_calls/Experiments/Detection_of_calls/Datasets/All_call_classes/Split_data_controlled/OpenSoundScape/Call_audios/padded_3s/AZ13_Trial_3_trim_10.74146185_10.80133489_Check.WAV,0.0,3.0,False,False,False,True,False,False,False,False,False,False,False
/home/Shelby/blackbird_calls/Experiments/Detection_of_calls/Datasets/All_call_classes/Split_data_controlled/OpenSoundScape/Call_audios/padded_3s/SL21_Trial_1_trim_54.66873812_55.06919943_D.WAV,0.0,3.0,False,False,False,False,False,False,True,False,False,False,False
/home/Shelby/blackbird_calls/Experiments/Detection_of_calls/Datasets/All_call_classes/Split_data_controlled/OpenSoundScape/Call_audios/padded_3s/EF04_Trial_2_trim_10.98595041_11.16796399_Cheer.WAV,0.0,3.0,False,False,False,False,True,False,False,False,False,False,False
/home/Shelby/blackbird_calls/Experiments/Detection_of_calls/Datasets/All_call_classes/Split_data_controlled/OpenSoundScape/Call_audios/padded_3s/SL11_Trial_3_trim_32.69592101_32.8517235_E.WAV,0.0,3.0,False,False,False,False,False,False,False,True,False,False,False
/home/Shelby/blackbird_calls/Experiments/Detection_of_calls/Datasets/All_call_classes/Split_data_controlled/OpenSoundScape/Call_audios/padded_3s/AZ15_Trial_1_trim_58.24566215_58.35582825_Check.WAV,0.0,3.0,False,False,False,True,False,False,False,False,False,False,False
/home/Shelby/blackbird_calls/Experiments/Detection_of_calls/Datasets/All_call_classes/Split_data_controlled/OpenSoundScape/Call_audios/padded_3s/SL42_Trial_1_trim_36.21169928_36.56999752_Cheer.WAV,0.0,3.0,False,False,False,False,True,False,False,False,False,False,False
/home/Shelby/blackbird_calls/Experiments/Detection_of_calls/Datasets/All_call_classes/Split_data_controlled/OpenSoundScape/Call_audios/padded_3s/SL50_Trial_3_trim_53.8919786_53.98034054_Check.WAV,0.0,3.0,False,False,False,True,False,False,False,False,False,False,False
/home/Shelby/blackbird_calls/Experiments/Detection_of_calls/Datasets/All_call_classes/Split_data_controlled/OpenSoundScape/Call_audios/padded_3s/SL43_Trial_2_trim_43.23458522_43.42196719_Check.WAV,0.0,3.0,False,False,False,True,False,False,False,False,False,False,False
/home/Shelby/blackbird_calls/Experiments/Detection_of_calls/Datasets/All_call_classes/Split_data_controlled/OpenSoundScape/Call_audios/padded_3s/SL51_Trial_3_trim_16.41732755_16.52038188_Check.WAV,0.0,3.0,False,False,False,True,False,False,False,False,False,False,False
/home/Shelby/blackbird_calls/Experiments/Detection_of_calls/Datasets/All_call_classes/Split_data_controlled/OpenSoundScape/Call_audios/padded_3s/SL42_Trial_1_trim_39.39374529_39.49581863_Check.WAV,0.0,3.0,False,False,False,True,False,False,False,False,False,False,False
/home/Shelby/blackbird_calls/Experiments/Detection_of_calls/Datasets/All_call_classes/Split_data_controlled/OpenSoundScape/Call_audios/padded_3s/SL09_Trial_3_trim_40.01995057_40.60934608_Cheer.WAV,0.0,3.0,False,False,False,False,True,False,False,False,False,False,False
/home/Shelby/blackbird_calls/Experiments/Detection_of_calls/Datasets/All_call_classes/Split_data_controlled/OpenSoundScape/Call_audios/padded_3s/SL07_Trial_1_trim_7.944255179_8.011314936_Check.WAV,0.0,3.0,False,False,False,True,False,False,False,False,False,False,False
/home/Shelby/blackbird_calls/Experiments/Detection_of_calls/Datasets/All_call_classes/Split_data_controlled/OpenSoundScape/Call_audios/padded_3s/SL52_Trial_1_trim_56.69019775_56.80679041_Check.WAV,0.0,3.0,False,False,False,True,False,False,False,False,False,False,False
/home/Shelby/blackbird_calls/Experiments/Detection_of_calls/Datasets/All_call_classes/Split_data_controlled/OpenSoundScape/Call_audios/padded_3s/EF04_Trial_3_trim_17.55997336_17.65111561_Check.WAV,0.0,3.0,False,False,False,True,False,False,False,False,False,False,False
/home/Shelby/blackbird_calls/Experiments/Detection_of_calls/Datasets/All_call_classes/Split_data_controlled/OpenSoundScape/Call_audios/padded_3s/AZ13_Trial_3_trim_15.21788292_15.28494073_Check.WAV,0.0,3.0,False,False,False,True,False,False,False,False,False,False,False
/home/Shelby/blackbird_calls/Experiments/Detection_of_calls/Datasets/All_call_classes/Split_data_controlled/OpenSoundScape/Call_audios/padded_3s/SL22_Trial_2_trim_48.25249417_48.97287026_Cheer.WAV,0.0,3.0,False,False,False,False,True,False,False,False,False,False,False
/home/Shelby/blackbird_calls/Experiments/Detection_of_calls/Datasets/All_call_classes/Split_data_controlled/OpenSoundScape/Call_audios/padded_3s/SL11_Trial_2_trim_37.92408127_38.39924277_G.WAV,0.0,3.0,False,False,False,False,False,False,False,False,True,False,False
/home/Shelby/blackbird_calls/Experiments/Detection_of_calls/Datasets/All_call_classes/Split_data_controlled/OpenSoundScape/Call_audios/padded_3s/SL51_Trial_3_trim_53.06241304_53.15368973_Check.WAV,0.0,3.0,False,False,False,True,False,False,False,False,False,False,False
/home/Shelby/blackbird_calls/Experiments/Detection_of_calls/Datasets/All_call_classes/Split_data_controlled/OpenSoundScape/Call_audios/padded_3s/SL50_Trial_1_trim_8.187411027_8.387290144_M.WAV,0.0,3.0,True,False,False,False,False,False,False,False,False,False,False
/home/Shelby/blackbird_calls/Experiments/Detection_of_calls/Datasets/All_call_classes/Split_data_controlled/OpenSoundScape/Call_audios/padded_3s/SL42_Trial_1_trim_30.98291273_31.04540661_Check.WAV,0.0,3.0,False,False,False,True,False,False,False,False,False,False,False
/home/Shelby/blackbird_calls/Experiments/Detection_of_calls/Datasets/All_call_classes/Split_data_controlled/OpenSoundScape/Call_audios/padded_3s/AZ13_Trial_1_trim_19.72472747_19.80856544_Check.WAV,0.0,3.0,False,False,False,True,False,False,False,False,False,False,False
/home/Shelby/blackbird_calls/Experiments/Detection_of_calls/Datasets/All_call_classes/Split_data_controlled/OpenSoundScape/Call_audios/padded_3s/SL30_Trial_2_trim_10.18128188_10.2416699_Check.WAV,0.0,3.0,False,False,False,True,False,False,False,False,False,False,False
/home/Shelby/blackbird_calls/Experiments/Detection_of_calls/Datasets/All_call_classes/Split_data_controlled/OpenSoundScape/Call_audios/padded_3s/SL09_Trial_3_trim_49.67373916_49.90407764_E.WAV,0.0,3.0,False,False,False,False,False,False,False,True,False,False,False
/home/Shelby/blackbird_calls/Experiments/Detection_of_calls/Datasets/All_call_classes/Split_data_controlled/OpenSoundScape/Call_audios/padded_3s/AZ15_Trial_1_trim_17.59878392_17.68500087_Check.WAV,0.0,3.0,False,False,False,True,False,False,False,False,False,False,False
/home/Shelby/blackbird_calls/Experiments/Detection_of_calls/Datasets/All_call_classes/Split_data_controlled/OpenSoundScape/Call_audios/padded_3s/SL54_Trial_3_trim_14.98224216_15.09476697_Check.WAV,0.0,3.0,False,False,False,True,False,False,False,False,False,False,False
/home/Shelby/blackbird_calls/Experiments/Detection_of_calls/Datasets/All_call_classes/Split_data_controlled/OpenSoundScape/Call_audios/padded_3s/EF04_Trial_2_trim_10.51341305_10.62357916_Check.WAV,0.0,3.0,False,False,False,True,False,False,False,False,False,False,False
/home/Shelby/blackbird_calls/Experiments/Detection_of_calls/Datasets/All_call_classes/Split_data_controlled/OpenSoundScape/Call_audios/padded_3s/SL17a_Trial_3_trim_48.33859698_48.45727165_J.WAV,0.0,3.0,False,False,False,False,False,False,False,False,False,True,False
/home/Shelby/blackbird_calls/Experiments/Detection_of_calls/Datasets/All_call_classes/Split_data_controlled/OpenSoundScape/Call_audios/padded_3s/SL09_Trial_1_trim_28.63949128_28.76489559_Check.WAV,0.0,3.0,False,False,False,True,False,False,False,False,False,False,False
/home/Shelby/blackbird_calls/Experiments/Detection_of_calls/Datasets/All_call_classes/Split_data_controlled/OpenSoundScape/Call_audios/padded_3s/SL42_Trial_1_trim_53.86147656_53.95521738_Check.WAV,0.0,3.0,False,False,False,True,False,False,False,False,False,False,False
/home/Shelby/blackbird_calls/Experiments/Detection_of_calls/Datasets/All_call_classes/Split_data_controlled/OpenSoundScape/Call_audios/padded_3s/AZ15_Trial_3_trim_19.64223148_19.73563318_C.WAV,0.0,3.0,False,False,True,False,False,False,False,False,False,False,False
/home/Shelby/blackbird_calls/Experiments/Detection_of_calls/Datasets/All_call_classes/Split_data_controlled/OpenSoundScape/Call_audios/padded_3s/SL12_Trial_1_trim_11.51730484_11.60452085_B.WAV,0.0,3.0,False,True,False,False,False,False,False,False,False,False,False
/home/Shelby/blackbird_calls/Experiments/Detection_of_calls/Datasets/All_call_classes/Split_data_controlled/OpenSoundScape/Call_audios/padded_3s/SL11_Trial_3_trim_49.03363804_49.47056241_Cheer.WAV,0.0,3.0,False,False,False,False,True,False,False,False,False,False,False
/home/Shelby/blackbird_calls/Experiments/Detection_of_calls/Datasets/All_call_classes/Split_data_controlled/OpenSoundScape/Call_audios/padded_3s/SL56_Trial_3_trim_18.09354384_19.03575483_Cheer.WAV,0.0,3.0,False,False,False,False,True,False,False,False,False,False,False
/home/Shelby/blackbird_calls/Experiments/Detection_of_calls/Datasets/All_call_classes/Split_data_controlled/OpenSoundScape/Call_audios/padded_3s/SL50_Trial_1_trim_29.90900485_30.02143685_Check.WAV,0.0,3.0,False,False,False,True,False,False,False,False,False,False,False
/home/Shelby/blackbird_calls/Experiments/Detection_of_calls/Datasets/All_call_classes/Split_data_controlled/OpenSoundScape/Call_audios/padded_3s/SL51_Trial_3_trim_57.91580477_58.02180351_Check.WAV,0.0,3.0,False,False,False,True,False,False,False,False,False,False,False
/home/Shelby/blackbird_calls/Experiments/Detection_of_calls/Datasets/All_call_classes/Split_data_controlled/OpenSoundScape/Call_audios/padded_3s/AZ02_Trial_2_trim_49.07887215_49.49551013_Cheer.WAV,0.0,3.0,False,False,False,False,True,False,False,False,False,False,False
/home/Shelby/blackbird_calls/Experiments/Detection_of_calls/Datasets/All_call_classes/Split_data_controlled/OpenSoundScape/Call_audios/padded_3s/SL09_Trial_2_trim_23.26854916_24.11932845_Chits.WAV,0.0,3.0,False,False,False,False,False,True,False,False,False,False,False
/home/Shelby/blackbird_calls/Experiments/Detection_of_calls/Datasets/All_call_classes/Split_data_controlled/OpenSoundScape/Call_audios/padded_3s/AZ15_Trial_3_trim_11.51988372_11.60370575_C.WAV,0.0,3.0,False,False,True,False,False,False,False,False,False,False,False
/home/Shelby/blackbird_calls/Experiments/Detection_of_calls/Datasets/All_call_classes/Split_data_controlled/OpenSoundScape/Call_audios/padded_3s/SL52_Trial_1_trim_15.43395815_15.53805874_Check.WAV,0.0,3.0,False,False,False,True,False,False,False,False,False,False,False
/home/Shelby/blackbird_calls/Experiments/Detection_of_calls/Datasets/All_call_classes/Split_data_controlled/OpenSoundScape/Call_audios/padded_3s/AZ08_Trial_3_trim_6.748245721_6.84646845_Check.WAV,0.0,3.0,False,False,False,True,False,False,False,False,False,False,False
/home/Shelby/blackbird_calls/Experiments/Detection_of_calls/Datasets/All_call_classes/Split_data_controlled/OpenSoundScape/Call_audios/padded_3s/AZ13_Trial_2_trim_21.36397696_21.45019426_Check.WAV,0.0,3.0,False,False,False,True,False,False,False,False,False,False,False
/home/Shelby/blackbird_calls/Experiments/Detection_of_calls/Datasets/All_call_classes/Split_data_controlled/OpenSoundScape/Call_audios/padded_3s/SL54_Trial_3_trim_14.47379671_14.59465669_Check.WAV,0.0,3.0,False,False,False,True,False,False,False,False,False,False,False
/home/Shelby/blackbird_calls/Experiments/Detection_of_calls/Datasets/All_call_classes/Split_data_controlled/OpenSoundScape/Call_audios/padded_3s/SL36_Trial_3_trim_0.366468127_1.180610386_Cheer.WAV,0.0,3.0,False,False,False,False,True,False,False,False,False,False,False
/home/Shelby/blackbird_calls/Experiments/Detection_of_calls/Datasets/All_call_classes/Split_data_controlled/OpenSoundScape/Call_audios/padded_3s/SL38_Trial_1_trim_2.725792787_3.360981019_Cheer.WAV,0.0,3.0,False,False,False,False,True,False,False,False,False,False,False
/home/Shelby/blackbird_calls/Experiments/Detection_of_calls/Datasets/All_call_classes/Split_data_controlled/OpenSoundScape/Call_audios/padded_3s/SL36_Trial_3_trim_15.09789187_15.85165017_Cheer.WAV,0.0,3.0,False,False,False,False,True,False,False,False,False,False,False
/home/Shelby/blackbird_calls/Experiments/Detection_of_calls/Datasets/All_call_classes/Split_data_controlled/OpenSoundScape/Call_audios/padded_3s/AZ08_Trial_3_trim_57.60914751_57.69720927_Check.WAV,0.0,3.0,False,False,False,True,False,False,False,False,False,False,False
/home/Shelby/blackbird_calls/Experiments/Detection_of_calls/Datasets/All_call_classes/Split_data_controlled/OpenSoundScape/Call_audios/padded_3s/SL44_Trial_1_trim_13.63087106_13.69712052_E.WAV,0.0,3.0,False,False,False,False,False,False,False,True,False,False,False
/home/Shelby/blackbird_calls/Experiments/Detection_of_calls/Datasets/All_call_classes/Split_data_controlled/OpenSoundScape/Call_audios/padded_3s/AZ15_Trial_1_trim_56.23625554_56.35121147_Check.WAV,0.0,3.0,False,False,False,True,False,False,False,False,False,False,False
/home/Shelby/blackbird_calls/Experiments/Detection_of_calls/Datasets/All_call_classes/Split_data_controlled/OpenSoundScape/Call_audios/padded_3s/SL22_Trial_2_trim_51.65010458_51.77918931_Check.WAV,0.0,3.0,False,False,False,True,False,False,False,False,False,False,False
/home/Shelby/blackbird_calls/Experiments/Detection_of_calls/Datasets/All_call_classes/Split_data_controlled/OpenSoundScape/Call_audios/padded_3s/SL17b_Trial_2_trim_47.75538742_47.91746606_Check.WAV,0.0,3.0,False,False,False,True,False,False,False,False,False,False,False
/home/Shelby/blackbird_calls/Experiments/Detection_of_calls/Datasets/All_call_classes/Split_data_controlled/OpenSoundScape/Call_audios/padded_3s/SL11_Trial_3_trim_22.36784548_22.4999389_E.WAV,0.0,3.0,False,False,False,False,False,False,False,True,False,False,False
/home/Shelby/blackbird_calls/Experiments/Detection_of_calls/Datasets/All_call_classes/Split_data_controlled/OpenSoundScape/Call_audios/padded_3s/AZ15_Trial_1_trim_52.25590627_52.34212322_Check.WAV,0.0,3.0,False,False,False,True,False,False,False,False,False,False,False
/home/Shelby/blackbird_calls/Experiments/Detection_of_calls/Datasets/All_call_classes/Split_data_controlled/OpenSoundScape/Call_audios/padded_3s/SL30_Trial_3_trim_1.791878155_1.885639221_Check.WAV,0.0,3.0,False,False,False,True,False,False,False,False,False,False,False
/home/Shelby/blackbird_calls/Experiments/Detection_of_calls/Datasets/All_call_classes/Split_data_controlled/OpenSoundScape/Call_audios/padded_3s/SL17a_Trial_3_trim_54.67933768_54.88337483_K.WAV,0.0,3.0,False,False,False,False,False,False,False,False,False,False,True
/home/Shelby/blackbird_calls/Experiments/Detection_of_calls/Datasets/All_call_classes/Split_data_controlled/OpenSoundScape/Call_audios/padded_3s/AZ13_Trial_1_trim_2.203740728_2.275601839_Check.WAV,0.0,3.0,False,False,False,True,False,False,False,False,False,False,False
/home/Shelby/blackbird_calls/Experiments/Detection_of_calls/Datasets/All_call_classes/Split_data_controlled/OpenSoundScape/Call_audios/padded_3s/SL21_Trial_1_trim_2.37508287_2.507588449_Check.WAV,0.0,3.0,False,False,False,True,False,False,False,False,False,False,False
/home/Shelby/blackbird_calls/Experiments/Detection_of_calls/Datasets/All_call_classes/Split_data_controlled/OpenSoundScape/Call_audios/padded_3s/AZ13_Trial_1_trim_41.96268913_42.03215487_Check.WAV,0.0,3.0,False,False,False,True,False,False,False,False,False,False,False
/home/Shelby/blackbird_calls/Experiments/Detection_of_calls/Datasets/All_call_classes/Split_data_controlled/OpenSoundScape/Call_audios/padded_3s/SL09_Trial_3_trim_68.72720425_69.3436984_Cheer.WAV,0.0,3.0,False,False,False,False,True,False,False,False,False,False,False
/home/Shelby/blackbird_calls/Experiments/Detection_of_calls/Datasets/All_call_classes/Split_data_controlled/OpenSoundScape/Call_audios/padded_3s/AZ08_Trial_1_trim_24.99220142_25.08703717_C.WAV,0.0,3.0,False,False,True,False,False,False,False,False,False,False,False
/home/Shelby/blackbird_calls/Experiments/Detection_of_calls/Datasets/All_call_classes/Split_data_controlled/OpenSoundScape/Call_audios/padded_3s/SL42_Trial_1_trim_35.93047682_35.98672131_Check.WAV,0.0,3.0,False,False,False,True,False,False,False,False,False,False,False
/home/Shelby/blackbird_calls/Experiments/Detection_of_calls/Datasets/All_call_classes/Split_data_controlled/OpenSoundScape/Call_audios/padded_3s/SL09_Trial_3_trim_18.63772691_18.84096674_E.WAV,0.0,3.0,False,False,False,False,False,False,False,True,False,False,False
/home/Shelby/blackbird_calls/Experiments/Detection_of_calls/Datasets/All_call_classes/Split_data_controlled/OpenSoundScape/Call_audios/padded_3s/SL21_Trial_3_trim_10.18422568_10.61458273_K.WAV,0.0,3.0,False,False,False,False,False,False,False,False,False,False,True
/home/Shelby/blackbird_calls/Experiments/Detection_of_calls/Datasets/All_call_classes/Split_data_controlled/OpenSoundScape/Call_audios/padded_3s/SL17a_Trial_3_trim_23.86003184_23.95372237_Check.WAV,0.0,3.0,False,False,False,True,False,False,False,False,False,False,False
/home/Shelby/blackbird_calls/Experiments/Detection_of_calls/Datasets/All_call_classes/Split_data_controlled/OpenSoundScape/Call_audios/padded_3s/AZ15_Trial_1_trim_36.10531111_36.23942637_M.WAV,0.0,3.0,True,False,False,False,False,False,False,False,False,False,False
/home/Shelby/blackbird_calls/Experiments/Detection_of_calls/Datasets/All_call_classes/Split_data_controlled/OpenSoundScape/Call_audios/padded_3s/AZ15_Trial_1_trim_43.22008863_43.32067507_Check.WAV,0.0,3.0,False,False,False,True,False,False,False,False,False,False,False
/home/Shelby/blackbird_calls/Experiments/Detection_of_calls/Datasets/All_call_classes/Split_data_controlled/OpenSoundScape/Call_audios/padded_3s/AZ08_Trial_3_trim_50.0755037_50.44129869_Chits.WAV,0.0,3.0,False,False,False,False,False,True,False,False,False,False,False
/home/Shelby/blackbird_calls/Experiments/Detection_of_calls/Datasets/All_call_classes/Split_data_controlled/OpenSoundScape/Call_audios/padded_3s/AZ02_Trial_2_trim_71.05402277_71.16580369_Check.WAV,0.0,3.0,False,False,False,True,False,False,False,False,False,False,False
/home/Shelby/blackbird_calls/Experiments/Detection_of_calls/Datasets/All_call_classes/Split_data_controlled/OpenSoundScape/Call_audios/padded_3s/SL49_Trial_2_trim_56.41246505_56.58320652_D.WAV,0.0,3.0,False,False,False,False,False,False,True,False,False,False,False
/home/Shelby/blackbird_calls/Experiments/Detection_of_calls/Datasets/All_call_classes/Split_data_controlled/OpenSoundScape/Call_audios/padded_3s/AZ15_Trial_1_trim_41.8406174_41.89330554_Check.WAV,0.0,3.0,False,False,False,True,False,False,False,False,False,False,False
/home/Shelby/blackbird_calls/Experiments/Detection_of_calls/Datasets/All_call_classes/Split_data_controlled/OpenSoundScape/Call_audios/padded_3s/AZ13_Trial_3_trim_15.41426651_15.49090401_Check.WAV,0.0,3.0,False,False,False,True,False,False,False,False,False,False,False
/home/Shelby/blackbird_calls/Experiments/Detection_of_calls/Datasets/All_call_classes/Split_data_controlled/OpenSoundScape/Call_audios/padded_3s/SL07_Trial_1_trim_5.259400956_5.838988858_Cheer.WAV,0.0,3.0,False,False,False,False,True,False,False,False,False,False,False
/home/Shelby/blackbird_calls/Experiments/Detection_of_calls/Datasets/All_call_classes/Split_data_controlled/OpenSoundScape/Call_audios/padded_3s/AZ02_Trial_2_trim_36.02994313_36.42140514_K.WAV,0.0,3.0,False,False,False,False,False,False,False,False,False,False,True
/home/Shelby/blackbird_calls/Experiments/Detection_of_calls/Datasets/All_call_classes/Split_data_controlled/OpenSoundScape/Call_audios/padded_3s/SL22_Trial_1_trim_55.1941599_55.28247638_Check.WAV,0.0,3.0,False,False,False,True,False,False,False,False,False,False,False
/home/Shelby/blackbird_calls/Experiments/Detection_of_calls/Datasets/All_call_classes/Split_data_controlled/OpenSoundScape/Call_audios/padded_3s/SL17a_Trial_3_trim_44.37670395_44.45165638_Check.WAV,0.0,3.0,False,False,False,True,False,False,False,False,False,False,False
/home/Shelby/blackbird_calls/Experiments/Detection_of_calls/Datasets/All_call_classes/Split_data_controlled/OpenSoundScape/Call_audios/padded_3s/AZ13_Trial_2_trim_55.0136217_55.07828467_Check.WAV,0.0,3.0,False,False,False,True,False,False,False,False,False,False,False
/home/Shelby/blackbird_calls/Experiments/Detection_of_calls/Datasets/All_call_classes/Split_data_controlled/OpenSoundScape/Call_audios/padded_3s/AZ13_Trial_1_trim_2.987800346_3.054870716_Check.WAV,0.0,3.0,False,False,False,True,False,False,False,False,False,False,False
/home/Shelby/blackbird_calls/Experiments/Detection_of_calls/Datasets/All_call_classes/Split_data_controlled/OpenSoundScape/Call_audios/padded_3s/SL22_Trial_1_trim_50.43171288_50.55829984_C.WAV,0.0,3.0,False,False,True,False,False,False,False,False,False,False,False
/home/Shelby/blackbird_calls/Experiments/Detection_of_calls/Datasets/All_call_classes/Split_data_controlled/OpenSoundScape/Call_audios/padded_3s/AZ15_Trial_1_trim_53.64495716_53.75512327_Check.WAV,0.0,3.0,False,False,False,True,False,False,False,False,False,False,False
/home/Shelby/blackbird_calls/Experiments/Detection_of_calls/Datasets/All_call_classes/Split_data_controlled/OpenSoundScape/Call_audios/padded_3s/SL30_Trial_2_trim_6.817755381_6.897290832_Check.WAV,0.0,3.0,False,False,False,True,False,False,False,False,False,False,False
/home/Shelby/blackbird_calls/Experiments/Detection_of_calls/Datasets/All_call_classes/Split_data_controlled/OpenSoundScape/Call_audios/padded_3s/SL16_Trial_1_trim_20.11500243_20.22038169_Check.WAV,0.0,3.0,False,False,False,True,False,False,False,False,False,False,False
/home/Shelby/blackbird_calls/Experiments/Detection_of_calls/Datasets/All_call_classes/Split_data_controlled/OpenSoundScape/Call_audios/padded_3s/AZ15_Trial_1_trim_40.14998677_40.26015287_D.WAV,0.0,3.0,False,False,False,False,False,False,True,False,False,False,False
/home/Shelby/blackbird_calls/Experiments/Detection_of_calls/Datasets/All_call_classes/Split_data_controlled/OpenSoundScape/Call_audios/padded_3s/SL30_Trial_2_trim_9.76298432_9.824845226_Check.WAV,0.0,3.0,False,False,False,True,False,False,False,False,False,False,False
/home/Shelby/blackbird_calls/Experiments/Detection_of_calls/Datasets/All_call_classes/Split_data_controlled/OpenSoundScape/Call_audios/padded_3s/AZ13_Trial_1_trim_36.49413443_36.58036777_Check.WAV,0.0,3.0,False,False,False,True,False,False,False,False,False,False,False
/home/Shelby/blackbird_calls/Experiments/Detection_of_calls/Datasets/All_call_classes/Split_data_controlled/OpenSoundScape/Call_audios/padded_3s/AZ15_Trial_3_trim_4.491382518_4.579442483_Check.WAV,0.0,3.0,False,False,False,True,False,False,False,False,False,False,False
/home/Shelby/blackbird_calls/Experiments/Detection_of_calls/Datasets/All_call_classes/Split_data_controlled/OpenSoundScape/Call_audios/padded_3s/SL51_Trial_2_trim_19.29196374_19.36483415_Check.WAV,0.0,3.0,False,False,False,True,False,False,False,False,False,False,False
/home/Shelby/blackbird_calls/Experiments/Detection_of_calls/Datasets/All_call_classes/Split_data_controlled/OpenSoundScape/Call_audios/padded_3s/SL56_Trial_2_trim_13.77504344_13.86044413_Check.WAV,0.0,3.0,False,False,False,True,False,False,False,False,False,False,False
/home/Shelby/blackbird_calls/Experiments/Detection_of_calls/Datasets/All_call_classes/Split_data_controlled/OpenSoundScape/Call_audios/padded_3s/SL30_Trial_3_trim_45.30596412_45.8497783_Chits.WAV,0.0,3.0,False,False,False,False,False,True,False,False,False,False,False
/home/Shelby/blackbird_calls/Experiments/Detection_of_calls/Datasets/All_call_classes/Split_data_controlled/OpenSoundScape/Call_audios/padded_3s/EF01_Trial_2_trim_16.8583622_16.93956153_Check.WAV,0.0,3.0,False,False,False,True,False,False,False,False,False,False,False
/home/Shelby/blackbird_calls/Experiments/Detection_of_calls/Datasets/All_call_classes/Split_data_controlled/OpenSoundScape/Call_audios/padded_3s/SL16_Trial_3_trim_33.40944486_33.85292369_Chits.WAV,0.0,3.0,False,False,False,False,False,True,False,False,False,False,False
/home/Shelby/blackbird_calls/Experiments/Detection_of_calls/Datasets/All_call_classes/Split_data_controlled/OpenSoundScape/Call_audios/padded_3s/AZ15_Trial_1_trim_21.14200539_21.27133081_Check.WAV,0.0,3.0,False,False,False,True,False,False,False,False,False,False,False
/home/Shelby/blackbird_calls/Experiments/Detection_of_calls/Datasets/All_call_classes/Split_data_controlled/OpenSoundScape/Call_audios/padded_3s/AZ02_Trial_3_trim_23.40951414_23.5388472_Check.WAV,0.0,3.0,False,False,False,True,False,False,False,False,False,False,False
/home/Shelby/blackbird_calls/Experiments/Detection_of_calls/Datasets/All_call_classes/Split_data_controlled/OpenSoundScape/Call_audios/padded_3s/SL07_Trial_1_trim_28.16080978_28.29013931_D.WAV,0.0,3.0,False,False,False,False,False,False,True,False,False,False,False
/home/Shelby/blackbird_calls/Experiments/Detection_of_calls/Datasets/All_call_classes/Split_data_controlled/OpenSoundScape/Call_audios/padded_3s/AZ15_Trial_1_trim_36.48585498_36.60081091_Check.WAV,0.0,3.0,False,False,False,True,False,False,False,False,False,False,False
/home/Shelby/blackbird_calls/Experiments/Detection_of_calls/Datasets/All_call_classes/Split_data_controlled/OpenSoundScape/Call_audios/padded_3s/AZ13_Trial_1_trim_9.254094045_9.325955156_Check.WAV,0.0,3.0,False,False,False,True,False,False,False,False,False,False,False
/home/Shelby/blackbird_calls/Experiments/Detection_of_calls/Datasets/All_call_classes/Split_data_controlled/OpenSoundScape/Call_audios/padded_3s/EF04_Trial_2_trim_0.502932253_0.584359379_Check.WAV,0.0,3.0,False,False,False,True,False,False,False,False,False,False,False
/home/Shelby/blackbird_calls/Experiments/Detection_of_calls/Datasets/All_call_classes/Split_data_controlled/OpenSoundScape/Call_audios/padded_3s/SL51_Trial_3_trim_11.2381419_11.31469654_Check.WAV,0.0,3.0,False,False,False,True,False,False,False,False,False,False,False
/home/Shelby/blackbird_calls/Experiments/Detection_of_calls/Datasets/All_call_classes/Split_data_controlled/OpenSoundScape/Call_audios/padded_3s/SL22_Trial_1_trim_21.16078023_21.25792835_Check.WAV,0.0,3.0,False,False,False,True,False,False,False,False,False,False,False
/home/Shelby/blackbird_calls/Experiments/Detection_of_calls/Datasets/All_call_classes/Split_data_controlled/OpenSoundScape/Call_audios/padded_3s/SL38_Trial_1_trim_39.36168504_40.17805811_Cheer.WAV,0.0,3.0,False,False,False,False,True,False,False,False,False,False,False
/home/Shelby/blackbird_calls/Experiments/Detection_of_calls/Datasets/All_call_classes/Split_data_controlled/OpenSoundScape/Call_audios/padded_3s/AZ15_Trial_1_trim_17.36408222_17.45029917_Check.WAV,0.0,3.0,False,False,False,True,False,False,False,False,False,False,False
/home/Shelby/blackbird_calls/Experiments/Detection_of_calls/Datasets/All_call_classes/Split_data_controlled/OpenSoundScape/Call_audios/padded_3s/SL21_Trial_1_trim_63.13710191_63.87324402_Cheer.WAV,0.0,3.0,False,False,False,False,True,False,False,False,False,False,False
/home/Shelby/blackbird_calls/Experiments/Detection_of_calls/Datasets/All_call_classes/Split_data_controlled/OpenSoundScape/Call_audios/padded_3s/SL16_Trial_3_trim_18.7233908_18.81500145_Check.WAV,0.0,3.0,False,False,False,True,False,False,False,False,False,False,False
/home/Shelby/blackbird_calls/Experiments/Detection_of_calls/Datasets/All_call_classes/Split_data_controlled/OpenSoundScape/Call_audios/padded_3s/AZ08_Trial_3_trim_54.68174956_54.76642433_Check.WAV,0.0,3.0,False,False,False,True,False,False,False,False,False,False,False
/home/Shelby/blackbird_calls/Experiments/Detection_of_calls/Datasets/All_call_classes/Split_data_controlled/OpenSoundScape/Call_audios/padded_3s/SL50_Trial_3_trim_38.50813578_38.56115295_E.WAV,0.0,3.0,False,False,False,False,False,False,False,True,False,False,False
/home/Shelby/blackbird_calls/Experiments/Detection_of_calls/Datasets/All_call_classes/Split_data_controlled/OpenSoundScape/Call_audios/padded_3s/SL42_Trial_3_trim_57.05032349_57.14456067_Check.WAV,0.0,3.0,False,False,False,True,False,False,False,False,False,False,False
/home/Shelby/blackbird_calls/Experiments/Detection_of_calls/Datasets/All_call_classes/Split_data_controlled/OpenSoundScape/Call_audios/padded_3s/SL42_Trial_1_trim_43.3595775_43.46581709_Check.WAV,0.0,3.0,False,False,False,True,False,False,False,False,False,False,False
/home/Shelby/blackbird_calls/Experiments/Detection_of_calls/Datasets/All_call_classes/Split_data_controlled/OpenSoundScape/Call_audios/padded_3s/AZ13_Trial_1_trim_39.71160976_39.81461069_Check.WAV,0.0,3.0,False,False,False,True,False,False,False,False,False,False,False
/home/Shelby/blackbird_calls/Experiments/Detection_of_calls/Datasets/All_call_classes/Split_data_controlled/OpenSoundScape/Call_audios/padded_3s/SL02_Trial_2_trim_41.29290001_41.35518202_Check.WAV,0.0,3.0,False,False,False,True,False,False,False,False,False,False,False
/home/Shelby/blackbird_calls/Experiments/Detection_of_calls/Datasets/All_call_classes/Split_data_controlled/OpenSoundScape/Call_audios/padded_3s/SL36_Trial_3_trim_45.44755577_45.53084398_Check.WAV,0.0,3.0,False,False,False,True,False,False,False,False,False,False,False
/home/Shelby/blackbird_calls/Experiments/Detection_of_calls/Datasets/All_call_classes/Split_data_controlled/OpenSoundScape/Call_audios/padded_3s/EF01_Trial_3_trim_8.7004394_8.877107408_O.WAV,0.0,3.0,False,False,False,False,False,False,False,True,False,False,False
/home/Shelby/blackbird_calls/Experiments/Detection_of_calls/Datasets/All_call_classes/Split_data_controlled/OpenSoundScape/Call_audios/padded_3s/SL42_Trial_1_trim_19.50584549_19.84331244_Cheer.WAV,0.0,3.0,False,False,False,False,True,False,False,False,False,False,False
/home/Shelby/blackbird_calls/Experiments/Detection_of_calls/Datasets/All_call_classes/Split_data_controlled/OpenSoundScape/Call_audios/padded_3s/SL38_Trial_1_trim_7.981127519_8.55383822_Cheer.WAV,0.0,3.0,False,False,False,False,True,False,False,False,False,False,False
/home/Shelby/blackbird_calls/Experiments/Detection_of_calls/Datasets/All_call_classes/Split_data_controlled/OpenSoundScape/Call_audios/padded_3s/SL51_Trial_1_trim_6.919457578_7.773348088_Cheer.WAV,0.0,3.0,False,False,False,False,True,False,False,False,False,False,False
/home/Shelby/blackbird_calls/Experiments/Detection_of_calls/Datasets/All_call_classes/Split_data_controlled/OpenSoundScape/Call_audios/padded_3s/SL21_Trial_3_trim_5.944500339_6.068301683_Check.WAV,0.0,3.0,False,False,False,True,False,False,False,False,False,False,False
/home/Shelby/blackbird_calls/Experiments/Detection_of_calls/Datasets/All_call_classes/Split_data_controlled/OpenSoundScape/Call_audios/padded_3s/AZ15_Trial_3_trim_51.84394527_51.95650629_C.WAV,0.0,3.0,False,False,True,False,False,False,False,False,False,False,False
/home/Shelby/blackbird_calls/Experiments/Detection_of_calls/Datasets/All_call_classes/Split_data_controlled/OpenSoundScape/Call_audios/padded_3s/SL17b_Trial_2_trim_53.69050176_53.80248337_Check.WAV,0.0,3.0,False,False,False,True,False,False,False,False,False,False,False
/home/Shelby/blackbird_calls/Experiments/Detection_of_calls/Datasets/All_call_classes/Split_data_controlled/OpenSoundScape/Call_audios/padded_3s/SL17a_Trial_3_trim_51.69559509_51.77054752_Check.WAV,0.0,3.0,False,False,False,True,False,False,False,False,False,False,False
/home/Shelby/blackbird_calls/Experiments/Detection_of_calls/Datasets/All_call_classes/Split_data_controlled/OpenSoundScape/Call_audios/padded_3s/SL02_Trial_1_trim_49.75510191_49.84611554_Check.WAV,0.0,3.0,False,False,False,True,False,False,False,False,False,False,False
/home/Shelby/blackbird_calls/Experiments/Detection_of_calls/Datasets/All_call_classes/Split_data_controlled/OpenSoundScape/Call_audios/padded_3s/AZ13_Trial_3_trim_37.641653_37.71829049_Check.WAV,0.0,3.0,False,False,False,True,False,False,False,False,False,False,False
/home/Shelby/blackbird_calls/Experiments/Detection_of_calls/Datasets/All_call_classes/Split_data_controlled/OpenSoundScape/Call_audios/padded_3s/SL07_Trial_1_trim_43.21130086_43.91063833_Cheer.WAV,0.0,3.0,False,False,False,False,True,False,False,False,False,False,False
/home/Shelby/blackbird_calls/Experiments/Detection_of_calls/Datasets/All_call_classes/Split_data_controlled/OpenSoundScape/Call_audios/padded_3s/SL36_Trial_1_trim_16.90640872_17.58931343_Cheer.WAV,0.0,3.0,False,False,False,False,True,False,False,False,False,False,False
/home/Shelby/blackbird_calls/Experiments/Detection_of_calls/Datasets/All_call_classes/Split_data_controlled/OpenSoundScape/Call_audios/padded_3s/SL54_Trial_2_trim_34.33585212_34.47424891_Check.WAV,0.0,3.0,False,False,False,True,False,False,False,False,False,False,False
/home/Shelby/blackbird_calls/Experiments/Detection_of_calls/Datasets/All_call_classes/Split_data_controlled/OpenSoundScape/Call_audios/padded_3s/SL42_Trial_3_trim_48.13731783_48.21683045_Check.WAV,0.0,3.0,False,False,False,True,False,False,False,False,False,False,False
/home/Shelby/blackbird_calls/Experiments/Detection_of_calls/Datasets/All_call_classes/Split_data_controlled/OpenSoundScape/Call_audios/padded_3s/SL52_Trial_3_trim_49.03076957_49.18901089_Check.WAV,0.0,3.0,False,False,False,True,False,False,False,False,False,False,False
/home/Shelby/blackbird_calls/Experiments/Detection_of_calls/Datasets/All_call_classes/Split_data_controlled/OpenSoundScape/Call_audios/padded_3s/AZ13_Trial_1_trim_3.234523493_3.303989233_Check.WAV,0.0,3.0,False,False,False,True,False,False,False,False,False,False,False
/home/Shelby/blackbird_calls/Experiments/Detection_of_calls/Datasets/All_call_classes/Split_data_controlled/OpenSoundScape/Call_audios/padded_3s/SL22_Trial_1_trim_9.325430726_9.41963497_Check.WAV,0.0,3.0,False,False,False,True,False,False,False,False,False,False,False
/home/Shelby/blackbird_calls/Experiments/Detection_of_calls/Datasets/All_call_classes/Split_data_controlled/OpenSoundScape/Call_audios/padded_3s/SL54_Trial_3_trim_55.568985_55.74402359_Check.WAV,0.0,3.0,False,False,False,True,False,False,False,False,False,False,False
/home/Shelby/blackbird_calls/Experiments/Detection_of_calls/Datasets/All_call_classes/Split_data_controlled/OpenSoundScape/Call_audios/padded_3s/SL30_Trial_3_trim_13.86905673_13.97740285_Check.WAV,0.0,3.0,False,False,False,True,False,False,False,False,False,False,False
/home/Shelby/blackbird_calls/Experiments/Detection_of_calls/Datasets/All_call_classes/Split_data_controlled/OpenSoundScape/Call_audios/padded_3s/SL30_Trial_3_trim_38.66493307_38.76077772_Check.WAV,0.0,3.0,False,False,False,True,False,False,False,False,False,False,False
/home/Shelby/blackbird_calls/Experiments/Detection_of_calls/Datasets/All_call_classes/Split_data_controlled/OpenSoundScape/Call_audios/padded_3s/SL07_Trial_1_trim_26.37217624_26.50629576_D.WAV,0.0,3.0,False,False,False,False,False,False,True,False,False,False,False
/home/Shelby/blackbird_calls/Experiments/Detection_of_calls/Datasets/All_call_classes/Split_data_controlled/OpenSoundScape/Call_audios/padded_3s/SL42_Trial_1_trim_38.90212677_39.01461576_Check.WAV,0.0,3.0,False,False,False,True,False,False,False,False,False,False,False
/home/Shelby/blackbird_calls/Experiments/Detection_of_calls/Datasets/All_call_classes/Split_data_controlled/OpenSoundScape/Call_audios/padded_3s/SL43_Trial_2_trim_47.61099532_47.81086943_Check.WAV,0.0,3.0,False,False,False,True,False,False,False,False,False,False,False
/home/Shelby/blackbird_calls/Experiments/Detection_of_calls/Datasets/All_call_classes/Split_data_controlled/OpenSoundScape/Call_audios/padded_3s/AZ13_Trial_2_trim_51.84013443_51.92874664_Check.WAV,0.0,3.0,False,False,False,True,False,False,False,False,False,False,False
/home/Shelby/blackbird_calls/Experiments/Detection_of_calls/Datasets/All_call_classes/Split_data_controlled/OpenSoundScape/Call_audios/padded_3s/SL16_Trial_1_trim_56.72320959_56.85253869_Check.WAV,0.0,3.0,False,False,False,True,False,False,False,False,False,False,False
/home/Shelby/blackbird_calls/Experiments/Detection_of_calls/Datasets/All_call_classes/Split_data_controlled/OpenSoundScape/Call_audios/padded_3s/SL22_Trial_1_trim_20.539621_20.62793747_Check.WAV,0.0,3.0,False,False,False,True,False,False,False,False,False,False,False
/home/Shelby/blackbird_calls/Experiments/Detection_of_calls/Datasets/All_call_classes/Split_data_controlled/OpenSoundScape/Call_audios/padded_3s/SL56_Trial_3_trim_42.61828436_42.77728246_Check.WAV,0.0,3.0,False,False,False,True,False,False,False,False,False,False,False
/home/Shelby/blackbird_calls/Experiments/Detection_of_calls/Datasets/All_call_classes/Split_data_controlled/OpenSoundScape/Call_audios/padded_3s/AZ15_Trial_1_trim_54.33469277_54.43048939_Check.WAV,0.0,3.0,False,False,False,True,False,False,False,False,False,False,False
/home/Shelby/blackbird_calls/Experiments/Detection_of_calls/Datasets/All_call_classes/Split_data_controlled/OpenSoundScape/Call_audios/padded_3s/AZ13_Trial_3_trim_52.75158606_52.92881027_Chits.WAV,0.0,3.0,False,False,False,False,False,True,False,False,False,False,False
/home/Shelby/blackbird_calls/Experiments/Detection_of_calls/Datasets/All_call_classes/Split_data_controlled/OpenSoundScape/Call_audios/padded_3s/SL51_Trial_1_trim_40.00065766_40.09782451_Check.WAV,0.0,3.0,False,False,False,True,False,False,False,False,False,False,False
/home/Shelby/blackbird_calls/Experiments/Detection_of_calls/Datasets/All_call_classes/Split_data_controlled/OpenSoundScape/Call_audios/padded_3s/AZ13_Trial_1_trim_7.512658024_7.594100616_Check.WAV,0.0,3.0,False,False,False,True,False,False,False,False,False,False,False
/home/Shelby/blackbird_calls/Experiments/Detection_of_calls/Datasets/All_call_classes/Split_data_controlled/OpenSoundScape/Call_audios/padded_3s/AZ15_Trial_1_trim_33.97616102_34.09111695_Check.WAV,0.0,3.0,False,False,False,True,False,False,False,False,False,False,False
/home/Shelby/blackbird_calls/Experiments/Detection_of_calls/Datasets/All_call_classes/Split_data_controlled/OpenSoundScape/Call_audios/padded_3s/AZ13_Trial_1_trim_36.05768635_36.1343382_Check.WAV,0.0,3.0,False,False,False,True,False,False,False,False,False,False,False
/home/Shelby/blackbird_calls/Experiments/Detection_of_calls/Datasets/All_call_classes/Split_data_controlled/OpenSoundScape/Call_audios/padded_3s/SL42_Trial_2_trim_44.69022785_44.75477339_Check.WAV,0.0,3.0,False,False,False,True,False,False,False,False,False,False,False
/home/Shelby/blackbird_calls/Experiments/Detection_of_calls/Datasets/All_call_classes/Split_data_controlled/OpenSoundScape/Call_audios/padded_3s/AZ15_Trial_1_trim_24.85081348_24.94182026_Check.WAV,0.0,3.0,False,False,False,True,False,False,False,False,False,False,False
/home/Shelby/blackbird_calls/Experiments/Detection_of_calls/Datasets/All_call_classes/Split_data_controlled/OpenSoundScape/Call_audios/padded_3s/SL17a_Trial_2_trim_59.92431948_59.98678135_E.WAV,0.0,3.0,False,False,False,False,False,False,False,True,False,False,False
/home/Shelby/blackbird_calls/Experiments/Detection_of_calls/Datasets/All_call_classes/Split_data_controlled/OpenSoundScape/Call_audios/padded_3s/SL52_Trial_1_trim_21.99599821_22.1167549_Check.WAV,0.0,3.0,False,False,False,True,False,False,False,False,False,False,False
/home/Shelby/blackbird_calls/Experiments/Detection_of_calls/Datasets/All_call_classes/Split_data_controlled/OpenSoundScape/Call_audios/padded_3s/AZ15_Trial_1_trim_51.41620902_51.54074462_Check.WAV,0.0,3.0,False,False,False,True,False,False,False,False,False,False,False
/home/Shelby/blackbird_calls/Experiments/Detection_of_calls/Datasets/All_call_classes/Split_data_controlled/OpenSoundScape/Call_audios/padded_3s/SL50_Trial_3_trim_59.70998893_59.82780485_K.WAV,0.0,3.0,False,False,False,False,False,False,False,False,False,False,True
/home/Shelby/blackbird_calls/Experiments/Detection_of_calls/Datasets/All_call_classes/Split_data_controlled/OpenSoundScape/Call_audios/padded_3s/AZ15_Trial_1_trim_42.81295302_42.88959031_Check.WAV,0.0,3.0,False,False,False,True,False,False,False,False,False,False,False
/home/Shelby/blackbird_calls/Experiments/Detection_of_calls/Datasets/All_call_classes/Split_data_controlled/OpenSoundScape/Call_audios/padded_3s/SL51_Trial_1_trim_4.917231556_5.512010462_Cheer.WAV,0.0,3.0,False,False,False,False,True,False,False,False,False,False,False
/home/Shelby/blackbird_calls/Experiments/Detection_of_calls/Datasets/All_call_classes/Split_data_controlled/OpenSoundScape/Call_audios/padded_3s/AZ15_Trial_3_trim_25.02708713_25.11330408_Check.WAV,0.0,3.0,False,False,False,True,False,False,False,False,False,False,False
/home/Shelby/blackbird_calls/Experiments/Detection_of_calls/Datasets/All_call_classes/Split_data_controlled/OpenSoundScape/Call_audios/padded_3s/SL07_Trial_3_trim_7.887824228_8.038703893_D.WAV,0.0,3.0,False,False,False,False,False,False,True,False,False,False,False
/home/Shelby/blackbird_calls/Experiments/Detection_of_calls/Datasets/All_call_classes/Split_data_controlled/OpenSoundScape/Call_audios/padded_3s/SL36_Trial_3_trim_9.217921922_9.857158939_Cheer.WAV,0.0,3.0,False,False,False,False,True,False,False,False,False,False,False
/home/Shelby/blackbird_calls/Experiments/Detection_of_calls/Datasets/All_call_classes/Split_data_controlled/OpenSoundScape/Call_audios/padded_3s/SL52_Trial_3_trim_31.01137703_31.13214015_Check.WAV,0.0,3.0,False,False,False,True,False,False,False,False,False,False,False
/home/Shelby/blackbird_calls/Experiments/Detection_of_calls/Datasets/All_call_classes/Split_data_controlled/OpenSoundScape/Call_audios/padded_3s/SL07_Trial_1_trim_15.64677355_15.7713131_D.WAV,0.0,3.0,False,False,False,False,False,False,True,False,False,False,False
/home/Shelby/blackbird_calls/Experiments/Detection_of_calls/Datasets/All_call_classes/Split_data_controlled/OpenSoundScape/Call_audios/padded_3s/AZ13_Trial_3_trim_5.697161666_5.76900932_Check.WAV,0.0,3.0,False,False,False,True,False,False,False,False,False,False,False
/home/Shelby/blackbird_calls/Experiments/Detection_of_calls/Datasets/All_call_classes/Split_data_controlled/OpenSoundScape/Call_audios/padded_3s/SL42_Trial_1_trim_26.22397946_26.31980341_Check.WAV,0.0,3.0,False,False,False,True,False,False,False,False,False,False,False
/home/Shelby/blackbird_calls/Experiments/Detection_of_calls/Datasets/All_call_classes/Split_data_controlled/OpenSoundScape/Call_audios/padded_3s/SL52_Trial_1_trim_8.616060414_8.715996982_Check.WAV,0.0,3.0,False,False,False,True,False,False,False,False,False,False,False
/home/Shelby/blackbird_calls/Experiments/Detection_of_calls/Datasets/All_call_classes/Split_data_controlled/OpenSoundScape/Call_audios/padded_3s/SL51_Trial_3_trim_10.5756498_10.64631562_Check.WAV,0.0,3.0,False,False,False,True,False,False,False,False,False,False,False
/home/Shelby/blackbird_calls/Experiments/Detection_of_calls/Datasets/All_call_classes/Split_data_controlled/OpenSoundScape/Call_audios/padded_3s/SL49_Trial_2_trim_54.60784952_55.17004705_Cheer.WAV,0.0,3.0,False,False,False,False,True,False,False,False,False,False,False
/home/Shelby/blackbird_calls/Experiments/Detection_of_calls/Datasets/All_call_classes/Split_data_controlled/OpenSoundScape/Call_audios/padded_3s/SL42_Trial_2_trim_13.7085051_13.7959539_Check.WAV,0.0,3.0,False,False,False,True,False,False,False,False,False,False,False
/home/Shelby/blackbird_calls/Experiments/Detection_of_calls/Datasets/All_call_classes/Split_data_controlled/OpenSoundScape/Call_audios/padded_3s/RC02_Trial_1_trim_1.197457661_1.26451529_Check.WAV,0.0,3.0,False,False,False,True,False,False,False,False,False,False,False
/home/Shelby/blackbird_calls/Experiments/Detection_of_calls/Datasets/All_call_classes/Split_data_controlled/OpenSoundScape/Call_audios/padded_3s/SL17a_Trial_2_trim_38.20464255_38.27335061_E.WAV,0.0,3.0,False,False,False,False,False,False,False,True,False,False,False
/home/Shelby/blackbird_calls/Experiments/Detection_of_calls/Datasets/All_call_classes/Split_data_controlled/OpenSoundScape/Call_audios/padded_3s/EF01_Trial_2_trim_40.11924306_40.19419628_Check.WAV,0.0,3.0,False,False,False,True,False,False,False,False,False,False,False
/home/Shelby/blackbird_calls/Experiments/Detection_of_calls/Datasets/All_call_classes/Split_data_controlled/OpenSoundScape/Call_audios/padded_3s/SL22_Trial_2_trim_8.887185828_9.007942513_Check.WAV,0.0,3.0,False,False,False,True,False,False,False,False,False,False,False
/home/Shelby/blackbird_calls/Experiments/Detection_of_calls/Datasets/All_call_classes/Split_data_controlled/OpenSoundScape/Call_audios/padded_3s/AZ13_Trial_2_trim_0.292180826_0.35923872_Check.WAV,0.0,3.0,False,False,False,True,False,False,False,False,False,False,False
/home/Shelby/blackbird_calls/Experiments/Detection_of_calls/Datasets/All_call_classes/Split_data_controlled/OpenSoundScape/Call_audios/padded_3s/SL07_Trial_1_trim_49.6723148_50.09383327_Cheer.WAV,0.0,3.0,False,False,False,False,True,False,False,False,False,False,False
/home/Shelby/blackbird_calls/Experiments/Detection_of_calls/Datasets/All_call_classes/Split_data_controlled/OpenSoundScape/Call_audios/padded_3s/SL22_Trial_1_trim_35.34222018_35.38343453_Check.WAV,0.0,3.0,False,False,False,True,False,False,False,False,False,False,False
/home/Shelby/blackbird_calls/Experiments/Detection_of_calls/Datasets/All_call_classes/Split_data_controlled/OpenSoundScape/Call_audios/padded_3s/SL22_Trial_1_trim_12.2687068_12.35407939_Check.WAV,0.0,3.0,False,False,False,True,False,False,False,False,False,False,False
/home/Shelby/blackbird_calls/Experiments/Detection_of_calls/Datasets/All_call_classes/Split_data_controlled/OpenSoundScape/Call_audios/padded_3s/SL28_Trial_1_trim_58.24145014_58.86272051_Chits.WAV,0.0,3.0,False,False,False,False,False,True,False,False,False,False,False
/home/Shelby/blackbird_calls/Experiments/Detection_of_calls/Datasets/All_call_classes/Split_data_controlled/OpenSoundScape/Call_audios/padded_3s/RC02_Trial_1_trim_44.54584113_44.61289876_Check.WAV,0.0,3.0,False,False,False,True,False,False,False,False,False,False,False
/home/Shelby/blackbird_calls/Experiments/Detection_of_calls/Datasets/All_call_classes/Split_data_controlled/OpenSoundScape/Call_audios/padded_3s/AZ13_Trial_1_trim_58.40354452_58.49217322_Check.WAV,0.0,3.0,False,False,False,True,False,False,False,False,False,False,False
/home/Shelby/blackbird_calls/Experiments/Detection_of_calls/Datasets/All_call_classes/Split_data_controlled/OpenSoundScape/Call_audios/padded_3s/SL22_Trial_2_trim_4.672034509_4.805283265_Check.WAV,0.0,3.0,False,False,False,True,False,False,False,False,False,False,False
/home/Shelby/blackbird_calls/Experiments/Detection_of_calls/Datasets/All_call_classes/Split_data_controlled/OpenSoundScape/Call_audios/padded_3s/AZ13_Trial_3_trim_56.76807732_56.83992497_Check.WAV,0.0,3.0,False,False,False,True,False,False,False,False,False,False,False
/home/Shelby/blackbird_calls/Experiments/Detection_of_calls/Datasets/All_call_classes/Split_data_controlled/OpenSoundScape/Call_audios/padded_3s/SL07_Trial_3_trim_1.22380173_1.37228648_D.WAV,0.0,3.0,False,False,False,False,False,False,True,False,False,False,False
/home/Shelby/blackbird_calls/Experiments/Detection_of_calls/Datasets/All_call_classes/Split_data_controlled/OpenSoundScape/Call_audios/padded_3s/SL51_Trial_1_trim_20.88999558_20.97244018_Check.WAV,0.0,3.0,False,False,False,True,False,False,False,False,False,False,False
/home/Shelby/blackbird_calls/Experiments/Detection_of_calls/Datasets/All_call_classes/Split_data_controlled/OpenSoundScape/Call_audios/padded_3s/SL17b_Trial_2_trim_18.30562064_18.4853806_Check.WAV,0.0,3.0,False,False,False,True,False,False,False,False,False,False,False
/home/Shelby/blackbird_calls/Experiments/Detection_of_calls/Datasets/All_call_classes/Split_data_controlled/OpenSoundScape/Call_audios/padded_3s/SL13_Trial_1_trim_13.7670967_13.83894416_Check.WAV,0.0,3.0,False,False,False,True,False,False,False,False,False,False,False
/home/Shelby/blackbird_calls/Experiments/Detection_of_calls/Datasets/All_call_classes/Split_data_controlled/OpenSoundScape/Call_audios/padded_3s/SL30_Trial_3_trim_52.09882822_52.18425497_Check.WAV,0.0,3.0,False,False,False,True,False,False,False,False,False,False,False
/home/Shelby/blackbird_calls/Experiments/Detection_of_calls/Datasets/All_call_classes/Split_data_controlled/OpenSoundScape/Call_audios/padded_3s/AZ15_Trial_3_trim_4.834497638_4.905622995_Check.WAV,0.0,3.0,False,False,False,True,False,False,False,False,False,False,False
/home/Shelby/blackbird_calls/Experiments/Detection_of_calls/Datasets/All_call_classes/Split_data_controlled/OpenSoundScape/Call_audios/padded_3s/SL13_Trial_3_trim_49.66429327_49.74915788_Check.WAV,0.0,3.0,False,False,False,True,False,False,False,False,False,False,False
/home/Shelby/blackbird_calls/Experiments/Detection_of_calls/Datasets/All_call_classes/Split_data_controlled/OpenSoundScape/Call_audios/padded_3s/AZ15_Trial_1_trim_34.5509407_34.64194748_Check.WAV,0.0,3.0,False,False,False,True,False,False,False,False,False,False,False
/home/Shelby/blackbird_calls/Experiments/Detection_of_calls/Datasets/All_call_classes/Split_data_controlled/OpenSoundScape/Call_audios/padded_3s/SL02_Trial_2_trim_54.51256246_54.57244902_Check.WAV,0.0,3.0,False,False,False,True,False,False,False,False,False,False,False
/home/Shelby/blackbird_calls/Experiments/Detection_of_calls/Datasets/All_call_classes/Split_data_controlled/OpenSoundScape/Call_audios/padded_3s/SL49_Trial_2_trim_0.472662368_0.543457612_D.WAV,0.0,3.0,False,False,False,False,False,False,True,False,False,False,False
/home/Shelby/blackbird_calls/Experiments/Detection_of_calls/Datasets/All_call_classes/Split_data_controlled/OpenSoundScape/Call_audios/padded_3s/AZ15_Trial_1_trim_23.46771584_23.58267177_Check.WAV,0.0,3.0,False,False,False,True,False,False,False,False,False,False,False
/home/Shelby/blackbird_calls/Experiments/Detection_of_calls/Datasets/All_call_classes/Split_data_controlled/OpenSoundScape/Call_audios/padded_3s/SL36_Trial_1_trim_54.83526222_54.94560962_Check.WAV,0.0,3.0,False,False,False,True,False,False,False,False,False,False,False
/home/Shelby/blackbird_calls/Experiments/Detection_of_calls/Datasets/All_call_classes/Split_data_controlled/OpenSoundScape/Call_audios/padded_3s/EF04_Trial_3_trim_10.3639015_10.72847048_G.WAV,0.0,3.0,False,False,False,False,False,False,False,False,True,False,False
/home/Shelby/blackbird_calls/Experiments/Detection_of_calls/Datasets/All_call_classes/Split_data_controlled/OpenSoundScape/Call_audios/padded_3s/SL38_Trial_3_trim_55.76942354_56.06299862_Cheer.WAV,0.0,3.0,False,False,False,False,True,False,False,False,False,False,False
/home/Shelby/blackbird_calls/Experiments/Detection_of_calls/Datasets/All_call_classes/Split_data_controlled/OpenSoundScape/Call_audios/padded_3s/SL21_Trial_2_trim_57.74747804_57.98099298_Check.WAV,0.0,3.0,False,False,False,True,False,False,False,False,False,False,False
/home/Shelby/blackbird_calls/Experiments/Detection_of_calls/Datasets/All_call_classes/Split_data_controlled/OpenSoundScape/Call_audios/padded_3s/SL21_Trial_3_trim_46.69766051_46.84209541_Check.WAV,0.0,3.0,False,False,False,True,False,False,False,False,False,False,False
/home/Shelby/blackbird_calls/Experiments/Detection_of_calls/Datasets/All_call_classes/Split_data_controlled/OpenSoundScape/Call_audios/padded_3s/EF01_Trial_3_trim_75.00963908_75.18041816_I.WAV,0.0,3.0,False,False,False,False,False,False,True,False,False,False,False
/home/Shelby/blackbird_calls/Experiments/Detection_of_calls/Datasets/All_call_classes/Split_data_controlled/OpenSoundScape/Call_audios/padded_3s/AZ15_Trial_3_trim_38.82858397_38.92198567_Check.WAV,0.0,3.0,False,False,False,True,False,False,False,False,False,False,False
/home/Shelby/blackbird_calls/Experiments/Detection_of_calls/Datasets/All_call_classes/Split_data_controlled/OpenSoundScape/Call_audios/padded_3s/SL52_Trial_1_trim_23.96118727_24.06945188_Check.WAV,0.0,3.0,False,False,False,True,False,False,False,False,False,False,False
/home/Shelby/blackbird_calls/Experiments/Detection_of_calls/Datasets/All_call_classes/Split_data_controlled/OpenSoundScape/Call_audios/padded_3s/SL54_Trial_2_trim_31.27051042_31.39123953_Check.WAV,0.0,3.0,False,False,False,True,False,False,False,False,False,False,False
/home/Shelby/blackbird_calls/Experiments/Detection_of_calls/Datasets/All_call_classes/Split_data_controlled/OpenSoundScape/Call_audios/padded_3s/AZ08_Trial_3_trim_49.97389398_50.05856875_Check.WAV,0.0,3.0,False,False,False,True,False,False,False,False,False,False,False
/home/Shelby/blackbird_calls/Experiments/Detection_of_calls/Datasets/All_call_classes/Split_data_controlled/OpenSoundScape/Call_audios/padded_3s/SL52_Trial_1_trim_19.59335658_19.67247303_Check.WAV,0.0,3.0,False,False,False,True,False,False,False,False,False,False,False
/home/Shelby/blackbird_calls/Experiments/Detection_of_calls/Datasets/All_call_classes/Split_data_controlled/OpenSoundScape/Call_audios/padded_3s/SL09_Trial_3_trim_60.10065444_60.6629513_Cheer.WAV,0.0,3.0,False,False,False,False,True,False,False,False,False,False,False
/home/Shelby/blackbird_calls/Experiments/Detection_of_calls/Datasets/All_call_classes/Split_data_controlled/OpenSoundScape/Call_audios/padded_3s/SL09_Trial_3_trim_78.03972425_78.61557043_Cheer.WAV,0.0,3.0,False,False,False,False,True,False,False,False,False,False,False
/home/Shelby/blackbird_calls/Experiments/Detection_of_calls/Datasets/All_call_classes/Split_data_controlled/OpenSoundScape/Call_audios/padded_3s/SL22_Trial_1_trim_37.75031616_37.87395923_Check.WAV,0.0,3.0,False,False,False,True,False,False,False,False,False,False,False
/home/Shelby/blackbird_calls/Experiments/Detection_of_calls/Datasets/All_call_classes/Split_data_controlled/OpenSoundScape/Call_audios/padded_3s/RC02_Trial_1_trim_35.05014898_36.71701004_Chits.WAV,0.0,3.0,False,False,False,False,False,True,False,False,False,False,False
/home/Shelby/blackbird_calls/Experiments/Detection_of_calls/Datasets/All_call_classes/Split_data_controlled/OpenSoundScape/Call_audios/padded_3s/SL43_Trial_2_trim_31.79040453_31.9777865_Check.WAV,0.0,3.0,False,False,False,True,False,False,False,False,False,False,False
/home/Shelby/blackbird_calls/Experiments/Detection_of_calls/Datasets/All_call_classes/Split_data_controlled/OpenSoundScape/Call_audios/padded_3s/SL52_Trial_1_trim_25.21455838_25.31865897_Check.WAV,0.0,3.0,False,False,False,True,False,False,False,False,False,False,False
/home/Shelby/blackbird_calls/Experiments/Detection_of_calls/Datasets/All_call_classes/Split_data_controlled/OpenSoundScape/Call_audios/padded_3s/SL42_Trial_1_trim_19.87540102_19.95872619_Check.WAV,0.0,3.0,False,False,False,True,False,False,False,False,False,False,False
/home/Shelby/blackbird_calls/Experiments/Detection_of_calls/Datasets/All_call_classes/Split_data_controlled/OpenSoundScape/Call_audios/padded_3s/SL09_Trial_3_trim_22.94887164_23.17243545_E.WAV,0.0,3.0,False,False,False,False,False,False,False,True,False,False,False
/home/Shelby/blackbird_calls/Experiments/Detection_of_calls/Datasets/All_call_classes/Split_data_controlled/OpenSoundScape/Call_audios/padded_3s/SL10_Trial_3_trim_26.62974343_27.22851504_Cheer.WAV,0.0,3.0,False,False,False,False,True,False,False,False,False,False,False
/home/Shelby/blackbird_calls/Experiments/Detection_of_calls/Datasets/All_call_classes/Split_data_controlled/OpenSoundScape/Call_audios/padded_3s/SL21_Trial_2_trim_26.09715534_26.28063136_Check.WAV,0.0,3.0,False,False,False,True,False,False,False,False,False,False,False
/home/Shelby/blackbird_calls/Experiments/Detection_of_calls/Datasets/All_call_classes/Split_data_controlled/OpenSoundScape/Call_audios/padded_3s/AZ15_Trial_3_trim_53.31664321_53.42201948_Check.WAV,0.0,3.0,False,False,False,True,False,False,False,False,False,False,False
/home/Shelby/blackbird_calls/Experiments/Detection_of_calls/Datasets/All_call_classes/Split_data_controlled/OpenSoundScape/Call_audios/padded_3s/AZ15_Trial_1_trim_47.62234968_47.74688528_Check.WAV,0.0,3.0,False,False,False,True,False,False,False,False,False,False,False
/home/Shelby/blackbird_calls/Experiments/Detection_of_calls/Datasets/All_call_classes/Split_data_controlled/OpenSoundScape/Call_audios/padded_3s/SL42_Trial_3_trim_48.35524132_48.46420306_Check.WAV,0.0,3.0,False,False,False,True,False,False,False,False,False,False,False
/home/Shelby/blackbird_calls/Experiments/Detection_of_calls/Datasets/All_call_classes/Split_data_controlled/OpenSoundScape/Call_audios/padded_3s/SL38_Trial_3_trim_38.39613557_38.4752551_Check.WAV,0.0,3.0,False,False,False,True,False,False,False,False,False,False,False
/home/Shelby/blackbird_calls/Experiments/Detection_of_calls/Datasets/All_call_classes/Split_data_controlled/OpenSoundScape/Call_audios/padded_3s/SL30_Trial_1_trim_46.75653234_47.23539592_Cheer.WAV,0.0,3.0,False,False,False,False,True,False,False,False,False,False,False
/home/Shelby/blackbird_calls/Experiments/Detection_of_calls/Datasets/All_call_classes/Split_data_controlled/OpenSoundScape/Call_audios/padded_3s/AZ15_Trial_3_trim_2.706150462_2.800984271_Check.WAV,0.0,3.0,False,False,False,True,False,False,False,False,False,False,False
/home/Shelby/blackbird_calls/Experiments/Detection_of_calls/Datasets/All_call_classes/Split_data_controlled/OpenSoundScape/Call_audios/padded_3s/SL50_Trial_1_trim_44.83470201_44.93047742_Check.WAV,0.0,3.0,False,False,False,True,False,False,False,False,False,False,False
/home/Shelby/blackbird_calls/Experiments/Detection_of_calls/Datasets/All_call_classes/Split_data_controlled/OpenSoundScape/Call_audios/padded_3s/SL07_Trial_1_trim_12.18330089_12.76767878_Cheer.WAV,0.0,3.0,False,False,False,False,True,False,False,False,False,False,False
/home/Shelby/blackbird_calls/Experiments/Detection_of_calls/Datasets/All_call_classes/Split_data_controlled/OpenSoundScape/Call_audios/padded_3s/AZ15_Trial_1_trim_19.91706195_19.99369924_Check.WAV,0.0,3.0,False,False,False,True,False,False,False,False,False,False,False
/home/Shelby/blackbird_calls/Experiments/Detection_of_calls/Datasets/All_call_classes/Split_data_controlled/OpenSoundScape/Call_audios/padded_3s/SL51_Trial_3_trim_53.8397371_53.92806938_Check.WAV,0.0,3.0,False,False,False,True,False,False,False,False,False,False,False
/home/Shelby/blackbird_calls/Experiments/Detection_of_calls/Datasets/All_call_classes/Split_data_controlled/OpenSoundScape/Call_audios/padded_3s/EF01_Trial_2_trim_20.09282425_20.18859781_Check.WAV,0.0,3.0,False,False,False,True,False,False,False,False,False,False,False
/home/Shelby/blackbird_calls/Experiments/Detection_of_calls/Datasets/All_call_classes/Split_data_controlled/OpenSoundScape/Call_audios/padded_3s/SL17a_Trial_3_trim_34.77660227_34.86787896_Check.WAV,0.0,3.0,False,False,False,True,False,False,False,False,False,False,False
/home/Shelby/blackbird_calls/Experiments/Detection_of_calls/Datasets/All_call_classes/Split_data_controlled/OpenSoundScape/Call_audios/padded_3s/RC02_Trial_3_trim_48.26815979_48.53573567_Chits.WAV,0.0,3.0,False,False,False,False,False,True,False,False,False,False,False
/home/Shelby/blackbird_calls/Experiments/Detection_of_calls/Datasets/All_call_classes/Split_data_controlled/OpenSoundScape/Call_audios/padded_3s/SL52_Trial_1_trim_15.11332834_15.22159295_Check.WAV,0.0,3.0,False,False,False,True,False,False,False,False,False,False,False
/home/Shelby/blackbird_calls/Experiments/Detection_of_calls/Datasets/All_call_classes/Split_data_controlled/OpenSoundScape/Call_audios/padded_3s/AZ15_Trial_1_trim_34.34497798_34.45035425_Check.WAV,0.0,3.0,False,False,False,True,False,False,False,False,False,False,False
/home/Shelby/blackbird_calls/Experiments/Detection_of_calls/Datasets/All_call_classes/Split_data_controlled/OpenSoundScape/Call_audios/padded_3s/SL51_Trial_2_trim_13.39827678_13.50654139_Check.WAV,0.0,3.0,False,False,False,True,False,False,False,False,False,False,False
/home/Shelby/blackbird_calls/Experiments/Detection_of_calls/Datasets/All_call_classes/Split_data_controlled/OpenSoundScape/Call_audios/padded_3s/SL21_Trial_1_trim_7.595772298_7.698832193_Check.WAV,0.0,3.0,False,False,False,True,False,False,False,False,False,False,False
/home/Shelby/blackbird_calls/Experiments/Detection_of_calls/Datasets/All_call_classes/Split_data_controlled/OpenSoundScape/Call_audios/padded_3s/SL56_Trial_3_trim_70.1447578_70.88086013_Cheer.WAV,0.0,3.0,False,False,False,False,True,False,False,False,False,False,False
/home/Shelby/blackbird_calls/Experiments/Detection_of_calls/Datasets/All_call_classes/Split_data_controlled/OpenSoundScape/Call_audios/padded_3s/SL02_Trial_1_trim_56.53958326_56.88926719_Cheer.WAV,0.0,3.0,False,False,False,False,True,False,False,False,False,False,False
/home/Shelby/blackbird_calls/Experiments/Detection_of_calls/Datasets/All_call_classes/Split_data_controlled/OpenSoundScape/Call_audios/padded_3s/AZ15_Trial_3_trim_49.90885369_50.0046503_C.WAV,0.0,3.0,False,False,True,False,False,False,False,False,False,False,False
/home/Shelby/blackbird_calls/Experiments/Detection_of_calls/Datasets/All_call_classes/Split_data_controlled/OpenSoundScape/Call_audios/padded_3s/AZ13_Trial_3_trim_29.41936795_29.48642577_Check.WAV,0.0,3.0,False,False,False,True,False,False,False,False,False,False,False
/home/Shelby/blackbird_calls/Experiments/Detection_of_calls/Datasets/All_call_classes/Split_data_controlled/OpenSoundScape/Call_audios/padded_3s/EF01_Trial_3_trim_2.442468866_2.597019718_O.WAV,0.0,3.0,False,False,False,False,False,False,False,True,False,False,False
/home/Shelby/blackbird_calls/Experiments/Detection_of_calls/Datasets/All_call_classes/Split_data_controlled/OpenSoundScape/Call_audios/padded_3s/AZ13_Trial_1_trim_5.914944329_6.003573032_Check.WAV,0.0,3.0,False,False,False,True,False,False,False,False,False,False,False
/home/Shelby/blackbird_calls/Experiments/Detection_of_calls/Datasets/All_call_classes/Split_data_controlled/OpenSoundScape/Call_audios/padded_3s/SL07_Trial_3_trim_2.330252609_2.44760346_D.WAV,0.0,3.0,False,False,False,False,False,False,True,False,False,False,False
/home/Shelby/blackbird_calls/Experiments/Detection_of_calls/Datasets/All_call_classes/Split_data_controlled/OpenSoundScape/Call_audios/padded_3s/SL22_Trial_1_trim_38.92240796_39.01955609_Check.WAV,0.0,3.0,False,False,False,True,False,False,False,False,False,False,False
/home/Shelby/blackbird_calls/Experiments/Detection_of_calls/Datasets/All_call_classes/Split_data_controlled/OpenSoundScape/Call_audios/padded_3s/SL07_Trial_3_trim_51.27885121_51.40578172_Check.WAV,0.0,3.0,False,False,False,True,False,False,False,False,False,False,False
/home/Shelby/blackbird_calls/Experiments/Detection_of_calls/Datasets/All_call_classes/Split_data_controlled/OpenSoundScape/Call_audios/padded_3s/SL17a_Trial_2_trim_24.4640524_24.53692458_E.WAV,0.0,3.0,False,False,False,False,False,False,False,True,False,False,False
/home/Shelby/blackbird_calls/Experiments/Detection_of_calls/Datasets/All_call_classes/Split_data_controlled/OpenSoundScape/Call_audios/padded_3s/SL52_Trial_3_trim_55.75787597_55.87863909_Check.WAV,0.0,3.0,False,False,False,True,False,False,False,False,False,False,False
/home/Shelby/blackbird_calls/Experiments/Detection_of_calls/Datasets/All_call_classes/Split_data_controlled/OpenSoundScape/Call_audios/padded_3s/SL42_Trial_1_trim_4.587582425_4.681323243_Check.WAV,0.0,3.0,False,False,False,True,False,False,False,False,False,False,False
/home/Shelby/blackbird_calls/Experiments/Detection_of_calls/Datasets/All_call_classes/Split_data_controlled/OpenSoundScape/Call_audios/padded_3s/SL42_Trial_1_trim_21.97785648_22.04451661_Check.WAV,0.0,3.0,False,False,False,True,False,False,False,False,False,False,False
/home/Shelby/blackbird_calls/Experiments/Detection_of_calls/Datasets/All_call_classes/Split_data_controlled/OpenSoundScape/Call_audios/padded_3s/SL52_Trial_1_trim_6.4632602_6.600672979_Check.WAV,0.0,3.0,False,False,False,True,False,False,False,False,False,False,False
/home/Shelby/blackbird_calls/Experiments/Detection_of_calls/Datasets/All_call_classes/Split_data_controlled/OpenSoundScape/Call_audios/padded_3s/SL52_Trial_1_trim_13.03409161_13.1548483_Check.WAV,0.0,3.0,False,False,False,True,False,False,False,False,False,False,False
/home/Shelby/blackbird_calls/Experiments/Detection_of_calls/Datasets/All_call_classes/Split_data_controlled/OpenSoundScape/Call_audios/padded_3s/SL50_Trial_1_trim_26.21656159_26.33315774_Check.WAV,0.0,3.0,False,False,False,True,False,False,False,False,False,False,False
/home/Shelby/blackbird_calls/Experiments/Detection_of_calls/Datasets/All_call_classes/Split_data_controlled/OpenSoundScape/Call_audios/padded_3s/SL09_Trial_1_trim_0.410105995_0.871051577_Cheer.WAV,0.0,3.0,False,False,False,False,True,False,False,False,False,False,False
/home/Shelby/blackbird_calls/Experiments/Detection_of_calls/Datasets/All_call_classes/Split_data_controlled/OpenSoundScape/Call_audios/padded_3s/SL50_Trial_1_trim_0.108267855_0.38310164_M.WAV,0.0,3.0,True,False,False,False,False,False,False,False,False,False,False
/home/Shelby/blackbird_calls/Experiments/Detection_of_calls/Datasets/All_call_classes/Split_data_controlled/OpenSoundScape/Call_audios/padded_3s/SL02_Trial_1_trim_48.62461686_48.7132354_Check.WAV,0.0,3.0,False,False,False,True,False,False,False,False,False,False,False
/home/Shelby/blackbird_calls/Experiments/Detection_of_calls/Datasets/All_call_classes/Split_data_controlled/OpenSoundScape/Call_audios/padded_3s/SL21_Trial_3_trim_14.16160866_14.66565699_K.WAV,0.0,3.0,False,False,False,False,False,False,False,False,False,False,True
/home/Shelby/blackbird_calls/Experiments/Detection_of_calls/Datasets/All_call_classes/Split_data_controlled/OpenSoundScape/Call_audios/padded_3s/SL42_Trial_3_trim_41.44975829_41.53810565_Check.WAV,0.0,3.0,False,False,False,True,False,False,False,False,False,False,False
/home/Shelby/blackbird_calls/Experiments/Detection_of_calls/Datasets/All_call_classes/Split_data_controlled/OpenSoundScape/Call_audios/padded_3s/AZ13_Trial_1_trim_9.402607007_9.503212562_Check.WAV,0.0,3.0,False,False,False,True,False,False,False,False,False,False,False
/home/Shelby/blackbird_calls/Experiments/Detection_of_calls/Datasets/All_call_classes/Split_data_controlled/OpenSoundScape/Call_audios/padded_3s/AZ13_Trial_1_trim_6.669487658_6.738953399_Check.WAV,0.0,3.0,False,False,False,True,False,False,False,False,False,False,False
/home/Shelby/blackbird_calls/Experiments/Detection_of_calls/Datasets/All_call_classes/Split_data_controlled/OpenSoundScape/Call_audios/padded_3s/SL50_Trial_1_trim_22.23586417_22.42325084_M.WAV,0.0,3.0,True,False,False,False,False,False,False,False,False,False,False
/home/Shelby/blackbird_calls/Experiments/Detection_of_calls/Datasets/All_call_classes/Split_data_controlled/OpenSoundScape/Call_audios/padded_3s/SL38_Trial_1_trim_32.27872526_32.50780954_E.WAV,0.0,3.0,False,False,False,False,False,False,False,True,False,False,False
/home/Shelby/blackbird_calls/Experiments/Detection_of_calls/Datasets/All_call_classes/Split_data_controlled/OpenSoundScape/Call_audios/padded_3s/AZ13_Trial_1_trim_42.34834376_42.44415857_Check.WAV,0.0,3.0,False,False,False,True,False,False,False,False,False,False,False
/home/Shelby/blackbird_calls/Experiments/Detection_of_calls/Datasets/All_call_classes/Split_data_controlled/OpenSoundScape/Call_audios/padded_3s/AZ08_Trial_1_trim_45.75107552_45.82220232_C.WAV,0.0,3.0,False,False,True,False,False,False,False,False,False,False,False
/home/Shelby/blackbird_calls/Experiments/Detection_of_calls/Datasets/All_call_classes/Split_data_controlled/OpenSoundScape/Call_audios/padded_3s/SL16_Trial_2_trim_55.49342734_55.98283195_Cheer.WAV,0.0,3.0,False,False,False,False,True,False,False,False,False,False,False
/home/Shelby/blackbird_calls/Experiments/Detection_of_calls/Datasets/All_call_classes/Split_data_controlled/OpenSoundScape/Call_audios/padded_3s/AZ13_Trial_3_trim_52.97431379_53.05813605_Check.WAV,0.0,3.0,False,False,False,True,False,False,False,False,False,False,False
/home/Shelby/blackbird_calls/Experiments/Detection_of_calls/Datasets/All_call_classes/Split_data_controlled/OpenSoundScape/Call_audios/padded_3s/AZ13_Trial_1_trim_4.209439228_4.271718857_Check.WAV,0.0,3.0,False,False,False,True,False,False,False,False,False,False,False
/home/Shelby/blackbird_calls/Experiments/Detection_of_calls/Datasets/All_call_classes/Split_data_controlled/OpenSoundScape/Call_audios/padded_3s/SL49_Trial_2_trim_7.833063422_7.901776454_Check.WAV,0.0,3.0,False,False,False,True,False,False,False,False,False,False,False
/home/Shelby/blackbird_calls/Experiments/Detection_of_calls/Datasets/All_call_classes/Split_data_controlled/OpenSoundScape/Call_audios/padded_3s/SL42_Trial_1_trim_57.95438191_58.50224492_Cheer.WAV,0.0,3.0,False,False,False,False,True,False,False,False,False,False,False
/home/Shelby/blackbird_calls/Experiments/Detection_of_calls/Datasets/All_call_classes/Split_data_controlled/OpenSoundScape/Call_audios/padded_3s/SL52_Trial_1_trim_15.2840533_15.38815389_Check.WAV,0.0,3.0,False,False,False,True,False,False,False,False,False,False,False
/home/Shelby/blackbird_calls/Experiments/Detection_of_calls/Datasets/All_call_classes/Split_data_controlled/OpenSoundScape/Call_audios/padded_3s/SL16_Trial_2_trim_51.50215446_52.34976159_Chits.WAV,0.0,3.0,False,False,False,False,False,True,False,False,False,False,False
/home/Shelby/blackbird_calls/Experiments/Detection_of_calls/Datasets/All_call_classes/Split_data_controlled/OpenSoundScape/Call_audios/padded_3s/SL07_Trial_1_trim_45.63015345_45.75948298_D.WAV,0.0,3.0,False,False,False,False,False,False,True,False,False,False,False
/home/Shelby/blackbird_calls/Experiments/Detection_of_calls/Datasets/All_call_classes/Split_data_controlled/OpenSoundScape/Call_audios/padded_3s/AZ13_Trial_1_trim_58.53768526_58.62391859_Check.WAV,0.0,3.0,False,False,False,True,False,False,False,False,False,False,False
/home/Shelby/blackbird_calls/Experiments/Detection_of_calls/Datasets/All_call_classes/Split_data_controlled/OpenSoundScape/Call_audios/padded_3s/AZ13_Trial_1_trim_49.70409348_50.10412033_Cheer.WAV,0.0,3.0,False,False,False,False,True,False,False,False,False,False,False
/home/Shelby/blackbird_calls/Experiments/Detection_of_calls/Datasets/All_call_classes/Split_data_controlled/OpenSoundScape/Call_audios/padded_3s/AZ15_Trial_1_trim_45.0880385_45.22694359_M.WAV,0.0,3.0,True,False,False,False,False,False,False,False,False,False,False
/home/Shelby/blackbird_calls/Experiments/Detection_of_calls/Datasets/All_call_classes/Split_data_controlled/OpenSoundScape/Call_audios/padded_3s/SL17a_Trial_3_trim_63.66592028_63.90535164_K.WAV,0.0,3.0,False,False,False,False,False,False,False,False,False,False,True
/home/Shelby/blackbird_calls/Experiments/Detection_of_calls/Datasets/All_call_classes/Split_data_controlled/OpenSoundScape/Call_audios/padded_3s/SL42_Trial_1_trim_40.62062294_40.7101975_Check.WAV,0.0,3.0,False,False,False,True,False,False,False,False,False,False,False
/home/Shelby/blackbird_calls/Experiments/Detection_of_calls/Datasets/All_call_classes/Split_data_controlled/OpenSoundScape/Call_audios/padded_3s/SL17b_Trial_2_trim_32.39294399_32.51376626_Check.WAV,0.0,3.0,False,False,False,True,False,False,False,False,False,False,False
/home/Shelby/blackbird_calls/Experiments/Detection_of_calls/Datasets/All_call_classes/Split_data_controlled/OpenSoundScape/Call_audios/padded_3s/SL09_Trial_3_trim_0.392930339_0.941677883_Cheer.WAV,0.0,3.0,False,False,False,False,True,False,False,False,False,False,False
/home/Shelby/blackbird_calls/Experiments/Detection_of_calls/Datasets/All_call_classes/Split_data_controlled/OpenSoundScape/Call_audios/padded_3s/AZ13_Trial_1_trim_10.49968663_10.57633848_Check.WAV,0.0,3.0,False,False,False,True,False,False,False,False,False,False,False
/home/Shelby/blackbird_calls/Experiments/Detection_of_calls/Datasets/All_call_classes/Split_data_controlled/OpenSoundScape/Call_audios/padded_3s/SL38_Trial_1_trim_52.47026666_52.80764533_E.WAV,0.0,3.0,False,False,False,False,False,False,False,True,False,False,False
/home/Shelby/blackbird_calls/Experiments/Detection_of_calls/Datasets/All_call_classes/Split_data_controlled/OpenSoundScape/Call_audios/padded_3s/AZ15_Trial_1_trim_54.85199448_54.9477911_Check.WAV,0.0,3.0,False,False,False,True,False,False,False,False,False,False,False
/home/Shelby/blackbird_calls/Experiments/Detection_of_calls/Datasets/All_call_classes/Split_data_controlled/OpenSoundScape/Call_audios/padded_3s/AZ13_Trial_1_trim_4.623839707_4.731631373_Check.WAV,0.0,3.0,False,False,False,True,False,False,False,False,False,False,False
/home/Shelby/blackbird_calls/Experiments/Detection_of_calls/Datasets/All_call_classes/Split_data_controlled/OpenSoundScape/Call_audios/padded_3s/RC02_Trial_1_trim_18.49975318_18.57160064_Check.WAV,0.0,3.0,False,False,False,True,False,False,False,False,False,False,False
/home/Shelby/blackbird_calls/Experiments/Detection_of_calls/Datasets/All_call_classes/Split_data_controlled/OpenSoundScape/Call_audios/padded_3s/SL07_Trial_1_trim_3.980475587_4.679813055_Cheer.WAV,0.0,3.0,False,False,False,False,True,False,False,False,False,False,False
/home/Shelby/blackbird_calls/Experiments/Detection_of_calls/Datasets/All_call_classes/Split_data_controlled/OpenSoundScape/Call_audios/padded_3s/AZ13_Trial_1_trim_12.10219148_12.17405259_Check.WAV,0.0,3.0,False,False,False,True,False,False,False,False,False,False,False
/home/Shelby/blackbird_calls/Experiments/Detection_of_calls/Datasets/All_call_classes/Split_data_controlled/OpenSoundScape/Call_audios/padded_3s/RC02_Trial_1_trim_15.07213876_15.15117097_Check.WAV,0.0,3.0,False,False,False,True,False,False,False,False,False,False,False
/home/Shelby/blackbird_calls/Experiments/Detection_of_calls/Datasets/All_call_classes/Split_data_controlled/OpenSoundScape/Call_audios/padded_3s/SL28_Trial_3_trim_4.921981542_5.009427914_Check.WAV,0.0,3.0,False,False,False,True,False,False,False,False,False,False,False
/home/Shelby/blackbird_calls/Experiments/Detection_of_calls/Datasets/All_call_classes/Split_data_controlled/OpenSoundScape/Call_audios/padded_3s/SL42_Trial_1_trim_24.33404934_24.87774609_Cheer.WAV,0.0,3.0,False,False,False,False,True,False,False,False,False,False,False
/home/Shelby/blackbird_calls/Experiments/Detection_of_calls/Datasets/All_call_classes/Split_data_controlled/OpenSoundScape/Call_audios/padded_3s/EF01_Trial_3_trim_55.15547718_55.92692749_Chits.WAV,0.0,3.0,False,False,False,False,False,True,False,False,False,False,False
/home/Shelby/blackbird_calls/Experiments/Detection_of_calls/Datasets/All_call_classes/Split_data_controlled/OpenSoundScape/Call_audios/padded_3s/SL22_Trial_1_trim_58.0410148_58.16465787_Check.WAV,0.0,3.0,False,False,False,True,False,False,False,False,False,False,False
/home/Shelby/blackbird_calls/Experiments/Detection_of_calls/Datasets/All_call_classes/Split_data_controlled/OpenSoundScape/Call_audios/padded_3s/AZ08_Trial_1_trim_26.66198896_26.76021169_C.WAV,0.0,3.0,False,False,True,False,False,False,False,False,False,False,False
/home/Shelby/blackbird_calls/Experiments/Detection_of_calls/Datasets/All_call_classes/Split_data_controlled/OpenSoundScape/Call_audios/padded_3s/SL07_Trial_1_trim_36.23050343_36.36941293_D.WAV,0.0,3.0,False,False,False,False,False,False,True,False,False,False,False
/home/Shelby/blackbird_calls/Experiments/Detection_of_calls/Datasets/All_call_classes/Split_data_controlled/OpenSoundScape/Call_audios/padded_3s/SL51_Trial_3_trim_56.43771128_56.53193238_Check.WAV,0.0,3.0,False,False,False,True,False,False,False,False,False,False,False
/home/Shelby/blackbird_calls/Experiments/Detection_of_calls/Datasets/All_call_classes/Split_data_controlled/OpenSoundScape/Call_audios/padded_3s/SL30_Trial_3_trim_41.29192658_41.41694133_Check.WAV,0.0,3.0,False,False,False,True,False,False,False,False,False,False,False
/home/Shelby/blackbird_calls/Experiments/Detection_of_calls/Datasets/All_call_classes/Split_data_controlled/OpenSoundScape/Call_audios/padded_3s/SL54_Trial_1_trim_7.567101306_7.726093669_B.WAV,0.0,3.0,False,True,False,False,False,False,False,False,False,False,False
/home/Shelby/blackbird_calls/Experiments/Detection_of_calls/Datasets/All_call_classes/Split_data_controlled/OpenSoundScape/Call_audios/padded_3s/SL09_Trial_1_trim_34.57913183_34.70114684_Check.WAV,0.0,3.0,False,False,False,True,False,False,False,False,False,False,False
/home/Shelby/blackbird_calls/Experiments/Detection_of_calls/Datasets/All_call_classes/Split_data_controlled/OpenSoundScape/Call_audios/padded_3s/SL16_Trial_3_trim_48.21807469_48.31593153_Check.WAV,0.0,3.0,False,False,False,True,False,False,False,False,False,False,False
/home/Shelby/blackbird_calls/Experiments/Detection_of_calls/Datasets/All_call_classes/Split_data_controlled/OpenSoundScape/Call_audios/padded_3s/SL38_Trial_1_trim_34.18096847_34.73910108_Cheer.WAV,0.0,3.0,False,False,False,False,True,False,False,False,False,False,False
/home/Shelby/blackbird_calls/Experiments/Detection_of_calls/Datasets/All_call_classes/Split_data_controlled/OpenSoundScape/Call_audios/padded_3s/AZ13_Trial_3_trim_21.63401115_21.68909435_Check.WAV,0.0,3.0,False,False,False,True,False,False,False,False,False,False,False
/home/Shelby/blackbird_calls/Experiments/Detection_of_calls/Datasets/All_call_classes/Split_data_controlled/OpenSoundScape/Call_audios/padded_3s/SL07_Trial_3_trim_48.55284329_48.75162126_D.WAV,0.0,3.0,False,False,False,False,False,False,True,False,False,False,False
/home/Shelby/blackbird_calls/Experiments/Detection_of_calls/Datasets/All_call_classes/Split_data_controlled/OpenSoundScape/Call_audios/padded_3s/SL51_Trial_3_trim_17.43020437_17.54798074_Check.WAV,0.0,3.0,False,False,False,True,False,False,False,False,False,False,False
/home/Shelby/blackbird_calls/Experiments/Detection_of_calls/Datasets/All_call_classes/Split_data_controlled/OpenSoundScape/Call_audios/padded_3s/SL16_Trial_3_trim_41.29664293_41.38408946_Check.WAV,0.0,3.0,False,False,False,True,False,False,False,False,False,False,False
/home/Shelby/blackbird_calls/Experiments/Detection_of_calls/Datasets/All_call_classes/Split_data_controlled/OpenSoundScape/Call_audios/padded_3s/SL54_Trial_3_trim_47.38176063_47.56096681_Check.WAV,0.0,3.0,False,False,False,True,False,False,False,False,False,False,False
/home/Shelby/blackbird_calls/Experiments/Detection_of_calls/Datasets/All_call_classes/Split_data_controlled/OpenSoundScape/Call_audios/padded_3s/SL07_Trial_1_trim_16.08266197_16.18804159_Check.WAV,0.0,3.0,False,False,False,True,False,False,False,False,False,False,False
/home/Shelby/blackbird_calls/Experiments/Detection_of_calls/Datasets/All_call_classes/Split_data_controlled/OpenSoundScape/Call_audios/padded_3s/SL50_Trial_3_trim_33.16272562_33.25992376_Check.WAV,0.0,3.0,False,False,False,True,False,False,False,False,False,False,False
/home/Shelby/blackbird_calls/Experiments/Detection_of_calls/Datasets/All_call_classes/Split_data_controlled/OpenSoundScape/Call_audios/padded_3s/AZ13_Trial_3_trim_32.77764261_32.84470043_Check.WAV,0.0,3.0,False,False,False,True,False,False,False,False,False,False,False
/home/Shelby/blackbird_calls/Experiments/Detection_of_calls/Datasets/All_call_classes/Split_data_controlled/OpenSoundScape/Call_audios/padded_3s/SL21_Trial_3_trim_10.57523002_10.69018841_Check.WAV,0.0,3.0,False,False,False,True,False,False,False,False,False,False,False
/home/Shelby/blackbird_calls/Experiments/Detection_of_calls/Datasets/All_call_classes/Split_data_controlled/OpenSoundScape/Call_audios/padded_3s/SL09_Trial_3_trim_20.88013971_21.0901542_E.WAV,0.0,3.0,False,False,False,False,False,False,False,True,False,False,False
/home/Shelby/blackbird_calls/Experiments/Detection_of_calls/Datasets/All_call_classes/Split_data_controlled/OpenSoundScape/Call_audios/padded_3s/SL17a_Trial_3_trim_59.67094375_59.8021105_J.WAV,0.0,3.0,False,False,False,False,False,False,False,False,False,True,False
/home/Shelby/blackbird_calls/Experiments/Detection_of_calls/Datasets/All_call_classes/Split_data_controlled/OpenSoundScape/Call_audios/padded_3s/EF04_Trial_2_trim_2.44760363_2.533820587_Check.WAV,0.0,3.0,False,False,False,True,False,False,False,False,False,False,False
/home/Shelby/blackbird_calls/Experiments/Detection_of_calls/Datasets/All_call_classes/Split_data_controlled/OpenSoundScape/Call_audios/padded_3s/RC02_Trial_1_trim_26.96640214_27.03106485_Check.WAV,0.0,3.0,False,False,False,True,False,False,False,False,False,False,False
/home/Shelby/blackbird_calls/Experiments/Detection_of_calls/Datasets/All_call_classes/Split_data_controlled/OpenSoundScape/Call_audios/padded_3s/SL42_Trial_3_trim_20.66119937_22.42225671_Chits.WAV,0.0,3.0,False,False,False,False,False,True,False,False,False,False,False
/home/Shelby/blackbird_calls/Experiments/Detection_of_calls/Datasets/All_call_classes/Split_data_controlled/OpenSoundScape/Call_audios/padded_3s/SL50_Trial_1_trim_7.812637684_8.020845097_M.WAV,0.0,3.0,True,False,False,False,False,False,False,False,False,False,False
/home/Shelby/blackbird_calls/Experiments/Detection_of_calls/Datasets/All_call_classes/Split_data_controlled/OpenSoundScape/Call_audios/padded_3s/SL51_Trial_2_trim_43.81154757_44.44031514_Cheer.WAV,0.0,3.0,False,False,False,False,True,False,False,False,False,False,False
/home/Shelby/blackbird_calls/Experiments/Detection_of_calls/Datasets/All_call_classes/Split_data_controlled/OpenSoundScape/Call_audios/padded_3s/SL42_Trial_3_trim_58.54205306_58.6510148_Check.WAV,0.0,3.0,False,False,False,True,False,False,False,False,False,False,False
/home/Shelby/blackbird_calls/Experiments/Detection_of_calls/Datasets/All_call_classes/Split_data_controlled/OpenSoundScape/Call_audios/padded_3s/SL42_Trial_1_trim_15.88430308_16.29676269_Cheer.WAV,0.0,3.0,False,False,False,False,True,False,False,False,False,False,False
/home/Shelby/blackbird_calls/Experiments/Detection_of_calls/Datasets/All_call_classes/Split_data_controlled/OpenSoundScape/Call_audios/padded_3s/SL38_Trial_1_trim_19.9918769_20.10850162_E.WAV,0.0,3.0,False,False,False,False,False,False,False,True,False,False,False
/home/Shelby/blackbird_calls/Experiments/Detection_of_calls/Datasets/All_call_classes/Split_data_controlled/OpenSoundScape/Call_audios/padded_3s/RC02_Trial_1_trim_28.61459673_28.9379103_Chits.WAV,0.0,3.0,False,False,False,False,False,True,False,False,False,False,False
/home/Shelby/blackbird_calls/Experiments/Detection_of_calls/Datasets/All_call_classes/Split_data_controlled/OpenSoundScape/Call_audios/padded_3s/SL22_Trial_1_trim_50.10214995_50.19929808_Check.WAV,0.0,3.0,False,False,False,True,False,False,False,False,False,False,False
/home/Shelby/blackbird_calls/Experiments/Detection_of_calls/Datasets/All_call_classes/Split_data_controlled/OpenSoundScape/Call_audios/padded_3s/RC02_Trial_1_trim_41.26498212_41.31527534_Check.WAV,0.0,3.0,False,False,False,True,False,False,False,False,False,False,False
/home/Shelby/blackbird_calls/Experiments/Detection_of_calls/Datasets/All_call_classes/Split_data_controlled/OpenSoundScape/Call_audios/padded_3s/AZ13_Trial_2_trim_37.89193065_37.96617332_Check.WAV,0.0,3.0,False,False,False,True,False,False,False,False,False,False,False
/home/Shelby/blackbird_calls/Experiments/Detection_of_calls/Datasets/All_call_classes/Split_data_controlled/OpenSoundScape/Call_audios/padded_3s/SL02_Trial_3_trim_9.227565107_9.285043733_Check.WAV,0.0,3.0,False,False,False,True,False,False,False,False,False,False,False
/home/Shelby/blackbird_calls/Experiments/Detection_of_calls/Datasets/All_call_classes/Split_data_controlled/OpenSoundScape/Call_audios/padded_3s/SL02_Trial_3_trim_6.514169637_6.58601792_Check.WAV,0.0,3.0,False,False,False,True,False,False,False,False,False,False,False
/home/Shelby/blackbird_calls/Experiments/Detection_of_calls/Datasets/All_call_classes/Split_data_controlled/OpenSoundScape/Call_audios/padded_3s/SL22_Trial_2_trim_43.02270717_43.12264373_Check.WAV,0.0,3.0,False,False,False,True,False,False,False,False,False,False,False
/home/Shelby/blackbird_calls/Experiments/Detection_of_calls/Datasets/All_call_classes/Split_data_controlled/OpenSoundScape/Call_audios/padded_3s/SL11_Trial_1_trim_48.45096009_48.95870009_G.WAV,0.0,3.0,False,False,False,False,False,False,False,False,True,False,False
/home/Shelby/blackbird_calls/Experiments/Detection_of_calls/Datasets/All_call_classes/Split_data_controlled/OpenSoundScape/Call_audios/padded_3s/SL07_Trial_1_trim_44.48543624_45.10813399_Cheer.WAV,0.0,3.0,False,False,False,False,True,False,False,False,False,False,False
/home/Shelby/blackbird_calls/Experiments/Detection_of_calls/Datasets/All_call_classes/Split_data_controlled/OpenSoundScape/Call_audios/padded_3s/SL12_Trial_1_trim_17.4569529_17.51622592_Check.WAV,0.0,3.0,False,False,False,True,False,False,False,False,False,False,False
/home/Shelby/blackbird_calls/Experiments/Detection_of_calls/Datasets/All_call_classes/Split_data_controlled/OpenSoundScape/Call_audios/padded_3s/SL07_Trial_1_trim_26.76974481_26.92781423_D.WAV,0.0,3.0,False,False,False,False,False,False,True,False,False,False,False
/home/Shelby/blackbird_calls/Experiments/Detection_of_calls/Datasets/All_call_classes/Split_data_controlled/OpenSoundScape/Call_audios/padded_3s/SL16_Trial_1_trim_43.61293002_43.73267919_Check.WAV,0.0,3.0,False,False,False,True,False,False,False,False,False,False,False
/home/Shelby/blackbird_calls/Experiments/Detection_of_calls/Datasets/All_call_classes/Split_data_controlled/OpenSoundScape/Call_audios/padded_3s/RC02_Trial_1_trim_22.94463908_23.02127637_Check.WAV,0.0,3.0,False,False,False,True,False,False,False,False,False,False,False
/home/Shelby/blackbird_calls/Experiments/Detection_of_calls/Datasets/All_call_classes/Split_data_controlled/OpenSoundScape/Call_audios/padded_3s/SL12_Trial_1_trim_20.46340154_20.79617721_Cheer.WAV,0.0,3.0,False,False,False,False,True,False,False,False,False,False,False
/home/Shelby/blackbird_calls/Experiments/Detection_of_calls/Datasets/All_call_classes/Split_data_controlled/OpenSoundScape/Call_audios/padded_3s/AZ13_Trial_1_trim_21.87013068_21.94678253_Check.WAV,0.0,3.0,False,False,False,True,False,False,False,False,False,False,False
/home/Shelby/blackbird_calls/Experiments/Detection_of_calls/Datasets/All_call_classes/Split_data_controlled/OpenSoundScape/Call_audios/padded_3s/EF01_Trial_2_trim_40.5314858_40.62517734_Check.WAV,0.0,3.0,False,False,False,True,False,False,False,False,False,False,False
/home/Shelby/blackbird_calls/Experiments/Detection_of_calls/Datasets/All_call_classes/Split_data_controlled/OpenSoundScape/Call_audios/padded_3s/SL30_Trial_1_trim_30.70210519_31.2392652_Cheer.WAV,0.0,3.0,False,False,False,False,True,False,False,False,False,False,False
/home/Shelby/blackbird_calls/Experiments/Detection_of_calls/Datasets/All_call_classes/Split_data_controlled/OpenSoundScape/Call_audios/padded_3s/SL30_Trial_3_trim_1.491842743_1.587687389_Check.WAV,0.0,3.0,False,False,False,True,False,False,False,False,False,False,False
/home/Shelby/blackbird_calls/Experiments/Detection_of_calls/Datasets/All_call_classes/Split_data_controlled/OpenSoundScape/Call_audios/padded_3s/SL54_Trial_2_trim_13.20400643_13.31590171_Check.WAV,0.0,3.0,False,False,False,True,False,False,False,False,False,False,False
/home/Shelby/blackbird_calls/Experiments/Detection_of_calls/Datasets/All_call_classes/Split_data_controlled/OpenSoundScape/Call_audios/padded_3s/AZ13_Trial_1_trim_16.67003587_16.72033865_Check.WAV,0.0,3.0,False,False,False,True,False,False,False,False,False,False,False
/home/Shelby/blackbird_calls/Experiments/Detection_of_calls/Datasets/All_call_classes/Split_data_controlled/OpenSoundScape/Call_audios/padded_3s/SL49_Trial_2_trim_34.61984654_34.73645047_D.WAV,0.0,3.0,False,False,False,False,False,False,True,False,False,False,False
/home/Shelby/blackbird_calls/Experiments/Detection_of_calls/Datasets/All_call_classes/Split_data_controlled/OpenSoundScape/Call_audios/padded_3s/SL49_Trial_2_trim_36.95959082_37.03663271_Check.WAV,0.0,3.0,False,False,False,True,False,False,False,False,False,False,False
/home/Shelby/blackbird_calls/Experiments/Detection_of_calls/Datasets/All_call_classes/Split_data_controlled/OpenSoundScape/Call_audios/padded_3s/SL07_Trial_1_trim_48.88675764_49.34180599_Cheer.WAV,0.0,3.0,False,False,False,False,True,False,False,False,False,False,False
/home/Shelby/blackbird_calls/Experiments/Detection_of_calls/Datasets/All_call_classes/Split_data_controlled/OpenSoundScape/Call_audios/padded_3s/SL22_Trial_2_trim_10.86671707_10.97498168_Check.WAV,0.0,3.0,False,False,False,True,False,False,False,False,False,False,False
/home/Shelby/blackbird_calls/Experiments/Detection_of_calls/Datasets/All_call_classes/Split_data_controlled/OpenSoundScape/Call_audios/padded_3s/AZ13_Trial_3_trim_36.69565888_36.76271669_Check.WAV,0.0,3.0,False,False,False,True,False,False,False,False,False,False,False
/home/Shelby/blackbird_calls/Experiments/Detection_of_calls/Datasets/All_call_classes/Split_data_controlled/OpenSoundScape/Call_audios/padded_3s/SL38_Trial_3_trim_1.950920935_2.579712955_Cheer.WAV,0.0,3.0,False,False,False,False,True,False,False,False,False,False,False
/home/Shelby/blackbird_calls/Experiments/Detection_of_calls/Datasets/All_call_classes/Split_data_controlled/OpenSoundScape/Call_audios/padded_3s/SL21_Trial_1_trim_6.85255664_7.555762574_K.WAV,0.0,3.0,False,False,False,False,False,False,False,False,False,False,True
/home/Shelby/blackbird_calls/Experiments/Detection_of_calls/Datasets/All_call_classes/Split_data_controlled/OpenSoundScape/Call_audios/padded_3s/SL51_Trial_3_trim_50.22919454_50.33224887_Check.WAV,0.0,3.0,False,False,False,True,False,False,False,False,False,False,False
/home/Shelby/blackbird_calls/Experiments/Detection_of_calls/Datasets/All_call_classes/Split_data_controlled/OpenSoundScape/Call_audios/padded_3s/SL09_Trial_3_trim_63.97139221_64.52013975_Cheer.WAV,0.0,3.0,False,False,False,False,True,False,False,False,False,False,False
/home/Shelby/blackbird_calls/Experiments/Detection_of_calls/Datasets/All_call_classes/Split_data_controlled/OpenSoundScape/Call_audios/padded_3s/SL42_Trial_1_trim_17.32755687_17.42338082_Check.WAV,0.0,3.0,False,False,False,True,False,False,False,False,False,False,False
/home/Shelby/blackbird_calls/Experiments/Detection_of_calls/Datasets/All_call_classes/Split_data_controlled/OpenSoundScape/Call_audios/padded_3s/SL52_Trial_3_trim_59.59777929_59.7268709_Check.WAV,0.0,3.0,False,False,False,True,False,False,False,False,False,False,False
/home/Shelby/blackbird_calls/Experiments/Detection_of_calls/Datasets/All_call_classes/Split_data_controlled/OpenSoundScape/Call_audios/padded_3s/SL17b_Trial_2_trim_5.689826351_5.846011229_Check.WAV,0.0,3.0,False,False,False,True,False,False,False,False,False,False,False
/home/Shelby/blackbird_calls/Experiments/Detection_of_calls/Datasets/All_call_classes/Split_data_controlled/OpenSoundScape/Call_audios/padded_3s/SL38_Trial_3_trim_33.63868743_34.16129271_Cheer.WAV,0.0,3.0,False,False,False,False,True,False,False,False,False,False,False
/home/Shelby/blackbird_calls/Experiments/Detection_of_calls/Datasets/All_call_classes/Split_data_controlled/OpenSoundScape/Call_audios/padded_3s/EF04_Trial_3_trim_55.41275589_55.50389813_Check.WAV,0.0,3.0,False,False,False,True,False,False,False,False,False,False,False
/home/Shelby/blackbird_calls/Experiments/Detection_of_calls/Datasets/All_call_classes/Split_data_controlled/OpenSoundScape/Call_audios/padded_3s/AZ13_Trial_2_trim_13.22272106_13.30175358_Check.WAV,0.0,3.0,False,False,False,True,False,False,False,False,False,False,False
/home/Shelby/blackbird_calls/Experiments/Detection_of_calls/Datasets/All_call_classes/Split_data_controlled/OpenSoundScape/Call_audios/padded_3s/SL52_Trial_1_trim_14.7718784_14.88430704_Check.WAV,0.0,3.0,False,False,False,True,False,False,False,False,False,False,False
/home/Shelby/blackbird_calls/Experiments/Detection_of_calls/Datasets/All_call_classes/Split_data_controlled/OpenSoundScape/Call_audios/padded_3s/SL50_Trial_1_trim_33.41614432_33.87003648_Cheer.WAV,0.0,3.0,False,False,False,False,True,False,False,False,False,False,False
/home/Shelby/blackbird_calls/Experiments/Detection_of_calls/Datasets/All_call_classes/Split_data_controlled/OpenSoundScape/Call_audios/padded_3s/SL51_Trial_2_trim_36.79928985_37.32187481_Cheer.WAV,0.0,3.0,False,False,False,False,True,False,False,False,False,False,False
/home/Shelby/blackbird_calls/Experiments/Detection_of_calls/Datasets/All_call_classes/Split_data_controlled/OpenSoundScape/Call_audios/padded_3s/SL51_Trial_3_trim_4.818935591_4.904323462_Check.WAV,0.0,3.0,False,False,False,True,False,False,False,False,False,False,False
/home/Shelby/blackbird_calls/Experiments/Detection_of_calls/Datasets/All_call_classes/Split_data_controlled/OpenSoundScape/Call_audios/padded_3s/SL44_Trial_1_trim_14.09903393_14.18442213_E.WAV,0.0,3.0,False,False,False,False,False,False,False,True,False,False,False
/home/Shelby/blackbird_calls/Experiments/Detection_of_calls/Datasets/All_call_classes/Split_data_controlled/OpenSoundScape/Call_audios/padded_3s/SL09_Trial_3_trim_87.11087075_87.67994228_Cheer.WAV,0.0,3.0,False,False,False,False,True,False,False,False,False,False,False
/home/Shelby/blackbird_calls/Experiments/Detection_of_calls/Datasets/All_call_classes/Split_data_controlled/OpenSoundScape/Call_audios/padded_3s/SL02_Trial_2_trim_1.226476627_1.569027716_Cheer.WAV,0.0,3.0,False,False,False,False,True,False,False,False,False,False,False
/home/Shelby/blackbird_calls/Experiments/Detection_of_calls/Datasets/All_call_classes/Split_data_controlled/OpenSoundScape/Call_audios/padded_3s/SL21_Trial_1_trim_18.52798319_18.64576593_E.WAV,0.0,3.0,False,False,False,False,False,False,False,True,False,False,False
/home/Shelby/blackbird_calls/Experiments/Detection_of_calls/Datasets/All_call_classes/Split_data_controlled/OpenSoundScape/Call_audios/padded_3s/AZ13_Trial_1_trim_18.66174841_18.73840026_Check.WAV,0.0,3.0,False,False,False,True,False,False,False,False,False,False,False
/home/Shelby/blackbird_calls/Experiments/Detection_of_calls/Datasets/All_call_classes/Split_data_controlled/OpenSoundScape/Call_audios/padded_3s/SL21_Trial_3_trim_33.58751142_33.75552753_Check.WAV,0.0,3.0,False,False,False,True,False,False,False,False,False,False,False
/home/Shelby/blackbird_calls/Experiments/Detection_of_calls/Datasets/All_call_classes/Split_data_controlled/OpenSoundScape/Call_audios/padded_3s/SL21_Trial_3_trim_21.53921418_21.74260211_Check.WAV,0.0,3.0,False,False,False,True,False,False,False,False,False,False,False
/home/Shelby/blackbird_calls/Experiments/Detection_of_calls/Datasets/All_call_classes/Split_data_controlled/OpenSoundScape/Call_audios/padded_3s/SL49_Trial_2_trim_46.95066883_47.05061506_D.WAV,0.0,3.0,False,False,False,False,False,False,True,False,False,False,False
/home/Shelby/blackbird_calls/Experiments/Detection_of_calls/Datasets/All_call_classes/Split_data_controlled/OpenSoundScape/Call_audios/padded_3s/SL11_Trial_2_trim_35.38328541_35.95347921_G.WAV,0.0,3.0,False,False,False,False,False,False,False,False,True,False,False
/home/Shelby/blackbird_calls/Experiments/Detection_of_calls/Datasets/All_call_classes/Split_data_controlled/OpenSoundScape/Call_audios/padded_3s/SL51_Trial_1_trim_23.13952227_23.23374467_Check.WAV,0.0,3.0,False,False,False,True,False,False,False,False,False,False,False
/home/Shelby/blackbird_calls/Experiments/Detection_of_calls/Datasets/All_call_classes/Split_data_controlled/OpenSoundScape/Call_audios/padded_3s/AZ13_Trial_2_trim_47.19367148_47.2631243_Check.WAV,0.0,3.0,False,False,False,True,False,False,False,False,False,False,False
/home/Shelby/blackbird_calls/Experiments/Detection_of_calls/Datasets/All_call_classes/Split_data_controlled/OpenSoundScape/Call_audios/padded_3s/AZ13_Trial_1_trim_2.753054051_2.805752199_Check.WAV,0.0,3.0,False,False,False,True,False,False,False,False,False,False,False
/home/Shelby/blackbird_calls/Experiments/Detection_of_calls/Datasets/All_call_classes/Split_data_controlled/OpenSoundScape/Call_audios/padded_3s/SL36_Trial_2_trim_32.68056854_32.78805077_C.WAV,0.0,3.0,False,False,True,False,False,False,False,False,False,False,False
/home/Shelby/blackbird_calls/Experiments/Detection_of_calls/Datasets/All_call_classes/Split_data_controlled/OpenSoundScape/Call_audios/padded_3s/SL11_Trial_2_trim_53.6054317_54.17223149_G.WAV,0.0,3.0,False,False,False,False,False,False,False,False,True,False,False
/home/Shelby/blackbird_calls/Experiments/Detection_of_calls/Datasets/All_call_classes/Split_data_controlled/OpenSoundScape/Call_audios/padded_3s/AZ13_Trial_2_trim_3.609359632_3.6836023_Check.WAV,0.0,3.0,False,False,False,True,False,False,False,False,False,False,False
/home/Shelby/blackbird_calls/Experiments/Detection_of_calls/Datasets/All_call_classes/Split_data_controlled/OpenSoundScape/Call_audios/padded_3s/AZ15_Trial_1_trim_19.24648566_19.30396363_Check.WAV,0.0,3.0,False,False,False,True,False,False,False,False,False,False,False
/home/Shelby/blackbird_calls/Experiments/Detection_of_calls/Datasets/All_call_classes/Split_data_controlled/OpenSoundScape/Call_audios/padded_3s/SL30_Trial_3_trim_3.837864338_3.958711934_Check.WAV,0.0,3.0,False,False,False,True,False,False,False,False,False,False,False
/home/Shelby/blackbird_calls/Experiments/Detection_of_calls/Datasets/All_call_classes/Split_data_controlled/OpenSoundScape/Call_audios/padded_3s/SL22_Trial_1_trim_29.06665355_29.1431945_C.WAV,0.0,3.0,False,False,True,False,False,False,False,False,False,False,False
/home/Shelby/blackbird_calls/Experiments/Detection_of_calls/Datasets/All_call_classes/Split_data_controlled/OpenSoundScape/Call_audios/padded_3s/SL54_Trial_2_trim_3.065341705_3.194904659_Check.WAV,0.0,3.0,False,False,False,True,False,False,False,False,False,False,False
/home/Shelby/blackbird_calls/Experiments/Detection_of_calls/Datasets/All_call_classes/Split_data_controlled/OpenSoundScape/Call_audios/padded_3s/AZ02_Trial_3_trim_47.21137376_48.08317439_Cheer.WAV,0.0,3.0,False,False,False,False,True,False,False,False,False,False,False
/home/Shelby/blackbird_calls/Experiments/Detection_of_calls/Datasets/All_call_classes/Split_data_controlled/OpenSoundScape/Call_audios/padded_3s/AZ08_Trial_3_trim_38.36958767_38.45087545_Check.WAV,0.0,3.0,False,False,False,True,False,False,False,False,False,False,False
/home/Shelby/blackbird_calls/Experiments/Detection_of_calls/Datasets/All_call_classes/Split_data_controlled/OpenSoundScape/Call_audios/padded_3s/SL30_Trial_1_trim_59.57851477_59.70343571_Check.WAV,0.0,3.0,False,False,False,True,False,False,False,False,False,False,False
/home/Shelby/blackbird_calls/Experiments/Detection_of_calls/Datasets/All_call_classes/Split_data_controlled/OpenSoundScape/Call_audios/padded_3s/SL51_Trial_2_trim_15.17055539_15.23093373_Check.WAV,0.0,3.0,False,False,False,True,False,False,False,False,False,False,False
/home/Shelby/blackbird_calls/Experiments/Detection_of_calls/Datasets/All_call_classes/Split_data_controlled/OpenSoundScape/Call_audios/padded_3s/SL22_Trial_2_trim_56.09867189_56.19860845_Check.WAV,0.0,3.0,False,False,False,True,False,False,False,False,False,False,False
/home/Shelby/blackbird_calls/Experiments/Detection_of_calls/Datasets/All_call_classes/Split_data_controlled/OpenSoundScape/Call_audios/padded_3s/SL17a_Trial_3_trim_29.16313087_29.21024142_E.WAV,0.0,3.0,False,False,False,False,False,False,False,True,False,False,False
/home/Shelby/blackbird_calls/Experiments/Detection_of_calls/Datasets/All_call_classes/Split_data_controlled/OpenSoundScape/Call_audios/padded_3s/SL21_Trial_3_trim_39.09086722_39.23530212_Check.WAV,0.0,3.0,False,False,False,True,False,False,False,False,False,False,False
/home/Shelby/blackbird_calls/Experiments/Detection_of_calls/Datasets/All_call_classes/Split_data_controlled/OpenSoundScape/Call_audios/padded_3s/SL07_Trial_3_trim_20.8613482_21.00743804_Check.WAV,0.0,3.0,False,False,False,True,False,False,False,False,False,False,False
/home/Shelby/blackbird_calls/Experiments/Detection_of_calls/Datasets/All_call_classes/Split_data_controlled/OpenSoundScape/Call_audios/padded_3s/AZ13_Trial_1_trim_17.08443495_17.1443192_Check.WAV,0.0,3.0,False,False,False,True,False,False,False,False,False,False,False
/home/Shelby/blackbird_calls/Experiments/Detection_of_calls/Datasets/All_call_classes/Split_data_controlled/OpenSoundScape/Call_audios/padded_3s/SL22_Trial_1_trim_48.63184826_48.73488415_Check.WAV,0.0,3.0,False,False,False,True,False,False,False,False,False,False,False
/home/Shelby/blackbird_calls/Experiments/Detection_of_calls/Datasets/All_call_classes/Split_data_controlled/OpenSoundScape/Call_audios/padded_3s/SL22_Trial_2_trim_46.34976204_46.46219068_Check.WAV,0.0,3.0,False,False,False,True,False,False,False,False,False,False,False
/home/Shelby/blackbird_calls/Experiments/Detection_of_calls/Datasets/All_call_classes/Split_data_controlled/OpenSoundScape/Call_audios/padded_3s/SL07_Trial_3_trim_58.46736468_58.79307316_D.WAV,0.0,3.0,False,False,False,False,False,False,True,False,False,False,False
/home/Shelby/blackbird_calls/Experiments/Detection_of_calls/Datasets/All_call_classes/Split_data_controlled/OpenSoundScape/Call_audios/padded_3s/SL22_Trial_1_trim_14.29525095_14.39828684_Check.WAV,0.0,3.0,False,False,False,True,False,False,False,False,False,False,False
/home/Shelby/blackbird_calls/Experiments/Detection_of_calls/Datasets/All_call_classes/Split_data_controlled/OpenSoundScape/Call_audios/padded_3s/SL50_Trial_3_trim_59.23872522_59.35948654_Check.WAV,0.0,3.0,False,False,False,True,False,False,False,False,False,False,False
/home/Shelby/blackbird_calls/Experiments/Detection_of_calls/Datasets/All_call_classes/Split_data_controlled/OpenSoundScape/Call_audios/padded_3s/SL21_Trial_1_trim_11.44708574_11.57664675_Check.WAV,0.0,3.0,False,False,False,True,False,False,False,False,False,False,False
/home/Shelby/blackbird_calls/Experiments/Detection_of_calls/Datasets/All_call_classes/Split_data_controlled/OpenSoundScape/Call_audios/padded_3s/SL54_Trial_3_trim_14.10704918_14.24874709_Check.WAV,0.0,3.0,False,False,False,True,False,False,False,False,False,False,False
/home/Shelby/blackbird_calls/Experiments/Detection_of_calls/Datasets/All_call_classes/Split_data_controlled/OpenSoundScape/Call_audios/padded_3s/SL22_Trial_1_trim_40.38888803_40.48603615_Check.WAV,0.0,3.0,False,False,False,True,False,False,False,False,False,False,False
/home/Shelby/blackbird_calls/Experiments/Detection_of_calls/Datasets/All_call_classes/Split_data_controlled/OpenSoundScape/Call_audios/padded_3s/SL21_Trial_3_trim_26.7441282_27.2982866_K.WAV,0.0,3.0,False,False,False,False,False,False,False,False,False,False,True
/home/Shelby/blackbird_calls/Experiments/Detection_of_calls/Datasets/All_call_classes/Split_data_controlled/OpenSoundScape/Call_audios/padded_3s/AZ15_Trial_3_trim_41.10078769_41.2109538_C.WAV,0.0,3.0,False,False,True,False,False,False,False,False,False,False,False
/home/Shelby/blackbird_calls/Experiments/Detection_of_calls/Datasets/All_call_classes/Split_data_controlled/OpenSoundScape/Call_audios/padded_3s/SL52_Trial_1_trim_26.6636386_26.77190322_Check.WAV,0.0,3.0,False,False,False,True,False,False,False,False,False,False,False
/home/Shelby/blackbird_calls/Experiments/Detection_of_calls/Datasets/All_call_classes/Split_data_controlled/OpenSoundScape/Call_audios/padded_3s/AZ08_Trial_3_trim_26.57549961_26.65340039_Check.WAV,0.0,3.0,False,False,False,True,False,False,False,False,False,False,False
/home/Shelby/blackbird_calls/Experiments/Detection_of_calls/Datasets/All_call_classes/Split_data_controlled/OpenSoundScape/Call_audios/padded_3s/RC02_Trial_1_trim_53.00157363_53.07102617_Check.WAV,0.0,3.0,False,False,False,True,False,False,False,False,False,False,False
/home/Shelby/blackbird_calls/Experiments/Detection_of_calls/Datasets/All_call_classes/Split_data_controlled/OpenSoundScape/Call_audios/padded_3s/SL17a_Trial_2_trim_32.28463215_32.34084783_E.WAV,0.0,3.0,False,False,False,False,False,False,False,True,False,False,False
/home/Shelby/blackbird_calls/Experiments/Detection_of_calls/Datasets/All_call_classes/Split_data_controlled/OpenSoundScape/Call_audios/padded_3s/SL10_Trial_1_trim_23.92174403_24.55885296_Cheer.WAV,0.0,3.0,False,False,False,False,True,False,False,False,False,False,False
/home/Shelby/blackbird_calls/Experiments/Detection_of_calls/Datasets/All_call_classes/Split_data_controlled/OpenSoundScape/Call_audios/padded_3s/SL13_Trial_3_trim_50.2447672_50.31605347_Check.WAV,0.0,3.0,False,False,False,True,False,False,False,False,False,False,False
/home/Shelby/blackbird_calls/Experiments/Detection_of_calls/Datasets/All_call_classes/Split_data_controlled/OpenSoundScape/Call_audios/padded_3s/SL50_Trial_3_trim_55.14626222_55.5056008_K.WAV,0.0,3.0,False,False,False,False,False,False,False,False,False,False,True
/home/Shelby/blackbird_calls/Experiments/Detection_of_calls/Datasets/All_call_classes/Split_data_controlled/OpenSoundScape/Call_audios/padded_3s/SL07_Trial_1_trim_3.755346402_3.884675934_D.WAV,0.0,3.0,False,False,False,False,False,False,True,False,False,False,False
/home/Shelby/blackbird_calls/Experiments/Detection_of_calls/Datasets/All_call_classes/Split_data_controlled/OpenSoundScape/Call_audios/padded_3s/SL22_Trial_2_trim_26.46608281_27.14481866_Cheer.WAV,0.0,3.0,False,False,False,False,True,False,False,False,False,False,False
/home/Shelby/blackbird_calls/Experiments/Detection_of_calls/Datasets/All_call_classes/Split_data_controlled/OpenSoundScape/Call_audios/padded_3s/SL17b_Trial_2_trim_27.88351117_28.03969605_Check.WAV,0.0,3.0,False,False,False,True,False,False,False,False,False,False,False
/home/Shelby/blackbird_calls/Experiments/Detection_of_calls/Datasets/All_call_classes/Split_data_controlled/OpenSoundScape/Call_audios/padded_3s/SL21_Trial_2_trim_58.81613211_59.64177422_K.WAV,0.0,3.0,False,False,False,False,False,False,False,False,False,False,True
/home/Shelby/blackbird_calls/Experiments/Detection_of_calls/Datasets/All_call_classes/Split_data_controlled/OpenSoundScape/Call_audios/padded_3s/SL51_Trial_3_trim_7.086707627_7.160317861_Check.WAV,0.0,3.0,False,False,False,True,False,False,False,False,False,False,False
/home/Shelby/blackbird_calls/Experiments/Detection_of_calls/Datasets/All_call_classes/Split_data_controlled/OpenSoundScape/Call_audios/padded_3s/SL17b_Trial_2_trim_59.13822664_59.2796771_Check.WAV,0.0,3.0,False,False,False,True,False,False,False,False,False,False,False
/home/Shelby/blackbird_calls/Experiments/Detection_of_calls/Datasets/All_call_classes/Split_data_controlled/OpenSoundScape/Call_audios/padded_3s/AZ15_Trial_1_trim_17.14375001_17.23954662_Check.WAV,0.0,3.0,False,False,False,True,False,False,False,False,False,False,False
/home/Shelby/blackbird_calls/Experiments/Detection_of_calls/Datasets/All_call_classes/Split_data_controlled/OpenSoundScape/Call_audios/padded_3s/AZ15_Trial_3_trim_8.324883059_8.423103789_Check.WAV,0.0,3.0,False,False,False,True,False,False,False,False,False,False,False
/home/Shelby/blackbird_calls/Experiments/Detection_of_calls/Datasets/All_call_classes/Split_data_controlled/OpenSoundScape/Call_audios/padded_3s/SL09_Trial_3_trim_17.25909516_17.35394042_Check.WAV,0.0,3.0,False,False,False,True,False,False,False,False,False,False,False
/home/Shelby/blackbird_calls/Experiments/Detection_of_calls/Datasets/All_call_classes/Split_data_controlled/OpenSoundScape/Call_audios/padded_3s/SL51_Trial_2_trim_11.69935514_11.78888165_Check.WAV,0.0,3.0,False,False,False,True,False,False,False,False,False,False,False
/home/Shelby/blackbird_calls/Experiments/Detection_of_calls/Datasets/All_call_classes/Split_data_controlled/OpenSoundScape/Call_audios/padded_3s/SL21_Trial_3_trim_57.64885464_58.17353653_K.WAV,0.0,3.0,False,False,False,False,False,False,False,False,False,False,True
/home/Shelby/blackbird_calls/Experiments/Detection_of_calls/Datasets/All_call_classes/Split_data_controlled/OpenSoundScape/Call_audios/padded_3s/SL13_Trial_3_trim_6.868715911_6.953580521_Check.WAV,0.0,3.0,False,False,False,True,False,False,False,False,False,False,False
/home/Shelby/blackbird_calls/Experiments/Detection_of_calls/Datasets/All_call_classes/Split_data_controlled/OpenSoundScape/Call_audios/padded_3s/SL21_Trial_2_trim_56.97187484_57.20538978_Check.WAV,0.0,3.0,False,False,False,True,False,False,False,False,False,False,False
/home/Shelby/blackbird_calls/Experiments/Detection_of_calls/Datasets/All_call_classes/Split_data_controlled/OpenSoundScape/Call_audios/padded_3s/SL51_Trial_3_trim_44.34675204_44.46158401_Check.WAV,0.0,3.0,False,False,False,True,False,False,False,False,False,False,False
/home/Shelby/blackbird_calls/Experiments/Detection_of_calls/Datasets/All_call_classes/Split_data_controlled/OpenSoundScape/Call_audios/padded_3s/AZ15_Trial_1_trim_46.01296658_46.11834286_Check.WAV,0.0,3.0,False,False,False,True,False,False,False,False,False,False,False
/home/Shelby/blackbird_calls/Experiments/Detection_of_calls/Datasets/All_call_classes/Split_data_controlled/OpenSoundScape/Call_audios/padded_3s/AZ15_Trial_1_trim_33.16188981_33.26726608_Check.WAV,0.0,3.0,False,False,False,True,False,False,False,False,False,False,False
/home/Shelby/blackbird_calls/Experiments/Detection_of_calls/Datasets/All_call_classes/Split_data_controlled/OpenSoundScape/Call_audios/padded_3s/SL17a_Trial_3_trim_12.87059661_13.77033648_Chits.WAV,0.0,3.0,False,False,False,False,False,True,False,False,False,False,False
/home/Shelby/blackbird_calls/Experiments/Detection_of_calls/Datasets/All_call_classes/Split_data_controlled/OpenSoundScape/Call_audios/padded_3s/SL28_Trial_1_trim_50.78993682_51.32581932_Chits.WAV,0.0,3.0,False,False,False,False,False,True,False,False,False,False,False
/home/Shelby/blackbird_calls/Experiments/Detection_of_calls/Datasets/All_call_classes/Split_data_controlled/OpenSoundScape/Call_audios/padded_3s/SL42_Trial_1_trim_3.106477489_3.22313273_Check.WAV,0.0,3.0,False,False,False,True,False,False,False,False,False,False,False
/home/Shelby/blackbird_calls/Experiments/Detection_of_calls/Datasets/All_call_classes/Split_data_controlled/OpenSoundScape/Call_audios/padded_3s/SL30_Trial_3_trim_39.79006587_39.89424483_Check.WAV,0.0,3.0,False,False,False,True,False,False,False,False,False,False,False
/home/Shelby/blackbird_calls/Experiments/Detection_of_calls/Datasets/All_call_classes/Split_data_controlled/OpenSoundScape/Call_audios/padded_3s/SL50_Trial_3_trim_41.90253714_41.99384449_Check.WAV,0.0,3.0,False,False,False,True,False,False,False,False,False,False,False
/home/Shelby/blackbird_calls/Experiments/Detection_of_calls/Datasets/All_call_classes/Split_data_controlled/OpenSoundScape/Call_audios/padded_3s/SL42_Trial_1_trim_18.06640314_18.5184422_Cheer.WAV,0.0,3.0,False,False,False,False,True,False,False,False,False,False,False
/home/Shelby/blackbird_calls/Experiments/Detection_of_calls/Datasets/All_call_classes/Split_data_controlled/OpenSoundScape/Call_audios/padded_3s/SL21_Trial_1_trim_43.62462767_43.78657893_Check.WAV,0.0,3.0,False,False,False,True,False,False,False,False,False,False,False
/home/Shelby/blackbird_calls/Experiments/Detection_of_calls/Datasets/All_call_classes/Split_data_controlled/OpenSoundScape/Call_audios/padded_3s/SL21_Trial_3_trim_20.69618598_20.86125444_Check.WAV,0.0,3.0,False,False,False,True,False,False,False,False,False,False,False
/home/Shelby/blackbird_calls/Experiments/Detection_of_calls/Datasets/All_call_classes/Split_data_controlled/OpenSoundScape/Call_audios/padded_3s/SL43_Trial_2_trim_48.25620002_48.43525391_Check.WAV,0.0,3.0,False,False,False,True,False,False,False,False,False,False,False
/home/Shelby/blackbird_calls/Experiments/Detection_of_calls/Datasets/All_call_classes/Split_data_controlled/OpenSoundScape/Call_audios/padded_3s/SL16_Trial_2_trim_44.69745736_45.33264206_Cheer.WAV,0.0,3.0,False,False,False,False,True,False,False,False,False,False,False
/home/Shelby/blackbird_calls/Experiments/Detection_of_calls/Datasets/All_call_classes/Split_data_controlled/OpenSoundScape/Call_audios/padded_3s/SL50_Trial_1_trim_57.62419633_57.8282396_M.WAV,0.0,3.0,True,False,False,False,False,False,False,False,False,False,False
/home/Shelby/blackbird_calls/Experiments/Detection_of_calls/Datasets/All_call_classes/Split_data_controlled/OpenSoundScape/Call_audios/padded_3s/AZ13_Trial_1_trim_15.15868592_15.26408222_Check.WAV,0.0,3.0,False,False,False,True,False,False,False,False,False,False,False
/home/Shelby/blackbird_calls/Experiments/Detection_of_calls/Datasets/All_call_classes/Split_data_controlled/OpenSoundScape/Call_audios/padded_3s/AZ13_Trial_1_trim_52.63690671_52.71595393_Check.WAV,0.0,3.0,False,False,False,True,False,False,False,False,False,False,False
/home/Shelby/blackbird_calls/Experiments/Detection_of_calls/Datasets/All_call_classes/Split_data_controlled/OpenSoundScape/Call_audios/padded_3s/SL21_Trial_2_trim_31.20845995_31.95739708_K.WAV,0.0,3.0,False,False,False,False,False,False,False,False,False,False,True
/home/Shelby/blackbird_calls/Experiments/Detection_of_calls/Datasets/All_call_classes/Split_data_controlled/OpenSoundScape/Call_audios/padded_3s/SL42_Trial_1_trim_13.94021161_14.06519936_Check.WAV,0.0,3.0,False,False,False,True,False,False,False,False,False,False,False
/home/Shelby/blackbird_calls/Experiments/Detection_of_calls/Datasets/All_call_classes/Split_data_controlled/OpenSoundScape/Call_audios/padded_3s/SL21_Trial_1_trim_10.64027399_10.74922302_Check.WAV,0.0,3.0,False,False,False,True,False,False,False,False,False,False,False
/home/Shelby/blackbird_calls/Experiments/Detection_of_calls/Datasets/All_call_classes/Split_data_controlled/OpenSoundScape/Call_audios/padded_3s/AZ15_Trial_3_trim_15.1209881_15.19762539_Check.WAV,0.0,3.0,False,False,False,True,False,False,False,False,False,False,False
/home/Shelby/blackbird_calls/Experiments/Detection_of_calls/Datasets/All_call_classes/Split_data_controlled/OpenSoundScape/Call_audios/padded_3s/EF04_Trial_2_trim_11.4170352_11.7571132_Cheer.WAV,0.0,3.0,False,False,False,False,True,False,False,False,False,False,False
/home/Shelby/blackbird_calls/Experiments/Detection_of_calls/Datasets/All_call_classes/Split_data_controlled/OpenSoundScape/Call_audios/padded_3s/SL30_Trial_2_trim_24.51668898_24.58296852_Check.WAV,0.0,3.0,False,False,False,True,False,False,False,False,False,False,False
/home/Shelby/blackbird_calls/Experiments/Detection_of_calls/Datasets/All_call_classes/Split_data_controlled/OpenSoundScape/Call_audios/padded_3s/SL43_Trial_2_trim_10.38003794_10.54659969_Check.WAV,0.0,3.0,False,False,False,True,False,False,False,False,False,False,False
/home/Shelby/blackbird_calls/Experiments/Detection_of_calls/Datasets/All_call_classes/Split_data_controlled/OpenSoundScape/Call_audios/padded_3s/SL21_Trial_3_trim_49.53652115_49.65737485_Check.WAV,0.0,3.0,False,False,False,True,False,False,False,False,False,False,False
/home/Shelby/blackbird_calls/Experiments/Detection_of_calls/Datasets/All_call_classes/Split_data_controlled/OpenSoundScape/Call_audios/padded_3s/SL07_Trial_3_trim_38.96776774_39.101883_Check.WAV,0.0,3.0,False,False,False,True,False,False,False,False,False,False,False
/home/Shelby/blackbird_calls/Experiments/Detection_of_calls/Datasets/All_call_classes/Split_data_controlled/OpenSoundScape/Call_audios/padded_3s/EF04_Trial_2_trim_26.24398566_26.36852126_Chits.WAV,0.0,3.0,False,False,False,False,False,True,False,False,False,False,False
/home/Shelby/blackbird_calls/Experiments/Detection_of_calls/Datasets/All_call_classes/Split_data_controlled/OpenSoundScape/Call_audios/padded_3s/SL56_Trial_2_trim_49.54894536_49.64907031_Check.WAV,0.0,3.0,False,False,False,True,False,False,False,False,False,False,False
/home/Shelby/blackbird_calls/Experiments/Detection_of_calls/Datasets/All_call_classes/Split_data_controlled/OpenSoundScape/Call_audios/padded_3s/SL16_Trial_1_trim_23.26290689_23.39223599_Check.WAV,0.0,3.0,False,False,False,True,False,False,False,False,False,False,False
/home/Shelby/blackbird_calls/Experiments/Detection_of_calls/Datasets/All_call_classes/Split_data_controlled/OpenSoundScape/Call_audios/padded_3s/SL21_Trial_1_trim_16.3428399_16.41350954_E.WAV,0.0,3.0,False,False,False,False,False,False,False,True,False,False,False
/home/Shelby/blackbird_calls/Experiments/Detection_of_calls/Datasets/All_call_classes/Split_data_controlled/OpenSoundScape/Call_audios/padded_3s/SL51_Trial_1_trim_13.17460171_13.73993612_Cheer.WAV,0.0,3.0,False,False,False,False,True,False,False,False,False,False,False
/home/Shelby/blackbird_calls/Experiments/Detection_of_calls/Datasets/All_call_classes/Split_data_controlled/OpenSoundScape/Call_audios/padded_3s/SL52_Trial_3_trim_53.79651638_53.93393648_Check.WAV,0.0,3.0,False,False,False,True,False,False,False,False,False,False,False
/home/Shelby/blackbird_calls/Experiments/Detection_of_calls/Datasets/All_call_classes/Split_data_controlled/OpenSoundScape/Call_audios/padded_3s/AZ13_Trial_3_trim_39.79000155_39.86903397_Check.WAV,0.0,3.0,False,False,False,True,False,False,False,False,False,False,False
/home/Shelby/blackbird_calls/Experiments/Detection_of_calls/Datasets/All_call_classes/Split_data_controlled/OpenSoundScape/Call_audios/padded_3s/AZ02_Trial_3_trim_1.690910023_1.863354104_Check.WAV,0.0,3.0,False,False,False,True,False,False,False,False,False,False,False
/home/Shelby/blackbird_calls/Experiments/Detection_of_calls/Datasets/All_call_classes/Split_data_controlled/OpenSoundScape/Call_audios/padded_3s/AZ02_Trial_3_trim_0.205974875_0.833479728_Cheer.WAV,0.0,3.0,False,False,False,False,True,False,False,False,False,False,False
/home/Shelby/blackbird_calls/Experiments/Detection_of_calls/Datasets/All_call_classes/Split_data_controlled/OpenSoundScape/Call_audios/padded_3s/SL38_Trial_3_trim_27.64961543_27.74330961_Check.WAV,0.0,3.0,False,False,False,True,False,False,False,False,False,False,False
/home/Shelby/blackbird_calls/Experiments/Detection_of_calls/Datasets/All_call_classes/Split_data_controlled/OpenSoundScape/Call_audios/padded_3s/AZ13_Trial_3_trim_23.50454878_23.56921167_Check.WAV,0.0,3.0,False,False,False,True,False,False,False,False,False,False,False
/home/Shelby/blackbird_calls/Experiments/Detection_of_calls/Datasets/All_call_classes/Split_data_controlled/OpenSoundScape/Call_audios/padded_3s/SL12_Trial_1_trim_30.50879776_30.5934735_Check.WAV,0.0,3.0,False,False,False,True,False,False,False,False,False,False,False
/home/Shelby/blackbird_calls/Experiments/Detection_of_calls/Datasets/All_call_classes/Split_data_controlled/OpenSoundScape/Call_audios/padded_3s/SL38_Trial_1_trim_12.51535594_12.61531999_D.WAV,0.0,3.0,False,False,False,False,False,False,True,False,False,False,False
/home/Shelby/blackbird_calls/Experiments/Detection_of_calls/Datasets/All_call_classes/Split_data_controlled/OpenSoundScape/Call_audios/padded_3s/AZ15_Trial_1_trim_34.14380509_34.24439154_Check.WAV,0.0,3.0,False,False,False,True,False,False,False,False,False,False,False
/home/Shelby/blackbird_calls/Experiments/Detection_of_calls/Datasets/All_call_classes/Split_data_controlled/OpenSoundScape/Call_audios/padded_3s/SL21_Trial_3_trim_10.76786059_11.29843778_K.WAV,0.0,3.0,False,False,False,False,False,False,False,False,False,False,True
/home/Shelby/blackbird_calls/Experiments/Detection_of_calls/Datasets/All_call_classes/Split_data_controlled/OpenSoundScape/Call_audios/padded_3s/SL36_Trial_1_trim_52.39968625_52.4746392_Check.WAV,0.0,3.0,False,False,False,True,False,False,False,False,False,False,False
/home/Shelby/blackbird_calls/Experiments/Detection_of_calls/Datasets/All_call_classes/Split_data_controlled/OpenSoundScape/Call_audios/padded_3s/SL28_Trial_3_trim_54.87678368_54.98505062_Check.WAV,0.0,3.0,False,False,False,True,False,False,False,False,False,False,False
/home/Shelby/blackbird_calls/Experiments/Detection_of_calls/Datasets/All_call_classes/Split_data_controlled/OpenSoundScape/Call_audios/padded_3s/SL09_Trial_3_trim_32.05815181_32.24784231_E.WAV,0.0,3.0,False,False,False,False,False,False,False,True,False,False,False
/home/Shelby/blackbird_calls/Experiments/Detection_of_calls/Datasets/All_call_classes/Split_data_controlled/OpenSoundScape/Call_audios/padded_3s/SL17a_Trial_2_trim_7.533920006_7.588053625_E.WAV,0.0,3.0,False,False,False,False,False,False,False,True,False,False,False
/home/Shelby/blackbird_calls/Experiments/Detection_of_calls/Datasets/All_call_classes/Split_data_controlled/OpenSoundScape/Call_audios/padded_3s/SL22_Trial_1_trim_20.94381293_21.02329776_C.WAV,0.0,3.0,False,False,True,False,False,False,False,False,False,False,False
/home/Shelby/blackbird_calls/Experiments/Detection_of_calls/Datasets/All_call_classes/Split_data_controlled/OpenSoundScape/Call_audios/padded_3s/SL22_Trial_1_trim_54.25800523_54.36987276_Check.WAV,0.0,3.0,False,False,False,True,False,False,False,False,False,False,False
/home/Shelby/blackbird_calls/Experiments/Detection_of_calls/Datasets/All_call_classes/Split_data_controlled/OpenSoundScape/Call_audios/padded_3s/SL50_Trial_1_trim_34.53213605_34.85693962_Cheer.WAV,0.0,3.0,False,False,False,False,True,False,False,False,False,False,False
/home/Shelby/blackbird_calls/Experiments/Detection_of_calls/Datasets/All_call_classes/Split_data_controlled/OpenSoundScape/Call_audios/padded_3s/SL54_Trial_1_trim_48.62317387_48.6982536_Check.WAV,0.0,3.0,False,False,False,True,False,False,False,False,False,False,False
/home/Shelby/blackbird_calls/Experiments/Detection_of_calls/Datasets/All_call_classes/Split_data_controlled/OpenSoundScape/Call_audios/padded_3s/SL56_Trial_3_trim_16.41575435_16.59241891_Check.WAV,0.0,3.0,False,False,False,True,False,False,False,False,False,False,False
/home/Shelby/blackbird_calls/Experiments/Detection_of_calls/Datasets/All_call_classes/Split_data_controlled/OpenSoundScape/Call_audios/padded_3s/SL30_Trial_3_trim_8.1483457_8.277527613_Check.WAV,0.0,3.0,False,False,False,True,False,False,False,False,False,False,False
/home/Shelby/blackbird_calls/Experiments/Detection_of_calls/Datasets/All_call_classes/Split_data_controlled/OpenSoundScape/Call_audios/padded_3s/SL42_Trial_1_trim_2.658072992_2.737231906_Check.WAV,0.0,3.0,False,False,False,True,False,False,False,False,False,False,False
/home/Shelby/blackbird_calls/Experiments/Detection_of_calls/Datasets/All_call_classes/Split_data_controlled/OpenSoundScape/Call_audios/padded_3s/AZ13_Trial_3_trim_51.18654143_51.26796877_Check.WAV,0.0,3.0,False,False,False,True,False,False,False,False,False,False,False
/home/Shelby/blackbird_calls/Experiments/Detection_of_calls/Datasets/All_call_classes/Split_data_controlled/OpenSoundScape/Call_audios/padded_3s/AZ15_Trial_1_trim_18.32683818_18.3938958_Check.WAV,0.0,3.0,False,False,False,True,False,False,False,False,False,False,False
/home/Shelby/blackbird_calls/Experiments/Detection_of_calls/Datasets/All_call_classes/Split_data_controlled/OpenSoundScape/Call_audios/padded_3s/SL07_Trial_3_trim_5.653650867_5.756632225_D.WAV,0.0,3.0,False,False,False,False,False,False,True,False,False,False,False
/home/Shelby/blackbird_calls/Experiments/Detection_of_calls/Datasets/All_call_classes/Split_data_controlled/OpenSoundScape/Call_audios/padded_3s/SL11_Trial_1_trim_45.44995246_46.02475246_G.WAV,0.0,3.0,False,False,False,False,False,False,False,False,True,False,False
/home/Shelby/blackbird_calls/Experiments/Detection_of_calls/Datasets/All_call_classes/Split_data_controlled/OpenSoundScape/Call_audios/padded_3s/AZ13_Trial_3_trim_33.21112346_33.28536604_Check.WAV,0.0,3.0,False,False,False,True,False,False,False,False,False,False,False
/home/Shelby/blackbird_calls/Experiments/Detection_of_calls/Datasets/All_call_classes/Split_data_controlled/OpenSoundScape/Call_audios/padded_3s/SL07_Trial_1_trim_55.93296287_56.40717116_Cheer.WAV,0.0,3.0,False,False,False,False,True,False,False,False,False,False,False
/home/Shelby/blackbird_calls/Experiments/Detection_of_calls/Datasets/All_call_classes/Split_data_controlled/OpenSoundScape/Call_audios/padded_3s/SL28_Trial_1_trim_56.15550383_56.26444698_Check.WAV,0.0,3.0,False,False,False,True,False,False,False,False,False,False,False
/home/Shelby/blackbird_calls/Experiments/Detection_of_calls/Datasets/All_call_classes/Split_data_controlled/OpenSoundScape/Call_audios/padded_3s/SL36_Trial_3_trim_36.66351329_36.78844561_Check.WAV,0.0,3.0,False,False,False,True,False,False,False,False,False,False,False
/home/Shelby/blackbird_calls/Experiments/Detection_of_calls/Datasets/All_call_classes/Split_data_controlled/OpenSoundScape/Call_audios/padded_3s/AZ13_Trial_1_trim_33.17010417_33.24915139_Check.WAV,0.0,3.0,False,False,False,True,False,False,False,False,False,False,False
/home/Shelby/blackbird_calls/Experiments/Detection_of_calls/Datasets/All_call_classes/Split_data_controlled/OpenSoundScape/Call_audios/padded_3s/SL11_Trial_3_trim_6.126003356_6.25132275_E.WAV,0.0,3.0,False,False,False,False,False,False,False,True,False,False,False
/home/Shelby/blackbird_calls/Experiments/Detection_of_calls/Datasets/All_call_classes/Split_data_controlled/OpenSoundScape/Call_audios/padded_3s/SL38_Trial_3_trim_18.22548773_18.32959237_Check.WAV,0.0,3.0,False,False,False,True,False,False,False,False,False,False,False
/home/Shelby/blackbird_calls/Experiments/Detection_of_calls/Datasets/All_call_classes/Split_data_controlled/OpenSoundScape/Call_audios/padded_3s/SL36_Trial_3_trim_40.7328494_40.84424738_Check.WAV,0.0,3.0,False,False,False,True,False,False,False,False,False,False,False
/home/Shelby/blackbird_calls/Experiments/Detection_of_calls/Datasets/All_call_classes/Split_data_controlled/OpenSoundScape/Call_audios/padded_3s/SL38_Trial_3_trim_45.395598_45.48929218_Check.WAV,0.0,3.0,False,False,False,True,False,False,False,False,False,False,False
/home/Shelby/blackbird_calls/Experiments/Detection_of_calls/Datasets/All_call_classes/Split_data_controlled/OpenSoundScape/Call_audios/padded_3s/SL42_Trial_1_trim_44.16211412_44.22669112_Check.WAV,0.0,3.0,False,False,False,True,False,False,False,False,False,False,False
/home/Shelby/blackbird_calls/Experiments/Detection_of_calls/Datasets/All_call_classes/Split_data_controlled/OpenSoundScape/Call_audios/padded_3s/AZ13_Trial_1_trim_45.00368099_45.09230969_Check.WAV,0.0,3.0,False,False,False,True,False,False,False,False,False,False,False
/home/Shelby/blackbird_calls/Experiments/Detection_of_calls/Datasets/All_call_classes/Split_data_controlled/OpenSoundScape/Call_audios/padded_3s/EF04_Trial_2_trim_14.9022876_14.98850456_Check.WAV,0.0,3.0,False,False,False,True,False,False,False,False,False,False,False
/home/Shelby/blackbird_calls/Experiments/Detection_of_calls/Datasets/All_call_classes/Split_data_controlled/OpenSoundScape/Call_audios/padded_3s/SL07_Trial_1_trim_0.182019341_0.934046618_Cheer.WAV,0.0,3.0,False,False,False,False,True,False,False,False,False,False,False
/home/Shelby/blackbird_calls/Experiments/Detection_of_calls/Datasets/All_call_classes/Split_data_controlled/OpenSoundScape/Call_audios/padded_3s/SL51_Trial_3_trim_57.6714188_57.77447313_Check.WAV,0.0,3.0,False,False,False,True,False,False,False,False,False,False,False
/home/Shelby/blackbird_calls/Experiments/Detection_of_calls/Datasets/All_call_classes/Split_data_controlled/OpenSoundScape/Call_audios/padded_3s/AZ15_Trial_1_trim_36.85946177_36.95525838_Check.WAV,0.0,3.0,False,False,False,True,False,False,False,False,False,False,False
/home/Shelby/blackbird_calls/Experiments/Detection_of_calls/Datasets/All_call_classes/Split_data_controlled/OpenSoundScape/Call_audios/padded_3s/SL07_Trial_3_trim_10.31619425_10.41438578_Check.WAV,0.0,3.0,False,False,False,True,False,False,False,False,False,False,False
/home/Shelby/blackbird_calls/Experiments/Detection_of_calls/Datasets/All_call_classes/Split_data_controlled/OpenSoundScape/Call_audios/padded_3s/SL54_Trial_2_trim_25.57228995_25.69596368_Check.WAV,0.0,3.0,False,False,False,True,False,False,False,False,False,False,False
/home/Shelby/blackbird_calls/Experiments/Detection_of_calls/Datasets/All_call_classes/Split_data_controlled/OpenSoundScape/Call_audios/padded_3s/SL54_Trial_3_trim_11.62733575_11.76069849_Check.WAV,0.0,3.0,False,False,False,True,False,False,False,False,False,False,False
/home/Shelby/blackbird_calls/Experiments/Detection_of_calls/Datasets/All_call_classes/Split_data_controlled/OpenSoundScape/Call_audios/padded_3s/SL51_Trial_2_trim_35.78690055_35.85768895_Check.WAV,0.0,3.0,False,False,False,True,False,False,False,False,False,False,False
/home/Shelby/blackbird_calls/Experiments/Detection_of_calls/Datasets/All_call_classes/Split_data_controlled/OpenSoundScape/Call_audios/padded_3s/EF01_Trial_3_trim_62.30176139_62.43131793_Check.WAV,0.0,3.0,False,False,False,True,False,False,False,False,False,False,False
/home/Shelby/blackbird_calls/Experiments/Detection_of_calls/Datasets/All_call_classes/Split_data_controlled/OpenSoundScape/Call_audios/padded_3s/SL38_Trial_1_trim_35.86484779_36.52710961_Cheer.WAV,0.0,3.0,False,False,False,False,True,False,False,False,False,False,False
/home/Shelby/blackbird_calls/Experiments/Detection_of_calls/Datasets/All_call_classes/Split_data_controlled/OpenSoundScape/Call_audios/padded_3s/SL51_Trial_3_trim_6.114475702_6.196919164_Check.WAV,0.0,3.0,False,False,False,True,False,False,False,False,False,False,False
/home/Shelby/blackbird_calls/Experiments/Detection_of_calls/Datasets/All_call_classes/Split_data_controlled/OpenSoundScape/Call_audios/padded_3s/SL09_Trial_1_trim_38.58490325_38.68319312_Check.WAV,0.0,3.0,False,False,False,True,False,False,False,False,False,False,False
/home/Shelby/blackbird_calls/Experiments/Detection_of_calls/Datasets/All_call_classes/Split_data_controlled/OpenSoundScape/Call_audios/padded_3s/SL13_Trial_3_trim_58.57698825_58.66185286_Check.WAV,0.0,3.0,False,False,False,True,False,False,False,False,False,False,False
/home/Shelby/blackbird_calls/Experiments/Detection_of_calls/Datasets/All_call_classes/Split_data_controlled/OpenSoundScape/Call_audios/padded_3s/SL09_Trial_3_trim_37.95877819_38.16201802_E.WAV,0.0,3.0,False,False,False,False,False,False,False,True,False,False,False
/home/Shelby/blackbird_calls/Experiments/Detection_of_calls/Datasets/All_call_classes/Split_data_controlled/OpenSoundScape/Call_audios/padded_3s/AZ13_Trial_3_trim_55.48084362_55.57424557_Check.WAV,0.0,3.0,False,False,False,True,False,False,False,False,False,False,False
/home/Shelby/blackbird_calls/Experiments/Detection_of_calls/Datasets/All_call_classes/Split_data_controlled/OpenSoundScape/Call_audios/padded_3s/SL30_Trial_2_trim_17.7463036_17.8155289_Check.WAV,0.0,3.0,False,False,False,True,False,False,False,False,False,False,False
/home/Shelby/blackbird_calls/Experiments/Detection_of_calls/Datasets/All_call_classes/Split_data_controlled/OpenSoundScape/Call_audios/padded_3s/SL10_Trial_1_trim_6.204325979_6.788741684_Cheer.WAV,0.0,3.0,False,False,False,False,True,False,False,False,False,False,False
/home/Shelby/blackbird_calls/Experiments/Detection_of_calls/Datasets/All_call_classes/Split_data_controlled/OpenSoundScape/Call_audios/padded_3s/RC02_Trial_1_trim_52.89859227_52.96804482_Check.WAV,0.0,3.0,False,False,False,True,False,False,False,False,False,False,False
/home/Shelby/blackbird_calls/Experiments/Detection_of_calls/Datasets/All_call_classes/Split_data_controlled/OpenSoundScape/Call_audios/padded_3s/SL52_Trial_1_trim_22.24583963_22.39158046_Check.WAV,0.0,3.0,False,False,False,True,False,False,False,False,False,False,False
/home/Shelby/blackbird_calls/Experiments/Detection_of_calls/Datasets/All_call_classes/Split_data_controlled/OpenSoundScape/Call_audios/padded_3s/SL21_Trial_3_trim_25.96479451_26.15639183_Check.WAV,0.0,3.0,False,False,False,True,False,False,False,False,False,False,False
/home/Shelby/blackbird_calls/Experiments/Detection_of_calls/Datasets/All_call_classes/Split_data_controlled/OpenSoundScape/Call_audios/padded_3s/SL17a_Trial_2_trim_53.69912874_53.76367267_E.WAV,0.0,3.0,False,False,False,False,False,False,False,True,False,False,False
/home/Shelby/blackbird_calls/Experiments/Detection_of_calls/Datasets/All_call_classes/Split_data_controlled/OpenSoundScape/Call_audios/padded_3s/SL21_Trial_1_trim_35.20352893_36.02800809_Cheer.WAV,0.0,3.0,False,False,False,False,True,False,False,False,False,False,False
/home/Shelby/blackbird_calls/Experiments/Detection_of_calls/Datasets/All_call_classes/Split_data_controlled/OpenSoundScape/Call_audios/padded_3s/SL21_Trial_1_trim_39.65817357_39.79067915_Check.WAV,0.0,3.0,False,False,False,True,False,False,False,False,False,False,False
/home/Shelby/blackbird_calls/Experiments/Detection_of_calls/Datasets/All_call_classes/Split_data_controlled/OpenSoundScape/Call_audios/padded_3s/AZ13_Trial_2_trim_43.21683419_43.28628701_Check.WAV,0.0,3.0,False,False,False,True,False,False,False,False,False,False,False
/home/Shelby/blackbird_calls/Experiments/Detection_of_calls/Datasets/All_call_classes/Split_data_controlled/OpenSoundScape/Call_audios/padded_3s/SL21_Trial_1_trim_16.0159928_16.1278864_Check.WAV,0.0,3.0,False,False,False,True,False,False,False,False,False,False,False
/home/Shelby/blackbird_calls/Experiments/Detection_of_calls/Datasets/All_call_classes/Split_data_controlled/OpenSoundScape/Call_audios/padded_3s/AZ15_Trial_1_trim_26.90498047_27.06783471_M.WAV,0.0,3.0,True,False,False,False,False,False,False,False,False,False,False
/home/Shelby/blackbird_calls/Experiments/Detection_of_calls/Datasets/All_call_classes/Split_data_controlled/OpenSoundScape/Call_audios/padded_3s/SL09_Trial_1_trim_42.78222675_42.87373801_Check.WAV,0.0,3.0,False,False,False,True,False,False,False,False,False,False,False
/home/Shelby/blackbird_calls/Experiments/Detection_of_calls/Datasets/All_call_classes/Split_data_controlled/OpenSoundScape/Call_audios/padded_3s/AZ08_Trial_3_trim_4.6005692_4.688630957_Check.WAV,0.0,3.0,False,False,False,True,False,False,False,False,False,False,False
/home/Shelby/blackbird_calls/Experiments/Detection_of_calls/Datasets/All_call_classes/Split_data_controlled/OpenSoundScape/Call_audios/padded_3s/SL50_Trial_3_trim_27.25504387_27.35224201_Check.WAV,0.0,3.0,False,False,False,True,False,False,False,False,False,False,False
/home/Shelby/blackbird_calls/Experiments/Detection_of_calls/Datasets/All_call_classes/Split_data_controlled/OpenSoundScape/Call_audios/padded_3s/SL07_Trial_1_trim_15.42643434_15.53181396_D.WAV,0.0,3.0,False,False,False,False,False,False,True,False,False,False,False
/home/Shelby/blackbird_calls/Experiments/Detection_of_calls/Datasets/All_call_classes/Split_data_controlled/OpenSoundScape/Call_audios/padded_3s/AZ13_Trial_1_trim_55.88964011_55.97826881_Check.WAV,0.0,3.0,False,False,False,True,False,False,False,False,False,False,False
/home/Shelby/blackbird_calls/Experiments/Detection_of_calls/Datasets/All_call_classes/Split_data_controlled/OpenSoundScape/Call_audios/padded_3s/AZ13_Trial_2_trim_5.774371653_5.865378796_Check.WAV,0.0,3.0,False,False,False,True,False,False,False,False,False,False,False
/home/Shelby/blackbird_calls/Experiments/Detection_of_calls/Datasets/All_call_classes/Split_data_controlled/OpenSoundScape/Call_audios/padded_3s/EF04_Trial_2_trim_16.17638264_16.2482301_Check.WAV,0.0,3.0,False,False,False,True,False,False,False,False,False,False,False
/home/Shelby/blackbird_calls/Experiments/Detection_of_calls/Datasets/All_call_classes/Split_data_controlled/OpenSoundScape/Call_audios/padded_3s/AZ08_Trial_1_trim_10.54074869_10.65223979_C.WAV,0.0,3.0,False,False,True,False,False,False,False,False,False,False,False
/home/Shelby/blackbird_calls/Experiments/Detection_of_calls/Datasets/All_call_classes/Split_data_controlled/OpenSoundScape/Call_audios/padded_3s/SL30_Trial_3_trim_46.848081_46.92517344_Check.WAV,0.0,3.0,False,False,False,True,False,False,False,False,False,False,False
/home/Shelby/blackbird_calls/Experiments/Detection_of_calls/Datasets/All_call_classes/Split_data_controlled/OpenSoundScape/Call_audios/padded_3s/SL36_Trial_1_trim_56.27713157_57.04123532_Cheer.WAV,0.0,3.0,False,False,False,False,True,False,False,False,False,False,False
/home/Shelby/blackbird_calls/Experiments/Detection_of_calls/Datasets/All_call_classes/Split_data_controlled/OpenSoundScape/Call_audios/padded_3s/SL54_Trial_3_trim_21.42718717_21.56054991_Check.WAV,0.0,3.0,False,False,False,True,False,False,False,False,False,False,False
/home/Shelby/blackbird_calls/Experiments/Detection_of_calls/Datasets/All_call_classes/Split_data_controlled/OpenSoundScape/Call_audios/padded_3s/SL22_Trial_1_trim_10.76498933_10.87391299_Check.WAV,0.0,3.0,False,False,False,True,False,False,False,False,False,False,False
/home/Shelby/blackbird_calls/Experiments/Detection_of_calls/Datasets/All_call_classes/Split_data_controlled/OpenSoundScape/Call_audios/padded_3s/AZ15_Trial_3_trim_1.832324656_1.933932308_Check.WAV,0.0,3.0,False,False,False,True,False,False,False,False,False,False,False
/home/Shelby/blackbird_calls/Experiments/Detection_of_calls/Datasets/All_call_classes/Split_data_controlled/OpenSoundScape/Call_audios/padded_3s/SL07_Trial_1_trim_6.064118043_6.198237557_D.WAV,0.0,3.0,False,False,False,False,False,False,True,False,False,False,False
/home/Shelby/blackbird_calls/Experiments/Detection_of_calls/Datasets/All_call_classes/Split_data_controlled/OpenSoundScape/Call_audios/padded_3s/SL30_Trial_3_trim_26.00851834_26.1022794_Check.WAV,0.0,3.0,False,False,False,True,False,False,False,False,False,False,False
/home/Shelby/blackbird_calls/Experiments/Detection_of_calls/Datasets/All_call_classes/Split_data_controlled/OpenSoundScape/Call_audios/padded_3s/SL16_Trial_1_trim_3.592967803_3.717506937_Check.WAV,0.0,3.0,False,False,False,True,False,False,False,False,False,False,False
/home/Shelby/blackbird_calls/Experiments/Detection_of_calls/Datasets/All_call_classes/Split_data_controlled/OpenSoundScape/Call_audios/padded_3s/EF01_Trial_3_trim_62.13098231_62.28998352_Check.WAV,0.0,3.0,False,False,False,True,False,False,False,False,False,False,False
/home/Shelby/blackbird_calls/Experiments/Detection_of_calls/Datasets/All_call_classes/Split_data_controlled/OpenSoundScape/Call_audios/padded_3s/AZ02_Trial_3_trim_3.242906757_3.860831383_Cheer.WAV,0.0,3.0,False,False,False,False,True,False,False,False,False,False,False
/home/Shelby/blackbird_calls/Experiments/Detection_of_calls/Datasets/All_call_classes/Split_data_controlled/OpenSoundScape/Call_audios/padded_3s/SL22_Trial_2_trim_56.93633503_57.04043562_Check.WAV,0.0,3.0,False,False,False,True,False,False,False,False,False,False,False
/home/Shelby/blackbird_calls/Experiments/Detection_of_calls/Datasets/All_call_classes/Split_data_controlled/OpenSoundScape/Call_audios/padded_3s/SL54_Trial_3_trim_57.03389379_57.19226204_Check.WAV,0.0,3.0,False,False,False,True,False,False,False,False,False,False,False
/home/Shelby/blackbird_calls/Experiments/Detection_of_calls/Datasets/All_call_classes/Split_data_controlled/OpenSoundScape/Call_audios/padded_3s/SL07_Trial_1_trim_30.14865258_30.27798212_D.WAV,0.0,3.0,False,False,False,False,False,False,True,False,False,False,False
/home/Shelby/blackbird_calls/Experiments/Detection_of_calls/Datasets/All_call_classes/Split_data_controlled/OpenSoundScape/Call_audios/padded_3s/SL50_Trial_3_trim_19.47646008_19.57365822_Check.WAV,0.0,3.0,False,False,False,True,False,False,False,False,False,False,False
/home/Shelby/blackbird_calls/Experiments/Detection_of_calls/Datasets/All_call_classes/Split_data_controlled/OpenSoundScape/Call_audios/padded_3s/SL43_Trial_2_trim_7.369434222_7.535995977_Check.WAV,0.0,3.0,False,False,False,True,False,False,False,False,False,False,False
/home/Shelby/blackbird_calls/Experiments/Detection_of_calls/Datasets/All_call_classes/Split_data_controlled/OpenSoundScape/Call_audios/padded_3s/AZ13_Trial_3_trim_59.78493289_59.83762117_Check.WAV,0.0,3.0,False,False,False,True,False,False,False,False,False,False,False
/home/Shelby/blackbird_calls/Experiments/Detection_of_calls/Datasets/All_call_classes/Split_data_controlled/OpenSoundScape/Call_audios/padded_3s/SL54_Trial_2_trim_27.40972821_27.53045732_Check.WAV,0.0,3.0,False,False,False,True,False,False,False,False,False,False,False
/home/Shelby/blackbird_calls/Experiments/Detection_of_calls/Datasets/All_call_classes/Split_data_controlled/OpenSoundScape/Call_audios/padded_3s/SL51_Trial_2_trim_24.59816873_25.06453938_Cheer.WAV,0.0,3.0,False,False,False,False,True,False,False,False,False,False,False
/home/Shelby/blackbird_calls/Experiments/Detection_of_calls/Datasets/All_call_classes/Split_data_controlled/OpenSoundScape/Call_audios/padded_3s/SL11_Trial_3_trim_57.18364971_57.3733223_E.WAV,0.0,3.0,False,False,False,False,False,False,False,True,False,False,False
/home/Shelby/blackbird_calls/Experiments/Detection_of_calls/Datasets/All_call_classes/Split_data_controlled/OpenSoundScape/Call_audios/padded_3s/SL30_Trial_2_trim_23.15722192_23.32365722_Chits.WAV,0.0,3.0,False,False,False,False,False,True,False,False,False,False,False
/home/Shelby/blackbird_calls/Experiments/Detection_of_calls/Datasets/All_call_classes/Split_data_controlled/OpenSoundScape/Call_audios/padded_3s/AZ15_Trial_1_trim_18.3938958_18.48490259_Check.WAV,0.0,3.0,False,False,False,True,False,False,False,False,False,False,False
/home/Shelby/blackbird_calls/Experiments/Detection_of_calls/Datasets/All_call_classes/Split_data_controlled/OpenSoundScape/Call_audios/padded_3s/AZ15_Trial_1_trim_44.70972596_44.79115308_D.WAV,0.0,3.0,False,False,False,False,False,False,True,False,False,False,False
/home/Shelby/blackbird_calls/Experiments/Detection_of_calls/Datasets/All_call_classes/Split_data_controlled/OpenSoundScape/Call_audios/padded_3s/SL22_Trial_1_trim_1.881140995_1.981233004_Check.WAV,0.0,3.0,False,False,False,True,False,False,False,False,False,False,False
/home/Shelby/blackbird_calls/Experiments/Detection_of_calls/Datasets/All_call_classes/Split_data_controlled/OpenSoundScape/Call_audios/padded_3s/SL02_Trial_3_trim_11.46866626_11.53332971_Check.WAV,0.0,3.0,False,False,False,True,False,False,False,False,False,False,False
/home/Shelby/blackbird_calls/Experiments/Detection_of_calls/Datasets/All_call_classes/Split_data_controlled/OpenSoundScape/Call_audios/padded_3s/SL54_Trial_3_trim_13.3485486_13.46107341_Check.WAV,0.0,3.0,False,False,False,True,False,False,False,False,False,False,False
/home/Shelby/blackbird_calls/Experiments/Detection_of_calls/Datasets/All_call_classes/Split_data_controlled/OpenSoundScape/Call_audios/padded_3s/EF04_Trial_2_trim_5.834014131_5.963339568_Check.WAV,0.0,3.0,False,False,False,True,False,False,False,False,False,False,False
/home/Shelby/blackbird_calls/Experiments/Detection_of_calls/Datasets/All_call_classes/Split_data_controlled/OpenSoundScape/Call_audios/padded_3s/RC02_Trial_1_trim_53.34883635_53.42068381_Check.WAV,0.0,3.0,False,False,False,True,False,False,False,False,False,False,False
/home/Shelby/blackbird_calls/Experiments/Detection_of_calls/Datasets/All_call_classes/Split_data_controlled/OpenSoundScape/Call_audios/padded_3s/AZ13_Trial_2_trim_59.27450626_59.35593371_Check.WAV,0.0,3.0,False,False,False,True,False,False,False,False,False,False,False
/home/Shelby/blackbird_calls/Experiments/Detection_of_calls/Datasets/All_call_classes/Split_data_controlled/OpenSoundScape/Call_audios/padded_3s/SL13_Trial_2_trim_34.75525613_34.85373572_Check.WAV,0.0,3.0,False,False,False,True,False,False,False,False,False,False,False
/home/Shelby/blackbird_calls/Experiments/Detection_of_calls/Datasets/All_call_classes/Split_data_controlled/OpenSoundScape/Call_audios/padded_3s/AZ08_Trial_1_trim_36.39281711_36.48087887_C.WAV,0.0,3.0,False,False,True,False,False,False,False,False,False,False,False
/home/Shelby/blackbird_calls/Experiments/Detection_of_calls/Datasets/All_call_classes/Split_data_controlled/OpenSoundScape/Call_audios/padded_3s/SL38_Trial_3_trim_52.64044225_53.22967451_Cheer.WAV,0.0,3.0,False,False,False,False,True,False,False,False,False,False,False
/home/Shelby/blackbird_calls/Experiments/Detection_of_calls/Datasets/All_call_classes/Split_data_controlled/OpenSoundScape/Call_audios/padded_3s/SL52_Trial_1_trim_59.77828197_59.87821854_Check.WAV,0.0,3.0,False,False,False,True,False,False,False,False,False,False,False
/home/Shelby/blackbird_calls/Experiments/Detection_of_calls/Datasets/All_call_classes/Split_data_controlled/OpenSoundScape/Call_audios/padded_3s/AZ15_Trial_3_trim_0.501264416_0.599485146_Check.WAV,0.0,3.0,False,False,False,True,False,False,False,False,False,False,False
/home/Shelby/blackbird_calls/Experiments/Detection_of_calls/Datasets/All_call_classes/Split_data_controlled/OpenSoundScape/Call_audios/padded_3s/SL07_Trial_1_trim_56.75898949_56.91705891_D.WAV,0.0,3.0,False,False,False,False,False,False,True,False,False,False,False
/home/Shelby/blackbird_calls/Experiments/Detection_of_calls/Datasets/All_call_classes/Split_data_controlled/OpenSoundScape/Call_audios/padded_3s/SL07_Trial_3_trim_28.7305037_28.84306472_Check.WAV,0.0,3.0,False,False,False,True,False,False,False,False,False,False,False
/home/Shelby/blackbird_calls/Experiments/Detection_of_calls/Datasets/All_call_classes/Split_data_controlled/OpenSoundScape/Call_audios/padded_3s/RC02_Trial_1_trim_16.84965652_16.93347856_Check.WAV,0.0,3.0,False,False,False,True,False,False,False,False,False,False,False
/home/Shelby/blackbird_calls/Experiments/Detection_of_calls/Datasets/All_call_classes/Split_data_controlled/OpenSoundScape/Call_audios/padded_3s/AZ15_Trial_1_trim_21.97328867_22.07866495_Check.WAV,0.0,3.0,False,False,False,True,False,False,False,False,False,False,False
/home/Shelby/blackbird_calls/Experiments/Detection_of_calls/Datasets/All_call_classes/Split_data_controlled/OpenSoundScape/Call_audios/padded_3s/SL09_Trial_2_trim_66.86928395_66.98399577_Check.WAV,0.0,3.0,False,False,False,True,False,False,False,False,False,False,False
/home/Shelby/blackbird_calls/Experiments/Detection_of_calls/Datasets/All_call_classes/Split_data_controlled/OpenSoundScape/Call_audios/padded_3s/SL21_Trial_1_trim_6.69473436_6.759514866_Check.WAV,0.0,3.0,False,False,False,True,False,False,False,False,False,False,False
/home/Shelby/blackbird_calls/Experiments/Detection_of_calls/Datasets/All_call_classes/Split_data_controlled/OpenSoundScape/Call_audios/padded_3s/AZ13_Trial_1_trim_23.70096757_23.80157313_Check.WAV,0.0,3.0,False,False,False,True,False,False,False,False,False,False,False
/home/Shelby/blackbird_calls/Experiments/Detection_of_calls/Datasets/All_call_classes/Split_data_controlled/OpenSoundScape/Call_audios/padded_3s/SL11_Trial_1_trim_22.13576191_22.8830019_Cheer.WAV,0.0,3.0,False,False,False,False,True,False,False,False,False,False,False
/home/Shelby/blackbird_calls/Experiments/Detection_of_calls/Datasets/All_call_classes/Split_data_controlled/OpenSoundScape/Call_audios/padded_3s/SL17a_Trial_3_trim_61.53394018_61.72340326_K.WAV,0.0,3.0,False,False,False,False,False,False,False,False,False,False,True
/home/Shelby/blackbird_calls/Experiments/Detection_of_calls/Datasets/All_call_classes/Split_data_controlled/OpenSoundScape/Call_audios/padded_3s/SL13_Trial_2_trim_47.76226125_47.86413668_Check.WAV,0.0,3.0,False,False,False,True,False,False,False,False,False,False,False
/home/Shelby/blackbird_calls/Experiments/Detection_of_calls/Datasets/All_call_classes/Split_data_controlled/OpenSoundScape/Call_audios/padded_3s/AZ13_Trial_3_trim_29.56306326_29.61814646_Check.WAV,0.0,3.0,False,False,False,True,False,False,False,False,False,False,False
/home/Shelby/blackbird_calls/Experiments/Detection_of_calls/Datasets/All_call_classes/Split_data_controlled/OpenSoundScape/Call_audios/padded_3s/SL07_Trial_1_trim_51.17404702_51.34169641_D.WAV,0.0,3.0,False,False,False,False,False,False,True,False,False,False,False
/home/Shelby/blackbird_calls/Experiments/Detection_of_calls/Datasets/All_call_classes/Split_data_controlled/OpenSoundScape/Call_audios/padded_3s/AZ13_Trial_2_trim_31.11004213_31.22020867_Check.WAV,0.0,3.0,False,False,False,True,False,False,False,False,False,False,False
/home/Shelby/blackbird_calls/Experiments/Detection_of_calls/Datasets/All_call_classes/Split_data_controlled/OpenSoundScape/Call_audios/padded_3s/SL50_Trial_1_trim_41.87094688_42.34357771_Cheer.WAV,0.0,3.0,False,False,False,False,True,False,False,False,False,False,False
/home/Shelby/blackbird_calls/Experiments/Detection_of_calls/Datasets/All_call_classes/Split_data_controlled/OpenSoundScape/Call_audios/padded_3s/SL54_Trial_3_trim_4.466495703_4.616528785_Check.WAV,0.0,3.0,False,False,False,True,False,False,False,False,False,False,False
/home/Shelby/blackbird_calls/Experiments/Detection_of_calls/Datasets/All_call_classes/Split_data_controlled/OpenSoundScape/Call_audios/padded_3s/SL30_Trial_3_trim_30.98122441_31.07081832_Check.WAV,0.0,3.0,False,False,False,True,False,False,False,False,False,False,False
/home/Shelby/blackbird_calls/Experiments/Detection_of_calls/Datasets/All_call_classes/Split_data_controlled/OpenSoundScape/Call_audios/padded_3s/SL52_Trial_3_trim_31.50692224_31.59853564_Check.WAV,0.0,3.0,False,False,False,True,False,False,False,False,False,False,False
/home/Shelby/blackbird_calls/Experiments/Detection_of_calls/Datasets/All_call_classes/Split_data_controlled/OpenSoundScape/Call_audios/padded_3s/SL13_Trial_2_trim_41.38377867_41.49244579_Check.WAV,0.0,3.0,False,False,False,True,False,False,False,False,False,False,False
/home/Shelby/blackbird_calls/Experiments/Detection_of_calls/Datasets/All_call_classes/Split_data_controlled/OpenSoundScape/Call_audios/padded_3s/AZ13_Trial_3_trim_14.03190603_14.12530798_Check.WAV,0.0,3.0,False,False,False,True,False,False,False,False,False,False,False
/home/Shelby/blackbird_calls/Experiments/Detection_of_calls/Datasets/All_call_classes/Split_data_controlled/OpenSoundScape/Call_audios/padded_3s/AZ02_Trial_3_trim_18.03500623_18.22661077_Check.WAV,0.0,3.0,False,False,False,True,False,False,False,False,False,False,False
/home/Shelby/blackbird_calls/Experiments/Detection_of_calls/Datasets/All_call_classes/Split_data_controlled/OpenSoundScape/Call_audios/padded_3s/AZ13_Trial_1_trim_23.38400475_23.47742419_Check.WAV,0.0,3.0,False,False,False,True,False,False,False,False,False,False,False
/home/Shelby/blackbird_calls/Experiments/Detection_of_calls/Datasets/All_call_classes/Split_data_controlled/OpenSoundScape/Call_audios/padded_3s/SL21_Trial_1_trim_0.1118936_0.848035706_Cheer.WAV,0.0,3.0,False,False,False,False,True,False,False,False,False,False,False
/home/Shelby/blackbird_calls/Experiments/Detection_of_calls/Datasets/All_call_classes/Split_data_controlled/OpenSoundScape/Call_audios/padded_3s/SL30_Trial_2_trim_23.9893984_24.07040673_Check.WAV,0.0,3.0,False,False,False,True,False,False,False,False,False,False,False
/home/Shelby/blackbird_calls/Experiments/Detection_of_calls/Datasets/All_call_classes/Split_data_controlled/OpenSoundScape/Call_audios/padded_3s/SL50_Trial_3_trim_59.49792026_59.62457238_K.WAV,0.0,3.0,False,False,False,False,False,False,False,False,False,False,True
/home/Shelby/blackbird_calls/Experiments/Detection_of_calls/Datasets/All_call_classes/Split_data_controlled/OpenSoundScape/Call_audios/padded_3s/EF04_Trial_2_trim_14.45204349_14.55741977_Check.WAV,0.0,3.0,False,False,False,True,False,False,False,False,False,False,False
/home/Shelby/blackbird_calls/Experiments/Detection_of_calls/Datasets/All_call_classes/Split_data_controlled/OpenSoundScape/Call_audios/padded_3s/SL43_Trial_2_trim_4.555463992_4.709533615_Check.WAV,0.0,3.0,False,False,False,True,False,False,False,False,False,False,False
/home/Shelby/blackbird_calls/Experiments/Detection_of_calls/Datasets/All_call_classes/Split_data_controlled/OpenSoundScape/Call_audios/padded_3s/SL50_Trial_3_trim_18.87559886_18.9610154_Check.WAV,0.0,3.0,False,False,False,True,False,False,False,False,False,False,False
/home/Shelby/blackbird_calls/Experiments/Detection_of_calls/Datasets/All_call_classes/Split_data_controlled/OpenSoundScape/Call_audios/padded_3s/SL12_Trial_1_trim_4.245898591_4.311098912_Check.WAV,0.0,3.0,False,False,False,True,False,False,False,False,False,False,False
/home/Shelby/blackbird_calls/Experiments/Detection_of_calls/Datasets/All_call_classes/Split_data_controlled/OpenSoundScape/Call_audios/padded_3s/SL38_Trial_1_trim_5.224494997_5.339037137_D.WAV,0.0,3.0,False,False,False,False,False,False,True,False,False,False,False
/home/Shelby/blackbird_calls/Experiments/Detection_of_calls/Datasets/All_call_classes/Split_data_controlled/OpenSoundScape/Call_audios/padded_3s/AZ15_Trial_1_trim_19.42849922_19.52429584_Check.WAV,0.0,3.0,False,False,False,True,False,False,False,False,False,False,False
/home/Shelby/blackbird_calls/Experiments/Detection_of_calls/Datasets/All_call_classes/Split_data_controlled/OpenSoundScape/Call_audios/padded_3s/SL54_Trial_3_trim_6.604467117_6.712824343_Check.WAV,0.0,3.0,False,False,False,True,False,False,False,False,False,False,False
/home/Shelby/blackbird_calls/Experiments/Detection_of_calls/Datasets/All_call_classes/Split_data_controlled/OpenSoundScape/Call_audios/padded_3s/SL54_Trial_3_trim_23.16090278_23.29009793_Check.WAV,0.0,3.0,False,False,False,True,False,False,False,False,False,False,False
/home/Shelby/blackbird_calls/Experiments/Detection_of_calls/Datasets/All_call_classes/Split_data_controlled/OpenSoundScape/Call_audios/padded_3s/SL42_Trial_2_trim_52.18030444_52.24484998_Check.WAV,0.0,3.0,False,False,False,True,False,False,False,False,False,False,False
/home/Shelby/blackbird_calls/Experiments/Detection_of_calls/Datasets/All_call_classes/Split_data_controlled/OpenSoundScape/Call_audios/padded_3s/SL17a_Trial_3_trim_37.98630236_38.1341252_K.WAV,0.0,3.0,False,False,False,False,False,False,False,False,False,False,True
/home/Shelby/blackbird_calls/Experiments/Detection_of_calls/Datasets/All_call_classes/Split_data_controlled/OpenSoundScape/Call_audios/padded_3s/RC02_Trial_1_trim_35.43573034_35.49799814_Check.WAV,0.0,3.0,False,False,False,True,False,False,False,False,False,False,False
/home/Shelby/blackbird_calls/Experiments/Detection_of_calls/Datasets/All_call_classes/Split_data_controlled/OpenSoundScape/Call_audios/padded_3s/SL51_Trial_3_trim_43.27204263_43.37804137_Check.WAV,0.0,3.0,False,False,False,True,False,False,False,False,False,False,False
/home/Shelby/blackbird_calls/Experiments/Detection_of_calls/Datasets/All_call_classes/Split_data_controlled/OpenSoundScape/Call_audios/padded_3s/SL52_Trial_3_trim_56.40610974_56.75590636_Cheer.WAV,0.0,3.0,False,False,False,False,True,False,False,False,False,False,False
/home/Shelby/blackbird_calls/Experiments/Detection_of_calls/Datasets/All_call_classes/Split_data_controlled/OpenSoundScape/Call_audios/padded_3s/SL50_Trial_3_trim_22.04615223_22.11978718_Check.WAV,0.0,3.0,False,False,False,True,False,False,False,False,False,False,False
/home/Shelby/blackbird_calls/Experiments/Detection_of_calls/Datasets/All_call_classes/Split_data_controlled/OpenSoundScape/Call_audios/padded_3s/SL42_Trial_3_trim_24.49750778_24.59174496_E.WAV,0.0,3.0,False,False,False,False,False,False,False,True,False,False,False
/home/Shelby/blackbird_calls/Experiments/Detection_of_calls/Datasets/All_call_classes/Split_data_controlled/OpenSoundScape/Call_audios/padded_3s/SL16_Trial_1_trim_26.0650374_26.17520663_Check.WAV,0.0,3.0,False,False,False,True,False,False,False,False,False,False,False
/home/Shelby/blackbird_calls/Experiments/Detection_of_calls/Datasets/All_call_classes/Split_data_controlled/OpenSoundScape/Call_audios/padded_3s/SL51_Trial_3_trim_17.26237303_17.36248295_Check.WAV,0.0,3.0,False,False,False,True,False,False,False,False,False,False,False
/home/Shelby/blackbird_calls/Experiments/Detection_of_calls/Datasets/All_call_classes/Split_data_controlled/OpenSoundScape/Call_audios/padded_3s/SL51_Trial_1_trim_42.5020749_42.57568615_Check.WAV,0.0,3.0,False,False,False,True,False,False,False,False,False,False,False
/home/Shelby/blackbird_calls/Experiments/Detection_of_calls/Datasets/All_call_classes/Split_data_controlled/OpenSoundScape/Call_audios/padded_3s/SL17a_Trial_2_trim_4.244350191_4.29848381_E.WAV,0.0,3.0,False,False,False,False,False,False,False,True,False,False,False
/home/Shelby/blackbird_calls/Experiments/Detection_of_calls/Datasets/All_call_classes/Split_data_controlled/OpenSoundScape/Call_audios/padded_3s/EF01_Trial_2_trim_9.086970416_9.164005677_Check.WAV,0.0,3.0,False,False,False,True,False,False,False,False,False,False,False
/home/Shelby/blackbird_calls/Experiments/Detection_of_calls/Datasets/All_call_classes/Split_data_controlled/OpenSoundScape/Call_audios/padded_3s/SL36_Trial_3_trim_57.0763615_57.18825945_Check.WAV,0.0,3.0,False,False,False,True,False,False,False,False,False,False,False
/home/Shelby/blackbird_calls/Experiments/Detection_of_calls/Datasets/All_call_classes/Split_data_controlled/OpenSoundScape/Call_audios/padded_3s/AZ15_Trial_3_trim_3.91528152_3.996567642_C.WAV,0.0,3.0,False,False,True,False,False,False,False,False,False,False,False
/home/Shelby/blackbird_calls/Experiments/Detection_of_calls/Datasets/All_call_classes/Split_data_controlled/OpenSoundScape/Call_audios/padded_3s/SL43_Trial_2_trim_19.92865817_20.09938397_Check.WAV,0.0,3.0,False,False,False,True,False,False,False,False,False,False,False
/home/Shelby/blackbird_calls/Experiments/Detection_of_calls/Datasets/All_call_classes/Split_data_controlled/OpenSoundScape/Call_audios/padded_3s/SL02_Trial_3_trim_58.90746532_59.12780005_I.WAV,0.0,3.0,False,False,False,False,False,False,True,False,False,False,False
/home/Shelby/blackbird_calls/Experiments/Detection_of_calls/Datasets/All_call_classes/Split_data_controlled/OpenSoundScape/Call_audios/padded_3s/SL52_Trial_1_trim_28.79191912_28.87936362_Check.WAV,0.0,3.0,False,False,False,True,False,False,False,False,False,False,False
/home/Shelby/blackbird_calls/Experiments/Detection_of_calls/Datasets/All_call_classes/Split_data_controlled/OpenSoundScape/Call_audios/padded_3s/SL11_Trial_2_trim_3.112307854_3.495831068_G.WAV,0.0,3.0,False,False,False,False,False,False,False,False,True,False,False
/home/Shelby/blackbird_calls/Experiments/Detection_of_calls/Datasets/All_call_classes/Split_data_controlled/OpenSoundScape/Call_audios/padded_3s/SL09_Trial_3_trim_8.95092512_9.167714273_E.WAV,0.0,3.0,False,False,False,False,False,False,False,True,False,False,False
/home/Shelby/blackbird_calls/Experiments/Detection_of_calls/Datasets/All_call_classes/Split_data_controlled/OpenSoundScape/Call_audios/padded_3s/SL21_Trial_1_trim_13.76634253_13.85762415_Check.WAV,0.0,3.0,False,False,False,True,False,False,False,False,False,False,False
/home/Shelby/blackbird_calls/Experiments/Detection_of_calls/Datasets/All_call_classes/Split_data_controlled/OpenSoundScape/Call_audios/padded_3s/SL22_Trial_2_trim_1.71141371_2.327689207_Cheer.WAV,0.0,3.0,False,False,False,False,True,False,False,False,False,False,False
/home/Shelby/blackbird_calls/Experiments/Detection_of_calls/Datasets/All_call_classes/Split_data_controlled/OpenSoundScape/Call_audios/padded_3s/AZ15_Trial_1_trim_49.85472423_49.96489034_Check.WAV,0.0,3.0,False,False,False,True,False,False,False,False,False,False,False
/home/Shelby/blackbird_calls/Experiments/Detection_of_calls/Datasets/All_call_classes/Split_data_controlled/OpenSoundScape/Call_audios/padded_3s/SL09_Trial_3_trim_17.13715126_17.24554584_Check.WAV,0.0,3.0,False,False,False,True,False,False,False,False,False,False,False
/home/Shelby/blackbird_calls/Experiments/Detection_of_calls/Datasets/All_call_classes/Split_data_controlled/OpenSoundScape/Call_audios/padded_3s/SL42_Trial_1_trim_50.04739846_50.13697302_Check.WAV,0.0,3.0,False,False,False,True,False,False,False,False,False,False,False
/home/Shelby/blackbird_calls/Experiments/Detection_of_calls/Datasets/All_call_classes/Split_data_controlled/OpenSoundScape/Call_audios/padded_3s/SL17a_Trial_3_trim_16.95359982_17.08268456_E.WAV,0.0,3.0,False,False,False,False,False,False,False,True,False,False,False
/home/Shelby/blackbird_calls/Experiments/Detection_of_calls/Datasets/All_call_classes/Split_data_controlled/OpenSoundScape/Call_audios/padded_3s/SL50_Trial_3_trim_39.83827356_39.9413625_Check.WAV,0.0,3.0,False,False,False,True,False,False,False,False,False,False,False
/home/Shelby/blackbird_calls/Experiments/Detection_of_calls/Datasets/All_call_classes/Split_data_controlled/OpenSoundScape/Call_audios/padded_3s/SL56_Trial_3_trim_9.797989758_9.962876681_Check.WAV,0.0,3.0,False,False,False,True,False,False,False,False,False,False,False
/home/Shelby/blackbird_calls/Experiments/Detection_of_calls/Datasets/All_call_classes/Split_data_controlled/OpenSoundScape/Call_audios/padded_3s/AZ13_Trial_3_trim_0.069452732_0.129325778_Check.WAV,0.0,3.0,False,False,False,True,False,False,False,False,False,False,False
/home/Shelby/blackbird_calls/Experiments/Detection_of_calls/Datasets/All_call_classes/Split_data_controlled/OpenSoundScape/Call_audios/padded_3s/SL36_Trial_2_trim_55.73895228_55.86704754_L.WAV,0.0,3.0,False,False,True,False,False,False,False,False,False,False,False
/home/Shelby/blackbird_calls/Experiments/Detection_of_calls/Datasets/All_call_classes/Split_data_controlled/OpenSoundScape/Call_audios/padded_3s/SL56_Trial_3_trim_67.64789867_68.53122148_Cheer.WAV,0.0,3.0,False,False,False,False,True,False,False,False,False,False,False
/home/Shelby/blackbird_calls/Experiments/Detection_of_calls/Datasets/All_call_classes/Split_data_controlled/OpenSoundScape/Call_audios/padded_3s/SL51_Trial_3_trim_57.30925645_57.41525519_Check.WAV,0.0,3.0,False,False,False,True,False,False,False,False,False,False,False
/home/Shelby/blackbird_calls/Experiments/Detection_of_calls/Datasets/All_call_classes/Split_data_controlled/OpenSoundScape/Call_audios/padded_3s/SL17a_Trial_3_trim_57.63774487_58.1353457_Chits.WAV,0.0,3.0,False,False,False,False,False,True,False,False,False,False,False
/home/Shelby/blackbird_calls/Experiments/Detection_of_calls/Datasets/All_call_classes/Split_data_controlled/OpenSoundScape/Call_audios/padded_3s/SL12_Trial_1_trim_40.72412362_40.81218639_Check.WAV,0.0,3.0,False,False,False,True,False,False,False,False,False,False,False
/home/Shelby/blackbird_calls/Experiments/Detection_of_calls/Datasets/All_call_classes/Split_data_controlled/OpenSoundScape/Call_audios/padded_3s/SL21_Trial_1_trim_23.66753041_23.96493182_D.WAV,0.0,3.0,False,False,False,False,False,False,True,False,False,False,False
/home/Shelby/blackbird_calls/Experiments/Detection_of_calls/Datasets/All_call_classes/Split_data_controlled/OpenSoundScape/Call_audios/padded_3s/SL02_Trial_2_trim_48.27379759_49.32540548_Chits.WAV,0.0,3.0,False,False,False,False,False,True,False,False,False,False,False
/home/Shelby/blackbird_calls/Experiments/Detection_of_calls/Datasets/All_call_classes/Split_data_controlled/OpenSoundScape/Call_audios/padded_3s/AZ13_Trial_1_trim_16.3849868_16.48080162_Check.WAV,0.0,3.0,False,False,False,True,False,False,False,False,False,False,False
/home/Shelby/blackbird_calls/Experiments/Detection_of_calls/Datasets/All_call_classes/Split_data_controlled/OpenSoundScape/Call_audios/padded_3s/AZ13_Trial_1_trim_9.783470894_9.876890338_Check.WAV,0.0,3.0,False,False,False,True,False,False,False,False,False,False,False
/home/Shelby/blackbird_calls/Experiments/Detection_of_calls/Datasets/All_call_classes/Split_data_controlled/OpenSoundScape/Call_audios/padded_3s/SL16_Trial_3_trim_58.91982085_58.98644677_Check.WAV,0.0,3.0,False,False,False,True,False,False,False,False,False,False,False
/home/Shelby/blackbird_calls/Experiments/Detection_of_calls/Datasets/All_call_classes/Split_data_controlled/OpenSoundScape/Call_audios/padded_3s/SL07_Trial_3_trim_28.93886133_29.04663252_Check.WAV,0.0,3.0,False,False,False,True,False,False,False,False,False,False,False
/home/Shelby/blackbird_calls/Experiments/Detection_of_calls/Datasets/All_call_classes/Split_data_controlled/OpenSoundScape/Call_audios/padded_3s/AZ15_Trial_1_trim_39.24949861_39.35966471_Check.WAV,0.0,3.0,False,False,False,True,False,False,False,False,False,False,False
/home/Shelby/blackbird_calls/Experiments/Detection_of_calls/Datasets/All_call_classes/Split_data_controlled/OpenSoundScape/Call_audios/padded_3s/SL16_Trial_2_trim_25.18348596_25.80617523_Chits.WAV,0.0,3.0,False,False,False,False,False,True,False,False,False,False,False
/home/Shelby/blackbird_calls/Experiments/Detection_of_calls/Datasets/All_call_classes/Split_data_controlled/OpenSoundScape/Call_audios/padded_3s/SL07_Trial_3_trim_35.09727124_35.17630344_Check.WAV,0.0,3.0,False,False,False,True,False,False,False,False,False,False,False
/home/Shelby/blackbird_calls/Experiments/Detection_of_calls/Datasets/All_call_classes/Split_data_controlled/OpenSoundScape/Call_audios/padded_3s/RC02_Trial_2_trim_20.70882514_21.27089897_Chits.WAV,0.0,3.0,False,False,False,False,False,True,False,False,False,False,False
/home/Shelby/blackbird_calls/Experiments/Detection_of_calls/Datasets/All_call_classes/Split_data_controlled/OpenSoundScape/Call_audios/padded_3s/SL38_Trial_1_trim_38.32163175_38.55696379_E.WAV,0.0,3.0,False,False,False,False,False,False,False,True,False,False,False
/home/Shelby/blackbird_calls/Experiments/Detection_of_calls/Datasets/All_call_classes/Split_data_controlled/OpenSoundScape/Call_audios/padded_3s/AZ13_Trial_3_trim_43.90852116_43.97797389_Check.WAV,0.0,3.0,False,False,False,True,False,False,False,False,False,False,False
/home/Shelby/blackbird_calls/Experiments/Detection_of_calls/Datasets/All_call_classes/Split_data_controlled/OpenSoundScape/Call_audios/padded_3s/SL16_Trial_2_trim_13.07037076_13.34721981_E.WAV,0.0,3.0,False,False,False,False,False,False,False,True,False,False,False
/home/Shelby/blackbird_calls/Experiments/Detection_of_calls/Datasets/All_call_classes/Split_data_controlled/OpenSoundScape/Call_audios/padded_3s/AZ13_Trial_2_trim_36.81372616_36.89515361_Check.WAV,0.0,3.0,False,False,False,True,False,False,False,False,False,False,False
/home/Shelby/blackbird_calls/Experiments/Detection_of_calls/Datasets/All_call_classes/Split_data_controlled/OpenSoundScape/Call_audios/padded_3s/SL21_Trial_3_trim_41.76760933_41.92383484_D.WAV,0.0,3.0,False,False,False,False,False,False,True,False,False,False,False
/home/Shelby/blackbird_calls/Experiments/Detection_of_calls/Datasets/All_call_classes/Split_data_controlled/OpenSoundScape/Call_audios/padded_3s/SL52_Trial_1_trim_24.37342561_24.49834632_Check.WAV,0.0,3.0,False,False,False,True,False,False,False,False,False,False,False
/home/Shelby/blackbird_calls/Experiments/Detection_of_calls/Datasets/All_call_classes/Split_data_controlled/OpenSoundScape/Call_audios/padded_3s/SL22_Trial_1_trim_59.79702049_59.89416861_Check.WAV,0.0,3.0,False,False,False,True,False,False,False,False,False,False,False
/home/Shelby/blackbird_calls/Experiments/Detection_of_calls/Datasets/All_call_classes/Split_data_controlled/OpenSoundScape/Call_audios/padded_3s/SL07_Trial_3_trim_7.356153026_7.502242861_D.WAV,0.0,3.0,False,False,False,False,False,False,True,False,False,False,False
/home/Shelby/blackbird_calls/Experiments/Detection_of_calls/Datasets/All_call_classes/Split_data_controlled/OpenSoundScape/Call_audios/padded_3s/SL13_Trial_3_trim_50.71661443_50.82184655_Check.WAV,0.0,3.0,False,False,False,True,False,False,False,False,False,False,False
/home/Shelby/blackbird_calls/Experiments/Detection_of_calls/Datasets/All_call_classes/Split_data_controlled/OpenSoundScape/Call_audios/padded_3s/EF01_Trial_2_trim_40.63643097_41.67953004_Chits.WAV,0.0,3.0,False,False,False,False,False,True,False,False,False,False,False
/home/Shelby/blackbird_calls/Experiments/Detection_of_calls/Datasets/All_call_classes/Split_data_controlled/OpenSoundScape/Call_audios/padded_3s/SL28_Trial_3_trim_34.82657216_34.9348391_Check.WAV,0.0,3.0,False,False,False,True,False,False,False,False,False,False,False
/home/Shelby/blackbird_calls/Experiments/Detection_of_calls/Datasets/All_call_classes/Split_data_controlled/OpenSoundScape/Call_audios/padded_3s/AZ13_Trial_1_trim_41.76387339_41.84771136_Check.WAV,0.0,3.0,False,False,False,True,False,False,False,False,False,False,False
/home/Shelby/blackbird_calls/Experiments/Detection_of_calls/Datasets/All_call_classes/Split_data_controlled/OpenSoundScape/Call_audios/padded_3s/SL42_Trial_1_trim_39.71663033_39.82286993_Check.WAV,0.0,3.0,False,False,False,True,False,False,False,False,False,False,False
/home/Shelby/blackbird_calls/Experiments/Detection_of_calls/Datasets/All_call_classes/Split_data_controlled/OpenSoundScape/Call_audios/padded_3s/SL17a_Trial_1_trim_50.17386922_50.24011924_Check.WAV,0.0,3.0,False,False,False,True,False,False,False,False,False,False,False
/home/Shelby/blackbird_calls/Experiments/Detection_of_calls/Datasets/All_call_classes/Split_data_controlled/OpenSoundScape/Call_audios/padded_3s/AZ13_Trial_2_trim_43.56649321_43.6527105_Check.WAV,0.0,3.0,False,False,False,True,False,False,False,False,False,False,False
/home/Shelby/blackbird_calls/Experiments/Detection_of_calls/Datasets/All_call_classes/Split_data_controlled/OpenSoundScape/Call_audios/padded_3s/SL07_Trial_3_trim_31.02810271_31.24125018_D.WAV,0.0,3.0,False,False,False,False,False,False,True,False,False,False,False
/home/Shelby/blackbird_calls/Experiments/Detection_of_calls/Datasets/All_call_classes/Split_data_controlled/OpenSoundScape/Call_audios/padded_3s/SL16_Trial_2_trim_53.1015265_53.18066426_Cheer.WAV,0.0,3.0,False,False,False,False,True,False,False,False,False,False,False
/home/Shelby/blackbird_calls/Experiments/Detection_of_calls/Datasets/All_call_classes/Split_data_controlled/OpenSoundScape/Call_audios/padded_3s/SL50_Trial_1_trim_1.436631149_1.686480044_M.WAV,0.0,3.0,True,False,False,False,False,False,False,False,False,False,False
/home/Shelby/blackbird_calls/Experiments/Detection_of_calls/Datasets/All_call_classes/Split_data_controlled/OpenSoundScape/Call_audios/padded_3s/AZ13_Trial_2_trim_34.69678988_34.7854021_Check.WAV,0.0,3.0,False,False,False,True,False,False,False,False,False,False,False
/home/Shelby/blackbird_calls/Experiments/Detection_of_calls/Datasets/All_call_classes/Split_data_controlled/OpenSoundScape/Call_audios/padded_3s/AZ15_Trial_1_trim_30.2813203_30.4058559_Check.WAV,0.0,3.0,False,False,False,True,False,False,False,False,False,False,False
/home/Shelby/blackbird_calls/Experiments/Detection_of_calls/Datasets/All_call_classes/Split_data_controlled/OpenSoundScape/Call_audios/padded_3s/SL09_Trial_2_trim_15.84569032_15.9412835_Check.WAV,0.0,3.0,False,False,False,True,False,False,False,False,False,False,False
/home/Shelby/blackbird_calls/Experiments/Detection_of_calls/Datasets/All_call_classes/Split_data_controlled/OpenSoundScape/Call_audios/padded_3s/AZ13_Trial_2_trim_7.878662647_7.943325616_Check.WAV,0.0,3.0,False,False,False,True,False,False,False,False,False,False,False
/home/Shelby/blackbird_calls/Experiments/Detection_of_calls/Datasets/All_call_classes/Split_data_controlled/OpenSoundScape/Call_audios/padded_3s/SL22_Trial_2_trim_17.17197716_17.27607776_Check.WAV,0.0,3.0,False,False,False,True,False,False,False,False,False,False,False
/home/Shelby/blackbird_calls/Experiments/Detection_of_calls/Datasets/All_call_classes/Split_data_controlled/OpenSoundScape/Call_audios/padded_3s/SL50_Trial_3_trim_33.50924787_33.76255211_K.WAV,0.0,3.0,False,False,False,False,False,False,False,False,False,False,True
/home/Shelby/blackbird_calls/Experiments/Detection_of_calls/Datasets/All_call_classes/Split_data_controlled/OpenSoundScape/Call_audios/padded_3s/SL51_Trial_1_trim_29.51729745_30.00018726_Cheer.WAV,0.0,3.0,False,False,False,False,True,False,False,False,False,False,False
/home/Shelby/blackbird_calls/Experiments/Detection_of_calls/Datasets/All_call_classes/Split_data_controlled/OpenSoundScape/Call_audios/padded_3s/SL16_Trial_1_trim_2.189507563_2.29488683_Check.WAV,0.0,3.0,False,False,False,True,False,False,False,False,False,False,False
/home/Shelby/blackbird_calls/Experiments/Detection_of_calls/Datasets/All_call_classes/Split_data_controlled/OpenSoundScape/Call_audios/padded_3s/SL30_Trial_1_trim_19.1709742_19.77892275_Cheer.WAV,0.0,3.0,False,False,False,False,True,False,False,False,False,False,False
/home/Shelby/blackbird_calls/Experiments/Detection_of_calls/Datasets/All_call_classes/Split_data_controlled/OpenSoundScape/Call_audios/padded_3s/SL07_Trial_1_trim_47.21084772_47.32580731_D.WAV,0.0,3.0,False,False,False,False,False,False,True,False,False,False,False
/home/Shelby/blackbird_calls/Experiments/Detection_of_calls/Datasets/All_call_classes/Split_data_controlled/OpenSoundScape/Call_audios/padded_3s/SL16_Trial_3_trim_37.11360584_37.18647795_Check.WAV,0.0,3.0,False,False,False,True,False,False,False,False,False,False,False
/home/Shelby/blackbird_calls/Experiments/Detection_of_calls/Datasets/All_call_classes/Split_data_controlled/OpenSoundScape/Call_audios/padded_3s/AZ15_Trial_1_trim_20.51579078_20.63553655_Check.WAV,0.0,3.0,False,False,False,True,False,False,False,False,False,False,False
/home/Shelby/blackbird_calls/Experiments/Detection_of_calls/Datasets/All_call_classes/Split_data_controlled/OpenSoundScape/Call_audios/padded_3s/AZ15_Trial_1_trim_18.05381783_18.13045512_Check.WAV,0.0,3.0,False,False,False,True,False,False,False,False,False,False,False
/home/Shelby/blackbird_calls/Experiments/Detection_of_calls/Datasets/All_call_classes/Split_data_controlled/OpenSoundScape/Call_audios/padded_3s/SL42_Trial_1_trim_45.32476845_45.43309117_Check.WAV,0.0,3.0,False,False,False,True,False,False,False,False,False,False,False
/home/Shelby/blackbird_calls/Experiments/Detection_of_calls/Datasets/All_call_classes/Split_data_controlled/OpenSoundScape/Call_audios/padded_3s/AZ08_Trial_1_trim_19.99977635_20.11832103_C.WAV,0.0,3.0,False,False,True,False,False,False,False,False,False,False,False
/home/Shelby/blackbird_calls/Experiments/Detection_of_calls/Datasets/All_call_classes/Split_data_controlled/OpenSoundScape/Call_audios/padded_3s/SL54_Trial_3_trim_6.358579567_6.466936792_Check.WAV,0.0,3.0,False,False,False,True,False,False,False,False,False,False,False
/home/Shelby/blackbird_calls/Experiments/Detection_of_calls/Datasets/All_call_classes/Split_data_controlled/OpenSoundScape/Call_audios/padded_3s/SL56_Trial_3_trim_6.836918495_6.9959166_Check.WAV,0.0,3.0,False,False,False,True,False,False,False,False,False,False,False
/home/Shelby/blackbird_calls/Experiments/Detection_of_calls/Datasets/All_call_classes/Split_data_controlled/OpenSoundScape/Call_audios/padded_3s/SL49_Trial_2_trim_30.35175327_30.5329058_D.WAV,0.0,3.0,False,False,False,False,False,False,True,False,False,False,False
/home/Shelby/blackbird_calls/Experiments/Detection_of_calls/Datasets/All_call_classes/Split_data_controlled/OpenSoundScape/Call_audios/padded_3s/SL07_Trial_1_trim_30.8431137_31.41312164_Cheer.WAV,0.0,3.0,False,False,False,False,True,False,False,False,False,False,False
/home/Shelby/blackbird_calls/Experiments/Detection_of_calls/Datasets/All_call_classes/Split_data_controlled/OpenSoundScape/Call_audios/padded_3s/SL16_Trial_2_trim_39.16720932_39.23593422_Check.WAV,0.0,3.0,False,False,False,True,False,False,False,False,False,False,False
/home/Shelby/blackbird_calls/Experiments/Detection_of_calls/Datasets/All_call_classes/Split_data_controlled/OpenSoundScape/Call_audios/padded_3s/AZ15_Trial_1_trim_40.29847152_40.41342745_Check.WAV,0.0,3.0,False,False,False,True,False,False,False,False,False,False,False
/home/Shelby/blackbird_calls/Experiments/Detection_of_calls/Datasets/All_call_classes/Split_data_controlled/OpenSoundScape/Call_audios/padded_3s/SL50_Trial_3_trim_22.27000249_22.34363744_Check.WAV,0.0,3.0,False,False,False,True,False,False,False,False,False,False,False
/home/Shelby/blackbird_calls/Experiments/Detection_of_calls/Datasets/All_call_classes/Split_data_controlled/OpenSoundScape/Call_audios/padded_3s/SL21_Trial_2_trim_15.30989742_16.21216026_K.WAV,0.0,3.0,False,False,False,False,False,False,False,False,False,False,True
/home/Shelby/blackbird_calls/Experiments/Detection_of_calls/Datasets/All_call_classes/Split_data_controlled/OpenSoundScape/Call_audios/padded_3s/RC02_Trial_1_trim_49.86631613_49.93097884_Check.WAV,0.0,3.0,False,False,False,True,False,False,False,False,False,False,False
/home/Shelby/blackbird_calls/Experiments/Detection_of_calls/Datasets/All_call_classes/Split_data_controlled/OpenSoundScape/Call_audios/padded_3s/SL22_Trial_2_trim_5.309130124_5.459034974_Check.WAV,0.0,3.0,False,False,False,True,False,False,False,False,False,False,False
/home/Shelby/blackbird_calls/Experiments/Detection_of_calls/Datasets/All_call_classes/Split_data_controlled/OpenSoundScape/Call_audios/padded_3s/SL30_Trial_1_trim_17.92592889_18.79204737_Cheer.WAV,0.0,3.0,False,False,False,False,True,False,False,False,False,False,False
/home/Shelby/blackbird_calls/Experiments/Detection_of_calls/Datasets/All_call_classes/Split_data_controlled/OpenSoundScape/Call_audios/padded_3s/SL42_Trial_1_trim_36.89079943_36.97204147_Check.WAV,0.0,3.0,False,False,False,True,False,False,False,False,False,False,False
/home/Shelby/blackbird_calls/Experiments/Detection_of_calls/Datasets/All_call_classes/Split_data_controlled/OpenSoundScape/Call_audios/padded_3s/SL21_Trial_3_trim_11.31907134_11.84670088_K.WAV,0.0,3.0,False,False,False,False,False,False,False,False,False,False,True
/home/Shelby/blackbird_calls/Experiments/Detection_of_calls/Datasets/All_call_classes/Split_data_controlled/OpenSoundScape/Call_audios/padded_3s/SL21_Trial_2_trim_26.66866654_27.45888368_K.WAV,0.0,3.0,False,False,False,False,False,False,False,False,False,False,True
/home/Shelby/blackbird_calls/Experiments/Detection_of_calls/Datasets/All_call_classes/Split_data_controlled/OpenSoundScape/Call_audios/padded_3s/SL54_Trial_1_trim_15.70023812_15.87984061_B.WAV,0.0,3.0,False,True,False,False,False,False,False,False,False,False,False
/home/Shelby/blackbird_calls/Experiments/Detection_of_calls/Datasets/All_call_classes/Split_data_controlled/OpenSoundScape/Call_audios/padded_3s/SL36_Trial_3_trim_19.92608348_20.07183785_Check.WAV,0.0,3.0,False,False,False,True,False,False,False,False,False,False,False
/home/Shelby/blackbird_calls/Experiments/Detection_of_calls/Datasets/All_call_classes/Split_data_controlled/OpenSoundScape/Call_audios/padded_3s/SL22_Trial_1_trim_45.64735897_45.74156321_C.WAV,0.0,3.0,False,False,True,False,False,False,False,False,False,False,False
/home/Shelby/blackbird_calls/Experiments/Detection_of_calls/Datasets/All_call_classes/Split_data_controlled/OpenSoundScape/Call_audios/padded_3s/SL30_Trial_3_trim_2.981513266_3.102360863_Check.WAV,0.0,3.0,False,False,False,True,False,False,False,False,False,False,False
/home/Shelby/blackbird_calls/Experiments/Detection_of_calls/Datasets/All_call_classes/Split_data_controlled/OpenSoundScape/Call_audios/padded_3s/AZ02_Trial_3_trim_49.05100058_49.18991387_Check.WAV,0.0,3.0,False,False,False,True,False,False,False,False,False,False,False
/home/Shelby/blackbird_calls/Experiments/Detection_of_calls/Datasets/All_call_classes/Split_data_controlled/OpenSoundScape/Call_audios/padded_3s/AZ13_Trial_1_trim_22.64143994_22.73485938_Check.WAV,0.0,3.0,False,False,False,True,False,False,False,False,False,False,False
/home/Shelby/blackbird_calls/Experiments/Detection_of_calls/Datasets/All_call_classes/Split_data_controlled/OpenSoundScape/Call_audios/padded_3s/SL36_Trial_1_trim_2.025811844_2.117421012_Check.WAV,0.0,3.0,False,False,False,True,False,False,False,False,False,False,False
/home/Shelby/blackbird_calls/Experiments/Detection_of_calls/Datasets/All_call_classes/Split_data_controlled/OpenSoundScape/Call_audios/padded_3s/AZ08_Trial_1_trim_39.83738714_39.9254489_C.WAV,0.0,3.0,False,False,True,False,False,False,False,False,False,False,False
/home/Shelby/blackbird_calls/Experiments/Detection_of_calls/Datasets/All_call_classes/Split_data_controlled/OpenSoundScape/Call_audios/padded_3s/SL11_Trial_3_trim_40.62271854_40.75142495_E.WAV,0.0,3.0,False,False,False,False,False,False,False,True,False,False,False
/home/Shelby/blackbird_calls/Experiments/Detection_of_calls/Datasets/All_call_classes/Split_data_controlled/OpenSoundScape/Call_audios/padded_3s/SL02_Trial_3_trim_43.64968965_43.72632782_Check.WAV,0.0,3.0,False,False,False,True,False,False,False,False,False,False,False
/home/Shelby/blackbird_calls/Experiments/Detection_of_calls/Datasets/All_call_classes/Split_data_controlled/OpenSoundScape/Call_audios/padded_3s/SL42_Trial_2_trim_45.98946709_46.15811834_E.WAV,0.0,3.0,False,False,False,False,False,False,False,True,False,False,False
/home/Shelby/blackbird_calls/Experiments/Detection_of_calls/Datasets/All_call_classes/Split_data_controlled/OpenSoundScape/Call_audios/padded_3s/SL01_Trial_3_trim_20.53338595_20.73993246_Chits.WAV,0.0,3.0,False,False,False,False,False,True,False,False,False,False,False
/home/Shelby/blackbird_calls/Experiments/Detection_of_calls/Datasets/All_call_classes/Split_data_controlled/OpenSoundScape/Call_audios/padded_3s/SL51_Trial_3_trim_45.37550345_45.49033542_Check.WAV,0.0,3.0,False,False,False,True,False,False,False,False,False,False,False
/home/Shelby/blackbird_calls/Experiments/Detection_of_calls/Datasets/All_call_classes/Split_data_controlled/OpenSoundScape/Call_audios/padded_3s/AZ08_Trial_1_trim_5.216398558_5.331556248_C.WAV,0.0,3.0,False,False,True,False,False,False,False,False,False,False,False
/home/Shelby/blackbird_calls/Experiments/Detection_of_calls/Datasets/All_call_classes/Split_data_controlled/OpenSoundScape/Call_audios/padded_3s/SL16_Trial_1_trim_49.42043058_49.53538978_Check.WAV,0.0,3.0,False,False,False,True,False,False,False,False,False,False,False
/home/Shelby/blackbird_calls/Experiments/Detection_of_calls/Datasets/All_call_classes/Split_data_controlled/OpenSoundScape/Call_audios/padded_3s/SL10_Trial_1_trim_12.08595706_12.67516306_Cheer.WAV,0.0,3.0,False,False,False,False,True,False,False,False,False,False,False
/home/Shelby/blackbird_calls/Experiments/Detection_of_calls/Datasets/All_call_classes/Split_data_controlled/OpenSoundScape/Call_audios/padded_3s/SL21_Trial_2_trim_23.98301115_24.15814735_Check.WAV,0.0,3.0,False,False,False,True,False,False,False,False,False,False,False
/home/Shelby/blackbird_calls/Experiments/Detection_of_calls/Datasets/All_call_classes/Split_data_controlled/OpenSoundScape/Call_audios/padded_3s/AZ08_Trial_3_trim_29.88070903_29.98909273_Check.WAV,0.0,3.0,False,False,False,True,False,False,False,False,False,False,False
/home/Shelby/blackbird_calls/Experiments/Detection_of_calls/Datasets/All_call_classes/Split_data_controlled/OpenSoundScape/Call_audios/padded_3s/SL51_Trial_2_trim_38.50259742_39.00228026_Cheer.WAV,0.0,3.0,False,False,False,False,True,False,False,False,False,False,False
/home/Shelby/blackbird_calls/Experiments/Detection_of_calls/Datasets/All_call_classes/Split_data_controlled/OpenSoundScape/Call_audios/padded_3s/SL42_Trial_3_trim_52.44584445_52.52241216_Check.WAV,0.0,3.0,False,False,False,True,False,False,False,False,False,False,False
/home/Shelby/blackbird_calls/Experiments/Detection_of_calls/Datasets/All_call_classes/Split_data_controlled/OpenSoundScape/Call_audios/padded_3s/SL09_Trial_3_trim_7.011774161_7.26921128_E.WAV,0.0,3.0,False,False,False,False,False,False,False,True,False,False,False
/home/Shelby/blackbird_calls/Experiments/Detection_of_calls/Datasets/All_call_classes/Split_data_controlled/OpenSoundScape/Call_audios/padded_3s/AZ13_Trial_3_trim_58.82235383_58.90378117_Check.WAV,0.0,3.0,False,False,False,True,False,False,False,False,False,False,False
/home/Shelby/blackbird_calls/Experiments/Detection_of_calls/Datasets/All_call_classes/Split_data_controlled/OpenSoundScape/Call_audios/padded_3s/SL11_Trial_2_trim_33.32679518_33.93092909_G.WAV,0.0,3.0,False,False,False,False,False,False,False,False,True,False,False
/home/Shelby/blackbird_calls/Experiments/Detection_of_calls/Datasets/All_call_classes/Split_data_controlled/OpenSoundScape/Call_audios/padded_3s/AZ15_Trial_1_trim_34.78456763_34.93305238_M.WAV,0.0,3.0,True,False,False,False,False,False,False,False,False,False,False
/home/Shelby/blackbird_calls/Experiments/Detection_of_calls/Datasets/All_call_classes/Split_data_controlled/OpenSoundScape/Call_audios/padded_3s/SL16_Trial_1_trim_28.17343158_28.31713058_Check.WAV,0.0,3.0,False,False,False,True,False,False,False,False,False,False,False
/home/Shelby/blackbird_calls/Experiments/Detection_of_calls/Datasets/All_call_classes/Split_data_controlled/OpenSoundScape/Call_audios/padded_3s/SL51_Trial_3_trim_13.86455504_13.94110968_Check.WAV,0.0,3.0,False,False,False,True,False,False,False,False,False,False,False
/home/Shelby/blackbird_calls/Experiments/Detection_of_calls/Datasets/All_call_classes/Split_data_controlled/OpenSoundScape/Call_audios/padded_3s/SL30_Trial_1_trim_57.39239842_57.5506316_Check.WAV,0.0,3.0,False,False,False,True,False,False,False,False,False,False,False
/home/Shelby/blackbird_calls/Experiments/Detection_of_calls/Datasets/All_call_classes/Split_data_controlled/OpenSoundScape/Call_audios/padded_3s/SL49_Trial_2_trim_38.67227705_38.76597664_Check.WAV,0.0,3.0,False,False,False,True,False,False,False,False,False,False,False
/home/Shelby/blackbird_calls/Experiments/Detection_of_calls/Datasets/All_call_classes/Split_data_controlled/OpenSoundScape/Call_audios/padded_3s/SL07_Trial_3_trim_30.49882643_30.73113321_D.WAV,0.0,3.0,False,False,False,False,False,False,True,False,False,False,False
/home/Shelby/blackbird_calls/Experiments/Detection_of_calls/Datasets/All_call_classes/Split_data_controlled/OpenSoundScape/Call_audios/padded_3s/SL22_Trial_1_trim_16.27354007_16.38540761_Check.WAV,0.0,3.0,False,False,False,True,False,False,False,False,False,False,False
/home/Shelby/blackbird_calls/Experiments/Detection_of_calls/Datasets/All_call_classes/Split_data_controlled/OpenSoundScape/Call_audios/padded_3s/SL02_Trial_1_trim_51.06943835_51.1460814_Check.WAV,0.0,3.0,False,False,False,True,False,False,False,False,False,False,False
/home/Shelby/blackbird_calls/Experiments/Detection_of_calls/Datasets/All_call_classes/Split_data_controlled/OpenSoundScape/Call_audios/padded_3s/SL22_Trial_1_trim_51.38862666_51.47694314_Check.WAV,0.0,3.0,False,False,False,True,False,False,False,False,False,False,False
/home/Shelby/blackbird_calls/Experiments/Detection_of_calls/Datasets/All_call_classes/Split_data_controlled/OpenSoundScape/Call_audios/padded_3s/AZ15_Trial_3_trim_46.52424405_46.62243558_C.WAV,0.0,3.0,False,False,True,False,False,False,False,False,False,False,False
/home/Shelby/blackbird_calls/Experiments/Detection_of_calls/Datasets/All_call_classes/Split_data_controlled/OpenSoundScape/Call_audios/padded_3s/AZ13_Trial_1_trim_8.406132939_8.511529234_Check.WAV,0.0,3.0,False,False,False,True,False,False,False,False,False,False,False
/home/Shelby/blackbird_calls/Experiments/Detection_of_calls/Datasets/All_call_classes/Split_data_controlled/OpenSoundScape/Call_audios/padded_3s/SL43_Trial_2_trim_57.81476517_58.63091777_Cheer.WAV,0.0,3.0,False,False,False,False,True,False,False,False,False,False,False
/home/Shelby/blackbird_calls/Experiments/Detection_of_calls/Datasets/All_call_classes/Split_data_controlled/OpenSoundScape/Call_audios/padded_3s/SL16_Trial_3_trim_22.76994086_22.85946945_Check.WAV,0.0,3.0,False,False,False,True,False,False,False,False,False,False,False
/home/Shelby/blackbird_calls/Experiments/Detection_of_calls/Datasets/All_call_classes/Split_data_controlled/OpenSoundScape/Call_audios/padded_3s/SL12_Trial_1_trim_31.92457617_32.02618706_Check.WAV,0.0,3.0,False,False,False,True,False,False,False,False,False,False,False
/home/Shelby/blackbird_calls/Experiments/Detection_of_calls/Datasets/All_call_classes/Split_data_controlled/OpenSoundScape/Call_audios/padded_3s/SL09_Trial_2_trim_60.87322694_61.54237918_Chits.WAV,0.0,3.0,False,False,False,False,False,True,False,False,False,False,False
/home/Shelby/blackbird_calls/Experiments/Detection_of_calls/Datasets/All_call_classes/Split_data_controlled/OpenSoundScape/Call_audios/padded_3s/EF01_Trial_2_trim_34.41407197_34.51817368_Check.WAV,0.0,3.0,False,False,False,True,False,False,False,False,False,False,False
/home/Shelby/blackbird_calls/Experiments/Detection_of_calls/Datasets/All_call_classes/Split_data_controlled/OpenSoundScape/Call_audios/padded_3s/SL17a_Trial_3_trim_62.57494609_62.75191709_J.WAV,0.0,3.0,False,False,False,False,False,False,False,False,False,True,False
/home/Shelby/blackbird_calls/Experiments/Detection_of_calls/Datasets/All_call_classes/Split_data_controlled/OpenSoundScape/Call_audios/padded_3s/SL30_Trial_3_trim_18.41320912_18.47988366_Check.WAV,0.0,3.0,False,False,False,True,False,False,False,False,False,False,False
/home/Shelby/blackbird_calls/Experiments/Detection_of_calls/Datasets/All_call_classes/Split_data_controlled/OpenSoundScape/Call_audios/padded_3s/EF04_Trial_2_trim_34.77548344_34.87606989_Chits.WAV,0.0,3.0,False,False,False,False,False,True,False,False,False,False,False
/home/Shelby/blackbird_calls/Experiments/Detection_of_calls/Datasets/All_call_classes/Split_data_controlled/OpenSoundScape/Call_audios/padded_3s/SL16_Trial_1_trim_46.07976286_46.1755622_Check.WAV,0.0,3.0,False,False,False,True,False,False,False,False,False,False,False
/home/Shelby/blackbird_calls/Experiments/Detection_of_calls/Datasets/All_call_classes/Split_data_controlled/OpenSoundScape/Call_audios/padded_3s/SL38_Trial_3_trim_47.86340952_47.96126788_Check.WAV,0.0,3.0,False,False,False,True,False,False,False,False,False,False,False
/home/Shelby/blackbird_calls/Experiments/Detection_of_calls/Datasets/All_call_classes/Split_data_controlled/OpenSoundScape/Call_audios/padded_3s/AZ13_Trial_2_trim_39.01994024_39.10855245_Check.WAV,0.0,3.0,False,False,False,True,False,False,False,False,False,False,False
/home/Shelby/blackbird_calls/Experiments/Detection_of_calls/Datasets/All_call_classes/Split_data_controlled/OpenSoundScape/Call_audios/padded_3s/SL49_Trial_2_trim_57.73883478_57.87626084_D.WAV,0.0,3.0,False,False,False,False,False,False,True,False,False,False,False
/home/Shelby/blackbird_calls/Experiments/Detection_of_calls/Datasets/All_call_classes/Split_data_controlled/OpenSoundScape/Call_audios/padded_3s/SL21_Trial_1_trim_66.96355281_67.54363279_I.WAV,0.0,3.0,False,False,False,False,False,False,True,False,False,False,False
/home/Shelby/blackbird_calls/Experiments/Detection_of_calls/Datasets/All_call_classes/Split_data_controlled/OpenSoundScape/Call_audios/padded_3s/EF04_Trial_2_trim_6.52348384_6.609700798_Check.WAV,0.0,3.0,False,False,False,True,False,False,False,False,False,False,False
/home/Shelby/blackbird_calls/Experiments/Detection_of_calls/Datasets/All_call_classes/Split_data_controlled/OpenSoundScape/Call_audios/padded_3s/SL17a_Trial_3_trim_53.83404088_53.97561768_K.WAV,0.0,3.0,False,False,False,False,False,False,False,False,False,False,True
/home/Shelby/blackbird_calls/Experiments/Detection_of_calls/Datasets/All_call_classes/Split_data_controlled/OpenSoundScape/Call_audios/padded_3s/SL50_Trial_3_trim_28.48622031_28.58341845_Check.WAV,0.0,3.0,False,False,False,True,False,False,False,False,False,False,False
/home/Shelby/blackbird_calls/Experiments/Detection_of_calls/Datasets/All_call_classes/Split_data_controlled/OpenSoundScape/Call_audios/padded_3s/SL38_Trial_3_trim_49.55845271_49.63965433_Check.WAV,0.0,3.0,False,False,False,True,False,False,False,False,False,False,False
/home/Shelby/blackbird_calls/Experiments/Detection_of_calls/Datasets/All_call_classes/Split_data_controlled/OpenSoundScape/Call_audios/padded_3s/SL52_Trial_1_trim_46.19152915_46.28730169_Check.WAV,0.0,3.0,False,False,False,True,False,False,False,False,False,False,False
/home/Shelby/blackbird_calls/Experiments/Detection_of_calls/Datasets/All_call_classes/Split_data_controlled/OpenSoundScape/Call_audios/padded_3s/AZ08_Trial_1_trim_3.424247779_3.563114406_C.WAV,0.0,3.0,False,False,True,False,False,False,False,False,False,False,False
/home/Shelby/blackbird_calls/Experiments/Detection_of_calls/Datasets/All_call_classes/Split_data_controlled/OpenSoundScape/Call_audios/padded_3s/SL30_Trial_3_trim_53.37189514_53.44690399_Check.WAV,0.0,3.0,False,False,False,True,False,False,False,False,False,False,False
/home/Shelby/blackbird_calls/Experiments/Detection_of_calls/Datasets/All_call_classes/Split_data_controlled/OpenSoundScape/Call_audios/padded_3s/SL17a_Trial_3_trim_41.29417564_42.45385622_Chits.WAV,0.0,3.0,False,False,False,False,False,True,False,False,False,False,False
/home/Shelby/blackbird_calls/Experiments/Detection_of_calls/Datasets/All_call_classes/Split_data_controlled/OpenSoundScape/Call_audios/padded_3s/SL01_Trial_3_trim_49.25183406_49.31955423_Check.WAV,0.0,3.0,False,False,False,True,False,False,False,False,False,False,False
/home/Shelby/blackbird_calls/Experiments/Detection_of_calls/Datasets/All_call_classes/Split_data_controlled/OpenSoundScape/Call_audios/padded_3s/SL17a_Trial_2_trim_1.280468298_1.342930166_E.WAV,0.0,3.0,False,False,False,False,False,False,False,True,False,False,False
/home/Shelby/blackbird_calls/Experiments/Detection_of_calls/Datasets/All_call_classes/Split_data_controlled/OpenSoundScape/Call_audios/padded_3s/AZ02_Trial_2_trim_81.01946173_81.13124265_Check.WAV,0.0,3.0,False,False,False,True,False,False,False,False,False,False,False
/home/Shelby/blackbird_calls/Experiments/Detection_of_calls/Datasets/All_call_classes/Split_data_controlled/OpenSoundScape/Call_audios/padded_3s/SL51_Trial_3_trim_47.61914337_47.71336447_Check.WAV,0.0,3.0,False,False,False,True,False,False,False,False,False,False,False
/home/Shelby/blackbird_calls/Experiments/Detection_of_calls/Datasets/All_call_classes/Split_data_controlled/OpenSoundScape/Call_audios/padded_3s/SL22_Trial_2_trim_5.239499781_5.739182617_Cheer.WAV,0.0,3.0,False,False,False,False,True,False,False,False,False,False,False
/home/Shelby/blackbird_calls/Experiments/Detection_of_calls/Datasets/All_call_classes/Split_data_controlled/OpenSoundScape/Call_audios/padded_3s/SL42_Trial_3_trim_1.384108611_2.129171331_Cheer.WAV,0.0,3.0,False,False,False,False,True,False,False,False,False,False,False
/home/Shelby/blackbird_calls/Experiments/Detection_of_calls/Datasets/All_call_classes/Split_data_controlled/OpenSoundScape/Call_audios/padded_3s/AZ15_Trial_1_trim_21.60926155_21.70026833_Check.WAV,0.0,3.0,False,False,False,True,False,False,False,False,False,False,False
/home/Shelby/blackbird_calls/Experiments/Detection_of_calls/Datasets/All_call_classes/Split_data_controlled/OpenSoundScape/Call_audios/padded_3s/SL50_Trial_3_trim_36.31001754_36.42783346_Check.WAV,0.0,3.0,False,False,False,True,False,False,False,False,False,False,False
/home/Shelby/blackbird_calls/Experiments/Detection_of_calls/Datasets/All_call_classes/Split_data_controlled/OpenSoundScape/Call_audios/padded_3s/SL17b_Trial_2_trim_33.16208085_33.3035313_Check.WAV,0.0,3.0,False,False,False,True,False,False,False,False,False,False,False
/home/Shelby/blackbird_calls/Experiments/Detection_of_calls/Datasets/All_call_classes/Split_data_controlled/OpenSoundScape/Call_audios/padded_3s/SL38_Trial_1_trim_59.60967367_60.26360516_Cheer.WAV,0.0,3.0,False,False,False,False,True,False,False,False,False,False,False
/home/Shelby/blackbird_calls/Experiments/Detection_of_calls/Datasets/All_call_classes/Split_data_controlled/OpenSoundScape/Call_audios/padded_3s/SL22_Trial_1_trim_23.38177312_23.46714572_C.WAV,0.0,3.0,False,False,True,False,False,False,False,False,False,False,False
/home/Shelby/blackbird_calls/Experiments/Detection_of_calls/Datasets/All_call_classes/Split_data_controlled/OpenSoundScape/Call_audios/padded_3s/SL17a_Trial_2_trim_46.27830269_46.33243631_E.WAV,0.0,3.0,False,False,False,False,False,False,False,True,False,False,False
/home/Shelby/blackbird_calls/Experiments/Detection_of_calls/Datasets/All_call_classes/Split_data_controlled/OpenSoundScape/Call_audios/padded_3s/SL22_Trial_1_trim_8.711646389_9.315142326_Cheer.WAV,0.0,3.0,False,False,False,False,True,False,False,False,False,False,False
/home/Shelby/blackbird_calls/Experiments/Detection_of_calls/Datasets/All_call_classes/Split_data_controlled/OpenSoundScape/Call_audios/padded_3s/AZ13_Trial_1_trim_27.77302361_27.84728009_Check.WAV,0.0,3.0,False,False,False,True,False,False,False,False,False,False,False
/home/Shelby/blackbird_calls/Experiments/Detection_of_calls/Datasets/All_call_classes/Split_data_controlled/OpenSoundScape/Call_audios/padded_3s/SL42_Trial_3_trim_42.64833745_42.72785008_Check.WAV,0.0,3.0,False,False,False,True,False,False,False,False,False,False,False
/home/Shelby/blackbird_calls/Experiments/Detection_of_calls/Datasets/All_call_classes/Split_data_controlled/OpenSoundScape/Call_audios/padded_3s/SL54_Trial_3_trim_26.60934761_26.74687793_Check.WAV,0.0,3.0,False,False,False,True,False,False,False,False,False,False,False
/home/Shelby/blackbird_calls/Experiments/Detection_of_calls/Datasets/All_call_classes/Split_data_controlled/OpenSoundScape/Call_audios/padded_3s/AZ13_Trial_3_trim_59.94778758_60.01005554_Check.WAV,0.0,3.0,False,False,False,True,False,False,False,False,False,False,False
/home/Shelby/blackbird_calls/Experiments/Detection_of_calls/Datasets/All_call_classes/Split_data_controlled/OpenSoundScape/Call_audios/padded_3s/AZ13_Trial_1_trim_30.39031365_30.48373309_Check.WAV,0.0,3.0,False,False,False,True,False,False,False,False,False,False,False
/home/Shelby/blackbird_calls/Experiments/Detection_of_calls/Datasets/All_call_classes/Split_data_controlled/OpenSoundScape/Call_audios/padded_3s/SL52_Trial_1_trim_5.996889553_6.109318191_Check.WAV,0.0,3.0,False,False,False,True,False,False,False,False,False,False,False
/home/Shelby/blackbird_calls/Experiments/Detection_of_calls/Datasets/All_call_classes/Split_data_controlled/OpenSoundScape/Call_audios/padded_3s/SL38_Trial_1_trim_46.63203127_46.93817117_E.WAV,0.0,3.0,False,False,False,False,False,False,False,True,False,False,False
/home/Shelby/blackbird_calls/Experiments/Detection_of_calls/Datasets/All_call_classes/Split_data_controlled/OpenSoundScape/Call_audios/padded_3s/AZ08_Trial_3_trim_43.89966223_44.02836788_Check.WAV,0.0,3.0,False,False,False,True,False,False,False,False,False,False,False
/home/Shelby/blackbird_calls/Experiments/Detection_of_calls/Datasets/All_call_classes/Split_data_controlled/OpenSoundScape/Call_audios/padded_3s/SL50_Trial_3_trim_31.58077206_31.70742419_Check.WAV,0.0,3.0,False,False,False,True,False,False,False,False,False,False,False
/home/Shelby/blackbird_calls/Experiments/Detection_of_calls/Datasets/All_call_classes/Split_data_controlled/OpenSoundScape/Call_audios/padded_3s/SL17a_Trial_2_trim_25.85903413_25.9048395_E.WAV,0.0,3.0,False,False,False,False,False,False,False,True,False,False,False
/home/Shelby/blackbird_calls/Experiments/Detection_of_calls/Datasets/All_call_classes/Split_data_controlled/OpenSoundScape/Call_audios/padded_3s/AZ15_Trial_1_trim_27.65170327_27.71397107_D.WAV,0.0,3.0,False,False,False,False,False,False,True,False,False,False,False
/home/Shelby/blackbird_calls/Experiments/Detection_of_calls/Datasets/All_call_classes/Split_data_controlled/OpenSoundScape/Call_audios/padded_3s/SL50_Trial_1_trim_39.8252476_40.41447458_Cheer.WAV,0.0,3.0,False,False,False,False,True,False,False,False,False,False,False
/home/Shelby/blackbird_calls/Experiments/Detection_of_calls/Datasets/All_call_classes/Split_data_controlled/OpenSoundScape/Call_audios/padded_3s/AZ13_Trial_1_trim_11.47460445_11.55844241_Check.WAV,0.0,3.0,False,False,False,True,False,False,False,False,False,False,False
/home/Shelby/blackbird_calls/Experiments/Detection_of_calls/Datasets/All_call_classes/Split_data_controlled/OpenSoundScape/Call_audios/padded_3s/SL01_Trial_3_trim_20.26927729_20.33361145_Check.WAV,0.0,3.0,False,False,False,True,False,False,False,False,False,False,False
/home/Shelby/blackbird_calls/Experiments/Detection_of_calls/Datasets/All_call_classes/Split_data_controlled/OpenSoundScape/Call_audios/padded_3s/RC02_Trial_2_trim_24.30765448_25.15797129_Chits.WAV,0.0,3.0,False,False,False,False,False,True,False,False,False,False,False
/home/Shelby/blackbird_calls/Experiments/Detection_of_calls/Datasets/All_call_classes/Split_data_controlled/OpenSoundScape/Call_audios/padded_3s/SL17a_Trial_2_trim_6.359636884_6.428344939_E.WAV,0.0,3.0,False,False,False,False,False,False,False,True,False,False,False
/home/Shelby/blackbird_calls/Experiments/Detection_of_calls/Datasets/All_call_classes/Split_data_controlled/OpenSoundScape/Call_audios/padded_3s/SL56_Trial_3_trim_62.98573939_63.68061999_Cheer.WAV,0.0,3.0,False,False,False,False,True,False,False,False,False,False,False
/home/Shelby/blackbird_calls/Experiments/Detection_of_calls/Datasets/All_call_classes/Split_data_controlled/OpenSoundScape/Call_audios/padded_3s/SL17a_Trial_2_trim_58.53350188_58.604292_E.WAV,0.0,3.0,False,False,False,False,False,False,False,True,False,False,False
/home/Shelby/blackbird_calls/Experiments/Detection_of_calls/Datasets/All_call_classes/Split_data_controlled/OpenSoundScape/Call_audios/padded_3s/SL17a_Trial_2_trim_46.09924534_46.15129689_E.WAV,0.0,3.0,False,False,False,False,False,False,False,True,False,False,False
/home/Shelby/blackbird_calls/Experiments/Detection_of_calls/Datasets/All_call_classes/Split_data_controlled/OpenSoundScape/Call_audios/padded_3s/SL51_Trial_1_trim_22.49177639_22.58010989_Check.WAV,0.0,3.0,False,False,False,True,False,False,False,False,False,False,False
/home/Shelby/blackbird_calls/Experiments/Detection_of_calls/Datasets/All_call_classes/Split_data_controlled/OpenSoundScape/Call_audios/padded_3s/SL30_Trial_3_trim_38.87772187_39.54863439_Cheer.WAV,0.0,3.0,False,False,False,False,True,False,False,False,False,False,False
/home/Shelby/blackbird_calls/Experiments/Detection_of_calls/Datasets/All_call_classes/Split_data_controlled/OpenSoundScape/Call_audios/padded_3s/SL16_Trial_2_trim_40.55145917_40.62434922_Check.WAV,0.0,3.0,False,False,False,True,False,False,False,False,False,False,False
/home/Shelby/blackbird_calls/Experiments/Detection_of_calls/Datasets/All_call_classes/Split_data_controlled/OpenSoundScape/Call_audios/padded_3s/SL44_Trial_1_trim_41.39766878_41.47422371_E.WAV,0.0,3.0,False,False,False,False,False,False,False,True,False,False,False
/home/Shelby/blackbird_calls/Experiments/Detection_of_calls/Datasets/All_call_classes/Split_data_controlled/OpenSoundScape/Call_audios/padded_3s/AZ13_Trial_3_trim_29.86961325_29.94146091_Check.WAV,0.0,3.0,False,False,False,True,False,False,False,False,False,False,False
/home/Shelby/blackbird_calls/Experiments/Detection_of_calls/Datasets/All_call_classes/Split_data_controlled/OpenSoundScape/Call_audios/padded_3s/SL50_Trial_3_trim_26.85741512_26.93988627_Check.WAV,0.0,3.0,False,False,False,True,False,False,False,False,False,False,False
/home/Shelby/blackbird_calls/Experiments/Detection_of_calls/Datasets/All_call_classes/Split_data_controlled/OpenSoundScape/Call_audios/padded_3s/SL54_Trial_2_trim_6.785085292_6.905814408_Check.WAV,0.0,3.0,False,False,False,True,False,False,False,False,False,False,False
/home/Shelby/blackbird_calls/Experiments/Detection_of_calls/Datasets/All_call_classes/Split_data_controlled/OpenSoundScape/Call_audios/padded_3s/SL13_Trial_3_trim_54.82192384_54.91357762_Check.WAV,0.0,3.0,False,False,False,True,False,False,False,False,False,False,False
/home/Shelby/blackbird_calls/Experiments/Detection_of_calls/Datasets/All_call_classes/Split_data_controlled/OpenSoundScape/Call_audios/padded_3s/SL21_Trial_3_trim_47.60289361_48.06567483_K.WAV,0.0,3.0,False,False,False,False,False,False,False,False,False,False,True
/home/Shelby/blackbird_calls/Experiments/Detection_of_calls/Datasets/All_call_classes/Split_data_controlled/OpenSoundScape/Call_audios/padded_3s/SL21_Trial_3_trim_51.42007018_51.6116675_Check.WAV,0.0,3.0,False,False,False,True,False,False,False,False,False,False,False
/home/Shelby/blackbird_calls/Experiments/Detection_of_calls/Datasets/All_call_classes/Split_data_controlled/OpenSoundScape/Call_audios/padded_3s/RC02_Trial_1_trim_30.93882301_31.00588064_Check.WAV,0.0,3.0,False,False,False,True,False,False,False,False,False,False,False
/home/Shelby/blackbird_calls/Experiments/Detection_of_calls/Datasets/All_call_classes/Split_data_controlled/OpenSoundScape/Call_audios/padded_3s/SL21_Trial_1_trim_5.207302107_5.295639159_Check.WAV,0.0,3.0,False,False,False,True,False,False,False,False,False,False,False
/home/Shelby/blackbird_calls/Experiments/Detection_of_calls/Datasets/All_call_classes/Split_data_controlled/OpenSoundScape/Call_audios/padded_3s/AZ13_Trial_1_trim_34.8168845_34.89114098_Check.WAV,0.0,3.0,False,False,False,True,False,False,False,False,False,False,False
/home/Shelby/blackbird_calls/Experiments/Detection_of_calls/Datasets/All_call_classes/Split_data_controlled/OpenSoundScape/Call_audios/padded_3s/SL09_Trial_1_trim_40.37445668_40.499861_Check.WAV,0.0,3.0,False,False,False,True,False,False,False,False,False,False,False
/home/Shelby/blackbird_calls/Experiments/Detection_of_calls/Datasets/All_call_classes/Split_data_controlled/OpenSoundScape/Call_audios/padded_3s/AZ15_Trial_3_trim_15.04674573_15.11859319_Check.WAV,0.0,3.0,False,False,False,True,False,False,False,False,False,False,False
/home/Shelby/blackbird_calls/Experiments/Detection_of_calls/Datasets/All_call_classes/Split_data_controlled/OpenSoundScape/Call_audios/padded_3s/AZ15_Trial_1_trim_53.26177071_53.38151647_Check.WAV,0.0,3.0,False,False,False,True,False,False,False,False,False,False,False
/home/Shelby/blackbird_calls/Experiments/Detection_of_calls/Datasets/All_call_classes/Split_data_controlled/OpenSoundScape/Call_audios/padded_3s/SL17b_Trial_2_trim_54.00846568_54.12928794_Check.WAV,0.0,3.0,False,False,False,True,False,False,False,False,False,False,False
/home/Shelby/blackbird_calls/Experiments/Detection_of_calls/Datasets/All_call_classes/Split_data_controlled/OpenSoundScape/Call_audios/padded_3s/AZ13_Trial_2_trim_57.57773882_57.66635104_Check.WAV,0.0,3.0,False,False,False,True,False,False,False,False,False,False,False
/home/Shelby/blackbird_calls/Experiments/Detection_of_calls/Datasets/All_call_classes/Split_data_controlled/OpenSoundScape/Call_audios/padded_3s/AZ13_Trial_1_trim_7.397680247_7.474332098_Check.WAV,0.0,3.0,False,False,False,True,False,False,False,False,False,False,False
/home/Shelby/blackbird_calls/Experiments/Detection_of_calls/Datasets/All_call_classes/Split_data_controlled/OpenSoundScape/Call_audios/padded_3s/SL21_Trial_3_trim_1.208536933_1.299914116_Check.WAV,0.0,3.0,False,False,False,True,False,False,False,False,False,False,False
/home/Shelby/blackbird_calls/Experiments/Detection_of_calls/Datasets/All_call_classes/Split_data_controlled/OpenSoundScape/Call_audios/padded_3s/AZ15_Trial_1_trim_55.84348943_55.97281485_Check.WAV,0.0,3.0,False,False,False,True,False,False,False,False,False,False,False
/home/Shelby/blackbird_calls/Experiments/Detection_of_calls/Datasets/All_call_classes/Split_data_controlled/OpenSoundScape/Call_audios/padded_3s/SL17a_Trial_1_trim_55.06629712_55.13254714_Check.WAV,0.0,3.0,False,False,False,True,False,False,False,False,False,False,False
/home/Shelby/blackbird_calls/Experiments/Detection_of_calls/Datasets/All_call_classes/Split_data_controlled/OpenSoundScape/Call_audios/padded_3s/SL22_Trial_1_trim_13.28140242_13.36383113_Check.WAV,0.0,3.0,False,False,False,True,False,False,False,False,False,False,False
/home/Shelby/blackbird_calls/Experiments/Detection_of_calls/Datasets/All_call_classes/Split_data_controlled/OpenSoundScape/Call_audios/padded_3s/SL10_Trial_3_trim_28.90960205_29.50358349_Cheer.WAV,0.0,3.0,False,False,False,False,True,False,False,False,False,False,False
/home/Shelby/blackbird_calls/Experiments/Detection_of_calls/Datasets/All_call_classes/Split_data_controlled/OpenSoundScape/Call_audios/padded_3s/SL17a_Trial_3_trim_46.4981424_46.88747861_Chits.WAV,0.0,3.0,False,False,False,False,False,True,False,False,False,False,False
/home/Shelby/blackbird_calls/Experiments/Detection_of_calls/Datasets/All_call_classes/Split_data_controlled/OpenSoundScape/Call_audios/padded_3s/SL50_Trial_3_trim_39.15906878_39.49189877_K.WAV,0.0,3.0,False,False,False,False,False,False,False,False,False,False,True
/home/Shelby/blackbird_calls/Experiments/Detection_of_calls/Datasets/All_call_classes/Split_data_controlled/OpenSoundScape/Call_audios/padded_3s/AZ15_Trial_1_trim_44.53729205_44.62829884_Check.WAV,0.0,3.0,False,False,False,True,False,False,False,False,False,False,False
/home/Shelby/blackbird_calls/Experiments/Detection_of_calls/Datasets/All_call_classes/Split_data_controlled/OpenSoundScape/Call_audios/padded_3s/AZ15_Trial_1_trim_47.43554629_47.53613273_Check.WAV,0.0,3.0,False,False,False,True,False,False,False,False,False,False,False
/home/Shelby/blackbird_calls/Experiments/Detection_of_calls/Datasets/All_call_classes/Split_data_controlled/OpenSoundScape/Call_audios/padded_3s/AZ13_Trial_2_trim_39.40791805_39.48695057_Check.WAV,0.0,3.0,False,False,False,True,False,False,False,False,False,False,False
/home/Shelby/blackbird_calls/Experiments/Detection_of_calls/Datasets/All_call_classes/Split_data_controlled/OpenSoundScape/Call_audios/padded_3s/SL50_Trial_3_trim_59.03549274_59.12974549_Check.WAV,0.0,3.0,False,False,False,True,False,False,False,False,False,False,False
/home/Shelby/blackbird_calls/Experiments/Detection_of_calls/Datasets/All_call_classes/Split_data_controlled/OpenSoundScape/Call_audios/padded_3s/SL42_Trial_3_trim_46.89031082_46.97276836_Check.WAV,0.0,3.0,False,False,False,True,False,False,False,False,False,False,False
/home/Shelby/blackbird_calls/Experiments/Detection_of_calls/Datasets/All_call_classes/Split_data_controlled/OpenSoundScape/Call_audios/padded_3s/SL38_Trial_1_trim_49.57910786_49.92898204_E.WAV,0.0,3.0,False,False,False,False,False,False,False,True,False,False,False
/home/Shelby/blackbird_calls/Experiments/Detection_of_calls/Datasets/All_call_classes/Split_data_controlled/OpenSoundScape/Call_audios/padded_3s/AZ13_Trial_3_trim_29.21819452_29.27567265_Check.WAV,0.0,3.0,False,False,False,True,False,False,False,False,False,False,False
/home/Shelby/blackbird_calls/Experiments/Detection_of_calls/Datasets/All_call_classes/Split_data_controlled/OpenSoundScape/Call_audios/padded_3s/SL43_Trial_2_trim_38.0827409_38.24930266_Check.WAV,0.0,3.0,False,False,False,True,False,False,False,False,False,False,False
/home/Shelby/blackbird_calls/Experiments/Detection_of_calls/Datasets/All_call_classes/Split_data_controlled/OpenSoundScape/Call_audios/padded_3s/SL54_Trial_2_trim_1.298574152_1.434026331_Check.WAV,0.0,3.0,False,False,False,True,False,False,False,False,False,False,False
/home/Shelby/blackbird_calls/Experiments/Detection_of_calls/Datasets/All_call_classes/Split_data_controlled/OpenSoundScape/Call_audios/padded_3s/SL17b_Trial_2_trim_17.98146335_18.13175446_Check.WAV,0.0,3.0,False,False,False,True,False,False,False,False,False,False,False
/home/Shelby/blackbird_calls/Experiments/Detection_of_calls/Datasets/All_call_classes/Split_data_controlled/OpenSoundScape/Call_audios/padded_3s/SL17b_Trial_2_trim_30.60081354_30.70100762_Check.WAV,0.0,3.0,False,False,False,True,False,False,False,False,False,False,False
/home/Shelby/blackbird_calls/Experiments/Detection_of_calls/Datasets/All_call_classes/Split_data_controlled/OpenSoundScape/Call_audios/padded_3s/SL50_Trial_1_trim_6.55506491_6.813242102_M.WAV,0.0,3.0,True,False,False,False,False,False,False,False,False,False,False
/home/Shelby/blackbird_calls/Experiments/Detection_of_calls/Datasets/All_call_classes/Split_data_controlled/OpenSoundScape/Call_audios/padded_3s/SL07_Trial_1_trim_51.48852706_52.18307455_Cheer.WAV,0.0,3.0,False,False,False,False,True,False,False,False,False,False,False
/home/Shelby/blackbird_calls/Experiments/Detection_of_calls/Datasets/All_call_classes/Split_data_controlled/OpenSoundScape/Call_audios/padded_3s/AZ15_Trial_1_trim_59.92210288_59.9891605_Check.WAV,0.0,3.0,False,False,False,True,False,False,False,False,False,False,False
/home/Shelby/blackbird_calls/Experiments/Detection_of_calls/Datasets/All_call_classes/Split_data_controlled/OpenSoundScape/Call_audios/padded_3s/SL17a_Trial_2_trim_11.53967453_11.62087496_E.WAV,0.0,3.0,False,False,False,False,False,False,False,True,False,False,False
/home/Shelby/blackbird_calls/Experiments/Detection_of_calls/Datasets/All_call_classes/Split_data_controlled/OpenSoundScape/Call_audios/padded_3s/AZ15_Trial_1_trim_56.04945214_56.16919791_Check.WAV,0.0,3.0,False,False,False,True,False,False,False,False,False,False,False
/home/Shelby/blackbird_calls/Experiments/Detection_of_calls/Datasets/All_call_classes/Split_data_controlled/OpenSoundScape/Call_audios/padded_3s/SL52_Trial_1_trim_19.32269504_19.42263161_Check.WAV,0.0,3.0,False,False,False,True,False,False,False,False,False,False,False
/home/Shelby/blackbird_calls/Experiments/Detection_of_calls/Datasets/All_call_classes/Split_data_controlled/OpenSoundScape/Call_audios/padded_3s/SL21_Trial_1_trim_57.17705455_57.64229636_K.WAV,0.0,3.0,False,False,False,False,False,False,False,False,False,False,True
/home/Shelby/blackbird_calls/Experiments/Detection_of_calls/Datasets/All_call_classes/Split_data_controlled/OpenSoundScape/Call_audios/padded_3s/SL42_Trial_3_trim_55.6721047_55.79873591_E.WAV,0.0,3.0,False,False,False,False,False,False,False,True,False,False,False
/home/Shelby/blackbird_calls/Experiments/Detection_of_calls/Datasets/All_call_classes/Split_data_controlled/OpenSoundScape/Call_audios/padded_3s/SL52_Trial_1_trim_19.17695422_19.27689078_Check.WAV,0.0,3.0,False,False,False,True,False,False,False,False,False,False,False
/home/Shelby/blackbird_calls/Experiments/Detection_of_calls/Datasets/All_call_classes/Split_data_controlled/OpenSoundScape/Call_audios/padded_3s/SL38_Trial_1_trim_16.41448557_16.57692715_E.WAV,0.0,3.0,False,False,False,False,False,False,False,True,False,False,False
/home/Shelby/blackbird_calls/Experiments/Detection_of_calls/Datasets/All_call_classes/Split_data_controlled/OpenSoundScape/Call_audios/padded_3s/SL21_Trial_2_trim_11.91336226_12.78613939_K.WAV,0.0,3.0,False,False,False,False,False,False,False,False,False,False,True
/home/Shelby/blackbird_calls/Experiments/Detection_of_calls/Datasets/All_call_classes/Split_data_controlled/OpenSoundScape/Call_audios/padded_3s/SL09_Trial_2_trim_14.05809789_14.18714868_Check.WAV,0.0,3.0,False,False,False,True,False,False,False,False,False,False,False
/home/Shelby/blackbird_calls/Experiments/Detection_of_calls/Datasets/All_call_classes/Split_data_controlled/OpenSoundScape/Call_audios/padded_3s/SL49_Trial_2_trim_44.57694593_44.6685633_D.WAV,0.0,3.0,False,False,False,False,False,False,True,False,False,False,False
/home/Shelby/blackbird_calls/Experiments/Detection_of_calls/Datasets/All_call_classes/Split_data_controlled/OpenSoundScape/Call_audios/padded_3s/SL02_Trial_1_trim_45.98233371_46.039816_Check.WAV,0.0,3.0,False,False,False,True,False,False,False,False,False,False,False
/home/Shelby/blackbird_calls/Experiments/Detection_of_calls/Datasets/All_call_classes/Split_data_controlled/OpenSoundScape/Call_audios/padded_3s/AZ08_Trial_1_trim_10.97482367_11.55061212_Cheer.WAV,0.0,3.0,False,False,False,False,True,False,False,False,False,False,False
/home/Shelby/blackbird_calls/Experiments/Detection_of_calls/Datasets/All_call_classes/Split_data_controlled/OpenSoundScape/Call_audios/padded_3s/SL09_Trial_1_trim_5.096199764_5.445298256_Cheer.WAV,0.0,3.0,False,False,False,False,True,False,False,False,False,False,False
/home/Shelby/blackbird_calls/Experiments/Detection_of_calls/Datasets/All_call_classes/Split_data_controlled/OpenSoundScape/Call_audios/padded_3s/SL42_Trial_1_trim_39.60830761_39.67288462_Check.WAV,0.0,3.0,False,False,False,True,False,False,False,False,False,False,False
/home/Shelby/blackbird_calls/Experiments/Detection_of_calls/Datasets/All_call_classes/Split_data_controlled/OpenSoundScape/Call_audios/padded_3s/AZ15_Trial_3_trim_14.19415587_14.28995249_Check.WAV,0.0,3.0,False,False,False,True,False,False,False,False,False,False,False
/home/Shelby/blackbird_calls/Experiments/Detection_of_calls/Datasets/All_call_classes/Split_data_controlled/OpenSoundScape/Call_audios/padded_3s/AZ15_Trial_1_trim_43.84747236_43.99116728_M.WAV,0.0,3.0,True,False,False,False,False,False,False,False,False,False,False
/home/Shelby/blackbird_calls/Experiments/Detection_of_calls/Datasets/All_call_classes/Split_data_controlled/OpenSoundScape/Call_audios/padded_3s/SL36_Trial_3_trim_55.50390082_55.61579877_Check.WAV,0.0,3.0,False,False,False,True,False,False,False,False,False,False,False
/home/Shelby/blackbird_calls/Experiments/Detection_of_calls/Datasets/All_call_classes/Split_data_controlled/OpenSoundScape/Call_audios/padded_3s/AZ15_Trial_1_trim_18.52801106_18.59027886_Check.WAV,0.0,3.0,False,False,False,True,False,False,False,False,False,False,False
/home/Shelby/blackbird_calls/Experiments/Detection_of_calls/Datasets/All_call_classes/Split_data_controlled/OpenSoundScape/Call_audios/padded_3s/SL52_Trial_3_trim_32.44526924_32.52438991_Check.WAV,0.0,3.0,False,False,False,True,False,False,False,False,False,False,False
/home/Shelby/blackbird_calls/Experiments/Detection_of_calls/Datasets/All_call_classes/Split_data_controlled/OpenSoundScape/Call_audios/padded_3s/SL07_Trial_3_trim_0.136510173_0.282600008_D.WAV,0.0,3.0,False,False,False,False,False,False,True,False,False,False,False
/home/Shelby/blackbird_calls/Experiments/Detection_of_calls/Datasets/All_call_classes/Split_data_controlled/OpenSoundScape/Call_audios/padded_3s/SL36_Trial_3_trim_58.66971191_58.78749923_Check.WAV,0.0,3.0,False,False,False,True,False,False,False,False,False,False,False
/home/Shelby/blackbird_calls/Experiments/Detection_of_calls/Datasets/All_call_classes/Split_data_controlled/OpenSoundScape/Call_audios/padded_3s/SL22_Trial_2_trim_32.96982653_33.74849895_Cheer.WAV,0.0,3.0,False,False,False,False,True,False,False,False,False,False,False
/home/Shelby/blackbird_calls/Experiments/Detection_of_calls/Datasets/All_call_classes/Split_data_controlled/OpenSoundScape/Call_audios/padded_3s/AZ13_Trial_3_trim_41.16584736_41.24008993_Check.WAV,0.0,3.0,False,False,False,True,False,False,False,False,False,False,False
/home/Shelby/blackbird_calls/Experiments/Detection_of_calls/Datasets/All_call_classes/Split_data_controlled/OpenSoundScape/Call_audios/padded_3s/SL30_Trial_2_trim_9.365974191_9.432253733_Check.WAV,0.0,3.0,False,False,False,True,False,False,False,False,False,False,False
/home/Shelby/blackbird_calls/Experiments/Detection_of_calls/Datasets/All_call_classes/Split_data_controlled/OpenSoundScape/Call_audios/padded_3s/SL36_Trial_1_trim_4.613106299_5.418850578_Cheer.WAV,0.0,3.0,False,False,False,False,True,False,False,False,False,False,False
/home/Shelby/blackbird_calls/Experiments/Detection_of_calls/Datasets/All_call_classes/Split_data_controlled/OpenSoundScape/Call_audios/padded_3s/SL22_Trial_2_trim_27.77775025_27.90683498_Check.WAV,0.0,3.0,False,False,False,True,False,False,False,False,False,False,False
/home/Shelby/blackbird_calls/Experiments/Detection_of_calls/Datasets/All_call_classes/Split_data_controlled/OpenSoundScape/Call_audios/padded_3s/SL30_Trial_1_trim_7.010610843_7.139695809_Check.WAV,0.0,3.0,False,False,False,True,False,False,False,False,False,False,False
/home/Shelby/blackbird_calls/Experiments/Detection_of_calls/Datasets/All_call_classes/Split_data_controlled/OpenSoundScape/Call_audios/padded_3s/SL16_Trial_1_trim_35.42105332_35.56475232_Check.WAV,0.0,3.0,False,False,False,True,False,False,False,False,False,False,False
/home/Shelby/blackbird_calls/Experiments/Detection_of_calls/Datasets/All_call_classes/Split_data_controlled/OpenSoundScape/Call_audios/padded_3s/SL54_Trial_2_trim_38.36462921_39.2980714_Cheer.WAV,0.0,3.0,False,False,False,False,True,False,False,False,False,False,False
/home/Shelby/blackbird_calls/Experiments/Detection_of_calls/Datasets/All_call_classes/Split_data_controlled/OpenSoundScape/Call_audios/padded_3s/SL38_Trial_1_trim_33.28044834_34.0447568_Cheer.WAV,0.0,3.0,False,False,False,False,True,False,False,False,False,False,False
/home/Shelby/blackbird_calls/Experiments/Detection_of_calls/Datasets/All_call_classes/Split_data_controlled/OpenSoundScape/Call_audios/padded_3s/SL50_Trial_1_trim_4.455638636_4.70965168_M.WAV,0.0,3.0,True,False,False,False,False,False,False,False,False,False,False
/home/Shelby/blackbird_calls/Experiments/Detection_of_calls/Datasets/All_call_classes/Split_data_controlled/OpenSoundScape/Call_audios/padded_3s/SL30_Trial_1_trim_50.54349118_50.67674018_Check.WAV,0.0,3.0,False,False,False,True,False,False,False,False,False,False,False
/home/Shelby/blackbird_calls/Experiments/Detection_of_calls/Datasets/All_call_classes/Split_data_controlled/OpenSoundScape/Call_audios/padded_3s/AZ15_Trial_1_trim_6.374594231_6.51828915_M.WAV,0.0,3.0,True,False,False,False,False,False,False,False,False,False,False
/home/Shelby/blackbird_calls/Experiments/Detection_of_calls/Datasets/All_call_classes/Split_data_controlled/OpenSoundScape/Call_audios/padded_3s/SL38_Trial_3_trim_11.46488828_12.34769561_Cheer.WAV,0.0,3.0,False,False,False,False,True,False,False,False,False,False,False
/home/Shelby/blackbird_calls/Experiments/Detection_of_calls/Datasets/All_call_classes/Split_data_controlled/OpenSoundScape/Call_audios/padded_3s/AZ13_Trial_3_trim_21.88308302_21.95493067_Check.WAV,0.0,3.0,False,False,False,True,False,False,False,False,False,False,False
/home/Shelby/blackbird_calls/Experiments/Detection_of_calls/Datasets/All_call_classes/Split_data_controlled/OpenSoundScape/Call_audios/padded_3s/SL11_Trial_2_trim_8.894818042_9.369979547_G.WAV,0.0,3.0,False,False,False,False,False,False,False,False,True,False,False
/home/Shelby/blackbird_calls/Experiments/Detection_of_calls/Datasets/All_call_classes/Split_data_controlled/OpenSoundScape/Call_audios/padded_3s/SL21_Trial_2_trim_3.614948523_4.605668509_Cheer.WAV,0.0,3.0,False,False,False,False,True,False,False,False,False,False,False
/home/Shelby/blackbird_calls/Experiments/Detection_of_calls/Datasets/All_call_classes/Split_data_controlled/OpenSoundScape/Call_audios/padded_3s/SL36_Trial_3_trim_30.29245257_30.44653576_Check.WAV,0.0,3.0,False,False,False,True,False,False,False,False,False,False,False
/home/Shelby/blackbird_calls/Experiments/Detection_of_calls/Datasets/All_call_classes/Split_data_controlled/OpenSoundScape/Call_audios/padded_3s/SL54_Trial_2_trim_47.28732089_48.10886781_Cheer.WAV,0.0,3.0,False,False,False,False,True,False,False,False,False,False,False
/home/Shelby/blackbird_calls/Experiments/Detection_of_calls/Datasets/All_call_classes/Split_data_controlled/OpenSoundScape/Call_audios/padded_3s/SL38_Trial_1_trim_45.56250982_46.36013963_Cheer.WAV,0.0,3.0,False,False,False,False,True,False,False,False,False,False,False
/home/Shelby/blackbird_calls/Experiments/Detection_of_calls/Datasets/All_call_classes/Split_data_controlled/OpenSoundScape/Call_audios/padded_3s/SL42_Trial_2_trim_1.970521624_2.032985049_Check.WAV,0.0,3.0,False,False,False,True,False,False,False,False,False,False,False
/home/Shelby/blackbird_calls/Experiments/Detection_of_calls/Datasets/All_call_classes/Split_data_controlled/OpenSoundScape/Call_audios/padded_3s/SL52_Trial_1_trim_44.74661295_44.88402573_Check.WAV,0.0,3.0,False,False,False,True,False,False,False,False,False,False,False
/home/Shelby/blackbird_calls/Experiments/Detection_of_calls/Datasets/All_call_classes/Split_data_controlled/OpenSoundScape/Call_audios/padded_3s/SL49_Trial_2_trim_55.17421148_55.3532818_D.WAV,0.0,3.0,False,False,False,False,False,False,True,False,False,False,False
/home/Shelby/blackbird_calls/Experiments/Detection_of_calls/Datasets/All_call_classes/Split_data_controlled/OpenSoundScape/Call_audios/padded_3s/SL42_Trial_1_trim_35.36984912_35.44275865_Check.WAV,0.0,3.0,False,False,False,True,False,False,False,False,False,False,False
/home/Shelby/blackbird_calls/Experiments/Detection_of_calls/Datasets/All_call_classes/Split_data_controlled/OpenSoundScape/Call_audios/padded_3s/AZ13_Trial_1_trim_41.10687395_41.46617951_Cheer.WAV,0.0,3.0,False,False,False,False,True,False,False,False,False,False,False
/home/Shelby/blackbird_calls/Experiments/Detection_of_calls/Datasets/All_call_classes/Split_data_controlled/OpenSoundScape/Call_audios/padded_3s/SL02_Trial_3_trim_19.0632673_19.13272064_Check.WAV,0.0,3.0,False,False,False,True,False,False,False,False,False,False,False
/home/Shelby/blackbird_calls/Experiments/Detection_of_calls/Datasets/All_call_classes/Split_data_controlled/OpenSoundScape/Call_audios/padded_3s/SL50_Trial_3_trim_25.0477877_25.16560363_Check.WAV,0.0,3.0,False,False,False,True,False,False,False,False,False,False,False
/home/Shelby/blackbird_calls/Experiments/Detection_of_calls/Datasets/All_call_classes/Split_data_controlled/OpenSoundScape/Call_audios/padded_3s/SL07_Trial_1_trim_21.43016625_21.58344569_D.WAV,0.0,3.0,False,False,False,False,False,False,True,False,False,False,False
/home/Shelby/blackbird_calls/Experiments/Detection_of_calls/Datasets/All_call_classes/Split_data_controlled/OpenSoundScape/Call_audios/padded_3s/AZ13_Trial_1_trim_10.09486904_10.18589311_Check.WAV,0.0,3.0,False,False,False,True,False,False,False,False,False,False,False
/home/Shelby/blackbird_calls/Experiments/Detection_of_calls/Datasets/All_call_classes/Split_data_controlled/OpenSoundScape/Call_audios/padded_3s/SL54_Trial_2_trim_8.261793312_8.353076303_Check.WAV,0.0,3.0,False,False,False,True,False,False,False,False,False,False,False
/home/Shelby/blackbird_calls/Experiments/Detection_of_calls/Datasets/All_call_classes/Split_data_controlled/OpenSoundScape/Call_audios/padded_3s/SL17a_Trial_3_trim_53.19371694_53.40608214_J.WAV,0.0,3.0,False,False,False,False,False,False,False,False,False,True,False
/home/Shelby/blackbird_calls/Experiments/Detection_of_calls/Datasets/All_call_classes/Split_data_controlled/OpenSoundScape/Call_audios/padded_3s/AZ15_Trial_1_trim_4.310847581_4.435383178_Check.WAV,0.0,3.0,False,False,False,True,False,False,False,False,False,False,False
/home/Shelby/blackbird_calls/Experiments/Detection_of_calls/Datasets/All_call_classes/Split_data_controlled/OpenSoundScape/Call_audios/padded_3s/SL17b_Trial_2_trim_5.2625281_5.415766094_Check.WAV,0.0,3.0,False,False,False,True,False,False,False,False,False,False,False
/home/Shelby/blackbird_calls/Experiments/Detection_of_calls/Datasets/All_call_classes/Split_data_controlled/OpenSoundScape/Call_audios/padded_3s/EF04_Trial_3_trim_45.95815872_46.06431524_Check.WAV,0.0,3.0,False,False,False,True,False,False,False,False,False,False,False
/home/Shelby/blackbird_calls/Experiments/Detection_of_calls/Datasets/All_call_classes/Split_data_controlled/OpenSoundScape/Call_audios/padded_3s/SL21_Trial_1_trim_26.30674393_26.84559995_K.WAV,0.0,3.0,False,False,False,False,False,False,False,False,False,False,True
/home/Shelby/blackbird_calls/Experiments/Detection_of_calls/Datasets/All_call_classes/Split_data_controlled/OpenSoundScape/Call_audios/padded_3s/AZ15_Trial_1_trim_52.40918085_52.5097673_D.WAV,0.0,3.0,False,False,False,False,False,False,True,False,False,False,False
/home/Shelby/blackbird_calls/Experiments/Detection_of_calls/Datasets/All_call_classes/Split_data_controlled/OpenSoundScape/Call_audios/padded_3s/SL22_Trial_1_trim_55.60129117_55.73376589_C.WAV,0.0,3.0,False,False,True,False,False,False,False,False,False,False,False
/home/Shelby/blackbird_calls/Experiments/Detection_of_calls/Datasets/All_call_classes/Split_data_controlled/OpenSoundScape/Call_audios/padded_3s/SL22_Trial_1_trim_35.83384857_35.91627729_Check.WAV,0.0,3.0,False,False,False,True,False,False,False,False,False,False,False
/home/Shelby/blackbird_calls/Experiments/Detection_of_calls/Datasets/All_call_classes/Split_data_controlled/OpenSoundScape/Call_audios/padded_3s/SL36_Trial_2_trim_15.30590727_15.45903263_C.WAV,0.0,3.0,False,False,True,False,False,False,False,False,False,False,False
/home/Shelby/blackbird_calls/Experiments/Detection_of_calls/Datasets/All_call_classes/Split_data_controlled/OpenSoundScape/Call_audios/padded_3s/SL56_Trial_3_trim_31.33090762_31.51934982_Check.WAV,0.0,3.0,False,False,False,True,False,False,False,False,False,False,False
/home/Shelby/blackbird_calls/Experiments/Detection_of_calls/Datasets/All_call_classes/Split_data_controlled/OpenSoundScape/Call_audios/padded_3s/SL10_Trial_1_trim_15.50143573_16.13854465_Cheer.WAV,0.0,3.0,False,False,False,False,True,False,False,False,False,False,False
/home/Shelby/blackbird_calls/Experiments/Detection_of_calls/Datasets/All_call_classes/Split_data_controlled/OpenSoundScape/Call_audios/padded_3s/SL07_Trial_1_trim_57.76967583_57.92774525_D.WAV,0.0,3.0,False,False,False,False,False,False,True,False,False,False,False
/home/Shelby/blackbird_calls/Experiments/Detection_of_calls/Datasets/All_call_classes/Split_data_controlled/OpenSoundScape/Call_audios/padded_3s/SL22_Trial_1_trim_46.0076965_46.11367628_Check.WAV,0.0,3.0,False,False,False,True,False,False,False,False,False,False,False
/home/Shelby/blackbird_calls/Experiments/Detection_of_calls/Datasets/All_call_classes/Split_data_controlled/OpenSoundScape/Call_audios/padded_3s/AZ15_Trial_1_trim_41.29936654_41.43827163_Check.WAV,0.0,3.0,False,False,False,True,False,False,False,False,False,False,False
/home/Shelby/blackbird_calls/Experiments/Detection_of_calls/Datasets/All_call_classes/Split_data_controlled/OpenSoundScape/Call_audios/padded_3s/SL07_Trial_3_trim_50.92813884_51.08859817_D.WAV,0.0,3.0,False,False,False,False,False,False,True,False,False,False,False
/home/Shelby/blackbird_calls/Experiments/Detection_of_calls/Datasets/All_call_classes/Split_data_controlled/OpenSoundScape/Call_audios/padded_3s/SL07_Trial_1_trim_14.59933522_15.0448036_Cheer.WAV,0.0,3.0,False,False,False,False,True,False,False,False,False,False,False
/home/Shelby/blackbird_calls/Experiments/Detection_of_calls/Datasets/All_call_classes/Split_data_controlled/OpenSoundScape/Call_audios/padded_3s/SL17a_Trial_3_trim_14.23785909_14.42107613_J.WAV,0.0,3.0,False,False,False,False,False,False,False,False,False,True,False
/home/Shelby/blackbird_calls/Experiments/Detection_of_calls/Datasets/All_call_classes/Split_data_controlled/OpenSoundScape/Call_audios/padded_3s/SL11_Trial_2_trim_14.28783844_14.79015203_G.WAV,0.0,3.0,False,False,False,False,False,False,False,False,True,False,False
/home/Shelby/blackbird_calls/Experiments/Detection_of_calls/Datasets/All_call_classes/Split_data_controlled/OpenSoundScape/Call_audios/padded_3s/RC02_Trial_1_trim_29.23008997_29.41995611_Chits.WAV,0.0,3.0,False,False,False,False,False,True,False,False,False,False,False
/home/Shelby/blackbird_calls/Experiments/Detection_of_calls/Datasets/All_call_classes/Split_data_controlled/OpenSoundScape/Call_audios/padded_3s/SL21_Trial_2_trim_0.0_0.967131416_Cheer.WAV,0.0,3.0,False,False,False,False,True,False,False,False,False,False,False
/home/Shelby/blackbird_calls/Experiments/Detection_of_calls/Datasets/All_call_classes/Split_data_controlled/OpenSoundScape/Call_audios/padded_3s/AZ08_Trial_3_trim_40.46820868_41.24382953_Chits.WAV,0.0,3.0,False,False,False,False,False,True,False,False,False,False,False
/home/Shelby/blackbird_calls/Experiments/Detection_of_calls/Datasets/All_call_classes/Split_data_controlled/OpenSoundScape/Call_audios/padded_3s/SL22_Trial_2_trim_10.05727647_10.1863612_Check.WAV,0.0,3.0,False,False,False,True,False,False,False,False,False,False,False
/home/Shelby/blackbird_calls/Experiments/Detection_of_calls/Datasets/All_call_classes/Split_data_controlled/OpenSoundScape/Call_audios/padded_3s/AZ15_Trial_1_trim_58.61926894_58.73422488_Check.WAV,0.0,3.0,False,False,False,True,False,False,False,False,False,False,False
/home/Shelby/blackbird_calls/Experiments/Detection_of_calls/Datasets/All_call_classes/Split_data_controlled/OpenSoundScape/Call_audios/padded_3s/SL54_Trial_3_trim_34.65719175_34.79055449_Check.WAV,0.0,3.0,False,False,False,True,False,False,False,False,False,False,False
/home/Shelby/blackbird_calls/Experiments/Detection_of_calls/Datasets/All_call_classes/Split_data_controlled/OpenSoundScape/Call_audios/padded_3s/SL07_Trial_1_trim_37.81119771_37.95968717_D.WAV,0.0,3.0,False,False,False,False,False,False,True,False,False,False,False
/home/Shelby/blackbird_calls/Experiments/Detection_of_calls/Datasets/All_call_classes/Split_data_controlled/OpenSoundScape/Call_audios/padded_3s/AZ13_Trial_1_trim_15.41259518_15.47247944_Check.WAV,0.0,3.0,False,False,False,True,False,False,False,False,False,False,False
/home/Shelby/blackbird_calls/Experiments/Detection_of_calls/Datasets/All_call_classes/Split_data_controlled/OpenSoundScape/Call_audios/padded_3s/SL50_Trial_3_trim_5.00596232_5.562642575_Cheer.WAV,0.0,3.0,False,False,False,False,True,False,False,False,False,False,False
/home/Shelby/blackbird_calls/Experiments/Detection_of_calls/Datasets/All_call_classes/Split_data_controlled/OpenSoundScape/Call_audios/padded_3s/AZ15_Trial_3_trim_52.90232285_52.98614489_C.WAV,0.0,3.0,False,False,True,False,False,False,False,False,False,False,False
/home/Shelby/blackbird_calls/Experiments/Detection_of_calls/Datasets/All_call_classes/Split_data_controlled/OpenSoundScape/Call_audios/padded_3s/SL17a_Trial_3_trim_28.1134647_28.20474139_Chits.WAV,0.0,3.0,False,False,False,False,False,True,False,False,False,False,False
/home/Shelby/blackbird_calls/Experiments/Detection_of_calls/Datasets/All_call_classes/Split_data_controlled/OpenSoundScape/Call_audios/padded_3s/AZ13_Trial_2_trim_52.54424232_52.63764438_Check.WAV,0.0,3.0,False,False,False,True,False,False,False,False,False,False,False
/home/Shelby/blackbird_calls/Experiments/Detection_of_calls/Datasets/All_call_classes/Split_data_controlled/OpenSoundScape/Call_audios/padded_3s/SL09_Trial_3_trim_27.34473839_27.90703526_Cheer.WAV,0.0,3.0,False,False,False,False,True,False,False,False,False,False,False
/home/Shelby/blackbird_calls/Experiments/Detection_of_calls/Datasets/All_call_classes/Split_data_controlled/OpenSoundScape/Call_audios/padded_3s/SL21_Trial_2_trim_24.93490657_25.73691798_K.WAV,0.0,3.0,False,False,False,False,False,False,False,False,False,False,True
/home/Shelby/blackbird_calls/Experiments/Detection_of_calls/Datasets/All_call_classes/Split_data_controlled/OpenSoundScape/Call_audios/padded_3s/AZ15_Trial_1_trim_51.14797851_51.29646326_Check.WAV,0.0,3.0,False,False,False,True,False,False,False,False,False,False,False
/home/Shelby/blackbird_calls/Experiments/Detection_of_calls/Datasets/All_call_classes/Split_data_controlled/OpenSoundScape/Call_audios/padded_3s/SL30_Trial_1_trim_44.68423327_44.78000599_Check.WAV,0.0,3.0,False,False,False,True,False,False,False,False,False,False,False
/home/Shelby/blackbird_calls/Experiments/Detection_of_calls/Datasets/All_call_classes/Split_data_controlled/OpenSoundScape/Call_audios/padded_3s/AZ13_Trial_2_trim_30.54434929_30.63775136_Check.WAV,0.0,3.0,False,False,False,True,False,False,False,False,False,False,False
/home/Shelby/blackbird_calls/Experiments/Detection_of_calls/Datasets/All_call_classes/Split_data_controlled/OpenSoundScape/Call_audios/padded_3s/AZ15_Trial_1_trim_29.39520163_29.5005779_Check.WAV,0.0,3.0,False,False,False,True,False,False,False,False,False,False,False
/home/Shelby/blackbird_calls/Experiments/Detection_of_calls/Datasets/All_call_classes/Split_data_controlled/OpenSoundScape/Call_audios/padded_3s/SL13_Trial_2_trim_53.58668603_53.68176976_Check.WAV,0.0,3.0,False,False,False,True,False,False,False,False,False,False,False
/home/Shelby/blackbird_calls/Experiments/Detection_of_calls/Datasets/All_call_classes/Split_data_controlled/OpenSoundScape/Call_audios/padded_3s/SL02_Trial_3_trim_20.61596288_20.74528979_I.WAV,0.0,3.0,False,False,False,False,False,False,True,False,False,False,False
/home/Shelby/blackbird_calls/Experiments/Detection_of_calls/Datasets/All_call_classes/Split_data_controlled/OpenSoundScape/Call_audios/padded_3s/SL22_Trial_1_trim_22.73602862_22.83906452_Check.WAV,0.0,3.0,False,False,False,True,False,False,False,False,False,False,False
/home/Shelby/blackbird_calls/Experiments/Detection_of_calls/Datasets/All_call_classes/Split_data_controlled/OpenSoundScape/Call_audios/padded_3s/SL22_Trial_1_trim_6.96844306_7.059703421_Check.WAV,0.0,3.0,False,False,False,True,False,False,False,False,False,False,False
/home/Shelby/blackbird_calls/Experiments/Detection_of_calls/Datasets/All_call_classes/Split_data_controlled/OpenSoundScape/Call_audios/padded_3s/AZ13_Trial_3_trim_34.09484961_34.1595125_Check.WAV,0.0,3.0,False,False,False,True,False,False,False,False,False,False,False
/home/Shelby/blackbird_calls/Experiments/Detection_of_calls/Datasets/All_call_classes/Split_data_controlled/OpenSoundScape/Call_audios/padded_3s/SL42_Trial_1_trim_19.46418291_19.55375747_Check.WAV,0.0,3.0,False,False,False,True,False,False,False,False,False,False,False
/home/Shelby/blackbird_calls/Experiments/Detection_of_calls/Datasets/All_call_classes/Split_data_controlled/OpenSoundScape/Call_audios/padded_3s/SL21_Trial_3_trim_32.8598664_33.4199201_K.WAV,0.0,3.0,False,False,False,False,False,False,False,False,False,False,True
/home/Shelby/blackbird_calls/Experiments/Detection_of_calls/Datasets/All_call_classes/Split_data_controlled/OpenSoundScape/Call_audios/padded_3s/SL51_Trial_2_trim_7.142584973_7.213373375_Check.WAV,0.0,3.0,False,False,False,True,False,False,False,False,False,False,False
/home/Shelby/blackbird_calls/Experiments/Detection_of_calls/Datasets/All_call_classes/Split_data_controlled/OpenSoundScape/Call_audios/padded_3s/AZ13_Trial_3_trim_56.56929881_56.63875154_Check.WAV,0.0,3.0,False,False,False,True,False,False,False,False,False,False,False
/home/Shelby/blackbird_calls/Experiments/Detection_of_calls/Datasets/All_call_classes/Split_data_controlled/OpenSoundScape/Call_audios/padded_3s/SL38_Trial_1_trim_56.73256126_57.41356635_Cheer.WAV,0.0,3.0,False,False,False,False,True,False,False,False,False,False,False
/home/Shelby/blackbird_calls/Experiments/Detection_of_calls/Datasets/All_call_classes/Split_data_controlled/OpenSoundScape/Call_audios/padded_3s/RC02_Trial_1_trim_22.08007464_22.13994753_Check.WAV,0.0,3.0,False,False,False,True,False,False,False,False,False,False,False
/home/Shelby/blackbird_calls/Experiments/Detection_of_calls/Datasets/All_call_classes/Split_data_controlled/OpenSoundScape/Call_audios/padded_3s/SL16_Trial_3_trim_33.9153855_34.00283203_Check.WAV,0.0,3.0,False,False,False,True,False,False,False,False,False,False,False
/home/Shelby/blackbird_calls/Experiments/Detection_of_calls/Datasets/All_call_classes/Split_data_controlled/OpenSoundScape/Call_audios/padded_3s/EF01_Trial_3_trim_56.53937658_56.80437859_O.WAV,0.0,3.0,False,False,False,False,False,False,False,True,False,False,False
/home/Shelby/blackbird_calls/Experiments/Detection_of_calls/Datasets/All_call_classes/Split_data_controlled/OpenSoundScape/Call_audios/padded_3s/SL51_Trial_3_trim_7.784532642_7.855198466_Check.WAV,0.0,3.0,False,False,False,True,False,False,False,False,False,False,False
/home/Shelby/blackbird_calls/Experiments/Detection_of_calls/Datasets/All_call_classes/Split_data_controlled/OpenSoundScape/Call_audios/padded_3s/SL54_Trial_3_trim_1.025226058_1.154421212_Check.WAV,0.0,3.0,False,False,False,True,False,False,False,False,False,False,False
/home/Shelby/blackbird_calls/Experiments/Detection_of_calls/Datasets/All_call_classes/Split_data_controlled/OpenSoundScape/Call_audios/padded_3s/SL50_Trial_1_trim_45.83924857_46.33061807_Cheer.WAV,0.0,3.0,False,False,False,False,True,False,False,False,False,False,False
/home/Shelby/blackbird_calls/Experiments/Detection_of_calls/Datasets/All_call_classes/Split_data_controlled/OpenSoundScape/Call_audios/padded_3s/AZ15_Trial_1_trim_4.023457742_4.104884863_D.WAV,0.0,3.0,False,False,False,False,False,False,True,False,False,False,False
/home/Shelby/blackbird_calls/Experiments/Detection_of_calls/Datasets/All_call_classes/Split_data_controlled/OpenSoundScape/Call_audios/padded_3s/SL50_Trial_3_trim_31.29506844_31.43644755_Check.WAV,0.0,3.0,False,False,False,True,False,False,False,False,False,False,False
/home/Shelby/blackbird_calls/Experiments/Detection_of_calls/Datasets/All_call_classes/Split_data_controlled/OpenSoundScape/Call_audios/padded_3s/RC02_Trial_2_trim_1.104931452_2.169028481_Chits.WAV,0.0,3.0,False,False,False,False,False,True,False,False,False,False,False
/home/Shelby/blackbird_calls/Experiments/Detection_of_calls/Datasets/All_call_classes/Split_data_controlled/OpenSoundScape/Call_audios/padded_3s/SL30_Trial_3_trim_37.45774276_37.57650677_Check.WAV,0.0,3.0,False,False,False,True,False,False,False,False,False,False,False
/home/Shelby/blackbird_calls/Experiments/Detection_of_calls/Datasets/All_call_classes/Split_data_controlled/OpenSoundScape/Call_audios/padded_3s/SL38_Trial_1_trim_2.532112441_2.936133808_Cheer.WAV,0.0,3.0,False,False,False,False,True,False,False,False,False,False,False
/home/Shelby/blackbird_calls/Experiments/Detection_of_calls/Datasets/All_call_classes/Split_data_controlled/OpenSoundScape/Call_audios/padded_3s/SL50_Trial_1_trim_5.654913334_5.883941489_M.WAV,0.0,3.0,True,False,False,False,False,False,False,False,False,False,False
/home/Shelby/blackbird_calls/Experiments/Detection_of_calls/Datasets/All_call_classes/Split_data_controlled/OpenSoundScape/Call_audios/padded_3s/SL38_Trial_1_trim_44.9666271_45.25402375_E.WAV,0.0,3.0,False,False,False,False,False,False,False,True,False,False,False
/home/Shelby/blackbird_calls/Experiments/Detection_of_calls/Datasets/All_call_classes/Split_data_controlled/OpenSoundScape/Call_audios/padded_3s/SL52_Trial_3_trim_31.89003282_32.01496018_Check.WAV,0.0,3.0,False,False,False,True,False,False,False,False,False,False,False
/home/Shelby/blackbird_calls/Experiments/Detection_of_calls/Datasets/All_call_classes/Split_data_controlled/OpenSoundScape/Call_audios/padded_3s/AZ13_Trial_3_trim_32.34416177_32.41840434_Check.WAV,0.0,3.0,False,False,False,True,False,False,False,False,False,False,False
/home/Shelby/blackbird_calls/Experiments/Detection_of_calls/Datasets/All_call_classes/Split_data_controlled/OpenSoundScape/Call_audios/padded_3s/SL21_Trial_3_trim_45.44080734_45.59113754_Check.WAV,0.0,3.0,False,False,False,True,False,False,False,False,False,False,False
/home/Shelby/blackbird_calls/Experiments/Detection_of_calls/Datasets/All_call_classes/Split_data_controlled/OpenSoundScape/Call_audios/padded_3s/SL21_Trial_1_trim_3.735017895_3.832188653_Check.WAV,0.0,3.0,False,False,False,True,False,False,False,False,False,False,False
/home/Shelby/blackbird_calls/Experiments/Detection_of_calls/Datasets/All_call_classes/Split_data_controlled/OpenSoundScape/Call_audios/padded_3s/AZ08_Trial_1_trim_51.83750017_51.95265786_C.WAV,0.0,3.0,False,False,True,False,False,False,False,False,False,False,False
/home/Shelby/blackbird_calls/Experiments/Detection_of_calls/Datasets/All_call_classes/Split_data_controlled/OpenSoundScape/Call_audios/padded_3s/SL16_Trial_1_trim_18.15111608_18.26607528_Check.WAV,0.0,3.0,False,False,False,True,False,False,False,False,False,False,False
/home/Shelby/blackbird_calls/Experiments/Detection_of_calls/Datasets/All_call_classes/Split_data_controlled/OpenSoundScape/Call_audios/padded_3s/SL07_Trial_3_trim_12.40533363_12.52268448_Check.WAV,0.0,3.0,False,False,False,True,False,False,False,False,False,False,False
/home/Shelby/blackbird_calls/Experiments/Detection_of_calls/Datasets/All_call_classes/Split_data_controlled/OpenSoundScape/Call_audios/padded_3s/SL50_Trial_3_trim_42.40914563_42.51223456_Check.WAV,0.0,3.0,False,False,False,True,False,False,False,False,False,False,False
/home/Shelby/blackbird_calls/Experiments/Detection_of_calls/Datasets/All_call_classes/Split_data_controlled/OpenSoundScape/Call_audios/padded_3s/SL42_Trial_3_trim_53.91356788_54.01369488_Check.WAV,0.0,3.0,False,False,False,True,False,False,False,False,False,False,False
/home/Shelby/blackbird_calls/Experiments/Detection_of_calls/Datasets/All_call_classes/Split_data_controlled/OpenSoundScape/Call_audios/padded_3s/SL07_Trial_3_trim_44.67354543_44.76934204_Check.WAV,0.0,3.0,False,False,False,True,False,False,False,False,False,False,False
/home/Shelby/blackbird_calls/Experiments/Detection_of_calls/Datasets/All_call_classes/Split_data_controlled/OpenSoundScape/Call_audios/padded_3s/SL54_Trial_3_trim_27.20531235_27.36784819_Check.WAV,0.0,3.0,False,False,False,True,False,False,False,False,False,False,False
/home/Shelby/blackbird_calls/Experiments/Detection_of_calls/Datasets/All_call_classes/Split_data_controlled/OpenSoundScape/Call_audios/padded_3s/RC02_Trial_1_trim_48.49642457_49.26040255_Chits.WAV,0.0,3.0,False,False,False,False,False,True,False,False,False,False,False
/home/Shelby/blackbird_calls/Experiments/Detection_of_calls/Datasets/All_call_classes/Split_data_controlled/OpenSoundScape/Call_audios/padded_3s/SL52_Trial_1_trim_35.53625288_35.65284554_Check.WAV,0.0,3.0,False,False,False,True,False,False,False,False,False,False,False
/home/Shelby/blackbird_calls/Experiments/Detection_of_calls/Datasets/All_call_classes/Split_data_controlled/OpenSoundScape/Call_audios/padded_3s/SL42_Trial_1_trim_45.58307648_45.65806914_Check.WAV,0.0,3.0,False,False,False,True,False,False,False,False,False,False,False
/home/Shelby/blackbird_calls/Experiments/Detection_of_calls/Datasets/All_call_classes/Split_data_controlled/OpenSoundScape/Call_audios/padded_3s/AZ15_Trial_1_trim_22.56722767_22.62470564_Check.WAV,0.0,3.0,False,False,False,True,False,False,False,False,False,False,False
/home/Shelby/blackbird_calls/Experiments/Detection_of_calls/Datasets/All_call_classes/Split_data_controlled/OpenSoundScape/Call_audios/padded_3s/SL54_Trial_3_trim_61.2325086_61.36170376_Check.WAV,0.0,3.0,False,False,False,True,False,False,False,False,False,False,False
/home/Shelby/blackbird_calls/Experiments/Detection_of_calls/Datasets/All_call_classes/Split_data_controlled/OpenSoundScape/Call_audios/padded_3s/SL17a_Trial_2_trim_39.63851804_39.70514403_Check.WAV,0.0,3.0,False,False,False,True,False,False,False,False,False,False,False
/home/Shelby/blackbird_calls/Experiments/Detection_of_calls/Datasets/All_call_classes/Split_data_controlled/OpenSoundScape/Call_audios/padded_3s/SL42_Trial_1_trim_26.41771049_26.48853688_Check.WAV,0.0,3.0,False,False,False,True,False,False,False,False,False,False,False
/home/Shelby/blackbird_calls/Experiments/Detection_of_calls/Datasets/All_call_classes/Split_data_controlled/OpenSoundScape/Call_audios/padded_3s/SL02_Trial_2_trim_3.479654281_3.549122684_Check.WAV,0.0,3.0,False,False,False,True,False,False,False,False,False,False,False
/home/Shelby/blackbird_calls/Experiments/Detection_of_calls/Datasets/All_call_classes/Split_data_controlled/OpenSoundScape/Call_audios/padded_3s/AZ13_Trial_2_trim_0.651419546_0.730452065_Check.WAV,0.0,3.0,False,False,False,True,False,False,False,False,False,False,False
/home/Shelby/blackbird_calls/Experiments/Detection_of_calls/Datasets/All_call_classes/Split_data_controlled/OpenSoundScape/Call_audios/padded_3s/SL16_Trial_2_trim_11.90996089_12.14557711_E.WAV,0.0,3.0,False,False,False,False,False,False,False,True,False,False,False
/home/Shelby/blackbird_calls/Experiments/Detection_of_calls/Datasets/All_call_classes/Split_data_controlled/OpenSoundScape/Call_audios/padded_3s/SL36_Trial_2_trim_19.52553865_19.64038268_L.WAV,0.0,3.0,False,False,True,False,False,False,False,False,False,False,False
/home/Shelby/blackbird_calls/Experiments/Detection_of_calls/Datasets/All_call_classes/Split_data_controlled/OpenSoundScape/Call_audios/padded_3s/SL42_Trial_2_trim_52.68625819_52.72790047_Check.WAV,0.0,3.0,False,False,False,True,False,False,False,False,False,False,False
/home/Shelby/blackbird_calls/Experiments/Detection_of_calls/Datasets/All_call_classes/Split_data_controlled/OpenSoundScape/Call_audios/padded_3s/SL42_Trial_2_trim_0.153035392_0.962977808_Cheer.WAV,0.0,3.0,False,False,False,False,True,False,False,False,False,False,False
/home/Shelby/blackbird_calls/Experiments/Detection_of_calls/Datasets/All_call_classes/Split_data_controlled/OpenSoundScape/Call_audios/padded_3s/SL21_Trial_1_trim_42.3318417_42.43490159_Check.WAV,0.0,3.0,False,False,False,True,False,False,False,False,False,False,False
/home/Shelby/blackbird_calls/Experiments/Detection_of_calls/Datasets/All_call_classes/Split_data_controlled/OpenSoundScape/Call_audios/padded_3s/SL42_Trial_3_trim_52.21908623_52.31332341_Check.WAV,0.0,3.0,False,False,False,True,False,False,False,False,False,False,False
/home/Shelby/blackbird_calls/Experiments/Detection_of_calls/Datasets/All_call_classes/Split_data_controlled/OpenSoundScape/Call_audios/padded_3s/AZ13_Trial_2_trim_40.76221125_40.84124377_Check.WAV,0.0,3.0,False,False,False,True,False,False,False,False,False,False,False
/home/Shelby/blackbird_calls/Experiments/Detection_of_calls/Datasets/All_call_classes/Split_data_controlled/OpenSoundScape/Call_audios/padded_3s/SL54_Trial_2_trim_8.939054208_9.065672549_Check.WAV,0.0,3.0,False,False,False,True,False,False,False,False,False,False,False
/home/Shelby/blackbird_calls/Experiments/Detection_of_calls/Datasets/All_call_classes/Split_data_controlled/OpenSoundScape/Call_audios/padded_3s/SL22_Trial_2_trim_16.09765907_16.22257978_Check.WAV,0.0,3.0,False,False,False,True,False,False,False,False,False,False,False
/home/Shelby/blackbird_calls/Experiments/Detection_of_calls/Datasets/All_call_classes/Split_data_controlled/OpenSoundScape/Call_audios/padded_3s/AZ15_Trial_1_trim_42.9662276_43.07160388_Check.WAV,0.0,3.0,False,False,False,True,False,False,False,False,False,False,False
/home/Shelby/blackbird_calls/Experiments/Detection_of_calls/Datasets/All_call_classes/Split_data_controlled/OpenSoundScape/Call_audios/padded_3s/RC02_Trial_1_trim_15.71637099_15.80019302_Check.WAV,0.0,3.0,False,False,False,True,False,False,False,False,False,False,False
/home/Shelby/blackbird_calls/Experiments/Detection_of_calls/Datasets/All_call_classes/Split_data_controlled/OpenSoundScape/Call_audios/padded_3s/SL52_Trial_1_trim_27.53021996_27.6426486_Check.WAV,0.0,3.0,False,False,False,True,False,False,False,False,False,False,False
/home/Shelby/blackbird_calls/Experiments/Detection_of_calls/Datasets/All_call_classes/Split_data_controlled/OpenSoundScape/Call_audios/padded_3s/RC02_Trial_1_trim_42.77360379_42.8382665_Check.WAV,0.0,3.0,False,False,False,True,False,False,False,False,False,False,False
/home/Shelby/blackbird_calls/Experiments/Detection_of_calls/Datasets/All_call_classes/Split_data_controlled/OpenSoundScape/Call_audios/padded_3s/SL51_Trial_1_trim_31.71385718_32.38519179_Cheer.WAV,0.0,3.0,False,False,False,False,True,False,False,False,False,False,False
/home/Shelby/blackbird_calls/Experiments/Detection_of_calls/Datasets/All_call_classes/Split_data_controlled/OpenSoundScape/Call_audios/padded_3s/SL51_Trial_1_trim_20.73393972_20.83110657_Check.WAV,0.0,3.0,False,False,False,True,False,False,False,False,False,False,False
/home/Shelby/blackbird_calls/Experiments/Detection_of_calls/Datasets/All_call_classes/Split_data_controlled/OpenSoundScape/Call_audios/padded_3s/SL30_Trial_3_trim_35.79385092_36.43559333_Cheer.WAV,0.0,3.0,False,False,False,False,True,False,False,False,False,False,False
/home/Shelby/blackbird_calls/Experiments/Detection_of_calls/Datasets/All_call_classes/Split_data_controlled/OpenSoundScape/Call_audios/padded_3s/SL50_Trial_3_trim_41.67914742_41.79696335_Check.WAV,0.0,3.0,False,False,False,True,False,False,False,False,False,False,False
/home/Shelby/blackbird_calls/Experiments/Detection_of_calls/Datasets/All_call_classes/Split_data_controlled/OpenSoundScape/Call_audios/padded_3s/SL51_Trial_2_trim_8.058670171_8.112802478_Check.WAV,0.0,3.0,False,False,False,True,False,False,False,False,False,False,False
/home/Shelby/blackbird_calls/Experiments/Detection_of_calls/Datasets/All_call_classes/Split_data_controlled/OpenSoundScape/Call_audios/padded_3s/RC02_Trial_1_trim_55.29371046_56.35226304_Chits.WAV,0.0,3.0,False,False,False,False,False,True,False,False,False,False,False
/home/Shelby/blackbird_calls/Experiments/Detection_of_calls/Datasets/All_call_classes/Split_data_controlled/OpenSoundScape/Call_audios/padded_3s/AZ02_Trial_2_trim_78.97014484_79.05144005_Check.WAV,0.0,3.0,False,False,False,True,False,False,False,False,False,False,False
/home/Shelby/blackbird_calls/Experiments/Detection_of_calls/Datasets/All_call_classes/Split_data_controlled/OpenSoundScape/Call_audios/padded_3s/SL51_Trial_3_trim_12.19801935_12.30107367_Check.WAV,0.0,3.0,False,False,False,True,False,False,False,False,False,False,False
/home/Shelby/blackbird_calls/Experiments/Detection_of_calls/Datasets/All_call_classes/Split_data_controlled/OpenSoundScape/Call_audios/padded_3s/SL54_Trial_2_trim_21.92203405_22.06337546_Check.WAV,0.0,3.0,False,False,False,True,False,False,False,False,False,False,False
/home/Shelby/blackbird_calls/Experiments/Detection_of_calls/Datasets/All_call_classes/Split_data_controlled/OpenSoundScape/Call_audios/padded_3s/SL42_Trial_3_trim_48.72924513_48.84115178_Check.WAV,0.0,3.0,False,False,False,True,False,False,False,False,False,False,False
/home/Shelby/blackbird_calls/Experiments/Detection_of_calls/Datasets/All_call_classes/Split_data_controlled/OpenSoundScape/Call_audios/padded_3s/SL16_Trial_1_trim_11.25969363_11.3794428_Check.WAV,0.0,3.0,False,False,False,True,False,False,False,False,False,False,False
/home/Shelby/blackbird_calls/Experiments/Detection_of_calls/Datasets/All_call_classes/Split_data_controlled/OpenSoundScape/Call_audios/padded_3s/SL02_Trial_2_trim_4.259339724_4.321621741_Check.WAV,0.0,3.0,False,False,False,True,False,False,False,False,False,False,False
/home/Shelby/blackbird_calls/Experiments/Detection_of_calls/Datasets/All_call_classes/Split_data_controlled/OpenSoundScape/Call_audios/padded_3s/SL02_Trial_3_trim_26.20339449_26.37583037_I.WAV,0.0,3.0,False,False,False,False,False,False,True,False,False,False,False
/home/Shelby/blackbird_calls/Experiments/Detection_of_calls/Datasets/All_call_classes/Split_data_controlled/OpenSoundScape/Call_audios/padded_3s/SL42_Trial_1_trim_23.19404578_23.26487217_Check.WAV,0.0,3.0,False,False,False,True,False,False,False,False,False,False,False
/home/Shelby/blackbird_calls/Experiments/Detection_of_calls/Datasets/All_call_classes/Split_data_controlled/OpenSoundScape/Call_audios/padded_3s/SL21_Trial_3_trim_25.04558373_25.62627098_K.WAV,0.0,3.0,False,False,False,False,False,False,False,False,False,False,True
/home/Shelby/blackbird_calls/Experiments/Detection_of_calls/Datasets/All_call_classes/Split_data_controlled/OpenSoundScape/Call_audios/padded_3s/SL16_Trial_1_trim_58.0716533_58.17703257_Check.WAV,0.0,3.0,False,False,False,True,False,False,False,False,False,False,False
/home/Shelby/blackbird_calls/Experiments/Detection_of_calls/Datasets/All_call_classes/Split_data_controlled/OpenSoundScape/Call_audios/padded_3s/AZ13_Trial_2_trim_42.03391632_42.12252854_Check.WAV,0.0,3.0,False,False,False,True,False,False,False,False,False,False,False
/home/Shelby/blackbird_calls/Experiments/Detection_of_calls/Datasets/All_call_classes/Split_data_controlled/OpenSoundScape/Call_audios/padded_3s/SL42_Trial_3_trim_57.48322554_57.58040764_Check.WAV,0.0,3.0,False,False,False,True,False,False,False,False,False,False,False
/home/Shelby/blackbird_calls/Experiments/Detection_of_calls/Datasets/All_call_classes/Split_data_controlled/OpenSoundScape/Call_audios/padded_3s/SL42_Trial_1_trim_48.28782222_48.35656549_Check.WAV,0.0,3.0,False,False,False,True,False,False,False,False,False,False,False
/home/Shelby/blackbird_calls/Experiments/Detection_of_calls/Datasets/All_call_classes/Split_data_controlled/OpenSoundScape/Call_audios/padded_3s/SL50_Trial_3_trim_34.0080549_34.14648861_Check.WAV,0.0,3.0,False,False,False,True,False,False,False,False,False,False,False
/home/Shelby/blackbird_calls/Experiments/Detection_of_calls/Datasets/All_call_classes/Split_data_controlled/OpenSoundScape/Call_audios/padded_3s/SL38_Trial_1_trim_55.11683166_55.48753167_E.WAV,0.0,3.0,False,False,False,False,False,False,False,True,False,False,False
/home/Shelby/blackbird_calls/Experiments/Detection_of_calls/Datasets/All_call_classes/Split_data_controlled/OpenSoundScape/Call_audios/padded_3s/RC02_Trial_1_trim_53.16442787_53.2314855_Check.WAV,0.0,3.0,False,False,False,True,False,False,False,False,False,False,False
/home/Shelby/blackbird_calls/Experiments/Detection_of_calls/Datasets/All_call_classes/Split_data_controlled/OpenSoundScape/Call_audios/padded_3s/AZ15_Trial_1_trim_14.68029903_14.87668208_M.WAV,0.0,3.0,True,False,False,False,False,False,False,False,False,False,False
/home/Shelby/blackbird_calls/Experiments/Detection_of_calls/Datasets/All_call_classes/Split_data_controlled/OpenSoundScape/Call_audios/padded_3s/AZ13_Trial_1_trim_5.658639701_5.749663774_Check.WAV,0.0,3.0,False,False,False,True,False,False,False,False,False,False,False
/home/Shelby/blackbird_calls/Experiments/Detection_of_calls/Datasets/All_call_classes/Split_data_controlled/OpenSoundScape/Call_audios/padded_3s/AZ13_Trial_1_trim_14.34905074_14.44007481_Check.WAV,0.0,3.0,False,False,False,True,False,False,False,False,False,False,False
/home/Shelby/blackbird_calls/Experiments/Detection_of_calls/Datasets/All_call_classes/Split_data_controlled/OpenSoundScape/Call_audios/padded_3s/SL36_Trial_1_trim_44.4911785_45.31149697_Cheer.WAV,0.0,3.0,False,False,False,False,True,False,False,False,False,False,False
/home/Shelby/blackbird_calls/Experiments/Detection_of_calls/Datasets/All_call_classes/Split_data_controlled/OpenSoundScape/Call_audios/padded_3s/SL36_Trial_1_trim_14.96693502_15.05646216_Cheer.WAV,0.0,3.0,False,False,False,False,True,False,False,False,False,False,False
/home/Shelby/blackbird_calls/Experiments/Detection_of_calls/Datasets/All_call_classes/Split_data_controlled/OpenSoundScape/Call_audios/padded_3s/SL50_Trial_1_trim_9.632370473_9.865562775_M.WAV,0.0,3.0,True,False,False,False,False,False,False,False,False,False,False
/home/Shelby/blackbird_calls/Experiments/Detection_of_calls/Datasets/All_call_classes/Split_data_controlled/OpenSoundScape/Call_audios/padded_3s/SL17a_Trial_3_trim_34.37424804_34.64218929_K.WAV,0.0,3.0,False,False,False,False,False,False,False,False,False,False,True
/home/Shelby/blackbird_calls/Experiments/Detection_of_calls/Datasets/All_call_classes/Split_data_controlled/OpenSoundScape/Call_audios/padded_3s/SL52_Trial_1_trim_32.39565409_32.5039187_Check.WAV,0.0,3.0,False,False,False,True,False,False,False,False,False,False,False
/home/Shelby/blackbird_calls/Experiments/Detection_of_calls/Datasets/All_call_classes/Split_data_controlled/OpenSoundScape/Call_audios/padded_3s/SL52_Trial_3_trim_30.27846984_30.39090447_Check.WAV,0.0,3.0,False,False,False,True,False,False,False,False,False,False,False
/home/Shelby/blackbird_calls/Experiments/Detection_of_calls/Datasets/All_call_classes/Split_data_controlled/OpenSoundScape/Call_audios/padded_3s/AZ13_Trial_1_trim_21.42304506_21.52125524_Check.WAV,0.0,3.0,False,False,False,True,False,False,False,False,False,False,False
/home/Shelby/blackbird_calls/Experiments/Detection_of_calls/Datasets/All_call_classes/Split_data_controlled/OpenSoundScape/Call_audios/padded_3s/SL17a_Trial_3_trim_1.001447682_1.122204367_J.WAV,0.0,3.0,False,False,False,False,False,False,False,False,False,True,False
/home/Shelby/blackbird_calls/Experiments/Detection_of_calls/Datasets/All_call_classes/Split_data_controlled/OpenSoundScape/Call_audios/padded_3s/SL21_Trial_3_trim_48.52283342_49.02098645_K.WAV,0.0,3.0,False,False,False,False,False,False,False,False,False,False,True
/home/Shelby/blackbird_calls/Experiments/Detection_of_calls/Datasets/All_call_classes/Split_data_controlled/OpenSoundScape/Call_audios/padded_3s/SL42_Trial_1_trim_56.55518252_56.63850769_Check.WAV,0.0,3.0,False,False,False,True,False,False,False,False,False,False,False
/home/Shelby/blackbird_calls/Experiments/Detection_of_calls/Datasets/All_call_classes/Split_data_controlled/OpenSoundScape/Call_audios/padded_3s/SL52_Trial_1_trim_20.26792841_20.36786497_Check.WAV,0.0,3.0,False,False,False,True,False,False,False,False,False,False,False
/home/Shelby/blackbird_calls/Experiments/Detection_of_calls/Datasets/All_call_classes/Split_data_controlled/OpenSoundScape/Call_audios/padded_3s/SL43_Trial_2_trim_48.71840889_48.89746278_Check.WAV,0.0,3.0,False,False,False,True,False,False,False,False,False,False,False
/home/Shelby/blackbird_calls/Experiments/Detection_of_calls/Datasets/All_call_classes/Split_data_controlled/OpenSoundScape/Call_audios/padded_3s/AZ13_Trial_1_trim_10.20745145_10.29368478_Check.WAV,0.0,3.0,False,False,False,True,False,False,False,False,False,False,False
/home/Shelby/blackbird_calls/Experiments/Detection_of_calls/Datasets/All_call_classes/Split_data_controlled/OpenSoundScape/Call_audios/padded_3s/SL17a_Trial_1_trim_57.05620926_57.12540372_Check.WAV,0.0,3.0,False,False,False,True,False,False,False,False,False,False,False
/home/Shelby/blackbird_calls/Experiments/Detection_of_calls/Datasets/All_call_classes/Split_data_controlled/OpenSoundScape/Call_audios/padded_3s/SL52_Trial_1_trim_48.45976809_48.55970466_Check.WAV,0.0,3.0,False,False,False,True,False,False,False,False,False,False,False
/home/Shelby/blackbird_calls/Experiments/Detection_of_calls/Datasets/All_call_classes/Split_data_controlled/OpenSoundScape/Call_audios/padded_3s/SL17a_Trial_3_trim_2.156344111_2.275018785_Check.WAV,0.0,3.0,False,False,False,True,False,False,False,False,False,False,False
/home/Shelby/blackbird_calls/Experiments/Detection_of_calls/Datasets/All_call_classes/Split_data_controlled/OpenSoundScape/Call_audios/padded_3s/SL21_Trial_1_trim_61.95517282_62.41158093_I.WAV,0.0,3.0,False,False,False,False,False,False,True,False,False,False,False
/home/Shelby/blackbird_calls/Experiments/Detection_of_calls/Datasets/All_call_classes/Split_data_controlled/OpenSoundScape/Call_audios/padded_3s/AZ13_Trial_1_trim_6.497020993_6.576068214_Check.WAV,0.0,3.0,False,False,False,True,False,False,False,False,False,False,False
/home/Shelby/blackbird_calls/Experiments/Detection_of_calls/Datasets/All_call_classes/Split_data_controlled/OpenSoundScape/Call_audios/padded_3s/SL56_Trial_2_trim_12.02067072_12.09134716_Check.WAV,0.0,3.0,False,False,False,True,False,False,False,False,False,False,False
/home/Shelby/blackbird_calls/Experiments/Detection_of_calls/Datasets/All_call_classes/Split_data_controlled/OpenSoundScape/Call_audios/padded_3s/SL54_Trial_1_trim_28.32884_28.426002_Check.WAV,0.0,3.0,False,False,False,True,False,False,False,False,False,False,False
/home/Shelby/blackbird_calls/Experiments/Detection_of_calls/Datasets/All_call_classes/Split_data_controlled/OpenSoundScape/Call_audios/padded_3s/SL43_Trial_2_trim_40.4937223_40.70608854_Check.WAV,0.0,3.0,False,False,False,True,False,False,False,False,False,False,False
/home/Shelby/blackbird_calls/Experiments/Detection_of_calls/Datasets/All_call_classes/Split_data_controlled/OpenSoundScape/Call_audios/padded_3s/EF04_Trial_3_trim_56.28652897_57.01782939_Chits.WAV,0.0,3.0,False,False,False,False,False,True,False,False,False,False,False
/home/Shelby/blackbird_calls/Experiments/Detection_of_calls/Datasets/All_call_classes/Split_data_controlled/OpenSoundScape/Call_audios/padded_3s/SL17a_Trial_3_trim_40.19314263_40.29724322_Check.WAV,0.0,3.0,False,False,False,True,False,False,False,False,False,False,False
/home/Shelby/blackbird_calls/Experiments/Detection_of_calls/Datasets/All_call_classes/Split_data_controlled/OpenSoundScape/Call_audios/padded_3s/SL38_Trial_1_trim_15.04831023_15.42734058_E.WAV,0.0,3.0,False,False,False,False,False,False,False,True,False,False,False
/home/Shelby/blackbird_calls/Experiments/Detection_of_calls/Datasets/All_call_classes/Split_data_controlled/OpenSoundScape/Call_audios/padded_3s/AZ15_Trial_3_trim_23.52737955_23.60641175_Check.WAV,0.0,3.0,False,False,False,True,False,False,False,False,False,False,False
/home/Shelby/blackbird_calls/Experiments/Detection_of_calls/Datasets/All_call_classes/Split_data_controlled/OpenSoundScape/Call_audios/padded_3s/AZ15_Trial_1_trim_44.25469205_44.35527849_Check.WAV,0.0,3.0,False,False,False,True,False,False,False,False,False,False,False
/home/Shelby/blackbird_calls/Experiments/Detection_of_calls/Datasets/All_call_classes/Split_data_controlled/OpenSoundScape/Call_audios/padded_3s/SL50_Trial_1_trim_7.054762701_7.283790855_M.WAV,0.0,3.0,True,False,False,False,False,False,False,False,False,False,False
/home/Shelby/blackbird_calls/Experiments/Detection_of_calls/Datasets/All_call_classes/Split_data_controlled/OpenSoundScape/Call_audios/padded_3s/SL21_Trial_3_trim_22.71104409_23.31826021_K.WAV,0.0,3.0,False,False,False,False,False,False,False,False,False,False,True
/home/Shelby/blackbird_calls/Experiments/Detection_of_calls/Datasets/All_call_classes/Split_data_controlled/OpenSoundScape/Call_audios/padded_3s/SL13_Trial_3_trim_49.85439_49.9188871_Check.WAV,0.0,3.0,False,False,False,True,False,False,False,False,False,False,False
/home/Shelby/blackbird_calls/Experiments/Detection_of_calls/Datasets/All_call_classes/Split_data_controlled/OpenSoundScape/Call_audios/padded_3s/SL50_Trial_3_trim_51.97264298_52.06100493_Check.WAV,0.0,3.0,False,False,False,True,False,False,False,False,False,False,False
/home/Shelby/blackbird_calls/Experiments/Detection_of_calls/Datasets/All_call_classes/Split_data_controlled/OpenSoundScape/Call_audios/padded_3s/SL52_Trial_3_trim_43.92100264_44.03760152_Check.WAV,0.0,3.0,False,False,False,True,False,False,False,False,False,False,False
/home/Shelby/blackbird_calls/Experiments/Detection_of_calls/Datasets/All_call_classes/Split_data_controlled/OpenSoundScape/Call_audios/padded_3s/AZ13_Trial_1_trim_59.28926504_59.373103_Check.WAV,0.0,3.0,False,False,False,True,False,False,False,False,False,False,False
/home/Shelby/blackbird_calls/Experiments/Detection_of_calls/Datasets/All_call_classes/Split_data_controlled/OpenSoundScape/Call_audios/padded_3s/SL21_Trial_2_trim_6.463268484_7.371428472_Cheer.WAV,0.0,3.0,False,False,False,False,True,False,False,False,False,False,False
/home/Shelby/blackbird_calls/Experiments/Detection_of_calls/Datasets/All_call_classes/Split_data_controlled/OpenSoundScape/Call_audios/padded_3s/SL54_Trial_3_trim_1.600352871_1.721212854_Check.WAV,0.0,3.0,False,False,False,True,False,False,False,False,False,False,False
/home/Shelby/blackbird_calls/Experiments/Detection_of_calls/Datasets/All_call_classes/Split_data_controlled/OpenSoundScape/Call_audios/padded_3s/SL02_Trial_2_trim_54.00232902_54.05502919_Check.WAV,0.0,3.0,False,False,False,True,False,False,False,False,False,False,False
/home/Shelby/blackbird_calls/Experiments/Detection_of_calls/Datasets/All_call_classes/Split_data_controlled/OpenSoundScape/Call_audios/padded_3s/AZ13_Trial_1_trim_46.25895651_46.36914355_Check.WAV,0.0,3.0,False,False,False,True,False,False,False,False,False,False,False
/home/Shelby/blackbird_calls/Experiments/Detection_of_calls/Datasets/All_call_classes/Split_data_controlled/OpenSoundScape/Call_audios/padded_3s/AZ15_Trial_1_trim_53.7599131_53.83655039_Check.WAV,0.0,3.0,False,False,False,True,False,False,False,False,False,False,False
/home/Shelby/blackbird_calls/Experiments/Detection_of_calls/Datasets/All_call_classes/Split_data_controlled/OpenSoundScape/Call_audios/padded_3s/SL07_Trial_1_trim_33.7046147_34.26025269_Cheer.WAV,0.0,3.0,False,False,False,False,True,False,False,False,False,False,False
/home/Shelby/blackbird_calls/Experiments/Detection_of_calls/Datasets/All_call_classes/Split_data_controlled/OpenSoundScape/Call_audios/padded_3s/RC02_Trial_1_trim_50.75771296_50.81998076_Check.WAV,0.0,3.0,False,False,False,True,False,False,False,False,False,False,False
/home/Shelby/blackbird_calls/Experiments/Detection_of_calls/Datasets/All_call_classes/Split_data_controlled/OpenSoundScape/Call_audios/padded_3s/SL11_Trial_1_trim_50.58251007_51.14773006_G.WAV,0.0,3.0,False,False,False,False,False,False,False,False,True,False,False
/home/Shelby/blackbird_calls/Experiments/Detection_of_calls/Datasets/All_call_classes/Split_data_controlled/OpenSoundScape/Call_audios/padded_3s/SL22_Trial_2_trim_8.054379753_8.62485099_Cheer.WAV,0.0,3.0,False,False,False,False,True,False,False,False,False,False,False
/home/Shelby/blackbird_calls/Experiments/Detection_of_calls/Datasets/All_call_classes/Split_data_controlled/OpenSoundScape/Call_audios/padded_3s/SL22_Trial_1_trim_43.17525263_43.27240076_Check.WAV,0.0,3.0,False,False,False,True,False,False,False,False,False,False,False
/home/Shelby/blackbird_calls/Experiments/Detection_of_calls/Datasets/All_call_classes/Split_data_controlled/OpenSoundScape/Call_audios/padded_3s/SL22_Trial_2_trim_2.41096968_2.510906247_Check.WAV,0.0,3.0,False,False,False,True,False,False,False,False,False,False,False
/home/Shelby/blackbird_calls/Experiments/Detection_of_calls/Datasets/All_call_classes/Split_data_controlled/OpenSoundScape/Call_audios/padded_3s/SL43_Trial_2_trim_14.83857491_15.02179284_Check.WAV,0.0,3.0,False,False,False,True,False,False,False,False,False,False,False
/home/Shelby/blackbird_calls/Experiments/Detection_of_calls/Datasets/All_call_classes/Split_data_controlled/OpenSoundScape/Call_audios/padded_3s/SL21_Trial_2_trim_30.31432767_30.58954171_Check.WAV,0.0,3.0,False,False,False,True,False,False,False,False,False,False,False
/home/Shelby/blackbird_calls/Experiments/Detection_of_calls/Datasets/All_call_classes/Split_data_controlled/OpenSoundScape/Call_audios/padded_3s/SL13_Trial_3_trim_50.00035712_50.09540549_Check.WAV,0.0,3.0,False,False,False,True,False,False,False,False,False,False,False
/home/Shelby/blackbird_calls/Experiments/Detection_of_calls/Datasets/All_call_classes/Split_data_controlled/OpenSoundScape/Call_audios/padded_3s/AZ15_Trial_1_trim_41.51969875_41.62507502_Check.WAV,0.0,3.0,False,False,False,True,False,False,False,False,False,False,False
/home/Shelby/blackbird_calls/Experiments/Detection_of_calls/Datasets/All_call_classes/Split_data_controlled/OpenSoundScape/Call_audios/padded_3s/SL44_Trial_1_trim_15.70456051_15.76197671_E.WAV,0.0,3.0,False,False,False,False,False,False,False,True,False,False,False
/home/Shelby/blackbird_calls/Experiments/Detection_of_calls/Datasets/All_call_classes/Split_data_controlled/OpenSoundScape/Call_audios/padded_3s/EF04_Trial_2_trim_13.05820267_13.1396298_Check.WAV,0.0,3.0,False,False,False,True,False,False,False,False,False,False,False
/home/Shelby/blackbird_calls/Experiments/Detection_of_calls/Datasets/All_call_classes/Split_data_controlled/OpenSoundScape/Call_audios/padded_3s/AZ15_Trial_1_trim_21.55178358_21.61405138_Check.WAV,0.0,3.0,False,False,False,True,False,False,False,False,False,False,False
/home/Shelby/blackbird_calls/Experiments/Detection_of_calls/Datasets/All_call_classes/Split_data_controlled/OpenSoundScape/Call_audios/padded_3s/SL50_Trial_1_trim_55.21315449_55.41719776_M.WAV,0.0,3.0,True,False,False,False,False,False,False,False,False,False,False
/home/Shelby/blackbird_calls/Experiments/Detection_of_calls/Datasets/All_call_classes/Split_data_controlled/OpenSoundScape/Call_audios/padded_3s/AZ15_Trial_1_trim_40.0446105_40.14040711_Check.WAV,0.0,3.0,False,False,False,True,False,False,False,False,False,False,False
/home/Shelby/blackbird_calls/Experiments/Detection_of_calls/Datasets/All_call_classes/Split_data_controlled/OpenSoundScape/Call_audios/padded_3s/SL56_Trial_2_trim_24.16954943_24.77913368_Cheer.WAV,0.0,3.0,False,False,False,False,True,False,False,False,False,False,False
/home/Shelby/blackbird_calls/Experiments/Detection_of_calls/Datasets/All_call_classes/Split_data_controlled/OpenSoundScape/Call_audios/padded_3s/AZ02_Trial_3_trim_38.71872284_38.91032738_Check.WAV,0.0,3.0,False,False,False,True,False,False,False,False,False,False,False
/home/Shelby/blackbird_calls/Experiments/Detection_of_calls/Datasets/All_call_classes/Split_data_controlled/OpenSoundScape/Call_audios/padded_3s/SL43_Trial_2_trim_16.06558054_16.95252189_Cheer.WAV,0.0,3.0,False,False,False,False,True,False,False,False,False,False,False
/home/Shelby/blackbird_calls/Experiments/Detection_of_calls/Datasets/All_call_classes/Split_data_controlled/OpenSoundScape/Call_audios/padded_3s/SL22_Trial_1_trim_26.99418943_27.1001692_Check.WAV,0.0,3.0,False,False,False,True,False,False,False,False,False,False,False
/home/Shelby/blackbird_calls/Experiments/Detection_of_calls/Datasets/All_call_classes/Split_data_controlled/OpenSoundScape/Call_audios/padded_3s/SL17a_Trial_2_trim_39.73637497_40.70245186_Chits.WAV,0.0,3.0,False,False,False,False,False,True,False,False,False,False,False
/home/Shelby/blackbird_calls/Experiments/Detection_of_calls/Datasets/All_call_classes/Split_data_controlled/OpenSoundScape/Call_audios/padded_3s/SL17b_Trial_1_trim_4.701923436_4.787317884_Check.WAV,0.0,3.0,False,False,False,True,False,False,False,False,False,False,False
/home/Shelby/blackbird_calls/Experiments/Detection_of_calls/Datasets/All_call_classes/Split_data_controlled/OpenSoundScape/Call_audios/padded_3s/AZ13_Trial_1_trim_25.37170161_25.46512106_Check.WAV,0.0,3.0,False,False,False,True,False,False,False,False,False,False,False
/home/Shelby/blackbird_calls/Experiments/Detection_of_calls/Datasets/All_call_classes/Split_data_controlled/OpenSoundScape/Call_audios/padded_3s/SL21_Trial_1_trim_5.877358573_6.519274489_K.WAV,0.0,3.0,False,False,False,False,False,False,False,False,False,False,True
/home/Shelby/blackbird_calls/Experiments/Detection_of_calls/Datasets/All_call_classes/Split_data_controlled/OpenSoundScape/Call_audios/padded_3s/SL42_Trial_1_trim_13.19028506_13.28819213_Check.WAV,0.0,3.0,False,False,False,True,False,False,False,False,False,False,False
/home/Shelby/blackbird_calls/Experiments/Detection_of_calls/Datasets/All_call_classes/Split_data_controlled/OpenSoundScape/Call_audios/padded_3s/AZ13_Trial_1_trim_59.60066319_59.65575671_Check.WAV,0.0,3.0,False,False,False,True,False,False,False,False,False,False,False
/home/Shelby/blackbird_calls/Experiments/Detection_of_calls/Datasets/All_call_classes/Split_data_controlled/OpenSoundScape/Call_audios/padded_3s/SL52_Trial_3_trim_43.13396026_43.25472338_Check.WAV,0.0,3.0,False,False,False,True,False,False,False,False,False,False,False
/home/Shelby/blackbird_calls/Experiments/Detection_of_calls/Datasets/All_call_classes/Split_data_controlled/OpenSoundScape/Call_audios/padded_3s/SL07_Trial_1_trim_59.89781641_60.03193592_D.WAV,0.0,3.0,False,False,False,False,False,False,True,False,False,False,False
/home/Shelby/blackbird_calls/Experiments/Detection_of_calls/Datasets/All_call_classes/Split_data_controlled/OpenSoundScape/Call_audios/padded_3s/SL56_Trial_3_trim_4.275282366_4.487279839_Check.WAV,0.0,3.0,False,False,False,True,False,False,False,False,False,False,False
/home/Shelby/blackbird_calls/Experiments/Detection_of_calls/Datasets/All_call_classes/Split_data_controlled/OpenSoundScape/Call_audios/padded_3s/SL02_Trial_1_trim_46.46853808_46.55476152_Check.WAV,0.0,3.0,False,False,False,True,False,False,False,False,False,False,False
/home/Shelby/blackbird_calls/Experiments/Detection_of_calls/Datasets/All_call_classes/Split_data_controlled/OpenSoundScape/Call_audios/padded_3s/SL56_Trial_2_trim_2.199804006_2.302873805_Check.WAV,0.0,3.0,False,False,False,True,False,False,False,False,False,False,False
/home/Shelby/blackbird_calls/Experiments/Detection_of_calls/Datasets/All_call_classes/Split_data_controlled/OpenSoundScape/Call_audios/padded_3s/SL07_Trial_3_trim_14.08628099_14.20842167_D.WAV,0.0,3.0,False,False,False,False,False,False,True,False,False,False,False
/home/Shelby/blackbird_calls/Experiments/Detection_of_calls/Datasets/All_call_classes/Split_data_controlled/OpenSoundScape/Call_audios/padded_3s/AZ13_Trial_1_trim_16.94789884_17.02694606_Check.WAV,0.0,3.0,False,False,False,True,False,False,False,False,False,False,False
/home/Shelby/blackbird_calls/Experiments/Detection_of_calls/Datasets/All_call_classes/Split_data_controlled/OpenSoundScape/Call_audios/padded_3s/SL52_Trial_3_trim_9.296449749_9.687888819_Cheer.WAV,0.0,3.0,False,False,False,False,True,False,False,False,False,False,False
/home/Shelby/blackbird_calls/Experiments/Detection_of_calls/Datasets/All_call_classes/Split_data_controlled/OpenSoundScape/Call_audios/padded_3s/AZ13_Trial_1_trim_13.50827574_13.60169519_Check.WAV,0.0,3.0,False,False,False,True,False,False,False,False,False,False,False
/home/Shelby/blackbird_calls/Experiments/Detection_of_calls/Datasets/All_call_classes/Split_data_controlled/OpenSoundScape/Call_audios/padded_3s/AZ15_Trial_1_trim_39.86738676_39.9679732_Check.WAV,0.0,3.0,False,False,False,True,False,False,False,False,False,False,False
/home/Shelby/blackbird_calls/Experiments/Detection_of_calls/Datasets/All_call_classes/Split_data_controlled/OpenSoundScape/Call_audios/padded_3s/SL22_Trial_1_trim_2.552346233_2.996872508_Cheer.WAV,0.0,3.0,False,False,False,False,True,False,False,False,False,False,False
/home/Shelby/blackbird_calls/Experiments/Detection_of_calls/Datasets/All_call_classes/Split_data_controlled/OpenSoundScape/Call_audios/padded_3s/SL22_Trial_1_trim_0.097148126_0.185464605_C.WAV,0.0,3.0,False,False,True,False,False,False,False,False,False,False,False
/home/Shelby/blackbird_calls/Experiments/Detection_of_calls/Datasets/All_call_classes/Split_data_controlled/OpenSoundScape/Call_audios/padded_3s/SL43_Trial_2_trim_25.46660642_25.66231648_Check.WAV,0.0,3.0,False,False,False,True,False,False,False,False,False,False,False
/home/Shelby/blackbird_calls/Experiments/Detection_of_calls/Datasets/All_call_classes/Split_data_controlled/OpenSoundScape/Call_audios/padded_3s/SL22_Trial_1_trim_16.98313733_17.07734157_Check.WAV,0.0,3.0,False,False,False,True,False,False,False,False,False,False,False
/home/Shelby/blackbird_calls/Experiments/Detection_of_calls/Datasets/All_call_classes/Split_data_controlled/OpenSoundScape/Call_audios/padded_3s/AZ13_Trial_2_trim_57.45559765_57.54899972_Check.WAV,0.0,3.0,False,False,False,True,False,False,False,False,False,False,False
/home/Shelby/blackbird_calls/Experiments/Detection_of_calls/Datasets/All_call_classes/Split_data_controlled/OpenSoundScape/Call_audios/padded_3s/SL52_Trial_3_trim_31.15712562_31.26539601_Check.WAV,0.0,3.0,False,False,False,True,False,False,False,False,False,False,False
/home/Shelby/blackbird_calls/Experiments/Detection_of_calls/Datasets/All_call_classes/Split_data_controlled/OpenSoundScape/Call_audios/padded_3s/SL07_Trial_3_trim_17.63997858_17.73577519_D.WAV,0.0,3.0,False,False,False,False,False,False,True,False,False,False,False
/home/Shelby/blackbird_calls/Experiments/Detection_of_calls/Datasets/All_call_classes/Split_data_controlled/OpenSoundScape/Call_audios/padded_3s/SL50_Trial_3_trim_30.66475323_30.79729615_Check.WAV,0.0,3.0,False,False,False,True,False,False,False,False,False,False,False
/home/Shelby/blackbird_calls/Experiments/Detection_of_calls/Datasets/All_call_classes/Split_data_controlled/OpenSoundScape/Call_audios/padded_3s/SL21_Trial_2_trim_48.15181893_48.39367369_Check.WAV,0.0,3.0,False,False,False,True,False,False,False,False,False,False,False
/home/Shelby/blackbird_calls/Experiments/Detection_of_calls/Datasets/All_call_classes/Split_data_controlled/OpenSoundScape/Call_audios/padded_3s/SL09_Trial_2_trim_48.63791937_48.74785153_Check.WAV,0.0,3.0,False,False,False,True,False,False,False,False,False,False,False
/home/Shelby/blackbird_calls/Experiments/Detection_of_calls/Datasets/All_call_classes/Split_data_controlled/OpenSoundScape/Call_audios/padded_3s/AZ13_Trial_1_trim_12.23393685_12.33214704_Check.WAV,0.0,3.0,False,False,False,True,False,False,False,False,False,False,False
/home/Shelby/blackbird_calls/Experiments/Detection_of_calls/Datasets/All_call_classes/Split_data_controlled/OpenSoundScape/Call_audios/padded_3s/SL42_Trial_1_trim_13.66732167_13.77147813_Check.WAV,0.0,3.0,False,False,False,True,False,False,False,False,False,False,False
/home/Shelby/blackbird_calls/Experiments/Detection_of_calls/Datasets/All_call_classes/Split_data_controlled/OpenSoundScape/Call_audios/padded_3s/EF01_Trial_3_trim_18.83241352_19.1091934_O.WAV,0.0,3.0,False,False,False,False,False,False,False,True,False,False,False
/home/Shelby/blackbird_calls/Experiments/Detection_of_calls/Datasets/All_call_classes/Split_data_controlled/OpenSoundScape/Call_audios/padded_3s/SL17a_Trial_3_trim_61.07173356_61.17375214_Chits.WAV,0.0,3.0,False,False,False,False,False,True,False,False,False,False,False
/home/Shelby/blackbird_calls/Experiments/Detection_of_calls/Datasets/All_call_classes/Split_data_controlled/OpenSoundScape/Call_audios/padded_3s/AZ15_Trial_1_trim_36.73756876_36.87647384_M.WAV,0.0,3.0,True,False,False,False,False,False,False,False,False,False,False
/home/Shelby/blackbird_calls/Experiments/Detection_of_calls/Datasets/All_call_classes/Split_data_controlled/OpenSoundScape/Call_audios/padded_3s/AZ13_Trial_1_trim_19.47321359_19.54267933_Check.WAV,0.0,3.0,False,False,False,True,False,False,False,False,False,False,False
/home/Shelby/blackbird_calls/Experiments/Detection_of_calls/Datasets/All_call_classes/Split_data_controlled/OpenSoundScape/Call_audios/padded_3s/SL21_Trial_2_trim_53.46428546_54.30799925_K.WAV,0.0,3.0,False,False,False,False,False,False,False,False,False,False,True
/home/Shelby/blackbird_calls/Experiments/Detection_of_calls/Datasets/All_call_classes/Split_data_controlled/OpenSoundScape/Call_audios/padded_3s/SL52_Trial_1_trim_28.72113072_28.80024717_Check.WAV,0.0,3.0,False,False,False,True,False,False,False,False,False,False,False
/home/Shelby/blackbird_calls/Experiments/Detection_of_calls/Datasets/All_call_classes/Split_data_controlled/OpenSoundScape/Call_audios/padded_3s/SL42_Trial_1_trim_2.169069303_2.600277068_Cheer.WAV,0.0,3.0,False,False,False,False,True,False,False,False,False,False,False
/home/Shelby/blackbird_calls/Experiments/Detection_of_calls/Datasets/All_call_classes/Split_data_controlled/OpenSoundScape/Call_audios/padded_3s/AZ02_Trial_2_trim_70.48156896_70.62383559_Check.WAV,0.0,3.0,False,False,False,True,False,False,False,False,False,False,False
/home/Shelby/blackbird_calls/Experiments/Detection_of_calls/Datasets/All_call_classes/Split_data_controlled/OpenSoundScape/Call_audios/padded_3s/RC02_Trial_1_trim_21.85016277_21.93877464_Check.WAV,0.0,3.0,False,False,False,True,False,False,False,False,False,False,False
/home/Shelby/blackbird_calls/Experiments/Detection_of_calls/Datasets/All_call_classes/Split_data_controlled/OpenSoundScape/Call_audios/padded_3s/SL17a_Trial_3_trim_9.991042345_10.1409472_J.WAV,0.0,3.0,False,False,False,False,False,False,False,False,False,True,False
/home/Shelby/blackbird_calls/Experiments/Detection_of_calls/Datasets/All_call_classes/Split_data_controlled/OpenSoundScape/Call_audios/padded_3s/AZ13_Trial_1_trim_15.79093495_15.86998217_Check.WAV,0.0,3.0,False,False,False,True,False,False,False,False,False,False,False
/home/Shelby/blackbird_calls/Experiments/Detection_of_calls/Datasets/All_call_classes/Split_data_controlled/OpenSoundScape/Call_audios/padded_3s/SL02_Trial_3_trim_30.30825057_30.45913197_I.WAV,0.0,3.0,False,False,False,False,False,False,True,False,False,False,False
/home/Shelby/blackbird_calls/Experiments/Detection_of_calls/Datasets/All_call_classes/Split_data_controlled/OpenSoundScape/Call_audios/padded_3s/AZ13_Trial_1_trim_33.27070972_33.35454768_Check.WAV,0.0,3.0,False,False,False,True,False,False,False,False,False,False,False
/home/Shelby/blackbird_calls/Experiments/Detection_of_calls/Datasets/All_call_classes/Split_data_controlled/OpenSoundScape/Call_audios/padded_3s/EF01_Trial_2_trim_34.01432143_34.10176686_Check.WAV,0.0,3.0,False,False,False,True,False,False,False,False,False,False,False
/home/Shelby/blackbird_calls/Experiments/Detection_of_calls/Datasets/All_call_classes/Split_data_controlled/OpenSoundScape/Call_audios/padded_3s/SL30_Trial_3_trim_53.22746453_53.90671136_Cheer.WAV,0.0,3.0,False,False,False,False,True,False,False,False,False,False,False
/home/Shelby/blackbird_calls/Experiments/Detection_of_calls/Datasets/All_call_classes/Split_data_controlled/OpenSoundScape/Call_audios/padded_3s/SL30_Trial_2_trim_14.16631328_14.2414301_Check.WAV,0.0,3.0,False,False,False,True,False,False,False,False,False,False,False
/home/Shelby/blackbird_calls/Experiments/Detection_of_calls/Datasets/All_call_classes/Split_data_controlled/OpenSoundScape/Call_audios/padded_3s/SL50_Trial_1_trim_17.98357439_18.45412314_Cheer.WAV,0.0,3.0,False,False,False,False,True,False,False,False,False,False,False
/home/Shelby/blackbird_calls/Experiments/Detection_of_calls/Datasets/All_call_classes/Split_data_controlled/OpenSoundScape/Call_audios/padded_3s/SL17a_Trial_2_trim_59.82021637_59.88267823_E.WAV,0.0,3.0,False,False,False,False,False,False,False,True,False,False,False
/home/Shelby/blackbird_calls/Experiments/Detection_of_calls/Datasets/All_call_classes/Split_data_controlled/OpenSoundScape/Call_audios/padded_3s/AZ13_Trial_1_trim_17.98146323_18.06051045_Check.WAV,0.0,3.0,False,False,False,True,False,False,False,False,False,False,False
/home/Shelby/blackbird_calls/Experiments/Detection_of_calls/Datasets/All_call_classes/Split_data_controlled/OpenSoundScape/Call_audios/padded_3s/AZ13_Trial_2_trim_52.01735886_52.108366_Check.WAV,0.0,3.0,False,False,False,True,False,False,False,False,False,False,False
/home/Shelby/blackbird_calls/Experiments/Detection_of_calls/Datasets/All_call_classes/Split_data_controlled/OpenSoundScape/Call_audios/padded_3s/SL50_Trial_3_trim_8.533516583_8.674895695_Check.WAV,0.0,3.0,False,False,False,True,False,False,False,False,False,False,False
/home/Shelby/blackbird_calls/Experiments/Detection_of_calls/Datasets/All_call_classes/Split_data_controlled/OpenSoundScape/Call_audios/padded_3s/AZ02_Trial_2_trim_79.99310963_80.09811595_Check.WAV,0.0,3.0,False,False,False,True,False,False,False,False,False,False,False
/home/Shelby/blackbird_calls/Experiments/Detection_of_calls/Datasets/All_call_classes/Split_data_controlled/OpenSoundScape/Call_audios/padded_3s/AZ13_Trial_3_trim_34.78708345_34.85653618_Check.WAV,0.0,3.0,False,False,False,True,False,False,False,False,False,False,False
/home/Shelby/blackbird_calls/Experiments/Detection_of_calls/Datasets/All_call_classes/Split_data_controlled/OpenSoundScape/Call_audios/padded_3s/SL22_Trial_2_trim_37.89401686_38.0064455_Check.WAV,0.0,3.0,False,False,False,True,False,False,False,False,False,False,False
/home/Shelby/blackbird_calls/Experiments/Detection_of_calls/Datasets/All_call_classes/Split_data_controlled/OpenSoundScape/Call_audios/padded_3s/SL22_Trial_1_trim_34.14967539_34.22621633_Check.WAV,0.0,3.0,False,False,False,True,False,False,False,False,False,False,False
/home/Shelby/blackbird_calls/Experiments/Detection_of_calls/Datasets/All_call_classes/Split_data_controlled/OpenSoundScape/Call_audios/padded_3s/SL52_Trial_1_trim_17.65708559_17.76951423_Check.WAV,0.0,3.0,False,False,False,True,False,False,False,False,False,False,False
/home/Shelby/blackbird_calls/Experiments/Detection_of_calls/Datasets/All_call_classes/Split_data_controlled/OpenSoundScape/Call_audios/padded_3s/SL50_Trial_3_trim_58.68793576_58.81753328_Check.WAV,0.0,3.0,False,False,False,True,False,False,False,False,False,False,False
/home/Shelby/blackbird_calls/Experiments/Detection_of_calls/Datasets/All_call_classes/Split_data_controlled/OpenSoundScape/Call_audios/padded_3s/RC02_Trial_1_trim_10.70751705_10.78654925_Check.WAV,0.0,3.0,False,False,False,True,False,False,False,False,False,False,False
/home/Shelby/blackbird_calls/Experiments/Detection_of_calls/Datasets/All_call_classes/Split_data_controlled/OpenSoundScape/Call_audios/padded_3s/SL42_Trial_1_trim_48.21907896_48.28365597_Check.WAV,0.0,3.0,False,False,False,True,False,False,False,False,False,False,False
/home/Shelby/blackbird_calls/Experiments/Detection_of_calls/Datasets/All_call_classes/Split_data_controlled/OpenSoundScape/Call_audios/padded_3s/RC02_Trial_3_trim_55.55271323_55.76948356_Chits.WAV,0.0,3.0,False,False,False,False,False,True,False,False,False,False,False
/home/Shelby/blackbird_calls/Experiments/Detection_of_calls/Datasets/All_call_classes/Split_data_controlled/OpenSoundScape/Call_audios/padded_3s/AZ02_Trial_3_trim_41.02276847_41.20958289_Check.WAV,0.0,3.0,False,False,False,True,False,False,False,False,False,False,False
/home/Shelby/blackbird_calls/Experiments/Detection_of_calls/Datasets/All_call_classes/Split_data_controlled/OpenSoundScape/Call_audios/padded_3s/SL10_Trial_3_trim_33.43631546_34.0302969_Cheer.WAV,0.0,3.0,False,False,False,False,True,False,False,False,False,False,False
/home/Shelby/blackbird_calls/Experiments/Detection_of_calls/Datasets/All_call_classes/Split_data_controlled/OpenSoundScape/Call_audios/padded_3s/AZ15_Trial_3_trim_47.27385255_47.37204408_Check.WAV,0.0,3.0,False,False,False,True,False,False,False,False,False,False,False
/home/Shelby/blackbird_calls/Experiments/Detection_of_calls/Datasets/All_call_classes/Split_data_controlled/OpenSoundScape/Call_audios/padded_3s/SL21_Trial_1_trim_46.80989546_47.13674256_D.WAV,0.0,3.0,False,False,False,False,False,False,True,False,False,False,False
/home/Shelby/blackbird_calls/Experiments/Detection_of_calls/Datasets/All_call_classes/Split_data_controlled/OpenSoundScape/Call_audios/padded_3s/AZ13_Trial_1_trim_28.99705786_29.09047731_Check.WAV,0.0,3.0,False,False,False,True,False,False,False,False,False,False,False
/home/Shelby/blackbird_calls/Experiments/Detection_of_calls/Datasets/All_call_classes/Split_data_controlled/OpenSoundScape/Call_audios/padded_3s/SL42_Trial_1_trim_20.18995355_20.23994865_Check.WAV,0.0,3.0,False,False,False,True,False,False,False,False,False,False,False
/home/Shelby/blackbird_calls/Experiments/Detection_of_calls/Datasets/All_call_classes/Split_data_controlled/OpenSoundScape/Call_audios/padded_3s/AZ13_Trial_1_trim_7.881545059_7.953406169_Check.WAV,0.0,3.0,False,False,False,True,False,False,False,False,False,False,False
/home/Shelby/blackbird_calls/Experiments/Detection_of_calls/Datasets/All_call_classes/Split_data_controlled/OpenSoundScape/Call_audios/padded_3s/SL54_Trial_2_trim_10.91898706_11.04266079_Check.WAV,0.0,3.0,False,False,False,True,False,False,False,False,False,False,False
/home/Shelby/blackbird_calls/Experiments/Detection_of_calls/Datasets/All_call_classes/Split_data_controlled/OpenSoundScape/Call_audios/padded_3s/AZ13_Trial_1_trim_0.191629629_0.287444443_Check.WAV,0.0,3.0,False,False,False,True,False,False,False,False,False,False,False
/home/Shelby/blackbird_calls/Experiments/Detection_of_calls/Datasets/All_call_classes/Split_data_controlled/OpenSoundScape/Call_audios/padded_3s/SL22_Trial_1_trim_31.82121615_32.33639561_Cheer.WAV,0.0,3.0,False,False,False,False,True,False,False,False,False,False,False
/home/Shelby/blackbird_calls/Experiments/Detection_of_calls/Datasets/All_call_classes/Split_data_controlled/OpenSoundScape/Call_audios/padded_3s/SL50_Trial_3_trim_54.2776783_54.5928359_K.WAV,0.0,3.0,False,False,False,False,False,False,False,False,False,False,True
/home/Shelby/blackbird_calls/Experiments/Detection_of_calls/Datasets/All_call_classes/Split_data_controlled/OpenSoundScape/Call_audios/padded_3s/SL22_Trial_1_trim_53.81729831_53.89383925_C.WAV,0.0,3.0,False,False,True,False,False,False,False,False,False,False,False
/home/Shelby/blackbird_calls/Experiments/Detection_of_calls/Datasets/All_call_classes/Split_data_controlled/OpenSoundScape/Call_audios/padded_3s/SL10_Trial_3_trim_30.57658223_31.20888505_Cheer.WAV,0.0,3.0,False,False,False,False,True,False,False,False,False,False,False
/home/Shelby/blackbird_calls/Experiments/Detection_of_calls/Datasets/All_call_classes/Split_data_controlled/OpenSoundScape/Call_audios/padded_3s/SL51_Trial_3_trim_19.82941402_19.93246835_Check.WAV,0.0,3.0,False,False,False,True,False,False,False,False,False,False,False
/home/Shelby/blackbird_calls/Experiments/Detection_of_calls/Datasets/All_call_classes/Split_data_controlled/OpenSoundScape/Call_audios/padded_3s/SL28_Trial_3_trim_15.83705157_15.92449794_Check.WAV,0.0,3.0,False,False,False,True,False,False,False,False,False,False,False
/home/Shelby/blackbird_calls/Experiments/Detection_of_calls/Datasets/All_call_classes/Split_data_controlled/OpenSoundScape/Call_audios/padded_3s/SL17a_Trial_1_trim_54.78510261_54.8498804_Check.WAV,0.0,3.0,False,False,False,True,False,False,False,False,False,False,False
/home/Shelby/blackbird_calls/Experiments/Detection_of_calls/Datasets/All_call_classes/Split_data_controlled/OpenSoundScape/Call_audios/padded_3s/RC02_Trial_1_trim_56.63246813_56.71150033_Check.WAV,0.0,3.0,False,False,False,True,False,False,False,False,False,False,False
/home/Shelby/blackbird_calls/Experiments/Detection_of_calls/Datasets/All_call_classes/Split_data_controlled/OpenSoundScape/Call_audios/padded_3s/SL02_Trial_3_trim_39.27170188_39.35552487_Check.WAV,0.0,3.0,False,False,False,True,False,False,False,False,False,False,False
/home/Shelby/blackbird_calls/Experiments/Detection_of_calls/Datasets/All_call_classes/Split_data_controlled/OpenSoundScape/Call_audios/padded_3s/SL42_Trial_3_trim_32.46343379_32.54883623_Check.WAV,0.0,3.0,False,False,False,True,False,False,False,False,False,False,False
/home/Shelby/blackbird_calls/Experiments/Detection_of_calls/Datasets/All_call_classes/Split_data_controlled/OpenSoundScape/Call_audios/padded_3s/SL42_Trial_2_trim_57.74109565_58.20748923_Chits.WAV,0.0,3.0,False,False,False,False,False,True,False,False,False,False,False
/home/Shelby/blackbird_calls/Experiments/Detection_of_calls/Datasets/All_call_classes/Split_data_controlled/OpenSoundScape/Call_audios/padded_3s/SL16_Trial_3_trim_16.19466266_17.09619475_Chits.WAV,0.0,3.0,False,False,False,False,False,True,False,False,False,False,False
/home/Shelby/blackbird_calls/Experiments/Detection_of_calls/Datasets/All_call_classes/Split_data_controlled/OpenSoundScape/Call_audios/padded_3s/SL38_Trial_1_trim_21.66769172_22.29246703_Cheer.WAV,0.0,3.0,False,False,False,False,True,False,False,False,False,False,False
/home/Shelby/blackbird_calls/Experiments/Detection_of_calls/Datasets/All_call_classes/Split_data_controlled/OpenSoundScape/Call_audios/padded_3s/AZ13_Trial_3_trim_43.1445411_43.22596844_Check.WAV,0.0,3.0,False,False,False,True,False,False,False,False,False,False,False
/home/Shelby/blackbird_calls/Experiments/Detection_of_calls/Datasets/All_call_classes/Split_data_controlled/OpenSoundScape/Call_audios/padded_3s/SL22_Trial_1_trim_20.17163567_20.26289603_Check.WAV,0.0,3.0,False,False,False,True,False,False,False,False,False,False,False
/home/Shelby/blackbird_calls/Experiments/Detection_of_calls/Datasets/All_call_classes/Split_data_controlled/OpenSoundScape/Call_audios/padded_3s/SL22_Trial_1_trim_22.15049983_22.70983752_Cheer.WAV,0.0,3.0,False,False,False,False,True,False,False,False,False,False,False
/home/Shelby/blackbird_calls/Experiments/Detection_of_calls/Datasets/All_call_classes/Split_data_controlled/OpenSoundScape/Call_audios/padded_3s/SL51_Trial_3_trim_2.334916609_2.417360071_Check.WAV,0.0,3.0,False,False,False,True,False,False,False,False,False,False,False
/home/Shelby/blackbird_calls/Experiments/Detection_of_calls/Datasets/All_call_classes/Split_data_controlled/OpenSoundScape/Call_audios/padded_3s/SL22_Trial_1_trim_27.71249679_27.82142044_Check.WAV,0.0,3.0,False,False,False,True,False,False,False,False,False,False,False
/home/Shelby/blackbird_calls/Experiments/Detection_of_calls/Datasets/All_call_classes/Split_data_controlled/OpenSoundScape/Call_audios/padded_3s/AZ08_Trial_1_trim_4.230784212_4.735445853_Cheer.WAV,0.0,3.0,False,False,False,False,True,False,False,False,False,False,False
/home/Shelby/blackbird_calls/Experiments/Detection_of_calls/Datasets/All_call_classes/Split_data_controlled/OpenSoundScape/Call_audios/padded_3s/SL07_Trial_1_trim_55.24866345_55.79951145_Cheer.WAV,0.0,3.0,False,False,False,False,True,False,False,False,False,False,False
/home/Shelby/blackbird_calls/Experiments/Detection_of_calls/Datasets/All_call_classes/Split_data_controlled/OpenSoundScape/Call_audios/padded_3s/AZ13_Trial_1_trim_31.91616457_32.00958401_Check.WAV,0.0,3.0,False,False,False,True,False,False,False,False,False,False,False
/home/Shelby/blackbird_calls/Experiments/Detection_of_calls/Datasets/All_call_classes/Split_data_controlled/OpenSoundScape/Call_audios/padded_3s/SL54_Trial_3_trim_34.8972913_35.02231887_Check.WAV,0.0,3.0,False,False,False,True,False,False,False,False,False,False,False
/home/Shelby/blackbird_calls/Experiments/Detection_of_calls/Datasets/All_call_classes/Split_data_controlled/OpenSoundScape/Call_audios/padded_3s/SL12_Trial_1_trim_37.257447_37.34212274_Check.WAV,0.0,3.0,False,False,False,True,False,False,False,False,False,False,False
/home/Shelby/blackbird_calls/Experiments/Detection_of_calls/Datasets/All_call_classes/Split_data_controlled/OpenSoundScape/Call_audios/padded_3s/SL07_Trial_3_trim_22.31967213_22.47534163_Check.WAV,0.0,3.0,False,False,False,True,False,False,False,False,False,False,False
/home/Shelby/blackbird_calls/Experiments/Detection_of_calls/Datasets/All_call_classes/Split_data_controlled/OpenSoundScape/Call_audios/padded_3s/SL17a_Trial_2_trim_13.0282602_13.11154269_E.WAV,0.0,3.0,False,False,False,False,False,False,False,True,False,False,False
/home/Shelby/blackbird_calls/Experiments/Detection_of_calls/Datasets/All_call_classes/Split_data_controlled/OpenSoundScape/Call_audios/padded_3s/EF04_Trial_2_trim_9.94821299_10.0583791_Check.WAV,0.0,3.0,False,False,False,True,False,False,False,False,False,False,False
/home/Shelby/blackbird_calls/Experiments/Detection_of_calls/Datasets/All_call_classes/Split_data_controlled/OpenSoundScape/Call_audios/padded_3s/SL22_Trial_1_trim_28.57915289_28.6615816_Check.WAV,0.0,3.0,False,False,False,True,False,False,False,False,False,False,False
/home/Shelby/blackbird_calls/Experiments/Detection_of_calls/Datasets/All_call_classes/Split_data_controlled/OpenSoundScape/Call_audios/padded_3s/SL22_Trial_1_trim_36.06052754_36.15767566_Check.WAV,0.0,3.0,False,False,False,True,False,False,False,False,False,False,False
/home/Shelby/blackbird_calls/Experiments/Detection_of_calls/Datasets/All_call_classes/Split_data_controlled/OpenSoundScape/Call_audios/padded_3s/SL49_Trial_2_trim_24.9486342_25.03816936_D.WAV,0.0,3.0,False,False,False,False,False,False,True,False,False,False,False
/home/Shelby/blackbird_calls/Experiments/Detection_of_calls/Datasets/All_call_classes/Split_data_controlled/OpenSoundScape/Call_audios/padded_3s/SL54_Trial_2_trim_5.475339958_5.599013686_Check.WAV,0.0,3.0,False,False,False,True,False,False,False,False,False,False,False
/home/Shelby/blackbird_calls/Experiments/Detection_of_calls/Datasets/All_call_classes/Split_data_controlled/OpenSoundScape/Call_audios/padded_3s/AZ08_Trial_1_trim_50.09319987_50.18803561_C.WAV,0.0,3.0,False,False,True,False,False,False,False,False,False,False,False
/home/Shelby/blackbird_calls/Experiments/Detection_of_calls/Datasets/All_call_classes/Split_data_controlled/OpenSoundScape/Call_audios/padded_3s/SL10_Trial_1_trim_38.2249396_38.88599999_Cheer.WAV,0.0,3.0,False,False,False,False,True,False,False,False,False,False,False
/home/Shelby/blackbird_calls/Experiments/Detection_of_calls/Datasets/All_call_classes/Split_data_controlled/OpenSoundScape/Call_audios/padded_3s/SL07_Trial_1_trim_14.18103885_14.30078842_D.WAV,0.0,3.0,False,False,False,False,False,False,True,False,False,False,False
/home/Shelby/blackbird_calls/Experiments/Detection_of_calls/Datasets/All_call_classes/Split_data_controlled/OpenSoundScape/Call_audios/padded_3s/SL52_Trial_1_trim_17.80282642_17.94440322_Check.WAV,0.0,3.0,False,False,False,True,False,False,False,False,False,False,False
/home/Shelby/blackbird_calls/Experiments/Detection_of_calls/Datasets/All_call_classes/Split_data_controlled/OpenSoundScape/Call_audios/padded_3s/SL50_Trial_3_trim_44.37518769_44.50183981_Check.WAV,0.0,3.0,False,False,False,True,False,False,False,False,False,False,False
/home/Shelby/blackbird_calls/Experiments/Detection_of_calls/Datasets/All_call_classes/Split_data_controlled/OpenSoundScape/Call_audios/padded_3s/SL13_Trial_2_trim_47.89130346_48.00676228_Check.WAV,0.0,3.0,False,False,False,True,False,False,False,False,False,False,False
/home/Shelby/blackbird_calls/Experiments/Detection_of_calls/Datasets/All_call_classes/Split_data_controlled/OpenSoundScape/Call_audios/padded_3s/SL02_Trial_3_trim_43.46288412_43.53712734_Check.WAV,0.0,3.0,False,False,False,True,False,False,False,False,False,False,False
/home/Shelby/blackbird_calls/Experiments/Detection_of_calls/Datasets/All_call_classes/Split_data_controlled/OpenSoundScape/Call_audios/padded_3s/AZ15_Trial_1_trim_38.09993925_38.20531553_Check.WAV,0.0,3.0,False,False,False,True,False,False,False,False,False,False,False
/home/Shelby/blackbird_calls/Experiments/Detection_of_calls/Datasets/All_call_classes/Split_data_controlled/OpenSoundScape/Call_audios/padded_3s/SL09_Trial_2_trim_56.6843616_56.79429375_Check.WAV,0.0,3.0,False,False,False,True,False,False,False,False,False,False,False
/home/Shelby/blackbird_calls/Experiments/Detection_of_calls/Datasets/All_call_classes/Split_data_controlled/OpenSoundScape/Call_audios/padded_3s/AZ15_Trial_1_trim_2.356596678_2.45239329_D.WAV,0.0,3.0,False,False,False,False,False,False,True,False,False,False,False
/home/Shelby/blackbird_calls/Experiments/Detection_of_calls/Datasets/All_call_classes/Split_data_controlled/OpenSoundScape/Call_audios/padded_3s/SL50_Trial_1_trim_58.83596348_59.03584259_M.WAV,0.0,3.0,True,False,False,False,False,False,False,False,False,False,False
/home/Shelby/blackbird_calls/Experiments/Detection_of_calls/Datasets/All_call_classes/Split_data_controlled/OpenSoundScape/Call_audios/padded_3s/AZ13_Trial_2_trim_19.39295385_19.47198637_Check.WAV,0.0,3.0,False,False,False,True,False,False,False,False,False,False,False
/home/Shelby/blackbird_calls/Experiments/Detection_of_calls/Datasets/All_call_classes/Split_data_controlled/OpenSoundScape/Call_audios/padded_3s/SL50_Trial_3_trim_29.18722507_29.28442321_Check.WAV,0.0,3.0,False,False,False,True,False,False,False,False,False,False,False
/home/Shelby/blackbird_calls/Experiments/Detection_of_calls/Datasets/All_call_classes/Split_data_controlled/OpenSoundScape/Call_audios/padded_3s/SL22_Trial_1_trim_3.753450342_3.853542351_Check.WAV,0.0,3.0,False,False,False,True,False,False,False,False,False,False,False
/home/Shelby/blackbird_calls/Experiments/Detection_of_calls/Datasets/All_call_classes/Split_data_controlled/OpenSoundScape/Call_audios/padded_3s/SL36_Trial_1_trim_48.47427111_49.01143396_Cheer.WAV,0.0,3.0,False,False,False,False,True,False,False,False,False,False,False
/home/Shelby/blackbird_calls/Experiments/Detection_of_calls/Datasets/All_call_classes/Split_data_controlled/OpenSoundScape/Call_audios/padded_3s/SL50_Trial_3_trim_34.79313748_34.86971783_Check.WAV,0.0,3.0,False,False,False,True,False,False,False,False,False,False,False
/home/Shelby/blackbird_calls/Experiments/Detection_of_calls/Datasets/All_call_classes/Split_data_controlled/OpenSoundScape/Call_audios/padded_3s/AZ15_Trial_3_trim_6.080884835_6.162170957_Check.WAV,0.0,3.0,False,False,False,True,False,False,False,False,False,False,False
/home/Shelby/blackbird_calls/Experiments/Detection_of_calls/Datasets/All_call_classes/Split_data_controlled/OpenSoundScape/Call_audios/padded_3s/SL30_Trial_1_trim_27.99085875_28.08246743_Cheer.WAV,0.0,3.0,False,False,False,False,True,False,False,False,False,False,False
/home/Shelby/blackbird_calls/Experiments/Detection_of_calls/Datasets/All_call_classes/Split_data_controlled/OpenSoundScape/Call_audios/padded_3s/SL42_Trial_1_trim_23.40235871_23.4940164_Check.WAV,0.0,3.0,False,False,False,True,False,False,False,False,False,False,False
/home/Shelby/blackbird_calls/Experiments/Detection_of_calls/Datasets/All_call_classes/Split_data_controlled/OpenSoundScape/Call_audios/padded_3s/AZ02_Trial_3_trim_50.23894948_50.36349243_Check.WAV,0.0,3.0,False,False,False,True,False,False,False,False,False,False,False
/home/Shelby/blackbird_calls/Experiments/Detection_of_calls/Datasets/All_call_classes/Split_data_controlled/OpenSoundScape/Call_audios/padded_3s/SL07_Trial_3_trim_38.45046603_38.56781688_D.WAV,0.0,3.0,False,False,False,False,False,False,True,False,False,False,False
/home/Shelby/blackbird_calls/Experiments/Detection_of_calls/Datasets/All_call_classes/Split_data_controlled/OpenSoundScape/Call_audios/padded_3s/SL11_Trial_1_trim_9.322148178_10.01190817_Cheer.WAV,0.0,3.0,False,False,False,False,True,False,False,False,False,False,False
/home/Shelby/blackbird_calls/Experiments/Detection_of_calls/Datasets/All_call_classes/Split_data_controlled/OpenSoundScape/Call_audios/padded_3s/SL17a_Trial_3_trim_6.773803106_7.654494103_Chits.WAV,0.0,3.0,False,False,False,False,False,True,False,False,False,False,False
/home/Shelby/blackbird_calls/Experiments/Detection_of_calls/Datasets/All_call_classes/Split_data_controlled/OpenSoundScape/Call_audios/padded_3s/SL30_Trial_2_trim_2.306050048_2.390004135_Check.WAV,0.0,3.0,False,False,False,True,False,False,False,False,False,False,False
/home/Shelby/blackbird_calls/Experiments/Detection_of_calls/Datasets/All_call_classes/Split_data_controlled/OpenSoundScape/Call_audios/padded_3s/SL50_Trial_3_trim_43.53428773_43.65504906_Check.WAV,0.0,3.0,False,False,False,True,False,False,False,False,False,False,False
/home/Shelby/blackbird_calls/Experiments/Detection_of_calls/Datasets/All_call_classes/Split_data_controlled/OpenSoundScape/Call_audios/padded_3s/SL54_Trial_3_trim_12.66923215_12.77342179_Check.WAV,0.0,3.0,False,False,False,True,False,False,False,False,False,False,False
/home/Shelby/blackbird_calls/Experiments/Detection_of_calls/Datasets/All_call_classes/Split_data_controlled/OpenSoundScape/Call_audios/padded_3s/SL13_Trial_2_trim_52.99920438_53.12824659_Check.WAV,0.0,3.0,False,False,False,True,False,False,False,False,False,False,False
/home/Shelby/blackbird_calls/Experiments/Detection_of_calls/Datasets/All_call_classes/Split_data_controlled/OpenSoundScape/Call_audios/padded_3s/SL02_Trial_3_trim_7.115121328_7.184574668_Check.WAV,0.0,3.0,False,False,False,True,False,False,False,False,False,False,False
/home/Shelby/blackbird_calls/Experiments/Detection_of_calls/Datasets/All_call_classes/Split_data_controlled/OpenSoundScape/Call_audios/padded_3s/SL12_Trial_1_trim_1.641015884_1.718917567_Check.WAV,0.0,3.0,False,False,False,True,False,False,False,False,False,False,False
/home/Shelby/blackbird_calls/Experiments/Detection_of_calls/Datasets/All_call_classes/Split_data_controlled/OpenSoundScape/Call_audios/padded_3s/SL11_Trial_3_trim_36.65855403_36.80419549_E.WAV,0.0,3.0,False,False,False,False,False,False,False,True,False,False,False
/home/Shelby/blackbird_calls/Experiments/Detection_of_calls/Datasets/All_call_classes/Split_data_controlled/OpenSoundScape/Call_audios/padded_3s/SL07_Trial_1_trim_22.02891408_22.1630336_D.WAV,0.0,3.0,False,False,False,False,False,False,True,False,False,False,False
/home/Shelby/blackbird_calls/Experiments/Detection_of_calls/Datasets/All_call_classes/Split_data_controlled/OpenSoundScape/Call_audios/padded_3s/SL38_Trial_1_trim_51.8663172_52.48067958_Cheer.WAV,0.0,3.0,False,False,False,False,True,False,False,False,False,False,False
/home/Shelby/blackbird_calls/Experiments/Detection_of_calls/Datasets/All_call_classes/Split_data_controlled/OpenSoundScape/Call_audios/padded_3s/SL07_Trial_3_trim_42.43035711_42.50938932_Check.WAV,0.0,3.0,False,False,False,True,False,False,False,False,False,False,False
/home/Shelby/blackbird_calls/Experiments/Detection_of_calls/Datasets/All_call_classes/Split_data_controlled/OpenSoundScape/Call_audios/padded_3s/SL02_Trial_3_trim_19.54465079_19.62847379_Check.WAV,0.0,3.0,False,False,False,True,False,False,False,False,False,False,False
/home/Shelby/blackbird_calls/Experiments/Detection_of_calls/Datasets/All_call_classes/Split_data_controlled/OpenSoundScape/Call_audios/padded_3s/AZ15_Trial_1_trim_40.48527491_40.59065119_Check.WAV,0.0,3.0,False,False,False,True,False,False,False,False,False,False,False
/home/Shelby/blackbird_calls/Experiments/Detection_of_calls/Datasets/All_call_classes/Split_data_controlled/OpenSoundScape/Call_audios/padded_3s/AZ15_Trial_1_trim_26.55599319_26.6517898_D.WAV,0.0,3.0,False,False,False,False,False,False,True,False,False,False,False
/home/Shelby/blackbird_calls/Experiments/Detection_of_calls/Datasets/All_call_classes/Split_data_controlled/OpenSoundScape/Call_audios/padded_3s/SL42_Trial_2_trim_52.35728415_52.41141912_Check.WAV,0.0,3.0,False,False,False,True,False,False,False,False,False,False,False
/home/Shelby/blackbird_calls/Experiments/Detection_of_calls/Datasets/All_call_classes/Split_data_controlled/OpenSoundScape/Call_audios/padded_3s/AZ08_Trial_3_trim_14.89422027_15.00599096_Check.WAV,0.0,3.0,False,False,False,True,False,False,False,False,False,False,False
/home/Shelby/blackbird_calls/Experiments/Detection_of_calls/Datasets/All_call_classes/Split_data_controlled/OpenSoundScape/Call_audios/padded_3s/SL52_Trial_1_trim_6.675625405_6.771397948_Check.WAV,0.0,3.0,False,False,False,True,False,False,False,False,False,False,False
/home/Shelby/blackbird_calls/Experiments/Detection_of_calls/Datasets/All_call_classes/Split_data_controlled/OpenSoundScape/Call_audios/padded_3s/AZ08_Trial_3_trim_33.38656837_33.47124314_Check.WAV,0.0,3.0,False,False,False,True,False,False,False,False,False,False,False
/home/Shelby/blackbird_calls/Experiments/Detection_of_calls/Datasets/All_call_classes/Split_data_controlled/OpenSoundScape/Call_audios/padded_3s/SL54_Trial_2_trim_6.587796248_6.676134626_Check.WAV,0.0,3.0,False,False,False,True,False,False,False,False,False,False,False
/home/Shelby/blackbird_calls/Experiments/Detection_of_calls/Datasets/All_call_classes/Split_data_controlled/OpenSoundScape/Call_audios/padded_3s/SL16_Trial_3_trim_13.26232336_13.34560577_Check.WAV,0.0,3.0,False,False,False,True,False,False,False,False,False,False,False
/home/Shelby/blackbird_calls/Experiments/Detection_of_calls/Datasets/All_call_classes/Split_data_controlled/OpenSoundScape/Call_audios/padded_3s/SL22_Trial_1_trim_48.95273147_49.06754289_Check.WAV,0.0,3.0,False,False,False,True,False,False,False,False,False,False,False
/home/Shelby/blackbird_calls/Experiments/Detection_of_calls/Datasets/All_call_classes/Split_data_controlled/OpenSoundScape/Call_audios/padded_3s/SL49_Trial_2_trim_31.60316332_31.7260139_D.WAV,0.0,3.0,False,False,False,False,False,False,True,False,False,False,False
/home/Shelby/blackbird_calls/Experiments/Detection_of_calls/Datasets/All_call_classes/Split_data_controlled/OpenSoundScape/Call_audios/padded_3s/SL21_Trial_3_trim_18.48666461_19.02903241_K.WAV,0.0,3.0,False,False,False,False,False,False,False,False,False,False,True
/home/Shelby/blackbird_calls/Experiments/Detection_of_calls/Datasets/All_call_classes/Split_data_controlled/OpenSoundScape/Call_audios/padded_3s/EF01_Trial_2_trim_33.81652819_33.89772752_Check.WAV,0.0,3.0,False,False,False,True,False,False,False,False,False,False,False
/home/Shelby/blackbird_calls/Experiments/Detection_of_calls/Datasets/All_call_classes/Split_data_controlled/OpenSoundScape/Call_audios/padded_3s/SL52_Trial_1_trim_23.15336668_23.24913923_Check.WAV,0.0,3.0,False,False,False,True,False,False,False,False,False,False,False
/home/Shelby/blackbird_calls/Experiments/Detection_of_calls/Datasets/All_call_classes/Split_data_controlled/OpenSoundScape/Call_audios/padded_3s/SL43_Trial_2_trim_53.06983473_53.2280684_Check.WAV,0.0,3.0,False,False,False,True,False,False,False,False,False,False,False
/home/Shelby/blackbird_calls/Experiments/Detection_of_calls/Datasets/All_call_classes/Split_data_controlled/OpenSoundScape/Call_audios/padded_3s/AZ13_Trial_1_trim_29.79232082_29.9072986_Check.WAV,0.0,3.0,False,False,False,True,False,False,False,False,False,False,False
/home/Shelby/blackbird_calls/Experiments/Detection_of_calls/Datasets/All_call_classes/Split_data_controlled/OpenSoundScape/Call_audios/padded_3s/AZ15_Trial_3_trim_57.53095279_57.60040533_Check.WAV,0.0,3.0,False,False,False,True,False,False,False,False,False,False,False
/home/Shelby/blackbird_calls/Experiments/Detection_of_calls/Datasets/All_call_classes/Split_data_controlled/OpenSoundScape/Call_audios/padded_3s/SL42_Trial_1_trim_6.579585736_6.677492814_Check.WAV,0.0,3.0,False,False,False,True,False,False,False,False,False,False,False
/home/Shelby/blackbird_calls/Experiments/Detection_of_calls/Datasets/All_call_classes/Split_data_controlled/OpenSoundScape/Call_audios/padded_3s/SL07_Trial_1_trim_15.02886578_15.14861535_D.WAV,0.0,3.0,False,False,False,False,False,False,True,False,False,False,False
/home/Shelby/blackbird_calls/Experiments/Detection_of_calls/Datasets/All_call_classes/Split_data_controlled/OpenSoundScape/Call_audios/padded_3s/AZ13_Trial_2_trim_42.42907892_42.51050636_Check.WAV,0.0,3.0,False,False,False,True,False,False,False,False,False,False,False
/home/Shelby/blackbird_calls/Experiments/Detection_of_calls/Datasets/All_call_classes/Split_data_controlled/OpenSoundScape/Call_audios/padded_3s/SL30_Trial_1_trim_47.99741362_48.09318634_Check.WAV,0.0,3.0,False,False,False,True,False,False,False,False,False,False,False
/home/Shelby/blackbird_calls/Experiments/Detection_of_calls/Datasets/All_call_classes/Split_data_controlled/OpenSoundScape/Call_audios/padded_3s/SL02_Trial_3_trim_5.817241292_5.889089575_Check.WAV,0.0,3.0,False,False,False,True,False,False,False,False,False,False,False
/home/Shelby/blackbird_calls/Experiments/Detection_of_calls/Datasets/All_call_classes/Split_data_controlled/OpenSoundScape/Call_audios/padded_3s/EF01_Trial_2_trim_39.7861176_39.86315286_Check.WAV,0.0,3.0,False,False,False,True,False,False,False,False,False,False,False
/home/Shelby/blackbird_calls/Experiments/Detection_of_calls/Datasets/All_call_classes/Split_data_controlled/OpenSoundScape/Call_audios/padded_3s/AZ13_Trial_2_trim_33.27505415_33.37324607_Check.WAV,0.0,3.0,False,False,False,True,False,False,False,False,False,False,False
/home/Shelby/blackbird_calls/Experiments/Detection_of_calls/Datasets/All_call_classes/Split_data_controlled/OpenSoundScape/Call_audios/padded_3s/SL52_Trial_1_trim_51.78427896_51.88005151_Check.WAV,0.0,3.0,False,False,False,True,False,False,False,False,False,False,False
/home/Shelby/blackbird_calls/Experiments/Detection_of_calls/Datasets/All_call_classes/Split_data_controlled/OpenSoundScape/Call_audios/padded_3s/SL02_Trial_3_trim_9.026389914_9.093448312_Check.WAV,0.0,3.0,False,False,False,True,False,False,False,False,False,False,False
/home/Shelby/blackbird_calls/Experiments/Detection_of_calls/Datasets/All_call_classes/Split_data_controlled/OpenSoundScape/Call_audios/padded_3s/AZ15_Trial_1_trim_17.47903815_17.5652551_Check.WAV,0.0,3.0,False,False,False,True,False,False,False,False,False,False,False
/home/Shelby/blackbird_calls/Experiments/Detection_of_calls/Datasets/All_call_classes/Split_data_controlled/OpenSoundScape/Call_audios/padded_3s/AZ13_Trial_2_trim_58.94045103_59.01948355_Check.WAV,0.0,3.0,False,False,False,True,False,False,False,False,False,False,False
/home/Shelby/blackbird_calls/Experiments/Detection_of_calls/Datasets/All_call_classes/Split_data_controlled/OpenSoundScape/Call_audios/padded_3s/SL16_Trial_1_trim_41.92547575_42.04522492_Check.WAV,0.0,3.0,False,False,False,True,False,False,False,False,False,False,False
/home/Shelby/blackbird_calls/Experiments/Detection_of_calls/Datasets/All_call_classes/Split_data_controlled/OpenSoundScape/Call_audios/padded_3s/SL42_Trial_1_trim_6.789981796_6.86914071_Check.WAV,0.0,3.0,False,False,False,True,False,False,False,False,False,False,False
/home/Shelby/blackbird_calls/Experiments/Detection_of_calls/Datasets/All_call_classes/Split_data_controlled/OpenSoundScape/Call_audios/padded_3s/SL22_Trial_1_trim_26.34064749_26.43190785_Check.WAV,0.0,3.0,False,False,False,True,False,False,False,False,False,False,False
/home/Shelby/blackbird_calls/Experiments/Detection_of_calls/Datasets/All_call_classes/Split_data_controlled/OpenSoundScape/Call_audios/padded_3s/EF04_Trial_3_trim_32.69846942_33.13499279_G.WAV,0.0,3.0,False,False,False,False,False,False,False,False,True,False,False
/home/Shelby/blackbird_calls/Experiments/Detection_of_calls/Datasets/All_call_classes/Split_data_controlled/OpenSoundScape/Call_audios/padded_3s/EF04_Trial_3_trim_14.79768444_15.47405582_Chits.WAV,0.0,3.0,False,False,False,False,False,True,False,False,False,False,False
/home/Shelby/blackbird_calls/Experiments/Detection_of_calls/Datasets/All_call_classes/Split_data_controlled/OpenSoundScape/Call_audios/padded_3s/SL30_Trial_1_trim_46.50252644_46.59829916_Check.WAV,0.0,3.0,False,False,False,True,False,False,False,False,False,False,False
/home/Shelby/blackbird_calls/Experiments/Detection_of_calls/Datasets/All_call_classes/Split_data_controlled/OpenSoundScape/Call_audios/padded_3s/AZ13_Trial_2_trim_0.996288718_1.08729586_Check.WAV,0.0,3.0,False,False,False,True,False,False,False,False,False,False,False
/home/Shelby/blackbird_calls/Experiments/Detection_of_calls/Datasets/All_call_classes/Split_data_controlled/OpenSoundScape/Call_audios/padded_3s/SL02_Trial_1_trim_54.88369702_54.9483646_Check.WAV,0.0,3.0,False,False,False,True,False,False,False,False,False,False,False
/home/Shelby/blackbird_calls/Experiments/Detection_of_calls/Datasets/All_call_classes/Split_data_controlled/OpenSoundScape/Call_audios/padded_3s/SL50_Trial_3_trim_20.39672925_20.48509119_Check.WAV,0.0,3.0,False,False,False,True,False,False,False,False,False,False,False
/home/Shelby/blackbird_calls/Experiments/Detection_of_calls/Datasets/All_call_classes/Split_data_controlled/OpenSoundScape/Call_audios/padded_3s/SL21_Trial_3_trim_52.54531685_53.17611417_K.WAV,0.0,3.0,False,False,False,False,False,False,False,False,False,False,True
/home/Shelby/blackbird_calls/Experiments/Detection_of_calls/Datasets/All_call_classes/Split_data_controlled/OpenSoundScape/Call_audios/padded_3s/AZ15_Trial_1_trim_7.536867462_7.66619289_Check.WAV,0.0,3.0,False,False,False,True,False,False,False,False,False,False,False
/home/Shelby/blackbird_calls/Experiments/Detection_of_calls/Datasets/All_call_classes/Split_data_controlled/OpenSoundScape/Call_audios/padded_3s/SL11_Trial_1_trim_64.11050361_64.6661436_G.WAV,0.0,3.0,False,False,False,False,False,False,False,False,True,False,False
/home/Shelby/blackbird_calls/Experiments/Detection_of_calls/Datasets/All_call_classes/Split_data_controlled/OpenSoundScape/Call_audios/padded_3s/SL38_Trial_3_trim_28.93838474_29.6129828_Cheer.WAV,0.0,3.0,False,False,False,False,True,False,False,False,False,False,False
/home/Shelby/blackbird_calls/Experiments/Detection_of_calls/Datasets/All_call_classes/Split_data_controlled/OpenSoundScape/Call_audios/padded_3s/SL49_Trial_2_trim_37.09077025_37.16572992_Check.WAV,0.0,3.0,False,False,False,True,False,False,False,False,False,False,False
/home/Shelby/blackbird_calls/Experiments/Detection_of_calls/Datasets/All_call_classes/Split_data_controlled/OpenSoundScape/Call_audios/padded_3s/AZ02_Trial_3_trim_38.18223014_38.30677309_Check.WAV,0.0,3.0,False,False,False,True,False,False,False,False,False,False,False
/home/Shelby/blackbird_calls/Experiments/Detection_of_calls/Datasets/All_call_classes/Split_data_controlled/OpenSoundScape/Call_audios/padded_3s/AZ13_Trial_1_trim_15.31198962_15.38864147_Check.WAV,0.0,3.0,False,False,False,True,False,False,False,False,False,False,False
/home/Shelby/blackbird_calls/Experiments/Detection_of_calls/Datasets/All_call_classes/Split_data_controlled/OpenSoundScape/Call_audios/padded_3s/EF04_Trial_2_trim_1.681230673_1.772237462_Check.WAV,0.0,3.0,False,False,False,True,False,False,False,False,False,False,False
/home/Shelby/blackbird_calls/Experiments/Detection_of_calls/Datasets/All_call_classes/Split_data_controlled/OpenSoundScape/Call_audios/padded_3s/EF01_Trial_2_trim_18.55512999_18.63008322_Check.WAV,0.0,3.0,False,False,False,True,False,False,False,False,False,False,False
/home/Shelby/blackbird_calls/Experiments/Detection_of_calls/Datasets/All_call_classes/Split_data_controlled/OpenSoundScape/Call_audios/padded_3s/SL30_Trial_2_trim_9.203957532_9.262872681_Check.WAV,0.0,3.0,False,False,False,True,False,False,False,False,False,False,False
/home/Shelby/blackbird_calls/Experiments/Detection_of_calls/Datasets/All_call_classes/Split_data_controlled/OpenSoundScape/Call_audios/padded_3s/SL50_Trial_3_trim_51.12142291_51.2515969_Check.WAV,0.0,3.0,False,False,False,True,False,False,False,False,False,False,False
/home/Shelby/blackbird_calls/Experiments/Detection_of_calls/Datasets/All_call_classes/Split_data_controlled/OpenSoundScape/Call_audios/padded_3s/SL17a_Trial_3_trim_28.54495612_28.81145364_Chits.WAV,0.0,3.0,False,False,False,False,False,True,False,False,False,False,False
/home/Shelby/blackbird_calls/Experiments/Detection_of_calls/Datasets/All_call_classes/Split_data_controlled/OpenSoundScape/Call_audios/padded_3s/SL51_Trial_1_trim_10.79548609_11.37848719_Cheer.WAV,0.0,3.0,False,False,False,False,True,False,False,False,False,False,False
/home/Shelby/blackbird_calls/Experiments/Detection_of_calls/Datasets/All_call_classes/Split_data_controlled/OpenSoundScape/Call_audios/padded_3s/EF01_Trial_3_trim_12.72258105_12.95813839_O.WAV,0.0,3.0,False,False,False,False,False,False,False,True,False,False,False
/home/Shelby/blackbird_calls/Experiments/Detection_of_calls/Datasets/All_call_classes/Split_data_controlled/OpenSoundScape/Call_audios/padded_3s/SL50_Trial_1_trim_38.7467332_39.415079_Cheer.WAV,0.0,3.0,False,False,False,False,True,False,False,False,False,False,False
/home/Shelby/blackbird_calls/Experiments/Detection_of_calls/Datasets/All_call_classes/Split_data_controlled/OpenSoundScape/Call_audios/padded_3s/RC02_Trial_1_trim_6.674658582_6.974022997_Chits.WAV,0.0,3.0,False,False,False,False,False,True,False,False,False,False,False
/home/Shelby/blackbird_calls/Experiments/Detection_of_calls/Datasets/All_call_classes/Split_data_controlled/OpenSoundScape/Call_audios/padded_3s/AZ15_Trial_3_trim_44.28690481_44.38509634_C.WAV,0.0,3.0,False,False,True,False,False,False,False,False,False,False,False
/home/Shelby/blackbird_calls/Experiments/Detection_of_calls/Datasets/All_call_classes/Split_data_controlled/OpenSoundScape/Call_audios/padded_3s/SL21_Trial_3_trim_6.763947333_6.878905724_Check.WAV,0.0,3.0,False,False,False,True,False,False,False,False,False,False,False
/home/Shelby/blackbird_calls/Experiments/Detection_of_calls/Datasets/All_call_classes/Split_data_controlled/OpenSoundScape/Call_audios/padded_3s/SL22_Trial_1_trim_47.68097417_47.7781223_Check.WAV,0.0,3.0,False,False,False,True,False,False,False,False,False,False,False
/home/Shelby/blackbird_calls/Experiments/Detection_of_calls/Datasets/All_call_classes/Split_data_controlled/OpenSoundScape/Call_audios/padded_3s/SL07_Trial_3_trim_36.40950759_36.6466042_D.WAV,0.0,3.0,False,False,False,False,False,False,True,False,False,False,False
/home/Shelby/blackbird_calls/Experiments/Detection_of_calls/Datasets/All_call_classes/Split_data_controlled/OpenSoundScape/Call_audios/padded_3s/SL51_Trial_3_trim_56.09910421_56.19626972_Check.WAV,0.0,3.0,False,False,False,True,False,False,False,False,False,False,False
/home/Shelby/blackbird_calls/Experiments/Detection_of_calls/Datasets/All_call_classes/Split_data_controlled/OpenSoundScape/Call_audios/padded_3s/SL50_Trial_3_trim_38.26014587_38.34556241_Check.WAV,0.0,3.0,False,False,False,True,False,False,False,False,False,False,False
/home/Shelby/blackbird_calls/Experiments/Detection_of_calls/Datasets/All_call_classes/Split_data_controlled/OpenSoundScape/Call_audios/padded_3s/SL22_Trial_1_trim_24.12554122_24.21974547_Check.WAV,0.0,3.0,False,False,False,True,False,False,False,False,False,False,False
/home/Shelby/blackbird_calls/Experiments/Detection_of_calls/Datasets/All_call_classes/Split_data_controlled/OpenSoundScape/Call_audios/padded_3s/AZ13_Trial_3_trim_16.21177547_16.30038758_Check.WAV,0.0,3.0,False,False,False,True,False,False,False,False,False,False,False
/home/Shelby/blackbird_calls/Experiments/Detection_of_calls/Datasets/All_call_classes/Split_data_controlled/OpenSoundScape/Call_audios/padded_3s/SL22_Trial_2_trim_24.76877791_24.89369862_Check.WAV,0.0,3.0,False,False,False,True,False,False,False,False,False,False,False
/home/Shelby/blackbird_calls/Experiments/Detection_of_calls/Datasets/All_call_classes/Split_data_controlled/OpenSoundScape/Call_audios/padded_3s/SL09_Trial_1_trim_31.84773938_31.95619716_Check.WAV,0.0,3.0,False,False,False,True,False,False,False,False,False,False,False
/home/Shelby/blackbird_calls/Experiments/Detection_of_calls/Datasets/All_call_classes/Split_data_controlled/OpenSoundScape/Call_audios/padded_3s/AZ13_Trial_1_trim_9.170256083_9.246907934_Check.WAV,0.0,3.0,False,False,False,True,False,False,False,False,False,False,False
/home/Shelby/blackbird_calls/Experiments/Detection_of_calls/Datasets/All_call_classes/Split_data_controlled/OpenSoundScape/Call_audios/padded_3s/SL42_Trial_1_trim_41.10390894_41.19556662_Check.WAV,0.0,3.0,False,False,False,True,False,False,False,False,False,False,False
/home/Shelby/blackbird_calls/Experiments/Detection_of_calls/Datasets/All_call_classes/Split_data_controlled/OpenSoundScape/Call_audios/padded_3s/SL21_Trial_2_trim_19.15332785_19.37016315_Check.WAV,0.0,3.0,False,False,False,True,False,False,False,False,False,False,False
/home/Shelby/blackbird_calls/Experiments/Detection_of_calls/Datasets/All_call_classes/Split_data_controlled/OpenSoundScape/Call_audios/padded_3s/SL17a_Trial_2_trim_41.60987976_41.65776719_E.WAV,0.0,3.0,False,False,False,False,False,False,False,True,False,False,False
/home/Shelby/blackbird_calls/Experiments/Detection_of_calls/Datasets/All_call_classes/Split_data_controlled/OpenSoundScape/Call_audios/padded_3s/SL07_Trial_1_trim_45.91755241_46.03730197_D.WAV,0.0,3.0,False,False,False,False,False,False,True,False,False,False,False
/home/Shelby/blackbird_calls/Experiments/Detection_of_calls/Datasets/All_call_classes/Split_data_controlled/OpenSoundScape/Call_audios/padded_3s/EF01_Trial_3_trim_68.31012806_68.43379566_Check.WAV,0.0,3.0,False,False,False,True,False,False,False,False,False,False,False
/home/Shelby/blackbird_calls/Experiments/Detection_of_calls/Datasets/All_call_classes/Split_data_controlled/OpenSoundScape/Call_audios/padded_3s/SL17a_Trial_2_trim_26.92943605_26.98565173_E.WAV,0.0,3.0,False,False,False,False,False,False,False,True,False,False,False
/home/Shelby/blackbird_calls/Experiments/Detection_of_calls/Datasets/All_call_classes/Split_data_controlled/OpenSoundScape/Call_audios/padded_3s/EF04_Trial_2_trim_17.6414017_17.75635765_Check.WAV,0.0,3.0,False,False,False,True,False,False,False,False,False,False,False
/home/Shelby/blackbird_calls/Experiments/Detection_of_calls/Datasets/All_call_classes/Split_data_controlled/OpenSoundScape/Call_audios/padded_3s/SL51_Trial_2_trim_42.09008409_42.17752858_Check.WAV,0.0,3.0,False,False,False,True,False,False,False,False,False,False,False
/home/Shelby/blackbird_calls/Experiments/Detection_of_calls/Datasets/All_call_classes/Split_data_controlled/OpenSoundScape/Call_audios/padded_3s/SL17b_Trial_2_trim_47.53731796_47.6817153_Check.WAV,0.0,3.0,False,False,False,True,False,False,False,False,False,False,False
/home/Shelby/blackbird_calls/Experiments/Detection_of_calls/Datasets/All_call_classes/Split_data_controlled/OpenSoundScape/Call_audios/padded_3s/SL09_Trial_3_trim_16.9745594_17.10327796_Check.WAV,0.0,3.0,False,False,False,True,False,False,False,False,False,False,False
/home/Shelby/blackbird_calls/Experiments/Detection_of_calls/Datasets/All_call_classes/Split_data_controlled/OpenSoundScape/Call_audios/padded_3s/AZ02_Trial_3_trim_50.4494904_51.22069865_Cheer.WAV,0.0,3.0,False,False,False,False,True,False,False,False,False,False,False
/home/Shelby/blackbird_calls/Experiments/Detection_of_calls/Datasets/All_call_classes/Split_data_controlled/OpenSoundScape/Call_audios/padded_3s/SL38_Trial_3_trim_21.14896566_21.23641356_Check.WAV,0.0,3.0,False,False,False,True,False,False,False,False,False,False,False
/home/Shelby/blackbird_calls/Experiments/Detection_of_calls/Datasets/All_call_classes/Split_data_controlled/OpenSoundScape/Call_audios/padded_3s/SL50_Trial_3_trim_20.21280963_20.29528078_Check.WAV,0.0,3.0,False,False,False,True,False,False,False,False,False,False,False
/home/Shelby/blackbird_calls/Experiments/Detection_of_calls/Datasets/All_call_classes/Split_data_controlled/OpenSoundScape/Call_audios/padded_3s/AZ13_Trial_2_trim_10.37839887_10.46461616_Check.WAV,0.0,3.0,False,False,False,True,False,False,False,False,False,False,False
/home/Shelby/blackbird_calls/Experiments/Detection_of_calls/Datasets/All_call_classes/Split_data_controlled/OpenSoundScape/Call_audios/padded_3s/SL21_Trial_1_trim_45.548588_45.64575876_Check.WAV,0.0,3.0,False,False,False,True,False,False,False,False,False,False,False
/home/Shelby/blackbird_calls/Experiments/Detection_of_calls/Datasets/All_call_classes/Split_data_controlled/OpenSoundScape/Call_audios/padded_3s/SL50_Trial_1_trim_9.020240679_9.220119795_M.WAV,0.0,3.0,True,False,False,False,False,False,False,False,False,False,False
/home/Shelby/blackbird_calls/Experiments/Detection_of_calls/Datasets/All_call_classes/Split_data_controlled/OpenSoundScape/Call_audios/padded_3s/SL36_Trial_3_trim_5.316312783_6.117961811_Cheer.WAV,0.0,3.0,False,False,False,False,True,False,False,False,False,False,False
/home/Shelby/blackbird_calls/Experiments/Detection_of_calls/Datasets/All_call_classes/Split_data_controlled/OpenSoundScape/Call_audios/padded_3s/SL22_Trial_2_trim_7.209084307_7.313184897_Check.WAV,0.0,3.0,False,False,False,True,False,False,False,False,False,False,False
/home/Shelby/blackbird_calls/Experiments/Detection_of_calls/Datasets/All_call_classes/Split_data_controlled/OpenSoundScape/Call_audios/padded_3s/SL09_Trial_1_trim_15.83974005_15.99564811_Check.WAV,0.0,3.0,False,False,False,True,False,False,False,False,False,False,False
/home/Shelby/blackbird_calls/Experiments/Detection_of_calls/Datasets/All_call_classes/Split_data_controlled/OpenSoundScape/Call_audios/padded_3s/SL50_Trial_3_trim_32.6035537_32.85980334_J.WAV,0.0,3.0,False,False,False,False,False,False,False,False,False,True,False
/home/Shelby/blackbird_calls/Experiments/Detection_of_calls/Datasets/All_call_classes/Split_data_controlled/OpenSoundScape/Call_audios/padded_3s/SL38_Trial_1_trim_56.05363876_56.78670846_Cheer.WAV,0.0,3.0,False,False,False,False,True,False,False,False,False,False,False
/home/Shelby/blackbird_calls/Experiments/Detection_of_calls/Datasets/All_call_classes/Split_data_controlled/OpenSoundScape/Call_audios/padded_3s/AZ15_Trial_1_trim_42.08968859_42.19027504_Check.WAV,0.0,3.0,False,False,False,True,False,False,False,False,False,False,False
/home/Shelby/blackbird_calls/Experiments/Detection_of_calls/Datasets/All_call_classes/Split_data_controlled/OpenSoundScape/Call_audios/padded_3s/SL22_Trial_1_trim_19.58962692_19.68971893_C.WAV,0.0,3.0,False,False,True,False,False,False,False,False,False,False,False
/home/Shelby/blackbird_calls/Experiments/Detection_of_calls/Datasets/All_call_classes/Split_data_controlled/OpenSoundScape/Call_audios/padded_3s/SL50_Trial_3_trim_18.30419161_18.39844435_Check.WAV,0.0,3.0,False,False,False,True,False,False,False,False,False,False,False
/home/Shelby/blackbird_calls/Experiments/Detection_of_calls/Datasets/All_call_classes/Split_data_controlled/OpenSoundScape/Call_audios/padded_3s/AZ02_Trial_2_trim_39.23537259_39.72314389_Cheer.WAV,0.0,3.0,False,False,False,False,True,False,False,False,False,False,False
/home/Shelby/blackbird_calls/Experiments/Detection_of_calls/Datasets/All_call_classes/Split_data_controlled/OpenSoundScape/Call_audios/padded_3s/SL17a_Trial_3_trim_44.51619875_44.59323318_Check.WAV,0.0,3.0,False,False,False,True,False,False,False,False,False,False,False
/home/Shelby/blackbird_calls/Experiments/Detection_of_calls/Datasets/All_call_classes/Split_data_controlled/OpenSoundScape/Call_audios/padded_3s/SL13_Trial_1_trim_30.86823129_31.01192621_E.WAV,0.0,3.0,False,False,False,False,False,False,False,True,False,False,False
/home/Shelby/blackbird_calls/Experiments/Detection_of_calls/Datasets/All_call_classes/Split_data_controlled/OpenSoundScape/Call_audios/padded_3s/SL51_Trial_2_trim_34.57813675_35.21731437_Cheer.WAV,0.0,3.0,False,False,False,False,True,False,False,False,False,False,False
/home/Shelby/blackbird_calls/Experiments/Detection_of_calls/Datasets/All_call_classes/Split_data_controlled/OpenSoundScape/Call_audios/padded_3s/SL17b_Trial_2_trim_34.16402157_34.29663137_Check.WAV,0.0,3.0,False,False,False,True,False,False,False,False,False,False,False
/home/Shelby/blackbird_calls/Experiments/Detection_of_calls/Datasets/All_call_classes/Split_data_controlled/OpenSoundScape/Call_audios/padded_3s/AZ13_Trial_1_trim_10.78952644_10.85899218_Check.WAV,0.0,3.0,False,False,False,True,False,False,False,False,False,False,False
/home/Shelby/blackbird_calls/Experiments/Detection_of_calls/Datasets/All_call_classes/Split_data_controlled/OpenSoundScape/Call_audios/padded_3s/SL21_Trial_3_trim_50.26784285_51.07255158_Cheer.WAV,0.0,3.0,False,False,False,False,True,False,False,False,False,False,False
/home/Shelby/blackbird_calls/Experiments/Detection_of_calls/Datasets/All_call_classes/Split_data_controlled/OpenSoundScape/Call_audios/padded_3s/SL21_Trial_1_trim_3.240785986_3.346790449_Check.WAV,0.0,3.0,False,False,False,True,False,False,False,False,False,False,False
/home/Shelby/blackbird_calls/Experiments/Detection_of_calls/Datasets/All_call_classes/Split_data_controlled/OpenSoundScape/Call_audios/padded_3s/SL51_Trial_2_trim_31.86239827_32.40996738_Cheer.WAV,0.0,3.0,False,False,False,False,True,False,False,False,False,False,False
/home/Shelby/blackbird_calls/Experiments/Detection_of_calls/Datasets/All_call_classes/Split_data_controlled/OpenSoundScape/Call_audios/padded_3s/SL30_Trial_1_trim_53.63320229_53.76228726_Check.WAV,0.0,3.0,False,False,False,True,False,False,False,False,False,False,False
/home/Shelby/blackbird_calls/Experiments/Detection_of_calls/Datasets/All_call_classes/Split_data_controlled/OpenSoundScape/Call_audios/padded_3s/SL13_Trial_1_trim_16.97230222_17.11120731_E.WAV,0.0,3.0,False,False,False,False,False,False,False,True,False,False,False
/home/Shelby/blackbird_calls/Experiments/Detection_of_calls/Datasets/All_call_classes/Split_data_controlled/OpenSoundScape/Call_audios/padded_3s/SL54_Trial_3_trim_51.16708655_51.31295204_Check.WAV,0.0,3.0,False,False,False,True,False,False,False,False,False,False,False
/home/Shelby/blackbird_calls/Experiments/Detection_of_calls/Datasets/All_call_classes/Split_data_controlled/OpenSoundScape/Call_audios/padded_3s/SL52_Trial_3_trim_43.79191104_43.8710317_Check.WAV,0.0,3.0,False,False,False,True,False,False,False,False,False,False,False
/home/Shelby/blackbird_calls/Experiments/Detection_of_calls/Datasets/All_call_classes/Split_data_controlled/OpenSoundScape/Call_audios/padded_3s/SL10_Trial_1_trim_30.88607277_31.67647106_Cheer.WAV,0.0,3.0,False,False,False,False,True,False,False,False,False,False,False
/home/Shelby/blackbird_calls/Experiments/Detection_of_calls/Datasets/All_call_classes/Split_data_controlled/OpenSoundScape/Call_audios/padded_3s/SL16_Trial_2_trim_50.73785024_51.27931917_Cheer.WAV,0.0,3.0,False,False,False,False,True,False,False,False,False,False,False
/home/Shelby/blackbird_calls/Experiments/Detection_of_calls/Datasets/All_call_classes/Split_data_controlled/OpenSoundScape/Call_audios/padded_3s/SL51_Trial_3_trim_5.31654077_5.396039823_Check.WAV,0.0,3.0,False,False,False,True,False,False,False,False,False,False,False
/home/Shelby/blackbird_calls/Experiments/Detection_of_calls/Datasets/All_call_classes/Split_data_controlled/OpenSoundScape/Call_audios/padded_3s/SL50_Trial_3_trim_25.6987207_25.80180964_Check.WAV,0.0,3.0,False,False,False,True,False,False,False,False,False,False,False
/home/Shelby/blackbird_calls/Experiments/Detection_of_calls/Datasets/All_call_classes/Split_data_controlled/OpenSoundScape/Call_audios/padded_3s/SL42_Trial_1_trim_5.644260679_5.723419592_Check.WAV,0.0,3.0,False,False,False,True,False,False,False,False,False,False,False
/home/Shelby/blackbird_calls/Experiments/Detection_of_calls/Datasets/All_call_classes/Split_data_controlled/OpenSoundScape/Call_audios/padded_3s/SL22_Trial_1_trim_45.41891998_45.51018034_Check.WAV,0.0,3.0,False,False,False,True,False,False,False,False,False,False,False
/home/Shelby/blackbird_calls/Experiments/Detection_of_calls/Datasets/All_call_classes/Split_data_controlled/OpenSoundScape/Call_audios/padded_3s/SL52_Trial_1_trim_46.95354547_47.07430216_Check.WAV,0.0,3.0,False,False,False,True,False,False,False,False,False,False,False
/home/Shelby/blackbird_calls/Experiments/Detection_of_calls/Datasets/All_call_classes/Split_data_controlled/OpenSoundScape/Call_audios/padded_3s/SL43_Trial_2_trim_41.62634223_41.8220523_Check.WAV,0.0,3.0,False,False,False,True,False,False,False,False,False,False,False
/home/Shelby/blackbird_calls/Experiments/Detection_of_calls/Datasets/All_call_classes/Split_data_controlled/OpenSoundScape/Call_audios/padded_3s/SL30_Trial_3_trim_57.32639687_57.4034893_Check.WAV,0.0,3.0,False,False,False,True,False,False,False,False,False,False,False
/home/Shelby/blackbird_calls/Experiments/Detection_of_calls/Datasets/All_call_classes/Split_data_controlled/OpenSoundScape/Call_audios/padded_3s/AZ02_Trial_3_trim_5.293075283_5.503840272_Check.WAV,0.0,3.0,False,False,False,True,False,False,False,False,False,False,False
/home/Shelby/blackbird_calls/Experiments/Detection_of_calls/Datasets/All_call_classes/Split_data_controlled/OpenSoundScape/Call_audios/padded_3s/SL09_Trial_1_trim_21.40645002_21.54541156_Check.WAV,0.0,3.0,False,False,False,True,False,False,False,False,False,False,False
/home/Shelby/blackbird_calls/Experiments/Detection_of_calls/Datasets/All_call_classes/Split_data_controlled/OpenSoundScape/Call_audios/padded_3s/AZ15_Trial_1_trim_17.94365172_18.01549918_Check.WAV,0.0,3.0,False,False,False,True,False,False,False,False,False,False,False
/home/Shelby/blackbird_calls/Experiments/Detection_of_calls/Datasets/All_call_classes/Split_data_controlled/OpenSoundScape/Call_audios/padded_3s/AZ13_Trial_1_trim_47.96762951_48.05865358_Check.WAV,0.0,3.0,False,False,False,True,False,False,False,False,False,False,False
/home/Shelby/blackbird_calls/Experiments/Detection_of_calls/Datasets/All_call_classes/Split_data_controlled/OpenSoundScape/Call_audios/padded_3s/SL17a_Trial_3_trim_21.98272259_22.19300578_J.WAV,0.0,3.0,False,False,False,False,False,False,False,False,False,True,False
/home/Shelby/blackbird_calls/Experiments/Detection_of_calls/Datasets/All_call_classes/Split_data_controlled/OpenSoundScape/Call_audios/padded_3s/SL54_Trial_2_trim_14.60178679_14.72251591_Check.WAV,0.0,3.0,False,False,False,True,False,False,False,False,False,False,False
/home/Shelby/blackbird_calls/Experiments/Detection_of_calls/Datasets/All_call_classes/Split_data_controlled/OpenSoundScape/Call_audios/padded_3s/SL42_Trial_1_trim_24.35488064_24.42779016_E.WAV,0.0,3.0,False,False,False,False,False,False,False,True,False,False,False
/home/Shelby/blackbird_calls/Experiments/Detection_of_calls/Datasets/All_call_classes/Split_data_controlled/OpenSoundScape/Call_audios/padded_3s/SL17a_Trial_2_trim_33.45683321_33.51929508_E.WAV,0.0,3.0,False,False,False,False,False,False,False,True,False,False,False
/home/Shelby/blackbird_calls/Experiments/Detection_of_calls/Datasets/All_call_classes/Split_data_controlled/OpenSoundScape/Call_audios/padded_3s/AZ13_Trial_2_trim_57.24952817_57.33335053_Check.WAV,0.0,3.0,False,False,False,True,False,False,False,False,False,False,False
/home/Shelby/blackbird_calls/Experiments/Detection_of_calls/Datasets/All_call_classes/Split_data_controlled/OpenSoundScape/Call_audios/padded_3s/AZ15_Trial_3_trim_51.63798255_51.74575374_Check.WAV,0.0,3.0,False,False,False,True,False,False,False,False,False,False,False
/home/Shelby/blackbird_calls/Experiments/Detection_of_calls/Datasets/All_call_classes/Split_data_controlled/OpenSoundScape/Call_audios/padded_3s/SL13_Trial_3_trim_51.00854869_51.10359706_Check.WAV,0.0,3.0,False,False,False,True,False,False,False,False,False,False,False
/home/Shelby/blackbird_calls/Experiments/Detection_of_calls/Datasets/All_call_classes/Split_data_controlled/OpenSoundScape/Call_audios/padded_3s/SL51_Trial_3_trim_15.38678428_15.49278302_Check.WAV,0.0,3.0,False,False,False,True,False,False,False,False,False,False,False
/home/Shelby/blackbird_calls/Experiments/Detection_of_calls/Datasets/All_call_classes/Split_data_controlled/OpenSoundScape/Call_audios/padded_3s/AZ15_Trial_1_trim_24.42451855_24.5107355_Check.WAV,0.0,3.0,False,False,False,True,False,False,False,False,False,False,False
/home/Shelby/blackbird_calls/Experiments/Detection_of_calls/Datasets/All_call_classes/Split_data_controlled/OpenSoundScape/Call_audios/padded_3s/SL52_Trial_1_trim_23.73632999_23.83210254_Check.WAV,0.0,3.0,False,False,False,True,False,False,False,False,False,False,False
/home/Shelby/blackbird_calls/Experiments/Detection_of_calls/Datasets/All_call_classes/Split_data_controlled/OpenSoundScape/Call_audios/padded_3s/SL17a_Trial_3_trim_36.35108189_36.60925136_K.WAV,0.0,3.0,False,False,False,False,False,False,False,False,False,False,True
/home/Shelby/blackbird_calls/Experiments/Detection_of_calls/Datasets/All_call_classes/Split_data_controlled/OpenSoundScape/Call_audios/padded_3s/SL02_Trial_3_trim_15.84520788_15.9865095_I.WAV,0.0,3.0,False,False,False,False,False,False,True,False,False,False,False
/home/Shelby/blackbird_calls/Experiments/Detection_of_calls/Datasets/All_call_classes/Split_data_controlled/OpenSoundScape/Call_audios/padded_3s/AZ15_Trial_1_trim_42.51119369_42.61178014_Check.WAV,0.0,3.0,False,False,False,True,False,False,False,False,False,False,False
/home/Shelby/blackbird_calls/Experiments/Detection_of_calls/Datasets/All_call_classes/Split_data_controlled/OpenSoundScape/Call_audios/padded_3s/SL16_Trial_2_trim_48.71575981_49.30304533_Cheer.WAV,0.0,3.0,False,False,False,False,True,False,False,False,False,False,False
/home/Shelby/blackbird_calls/Experiments/Detection_of_calls/Datasets/All_call_classes/Split_data_controlled/OpenSoundScape/Call_audios/padded_3s/SL16_Trial_1_trim_2.840943033_2.9319524_Check.WAV,0.0,3.0,False,False,False,True,False,False,False,False,False,False,False
/home/Shelby/blackbird_calls/Experiments/Detection_of_calls/Datasets/All_call_classes/Split_data_controlled/OpenSoundScape/Call_audios/padded_3s/SL54_Trial_3_trim_0.58762957_0.708489552_Check.WAV,0.0,3.0,False,False,False,True,False,False,False,False,False,False,False
/home/Shelby/blackbird_calls/Experiments/Detection_of_calls/Datasets/All_call_classes/Split_data_controlled/OpenSoundScape/Call_audios/padded_3s/SL36_Trial_3_trim_26.13264998_26.2971442_Check.WAV,0.0,3.0,False,False,False,True,False,False,False,False,False,False,False
/home/Shelby/blackbird_calls/Experiments/Detection_of_calls/Datasets/All_call_classes/Split_data_controlled/OpenSoundScape/Call_audios/padded_3s/SL12_Trial_1_trim_43.03532966_43.09968323_Check.WAV,0.0,3.0,False,False,False,True,False,False,False,False,False,False,False
/home/Shelby/blackbird_calls/Experiments/Detection_of_calls/Datasets/All_call_classes/Split_data_controlled/OpenSoundScape/Call_audios/padded_3s/SL17b_Trial_2_trim_43.32035781_43.44412696_Check.WAV,0.0,3.0,False,False,False,True,False,False,False,False,False,False,False
/home/Shelby/blackbird_calls/Experiments/Detection_of_calls/Datasets/All_call_classes/Split_data_controlled/OpenSoundScape/Call_audios/padded_3s/AZ08_Trial_1_trim_21.62891896_21.7271417_C.WAV,0.0,3.0,False,False,True,False,False,False,False,False,False,False,False
/home/Shelby/blackbird_calls/Experiments/Detection_of_calls/Datasets/All_call_classes/Split_data_controlled/OpenSoundScape/Call_audios/padded_3s/AZ13_Trial_3_trim_56.91177263_56.98122536_Check.WAV,0.0,3.0,False,False,False,True,False,False,False,False,False,False,False
/home/Shelby/blackbird_calls/Experiments/Detection_of_calls/Datasets/All_call_classes/Split_data_controlled/OpenSoundScape/Call_audios/padded_3s/AZ13_Trial_1_trim_13.74541741_13.82925537_Check.WAV,0.0,3.0,False,False,False,True,False,False,False,False,False,False,False
/home/Shelby/blackbird_calls/Experiments/Detection_of_calls/Datasets/All_call_classes/Split_data_controlled/OpenSoundScape/Call_audios/padded_3s/SL16_Trial_3_trim_20.57544936_20.67330619_Check.WAV,0.0,3.0,False,False,False,True,False,False,False,False,False,False,False
/home/Shelby/blackbird_calls/Experiments/Detection_of_calls/Datasets/All_call_classes/Split_data_controlled/OpenSoundScape/Call_audios/padded_3s/SL50_Trial_3_trim_15.81888355_15.9043001_Check.WAV,0.0,3.0,False,False,False,True,False,False,False,False,False,False,False
/home/Shelby/blackbird_calls/Experiments/Detection_of_calls/Datasets/All_call_classes/Split_data_controlled/OpenSoundScape/Call_audios/padded_3s/AZ13_Trial_3_trim_44.79513508_44.86937765_Check.WAV,0.0,3.0,False,False,False,True,False,False,False,False,False,False,False
/home/Shelby/blackbird_calls/Experiments/Detection_of_calls/Datasets/All_call_classes/Split_data_controlled/OpenSoundScape/Call_audios/padded_3s/AZ13_Trial_2_trim_54.14588513_54.21294302_Check.WAV,0.0,3.0,False,False,False,True,False,False,False,False,False,False,False
/home/Shelby/blackbird_calls/Experiments/Detection_of_calls/Datasets/All_call_classes/Split_data_controlled/OpenSoundScape/Call_audios/padded_3s/AZ13_Trial_2_trim_11.87198347_11.94143629_Check.WAV,0.0,3.0,False,False,False,True,False,False,False,False,False,False,False
/home/Shelby/blackbird_calls/Experiments/Detection_of_calls/Datasets/All_call_classes/Split_data_controlled/OpenSoundScape/Call_audios/padded_3s/SL17a_Trial_1_trim_22.51266647_22.59511093_Check.WAV,0.0,3.0,False,False,False,True,False,False,False,False,False,False,False
/home/Shelby/blackbird_calls/Experiments/Detection_of_calls/Datasets/All_call_classes/Split_data_controlled/OpenSoundScape/Call_audios/padded_3s/SL54_Trial_3_trim_25.52994294_26.04672355_Chits.WAV,0.0,3.0,False,False,False,False,False,True,False,False,False,False,False
/home/Shelby/blackbird_calls/Experiments/Detection_of_calls/Datasets/All_call_classes/Split_data_controlled/OpenSoundScape/Call_audios/padded_3s/AZ15_Trial_3_trim_6.910680659_7.012288311_Check.WAV,0.0,3.0,False,False,False,True,False,False,False,False,False,False,False
/home/Shelby/blackbird_calls/Experiments/Detection_of_calls/Datasets/All_call_classes/Split_data_controlled/OpenSoundScape/Call_audios/padded_3s/SL50_Trial_3_trim_47.40906827_47.5298296_Check.WAV,0.0,3.0,False,False,False,True,False,False,False,False,False,False,False
/home/Shelby/blackbird_calls/Experiments/Detection_of_calls/Datasets/All_call_classes/Split_data_controlled/OpenSoundScape/Call_audios/padded_3s/SL38_Trial_1_trim_24.41989521_25.09673513_Cheer.WAV,0.0,3.0,False,False,False,False,True,False,False,False,False,False,False
/home/Shelby/blackbird_calls/Experiments/Detection_of_calls/Datasets/All_call_classes/Split_data_controlled/OpenSoundScape/Call_audios/padded_3s/SL07_Trial_1_trim_31.44186153_32.04060936_Cheer.WAV,0.0,3.0,False,False,False,False,True,False,False,False,False,False,False
/home/Shelby/blackbird_calls/Experiments/Detection_of_calls/Datasets/All_call_classes/Split_data_controlled/OpenSoundScape/Call_audios/padded_3s/SL52_Trial_1_trim_18.68559943_18.82717623_Check.WAV,0.0,3.0,False,False,False,True,False,False,False,False,False,False,False
/home/Shelby/blackbird_calls/Experiments/Detection_of_calls/Datasets/All_call_classes/Split_data_controlled/OpenSoundScape/Call_audios/padded_3s/SL54_Trial_1_trim_59.09209886_59.17453934_Check.WAV,0.0,3.0,False,False,False,True,False,False,False,False,False,False,False
/home/Shelby/blackbird_calls/Experiments/Detection_of_calls/Datasets/All_call_classes/Split_data_controlled/OpenSoundScape/Call_audios/padded_3s/SL42_Trial_3_trim_49.58326959_49.70401098_Check.WAV,0.0,3.0,False,False,False,True,False,False,False,False,False,False,False
/home/Shelby/blackbird_calls/Experiments/Detection_of_calls/Datasets/All_call_classes/Split_data_controlled/OpenSoundScape/Call_audios/padded_3s/AZ13_Trial_3_trim_29.05055_29.1056332_Check.WAV,0.0,3.0,False,False,False,True,False,False,False,False,False,False,False
/home/Shelby/blackbird_calls/Experiments/Detection_of_calls/Datasets/All_call_classes/Split_data_controlled/OpenSoundScape/Call_audios/padded_3s/SL52_Trial_3_trim_43.65032669_43.72944735_Check.WAV,0.0,3.0,False,False,False,True,False,False,False,False,False,False,False
/home/Shelby/blackbird_calls/Experiments/Detection_of_calls/Datasets/All_call_classes/Split_data_controlled/OpenSoundScape/Call_audios/padded_3s/SL07_Trial_1_trim_11.88730811_12.03100759_D.WAV,0.0,3.0,False,False,False,False,False,False,True,False,False,False,False
/home/Shelby/blackbird_calls/Experiments/Detection_of_calls/Datasets/All_call_classes/Split_data_controlled/OpenSoundScape/Call_audios/padded_3s/SL13_Trial_2_trim_6.619049155_7.532532181_Chits.WAV,0.0,3.0,False,False,False,False,False,True,False,False,False,False,False
/home/Shelby/blackbird_calls/Experiments/Detection_of_calls/Datasets/All_call_classes/Split_data_controlled/OpenSoundScape/Call_audios/padded_3s/AZ02_Trial_2_trim_71.85342572_72.02617805_Check.WAV,0.0,3.0,False,False,False,True,False,False,False,False,False,False,False
/home/Shelby/blackbird_calls/Experiments/Detection_of_calls/Datasets/All_call_classes/Split_data_controlled/OpenSoundScape/Call_audios/padded_3s/AZ13_Trial_2_trim_0.42390169_0.507724058_Check.WAV,0.0,3.0,False,False,False,True,False,False,False,False,False,False,False
/home/Shelby/blackbird_calls/Experiments/Detection_of_calls/Datasets/All_call_classes/Split_data_controlled/OpenSoundScape/Call_audios/padded_3s/SL30_Trial_2_trim_0.139923478_0.21798605_Check.WAV,0.0,3.0,False,False,False,True,False,False,False,False,False,False,False
/home/Shelby/blackbird_calls/Experiments/Detection_of_calls/Datasets/All_call_classes/Split_data_controlled/OpenSoundScape/Call_audios/padded_3s/SL16_Trial_2_trim_16.20995683_16.54570994_E.WAV,0.0,3.0,False,False,False,False,False,False,False,True,False,False,False
/home/Shelby/blackbird_calls/Experiments/Detection_of_calls/Datasets/All_call_classes/Split_data_controlled/OpenSoundScape/Call_audios/padded_3s/SL50_Trial_1_trim_32.1717597_32.28835585_Check.WAV,0.0,3.0,False,False,False,True,False,False,False,False,False,False,False
/home/Shelby/blackbird_calls/Experiments/Detection_of_calls/Datasets/All_call_classes/Split_data_controlled/OpenSoundScape/Call_audios/padded_3s/SL07_Trial_1_trim_14.52112762_14.57860741_Check.WAV,0.0,3.0,False,False,False,True,False,False,False,False,False,False,False
/home/Shelby/blackbird_calls/Experiments/Detection_of_calls/Datasets/All_call_classes/Split_data_controlled/OpenSoundScape/Call_audios/padded_3s/SL10_Trial_1_trim_21.36506974_22.09319422_Cheer.WAV,0.0,3.0,False,False,False,False,True,False,False,False,False,False,False
/home/Shelby/blackbird_calls/Experiments/Detection_of_calls/Datasets/All_call_classes/Split_data_controlled/OpenSoundScape/Call_audios/padded_3s/AZ15_Trial_1_trim_43.99125136_44.10141747_Check.WAV,0.0,3.0,False,False,False,True,False,False,False,False,False,False,False
/home/Shelby/blackbird_calls/Experiments/Detection_of_calls/Datasets/All_call_classes/Split_data_controlled/OpenSoundScape/Call_audios/padded_3s/SL30_Trial_2_trim_40.69627605_41.02178225_K.WAV,0.0,3.0,False,False,False,False,False,False,False,False,False,False,True
/home/Shelby/blackbird_calls/Experiments/Detection_of_calls/Datasets/All_call_classes/Split_data_controlled/OpenSoundScape/Call_audios/padded_3s/SL07_Trial_3_trim_15.71024097_15.87549012_D.WAV,0.0,3.0,False,False,False,False,False,False,True,False,False,False,False
/home/Shelby/blackbird_calls/Experiments/Detection_of_calls/Datasets/All_call_classes/Split_data_controlled/OpenSoundScape/Call_audios/padded_3s/AZ13_Trial_2_trim_12.36533798_12.4347908_Check.WAV,0.0,3.0,False,False,False,True,False,False,False,False,False,False,False
/home/Shelby/blackbird_calls/Experiments/Detection_of_calls/Datasets/All_call_classes/Split_data_controlled/OpenSoundScape/Call_audios/padded_3s/AZ02_Trial_3_trim_38.37383468_38.49837762_Check.WAV,0.0,3.0,False,False,False,True,False,False,False,False,False,False,False
/home/Shelby/blackbird_calls/Experiments/Detection_of_calls/Datasets/All_call_classes/Split_data_controlled/OpenSoundScape/Call_audios/padded_3s/AZ15_Trial_1_trim_47.91931918_48.03906495_Check.WAV,0.0,3.0,False,False,False,True,False,False,False,False,False,False,False
/home/Shelby/blackbird_calls/Experiments/Detection_of_calls/Datasets/All_call_classes/Split_data_controlled/OpenSoundScape/Call_audios/padded_3s/SL17b_Trial_2_trim_0.082512766_0.185653723_Check.WAV,0.0,3.0,False,False,False,True,False,False,False,False,False,False,False
/home/Shelby/blackbird_calls/Experiments/Detection_of_calls/Datasets/All_call_classes/Split_data_controlled/OpenSoundScape/Call_audios/padded_3s/SL17a_Trial_1_trim_58.48611766_58.54058989_Check.WAV,0.0,3.0,False,False,False,True,False,False,False,False,False,False,False
/home/Shelby/blackbird_calls/Experiments/Detection_of_calls/Datasets/All_call_classes/Split_data_controlled/OpenSoundScape/Call_audios/padded_3s/SL49_Trial_2_trim_28.37936588_28.45640776_D.WAV,0.0,3.0,False,False,False,False,False,False,True,False,False,False,False
/home/Shelby/blackbird_calls/Experiments/Detection_of_calls/Datasets/All_call_classes/Split_data_controlled/OpenSoundScape/Call_audios/padded_3s/AZ13_Trial_2_trim_29.73246978_29.821082_Check.WAV,0.0,3.0,False,False,False,True,False,False,False,False,False,False,False
/home/Shelby/blackbird_calls/Experiments/Detection_of_calls/Datasets/All_call_classes/Split_data_controlled/OpenSoundScape/Call_audios/padded_3s/AZ08_Trial_3_trim_46.89367957_46.98174132_Check.WAV,0.0,3.0,False,False,False,True,False,False,False,False,False,False,False
/home/Shelby/blackbird_calls/Experiments/Detection_of_calls/Datasets/All_call_classes/Split_data_controlled/OpenSoundScape/Call_audios/padded_3s/AZ13_Trial_3_trim_22.83147206_22.88895018_Check.WAV,0.0,3.0,False,False,False,True,False,False,False,False,False,False,False
/home/Shelby/blackbird_calls/Experiments/Detection_of_calls/Datasets/All_call_classes/Split_data_controlled/OpenSoundScape/Call_audios/padded_3s/AZ13_Trial_3_trim_11.20128683_11.27073956_Check.WAV,0.0,3.0,False,False,False,True,False,False,False,False,False,False,False
/home/Shelby/blackbird_calls/Experiments/Detection_of_calls/Datasets/All_call_classes/Split_data_controlled/OpenSoundScape/Call_audios/padded_3s/SL22_Trial_1_trim_41.73863791_41.86228098_Check.WAV,0.0,3.0,False,False,False,True,False,False,False,False,False,False,False
/home/Shelby/blackbird_calls/Experiments/Detection_of_calls/Datasets/All_call_classes/Split_data_controlled/OpenSoundScape/Call_audios/padded_3s/EF01_Trial_3_trim_15.04870982_15.30193397_O.WAV,0.0,3.0,False,False,False,False,False,False,False,True,False,False,False
/home/Shelby/blackbird_calls/Experiments/Detection_of_calls/Datasets/All_call_classes/Split_data_controlled/OpenSoundScape/Call_audios/padded_3s/SL36_Trial_2_trim_59.25712085_59.3454624_C.WAV,0.0,3.0,False,False,True,False,False,False,False,False,False,False,False
/home/Shelby/blackbird_calls/Experiments/Detection_of_calls/Datasets/All_call_classes/Split_data_controlled/OpenSoundScape/Call_audios/padded_3s/SL50_Trial_3_trim_56.23311415_56.52765396_K.WAV,0.0,3.0,False,False,False,False,False,False,False,False,False,False,True
/home/Shelby/blackbird_calls/Experiments/Detection_of_calls/Datasets/All_call_classes/Split_data_controlled/OpenSoundScape/Call_audios/padded_3s/AZ15_Trial_1_trim_22.31815648_22.40437343_Check.WAV,0.0,3.0,False,False,False,True,False,False,False,False,False,False,False
/home/Shelby/blackbird_calls/Experiments/Detection_of_calls/Datasets/All_call_classes/Split_data_controlled/OpenSoundScape/Call_audios/padded_3s/SL56_Trial_3_trim_35.76017018_36.46682842_Cheer.WAV,0.0,3.0,False,False,False,False,True,False,False,False,False,False,False
/home/Shelby/blackbird_calls/Experiments/Detection_of_calls/Datasets/All_call_classes/Split_data_controlled/OpenSoundScape/Call_audios/padded_3s/SL42_Trial_1_trim_51.85697433_52.39650482_Cheer.WAV,0.0,3.0,False,False,False,False,True,False,False,False,False,False,False
/home/Shelby/blackbird_calls/Experiments/Detection_of_calls/Datasets/All_call_classes/Split_data_controlled/OpenSoundScape/Call_audios/padded_3s/AZ15_Trial_1_trim_52.91211307_52.99833002_Check.WAV,0.0,3.0,False,False,False,True,False,False,False,False,False,False,False
/home/Shelby/blackbird_calls/Experiments/Detection_of_calls/Datasets/All_call_classes/Split_data_controlled/OpenSoundScape/Call_audios/padded_3s/SL38_Trial_1_trim_40.35091261_40.64039184_E.WAV,0.0,3.0,False,False,False,False,False,False,False,True,False,False,False
/home/Shelby/blackbird_calls/Experiments/Detection_of_calls/Datasets/All_call_classes/Split_data_controlled/OpenSoundScape/Call_audios/padded_3s/SL30_Trial_1_trim_17.55116609_17.94258501_Cheer.WAV,0.0,3.0,False,False,False,False,True,False,False,False,False,False,False
/home/Shelby/blackbird_calls/Experiments/Detection_of_calls/Datasets/All_call_classes/Split_data_controlled/OpenSoundScape/Call_audios/padded_3s/SL10_Trial_3_trim_12.11242532_12.71598711_Cheer.WAV,0.0,3.0,False,False,False,False,True,False,False,False,False,False,False
/home/Shelby/blackbird_calls/Experiments/Detection_of_calls/Datasets/All_call_classes/Split_data_controlled/OpenSoundScape/Call_audios/padded_3s/RC02_Trial_3_trim_46.36039917_46.9751463_Chits.WAV,0.0,3.0,False,False,False,False,False,True,False,False,False,False,False
/home/Shelby/blackbird_calls/Experiments/Detection_of_calls/Datasets/All_call_classes/Split_data_controlled/OpenSoundScape/Call_audios/padded_3s/AZ13_Trial_1_trim_17.1443192_17.22097106_Check.WAV,0.0,3.0,False,False,False,True,False,False,False,False,False,False,False
/home/Shelby/blackbird_calls/Experiments/Detection_of_calls/Datasets/All_call_classes/Split_data_controlled/OpenSoundScape/Call_audios/padded_3s/AZ13_Trial_2_trim_1.604599618_1.671657512_Check.WAV,0.0,3.0,False,False,False,True,False,False,False,False,False,False,False
/home/Shelby/blackbird_calls/Experiments/Detection_of_calls/Datasets/All_call_classes/Split_data_controlled/OpenSoundScape/Call_audios/padded_3s/SL22_Trial_2_trim_2.748255593_2.869012279_Check.WAV,0.0,3.0,False,False,False,True,False,False,False,False,False,False,False
/home/Shelby/blackbird_calls/Experiments/Detection_of_calls/Datasets/All_call_classes/Split_data_controlled/OpenSoundScape/Call_audios/padded_3s/SL30_Trial_3_trim_47.76693945_47.83986473_Check.WAV,0.0,3.0,False,False,False,True,False,False,False,False,False,False,False
/home/Shelby/blackbird_calls/Experiments/Detection_of_calls/Datasets/All_call_classes/Split_data_controlled/OpenSoundScape/Call_audios/padded_3s/SL21_Trial_3_trim_3.547786785_3.67453578_Check.WAV,0.0,3.0,False,False,False,True,False,False,False,False,False,False,False
/home/Shelby/blackbird_calls/Experiments/Detection_of_calls/Datasets/All_call_classes/Split_data_controlled/OpenSoundScape/Call_audios/padded_3s/SL13_Trial_2_trim_41.22417382_41.32265341_Check.WAV,0.0,3.0,False,False,False,True,False,False,False,False,False,False,False
/home/Shelby/blackbird_calls/Experiments/Detection_of_calls/Datasets/All_call_classes/Split_data_controlled/OpenSoundScape/Call_audios/padded_3s/SL38_Trial_3_trim_54.6085515_54.68975312_Check.WAV,0.0,3.0,False,False,False,True,False,False,False,False,False,False,False
/home/Shelby/blackbird_calls/Experiments/Detection_of_calls/Datasets/All_call_classes/Split_data_controlled/OpenSoundScape/Call_audios/padded_3s/AZ13_Trial_2_trim_59.86126284_59.95705983_Check.WAV,0.0,3.0,False,False,False,True,False,False,False,False,False,False,False
/home/Shelby/blackbird_calls/Experiments/Detection_of_calls/Datasets/All_call_classes/Split_data_controlled/OpenSoundScape/Call_audios/padded_3s/SL36_Trial_1_trim_11.15013763_11.81014005_Cheer.WAV,0.0,3.0,False,False,False,False,True,False,False,False,False,False,False
/home/Shelby/blackbird_calls/Experiments/Detection_of_calls/Datasets/All_call_classes/Split_data_controlled/OpenSoundScape/Call_audios/padded_3s/SL21_Trial_2_trim_55.66785032_56.49766234_K.WAV,0.0,3.0,False,False,False,False,False,False,False,False,False,False,True
/home/Shelby/blackbird_calls/Experiments/Detection_of_calls/Datasets/All_call_classes/Split_data_controlled/OpenSoundScape/Call_audios/padded_3s/AZ13_Trial_1_trim_44.30662822_44.36651248_Check.WAV,0.0,3.0,False,False,False,True,False,False,False,False,False,False,False
/home/Shelby/blackbird_calls/Experiments/Detection_of_calls/Datasets/All_call_classes/Split_data_controlled/OpenSoundScape/Call_audios/padded_3s/SL56_Trial_2_trim_1.013028886_1.116098686_Check.WAV,0.0,3.0,False,False,False,True,False,False,False,False,False,False,False
/home/Shelby/blackbird_calls/Experiments/Detection_of_calls/Datasets/All_call_classes/Split_data_controlled/OpenSoundScape/Call_audios/padded_3s/SL50_Trial_3_trim_20.69126907_20.77963101_Check.WAV,0.0,3.0,False,False,False,True,False,False,False,False,False,False,False
/home/Shelby/blackbird_calls/Experiments/Detection_of_calls/Datasets/All_call_classes/Split_data_controlled/OpenSoundScape/Call_audios/padded_3s/AZ13_Trial_1_trim_38.15412609_38.24035942_Check.WAV,0.0,3.0,False,False,False,True,False,False,False,False,False,False,False
/home/Shelby/blackbird_calls/Experiments/Detection_of_calls/Datasets/All_call_classes/Split_data_controlled/OpenSoundScape/Call_audios/padded_3s/SL07_Trial_3_trim_14.416883_14.56057792_Check.WAV,0.0,3.0,False,False,False,True,False,False,False,False,False,False,False
/home/Shelby/blackbird_calls/Experiments/Detection_of_calls/Datasets/All_call_classes/Split_data_controlled/OpenSoundScape/Call_audios/padded_3s/AZ13_Trial_2_trim_31.98658461_32.0728019_Check.WAV,0.0,3.0,False,False,False,True,False,False,False,False,False,False,False
/home/Shelby/blackbird_calls/Experiments/Detection_of_calls/Datasets/All_call_classes/Split_data_controlled/OpenSoundScape/Call_audios/padded_3s/SL11_Trial_3_trim_10.17812043_10.31698787_E.WAV,0.0,3.0,False,False,False,False,False,False,False,True,False,False,False
/home/Shelby/blackbird_calls/Experiments/Detection_of_calls/Datasets/All_call_classes/Split_data_controlled/OpenSoundScape/Call_audios/padded_3s/AZ15_Trial_3_trim_25.47014646_25.54917867_Check.WAV,0.0,3.0,False,False,False,True,False,False,False,False,False,False,False
/home/Shelby/blackbird_calls/Experiments/Detection_of_calls/Datasets/All_call_classes/Split_data_controlled/OpenSoundScape/Call_audios/padded_3s/AZ13_Trial_1_trim_11.85307296_11.94649241_Check.WAV,0.0,3.0,False,False,False,True,False,False,False,False,False,False,False
/home/Shelby/blackbird_calls/Experiments/Detection_of_calls/Datasets/All_call_classes/Split_data_controlled/OpenSoundScape/Call_audios/padded_3s/AZ15_Trial_1_trim_20.34814671_20.46789247_Check.WAV,0.0,3.0,False,False,False,True,False,False,False,False,False,False,False
/home/Shelby/blackbird_calls/Experiments/Detection_of_calls/Datasets/All_call_classes/Split_data_controlled/OpenSoundScape/Call_audios/padded_3s/SL38_Trial_3_trim_34.47360663_35.13571214_Cheer.WAV,0.0,3.0,False,False,False,False,True,False,False,False,False,False,False
/home/Shelby/blackbird_calls/Experiments/Detection_of_calls/Datasets/All_call_classes/Split_data_controlled/OpenSoundScape/Call_audios/padded_3s/SL51_Trial_2_trim_9.16235778_9.233146182_Check.WAV,0.0,3.0,False,False,False,True,False,False,False,False,False,False,False
/home/Shelby/blackbird_calls/Experiments/Detection_of_calls/Datasets/All_call_classes/Split_data_controlled/OpenSoundScape/Call_audios/padded_3s/AZ02_Trial_3_trim_22.50418248_22.65267599_Check.WAV,0.0,3.0,False,False,False,True,False,False,False,False,False,False,False
/home/Shelby/blackbird_calls/Experiments/Detection_of_calls/Datasets/All_call_classes/Split_data_controlled/OpenSoundScape/Call_audios/padded_3s/AZ13_Trial_2_trim_38.83792595_38.92174832_Check.WAV,0.0,3.0,False,False,False,True,False,False,False,False,False,False,False
/home/Shelby/blackbird_calls/Experiments/Detection_of_calls/Datasets/All_call_classes/Split_data_controlled/OpenSoundScape/Call_audios/padded_3s/SL22_Trial_2_trim_44.38619578_45.08158773_Cheer.WAV,0.0,3.0,False,False,False,False,True,False,False,False,False,False,False
/home/Shelby/blackbird_calls/Experiments/Detection_of_calls/Datasets/All_call_classes/Split_data_controlled/OpenSoundScape/Call_audios/padded_3s/AZ13_Trial_1_trim_25.56572661_25.92503216_Cheer.WAV,0.0,3.0,False,False,False,False,True,False,False,False,False,False,False
/home/Shelby/blackbird_calls/Experiments/Detection_of_calls/Datasets/All_call_classes/Split_data_controlled/OpenSoundScape/Call_audios/padded_3s/AZ02_Trial_3_trim_35.87339549_36.02667912_Check.WAV,0.0,3.0,False,False,False,True,False,False,False,False,False,False,False
/home/Shelby/blackbird_calls/Experiments/Detection_of_calls/Datasets/All_call_classes/Split_data_controlled/OpenSoundScape/Call_audios/padded_3s/SL38_Trial_3_trim_34.0217925_34.57354708_Cheer.WAV,0.0,3.0,False,False,False,False,True,False,False,False,False,False,False
/home/Shelby/blackbird_calls/Experiments/Detection_of_calls/Datasets/All_call_classes/Split_data_controlled/OpenSoundScape/Call_audios/padded_3s/SL42_Trial_3_trim_59.16048456_59.23410736_Check.WAV,0.0,3.0,False,False,False,True,False,False,False,False,False,False,False
/home/Shelby/blackbird_calls/Experiments/Detection_of_calls/Datasets/All_call_classes/Split_data_controlled/OpenSoundScape/Call_audios/padded_3s/SL42_Trial_2_trim_6.980531244_7.590590699_Cheer.WAV,0.0,3.0,False,False,False,False,True,False,False,False,False,False,False
/home/Shelby/blackbird_calls/Experiments/Detection_of_calls/Datasets/All_call_classes/Split_data_controlled/OpenSoundScape/Call_audios/padded_3s/SL17a_Trial_1_trim_47.29468083_47.36534751_Check.WAV,0.0,3.0,False,False,False,True,False,False,False,False,False,False,False
/home/Shelby/blackbird_calls/Experiments/Detection_of_calls/Datasets/All_call_classes/Split_data_controlled/OpenSoundScape/Call_audios/padded_3s/SL17a_Trial_3_trim_50.52227161_50.75962096_J.WAV,0.0,3.0,False,False,False,False,False,False,False,False,False,True,False
/home/Shelby/blackbird_calls/Experiments/Detection_of_calls/Datasets/All_call_classes/Split_data_controlled/OpenSoundScape/Call_audios/padded_3s/SL07_Trial_3_trim_46.07773508_46.22382491_D.WAV,0.0,3.0,False,False,False,False,False,False,True,False,False,False,False
/home/Shelby/blackbird_calls/Experiments/Detection_of_calls/Datasets/All_call_classes/Split_data_controlled/OpenSoundScape/Call_audios/padded_3s/SL36_Trial_1_trim_27.75700144_27.89233316_Check.WAV,0.0,3.0,False,False,False,True,False,False,False,False,False,False,False
/home/Shelby/blackbird_calls/Experiments/Detection_of_calls/Datasets/All_call_classes/Split_data_controlled/OpenSoundScape/Call_audios/padded_3s/AZ13_Trial_1_trim_36.18703635_36.28045579_Check.WAV,0.0,3.0,False,False,False,True,False,False,False,False,False,False,False
/home/Shelby/blackbird_calls/Experiments/Detection_of_calls/Datasets/All_call_classes/Split_data_controlled/OpenSoundScape/Call_audios/padded_3s/SL42_Trial_2_trim_52.03455645_52.08869142_Check.WAV,0.0,3.0,False,False,False,True,False,False,False,False,False,False,False
/home/Shelby/blackbird_calls/Experiments/Detection_of_calls/Datasets/All_call_classes/Split_data_controlled/OpenSoundScape/Call_audios/padded_3s/RC02_Trial_1_trim_34.05855034_34.13758255_Check.WAV,0.0,3.0,False,False,False,True,False,False,False,False,False,False,False
/home/Shelby/blackbird_calls/Experiments/Detection_of_calls/Datasets/All_call_classes/Split_data_controlled/OpenSoundScape/Call_audios/padded_3s/SL13_Trial_1_trim_18.35177344_18.48109887_E.WAV,0.0,3.0,False,False,False,False,False,False,False,True,False,False,False
/home/Shelby/blackbird_calls/Experiments/Detection_of_calls/Datasets/All_call_classes/Split_data_controlled/OpenSoundScape/Call_audios/padded_3s/SL30_Trial_2_trim_9.549416906_9.611277812_Check.WAV,0.0,3.0,False,False,False,True,False,False,False,False,False,False,False
/home/Shelby/blackbird_calls/Experiments/Detection_of_calls/Datasets/All_call_classes/Split_data_controlled/OpenSoundScape/Call_audios/padded_3s/AZ15_Trial_1_trim_50.56361917_50.66899544_Check.WAV,0.0,3.0,False,False,False,True,False,False,False,False,False,False,False
/home/Shelby/blackbird_calls/Experiments/Detection_of_calls/Datasets/All_call_classes/Split_data_controlled/OpenSoundScape/Call_audios/padded_3s/SL22_Trial_2_trim_19.89108459_20.01184128_Check.WAV,0.0,3.0,False,False,False,True,False,False,False,False,False,False,False
/home/Shelby/blackbird_calls/Experiments/Detection_of_calls/Datasets/All_call_classes/Split_data_controlled/OpenSoundScape/Call_audios/padded_3s/SL42_Trial_2_trim_51.52443848_51.58273767_Check.WAV,0.0,3.0,False,False,False,True,False,False,False,False,False,False,False
/home/Shelby/blackbird_calls/Experiments/Detection_of_calls/Datasets/All_call_classes/Split_data_controlled/OpenSoundScape/Call_audios/padded_3s/SL07_Trial_3_trim_9.310225554_9.413206913_D.WAV,0.0,3.0,False,False,False,False,False,False,True,False,False,False,False
/home/Shelby/blackbird_calls/Experiments/Detection_of_calls/Datasets/All_call_classes/Split_data_controlled/OpenSoundScape/Call_audios/padded_3s/SL30_Trial_2_trim_0.428607707_0.484577098_E.WAV,0.0,3.0,False,False,False,False,False,False,False,True,False,False,False
/home/Shelby/blackbird_calls/Experiments/Detection_of_calls/Datasets/All_call_classes/Split_data_controlled/OpenSoundScape/Call_audios/padded_3s/SL38_Trial_1_trim_32.45782751_33.29502643_Cheer.WAV,0.0,3.0,False,False,False,False,True,False,False,False,False,False,False
/home/Shelby/blackbird_calls/Experiments/Detection_of_calls/Datasets/All_call_classes/Split_data_controlled/OpenSoundScape/Call_audios/padded_3s/SL50_Trial_3_trim_54.64290767_54.78723218_Check.WAV,0.0,3.0,False,False,False,True,False,False,False,False,False,False,False
/home/Shelby/blackbird_calls/Experiments/Detection_of_calls/Datasets/All_call_classes/Split_data_controlled/OpenSoundScape/Call_audios/padded_3s/AZ13_Trial_1_trim_58.05861119_58.14244915_Check.WAV,0.0,3.0,False,False,False,True,False,False,False,False,False,False,False
/home/Shelby/blackbird_calls/Experiments/Detection_of_calls/Datasets/All_call_classes/Split_data_controlled/OpenSoundScape/Call_audios/padded_3s/AZ15_Trial_1_trim_20.73133316_20.84149926_Check.WAV,0.0,3.0,False,False,False,True,False,False,False,False,False,False,False
/home/Shelby/blackbird_calls/Experiments/Detection_of_calls/Datasets/All_call_classes/Split_data_controlled/OpenSoundScape/Call_audios/padded_3s/SL17a_Trial_3_trim_49.2047139_49.35878277_K.WAV,0.0,3.0,False,False,False,False,False,False,False,False,False,False,True
/home/Shelby/blackbird_calls/Experiments/Detection_of_calls/Datasets/All_call_classes/Split_data_controlled/OpenSoundScape/Call_audios/padded_3s/SL54_Trial_1_trim_15.35472259_15.45482889_Check.WAV,0.0,3.0,False,False,False,True,False,False,False,False,False,False,False
/home/Shelby/blackbird_calls/Experiments/Detection_of_calls/Datasets/All_call_classes/Split_data_controlled/OpenSoundScape/Call_audios/padded_3s/AZ08_Trial_1_trim_34.94318501_35.04479474_C.WAV,0.0,3.0,False,False,True,False,False,False,False,False,False,False,False
/home/Shelby/blackbird_calls/Experiments/Detection_of_calls/Datasets/All_call_classes/Split_data_controlled/OpenSoundScape/Call_audios/padded_3s/AZ13_Trial_2_trim_47.3493416_47.42597919_Check.WAV,0.0,3.0,False,False,False,True,False,False,False,False,False,False,False
/home/Shelby/blackbird_calls/Experiments/Detection_of_calls/Datasets/All_call_classes/Split_data_controlled/OpenSoundScape/Call_audios/padded_3s/SL10_Trial_3_trim_46.58529899_47.24155268_Cheer.WAV,0.0,3.0,False,False,False,False,True,False,False,False,False,False,False
/home/Shelby/blackbird_calls/Experiments/Detection_of_calls/Datasets/All_call_classes/Split_data_controlled/OpenSoundScape/Call_audios/padded_3s/AZ15_Trial_3_trim_9.541003406_9.635837214_C.WAV,0.0,3.0,False,False,True,False,False,False,False,False,False,False,False
/home/Shelby/blackbird_calls/Experiments/Detection_of_calls/Datasets/All_call_classes/Split_data_controlled/OpenSoundScape/Call_audios/padded_3s/AZ15_Trial_3_trim_24.20035075_24.32488635_Check.WAV,0.0,3.0,False,False,False,True,False,False,False,False,False,False,False
/home/Shelby/blackbird_calls/Experiments/Detection_of_calls/Datasets/All_call_classes/Split_data_controlled/OpenSoundScape/Call_audios/padded_3s/AZ13_Trial_2_trim_32.56376149_32.67392803_Check.WAV,0.0,3.0,False,False,False,True,False,False,False,False,False,False,False
/home/Shelby/blackbird_calls/Experiments/Detection_of_calls/Datasets/All_call_classes/Split_data_controlled/OpenSoundScape/Call_audios/padded_3s/SL51_Trial_1_trim_43.88712826_44.48190716_Cheer.WAV,0.0,3.0,False,False,False,False,True,False,False,False,False,False,False
/home/Shelby/blackbird_calls/Experiments/Detection_of_calls/Datasets/All_call_classes/Split_data_controlled/OpenSoundScape/Call_audios/padded_3s/SL07_Trial_1_trim_3.424837599_3.558957113_D.WAV,0.0,3.0,False,False,False,False,False,False,True,False,False,False,False
/home/Shelby/blackbird_calls/Experiments/Detection_of_calls/Datasets/All_call_classes/Split_data_controlled/OpenSoundScape/Call_audios/padded_3s/SL16_Trial_1_trim_16.21730915_16.33226835_Check.WAV,0.0,3.0,False,False,False,True,False,False,False,False,False,False,False
/home/Shelby/blackbird_calls/Experiments/Detection_of_calls/Datasets/All_call_classes/Split_data_controlled/OpenSoundScape/Call_audios/padded_3s/AZ08_Trial_3_trim_34.97467927_35.05258006_Check.WAV,0.0,3.0,False,False,False,True,False,False,False,False,False,False,False
/home/Shelby/blackbird_calls/Experiments/Detection_of_calls/Datasets/All_call_classes/Split_data_controlled/OpenSoundScape/Call_audios/padded_3s/SL02_Trial_3_trim_51.0046882_51.05977188_Check.WAV,0.0,3.0,False,False,False,True,False,False,False,False,False,False,False
/home/Shelby/blackbird_calls/Experiments/Detection_of_calls/Datasets/All_call_classes/Split_data_controlled/OpenSoundScape/Call_audios/padded_3s/SL22_Trial_1_trim_3.320699597_3.429623254_Check.WAV,0.0,3.0,False,False,False,True,False,False,False,False,False,False,False
/home/Shelby/blackbird_calls/Experiments/Detection_of_calls/Datasets/All_call_classes/Split_data_controlled/OpenSoundScape/Call_audios/padded_3s/SL13_Trial_2_trim_52.79884937_52.90412064_Check.WAV,0.0,3.0,False,False,False,True,False,False,False,False,False,False,False
/home/Shelby/blackbird_calls/Experiments/Detection_of_calls/Datasets/All_call_classes/Split_data_controlled/OpenSoundScape/Call_audios/padded_3s/SL51_Trial_1_trim_3.146286466_3.770509873_Cheer.WAV,0.0,3.0,False,False,False,False,True,False,False,False,False,False,False
/home/Shelby/blackbird_calls/Experiments/Detection_of_calls/Datasets/All_call_classes/Split_data_controlled/OpenSoundScape/Call_audios/padded_3s/SL54_Trial_2_trim_26.54990133_26.66768584_Check.WAV,0.0,3.0,False,False,False,True,False,False,False,False,False,False,False
/home/Shelby/blackbird_calls/Experiments/Detection_of_calls/Datasets/All_call_classes/Split_data_controlled/OpenSoundScape/Call_audios/padded_3s/AZ13_Trial_1_trim_48.55766455_48.651084_Check.WAV,0.0,3.0,False,False,False,True,False,False,False,False,False,False,False
/home/Shelby/blackbird_calls/Experiments/Detection_of_calls/Datasets/All_call_classes/Split_data_controlled/OpenSoundScape/Call_audios/padded_3s/AZ13_Trial_1_trim_32.87068287_32.92338102_Check.WAV,0.0,3.0,False,False,False,True,False,False,False,False,False,False,False
/home/Shelby/blackbird_calls/Experiments/Detection_of_calls/Datasets/All_call_classes/Split_data_controlled/OpenSoundScape/Call_audios/padded_3s/SL50_Trial_3_trim_28.92508464_29.02522817_Check.WAV,0.0,3.0,False,False,False,True,False,False,False,False,False,False,False
/home/Shelby/blackbird_calls/Experiments/Detection_of_calls/Datasets/All_call_classes/Split_data_controlled/OpenSoundScape/Call_audios/padded_3s/SL56_Trial_3_trim_2.814855332_2.956186981_Check.WAV,0.0,3.0,False,False,False,True,False,False,False,False,False,False,False
/home/Shelby/blackbird_calls/Experiments/Detection_of_calls/Datasets/All_call_classes/Split_data_controlled/OpenSoundScape/Call_audios/padded_3s/SL51_Trial_3_trim_20.15918787_20.25929779_Check.WAV,0.0,3.0,False,False,False,True,False,False,False,False,False,False,False
/home/Shelby/blackbird_calls/Experiments/Detection_of_calls/Datasets/All_call_classes/Split_data_controlled/OpenSoundScape/Call_audios/padded_3s/SL07_Trial_3_trim_17.47645424_17.59859492_Check.WAV,0.0,3.0,False,False,False,True,False,False,False,False,False,False,False
/home/Shelby/blackbird_calls/Experiments/Detection_of_calls/Datasets/All_call_classes/Split_data_controlled/OpenSoundScape/Call_audios/padded_3s/SL09_Trial_3_trim_25.29290435_25.48936952_E.WAV,0.0,3.0,False,False,False,False,False,False,False,True,False,False,False
/home/Shelby/blackbird_calls/Experiments/Detection_of_calls/Datasets/All_call_classes/Split_data_controlled/OpenSoundScape/Call_audios/padded_3s/EF04_Trial_2_trim_15.67345039_15.75487751_Check.WAV,0.0,3.0,False,False,False,True,False,False,False,False,False,False,False
/home/Shelby/blackbird_calls/Experiments/Detection_of_calls/Datasets/All_call_classes/Split_data_controlled/OpenSoundScape/Call_audios/padded_3s/SL07_Trial_3_trim_4.095126544_4.17894858_D.WAV,0.0,3.0,False,False,False,False,False,False,True,False,False,False,False
/home/Shelby/blackbird_calls/Experiments/Detection_of_calls/Datasets/All_call_classes/Split_data_controlled/OpenSoundScape/Call_audios/padded_3s/AZ15_Trial_1_trim_44.6378785_44.71930562_Check.WAV,0.0,3.0,False,False,False,True,False,False,False,False,False,False,False
/home/Shelby/blackbird_calls/Experiments/Detection_of_calls/Datasets/All_call_classes/Split_data_controlled/OpenSoundScape/Call_audios/padded_3s/SL36_Trial_1_trim_21.89002604_22.61040723_Cheer.WAV,0.0,3.0,False,False,False,False,True,False,False,False,False,False,False
/home/Shelby/blackbird_calls/Experiments/Detection_of_calls/Datasets/All_call_classes/Split_data_controlled/OpenSoundScape/Call_audios/padded_3s/SL21_Trial_1_trim_8.167018572_8.246521919_Check.WAV,0.0,3.0,False,False,False,True,False,False,False,False,False,False,False
/home/Shelby/blackbird_calls/Experiments/Detection_of_calls/Datasets/All_call_classes/Split_data_controlled/OpenSoundScape/Call_audios/padded_3s/AZ13_Trial_2_trim_43.1210372_43.18570017_Check.WAV,0.0,3.0,False,False,False,True,False,False,False,False,False,False,False
/home/Shelby/blackbird_calls/Experiments/Detection_of_calls/Datasets/All_call_classes/Split_data_controlled/OpenSoundScape/Call_audios/padded_3s/SL21_Trial_3_trim_0.126748995_0.937353036_Cheer.WAV,0.0,3.0,False,False,False,False,True,False,False,False,False,False,False
/home/Shelby/blackbird_calls/Experiments/Detection_of_calls/Datasets/All_call_classes/Split_data_controlled/OpenSoundScape/Call_audios/padded_3s/SL16_Trial_1_trim_40.21925918_40.34858829_Check.WAV,0.0,3.0,False,False,False,True,False,False,False,False,False,False,False
/home/Shelby/blackbird_calls/Experiments/Detection_of_calls/Datasets/All_call_classes/Split_data_controlled/OpenSoundScape/Call_audios/padded_3s/SL10_Trial_1_trim_44.94231828_45.60816897_Cheer.WAV,0.0,3.0,False,False,False,False,True,False,False,False,False,False,False
/home/Shelby/blackbird_calls/Experiments/Detection_of_calls/Datasets/All_call_classes/Split_data_controlled/OpenSoundScape/Call_audios/padded_3s/AZ02_Trial_2_trim_69.45182956_69.60425809_Check.WAV,0.0,3.0,False,False,False,True,False,False,False,False,False,False,False
/home/Shelby/blackbird_calls/Experiments/Detection_of_calls/Datasets/All_call_classes/Split_data_controlled/OpenSoundScape/Call_audios/padded_3s/SL16_Trial_3_trim_31.09787028_31.15616797_Check.WAV,0.0,3.0,False,False,False,True,False,False,False,False,False,False,False
/home/Shelby/blackbird_calls/Experiments/Detection_of_calls/Datasets/All_call_classes/Split_data_controlled/OpenSoundScape/Call_audios/padded_3s/SL17b_Trial_1_trim_4.864381166_4.949775614_Check.WAV,0.0,3.0,False,False,False,True,False,False,False,False,False,False,False
/home/Shelby/blackbird_calls/Experiments/Detection_of_calls/Datasets/All_call_classes/Split_data_controlled/OpenSoundScape/Call_audios/padded_3s/RC02_Trial_2_trim_35.49009469_37.86580131_Chits.WAV,0.0,3.0,False,False,False,False,False,True,False,False,False,False,False
/home/Shelby/blackbird_calls/Experiments/Detection_of_calls/Datasets/All_call_classes/Split_data_controlled/OpenSoundScape/Call_audios/padded_3s/SL51_Trial_1_trim_56.23902383_56.35385738_Check.WAV,0.0,3.0,False,False,False,True,False,False,False,False,False,False,False
/home/Shelby/blackbird_calls/Experiments/Detection_of_calls/Datasets/All_call_classes/Split_data_controlled/OpenSoundScape/Call_audios/padded_3s/AZ13_Trial_1_trim_32.56647084_32.64791343_Check.WAV,0.0,3.0,False,False,False,True,False,False,False,False,False,False,False
/home/Shelby/blackbird_calls/Experiments/Detection_of_calls/Datasets/All_call_classes/Split_data_controlled/OpenSoundScape/Call_audios/padded_3s/SL42_Trial_1_trim_42.29718155_42.38258985_Check.WAV,0.0,3.0,False,False,False,True,False,False,False,False,False,False,False
/home/Shelby/blackbird_calls/Experiments/Detection_of_calls/Datasets/All_call_classes/Split_data_controlled/OpenSoundScape/Call_audios/padded_3s/AZ15_Trial_3_trim_2.601155889_2.685828932_C.WAV,0.0,3.0,False,False,True,False,False,False,False,False,False,False,False
/home/Shelby/blackbird_calls/Experiments/Detection_of_calls/Datasets/All_call_classes/Split_data_controlled/OpenSoundScape/Call_audios/padded_3s/SL51_Trial_1_trim_28.59938357_28.69949487_Check.WAV,0.0,3.0,False,False,False,True,False,False,False,False,False,False,False
/home/Shelby/blackbird_calls/Experiments/Detection_of_calls/Datasets/All_call_classes/Split_data_controlled/OpenSoundScape/Call_audios/padded_3s/SL42_Trial_3_trim_56.64687055_56.73816282_E.WAV,0.0,3.0,False,False,False,False,False,False,False,True,False,False,False
/home/Shelby/blackbird_calls/Experiments/Detection_of_calls/Datasets/All_call_classes/Split_data_controlled/OpenSoundScape/Call_audios/padded_3s/AZ13_Trial_2_trim_32.93497483_33.04035152_Check.WAV,0.0,3.0,False,False,False,True,False,False,False,False,False,False,False
/home/Shelby/blackbird_calls/Experiments/Detection_of_calls/Datasets/All_call_classes/Split_data_controlled/OpenSoundScape/Call_audios/padded_3s/SL21_Trial_3_trim_39.22588226_39.68276818_K.WAV,0.0,3.0,False,False,False,False,False,False,False,False,False,False,True
/home/Shelby/blackbird_calls/Experiments/Detection_of_calls/Datasets/All_call_classes/Split_data_controlled/OpenSoundScape/Call_audios/padded_3s/SL38_Trial_3_trim_8.948258537_9.060691548_Check.WAV,0.0,3.0,False,False,False,True,False,False,False,False,False,False,False
/home/Shelby/blackbird_calls/Experiments/Detection_of_calls/Datasets/All_call_classes/Split_data_controlled/OpenSoundScape/Call_audios/padded_3s/SL16_Trial_2_trim_12.25749481_12.52256305_E.WAV,0.0,3.0,False,False,False,False,False,False,False,True,False,False,False
/home/Shelby/blackbird_calls/Experiments/Detection_of_calls/Datasets/All_call_classes/Split_data_controlled/OpenSoundScape/Call_audios/padded_3s/SL54_Trial_2_trim_20.12229945_21.01451706_Cheer.WAV,0.0,3.0,False,False,False,False,True,False,False,False,False,False,False
/home/Shelby/blackbird_calls/Experiments/Detection_of_calls/Datasets/All_call_classes/Split_data_controlled/OpenSoundScape/Call_audios/padded_3s/SL17a_Trial_3_trim_60.96590672_61.05959725_E.WAV,0.0,3.0,False,False,False,False,False,False,False,True,False,False,False
/home/Shelby/blackbird_calls/Experiments/Detection_of_calls/Datasets/All_call_classes/Split_data_controlled/OpenSoundScape/Call_audios/padded_3s/SL30_Trial_2_trim_17.3795568_17.45172786_Check.WAV,0.0,3.0,False,False,False,True,False,False,False,False,False,False,False
/home/Shelby/blackbird_calls/Experiments/Detection_of_calls/Datasets/All_call_classes/Split_data_controlled/OpenSoundScape/Call_audios/padded_3s/SL21_Trial_3_trim_7.890953158_8.412687395_K.WAV,0.0,3.0,False,False,False,False,False,False,False,False,False,False,True
/home/Shelby/blackbird_calls/Experiments/Detection_of_calls/Datasets/All_call_classes/Split_data_controlled/OpenSoundScape/Call_audios/padded_3s/AZ13_Trial_2_trim_58.78238599_58.86141851_Check.WAV,0.0,3.0,False,False,False,True,False,False,False,False,False,False,False
/home/Shelby/blackbird_calls/Experiments/Detection_of_calls/Datasets/All_call_classes/Split_data_controlled/OpenSoundScape/Call_audios/padded_3s/SL38_Trial_1_trim_42.15997122_42.74309485_Cheer.WAV,0.0,3.0,False,False,False,False,True,False,False,False,False,False,False
/home/Shelby/blackbird_calls/Experiments/Detection_of_calls/Datasets/All_call_classes/Split_data_controlled/OpenSoundScape/Call_audios/padded_3s/EF01_Trial_2_trim_25.63471161_25.73256721_Check.WAV,0.0,3.0,False,False,False,True,False,False,False,False,False,False,False
/home/Shelby/blackbird_calls/Experiments/Detection_of_calls/Datasets/All_call_classes/Split_data_controlled/OpenSoundScape/Call_audios/padded_3s/SL17a_Trial_3_trim_57.44921298_57.56788765_J.WAV,0.0,3.0,False,False,False,False,False,False,False,False,False,True,False
/home/Shelby/blackbird_calls/Experiments/Detection_of_calls/Datasets/All_call_classes/Split_data_controlled/OpenSoundScape/Call_audios/padded_3s/SL17a_Trial_3_trim_35.12404258_35.23887454_Check.WAV,0.0,3.0,False,False,False,True,False,False,False,False,False,False,False
/home/Shelby/blackbird_calls/Experiments/Detection_of_calls/Datasets/All_call_classes/Split_data_controlled/OpenSoundScape/Call_audios/padded_3s/SL51_Trial_2_trim_10.70721055_10.77799895_Check.WAV,0.0,3.0,False,False,False,True,False,False,False,False,False,False,False
/home/Shelby/blackbird_calls/Experiments/Detection_of_calls/Datasets/All_call_classes/Split_data_controlled/OpenSoundScape/Call_audios/padded_3s/SL10_Trial_3_trim_48.34996176_49.01100563_Cheer.WAV,0.0,3.0,False,False,False,False,True,False,False,False,False,False,False
/home/Shelby/blackbird_calls/Experiments/Detection_of_calls/Datasets/All_call_classes/Split_data_controlled/OpenSoundScape/Call_audios/padded_3s/SL11_Trial_3_trim_52.71739014_53.32705206_Cheer.WAV,0.0,3.0,False,False,False,False,True,False,False,False,False,False,False
/home/Shelby/blackbird_calls/Experiments/Detection_of_calls/Datasets/All_call_classes/Split_data_controlled/OpenSoundScape/Call_audios/padded_3s/AZ13_Trial_2_trim_50.78876244_50.84863556_Check.WAV,0.0,3.0,False,False,False,True,False,False,False,False,False,False,False
/home/Shelby/blackbird_calls/Experiments/Detection_of_calls/Datasets/All_call_classes/Split_data_controlled/OpenSoundScape/Call_audios/padded_3s/SL52_Trial_3_trim_31.26123176_31.36117365_Check.WAV,0.0,3.0,False,False,False,True,False,False,False,False,False,False,False
/home/Shelby/blackbird_calls/Experiments/Detection_of_calls/Datasets/All_call_classes/Split_data_controlled/OpenSoundScape/Call_audios/padded_3s/SL13_Trial_2_trim_34.35115026_34.45302569_Check.WAV,0.0,3.0,False,False,False,True,False,False,False,False,False,False,False
/home/Shelby/blackbird_calls/Experiments/Detection_of_calls/Datasets/All_call_classes/Split_data_controlled/OpenSoundScape/Call_audios/padded_3s/SL07_Trial_1_trim_25.85485812_25.96502772_D.WAV,0.0,3.0,False,False,False,False,False,False,True,False,False,False,False
/home/Shelby/blackbird_calls/Experiments/Detection_of_calls/Datasets/All_call_classes/Split_data_controlled/OpenSoundScape/Call_audios/padded_3s/AZ08_Trial_3_trim_30.90729122_30.98857899_Check.WAV,0.0,3.0,False,False,False,True,False,False,False,False,False,False,False
/home/Shelby/blackbird_calls/Experiments/Detection_of_calls/Datasets/All_call_classes/Split_data_controlled/OpenSoundScape/Call_audios/padded_3s/SL02_Trial_3_trim_57.43552882_57.51456193_Check.WAV,0.0,3.0,False,False,False,True,False,False,False,False,False,False,False
/home/Shelby/blackbird_calls/Experiments/Detection_of_calls/Datasets/All_call_classes/Split_data_controlled/OpenSoundScape/Call_audios/padded_3s/AZ13_Trial_1_trim_59.51442986_59.59108171_Check.WAV,0.0,3.0,False,False,False,True,False,False,False,False,False,False,False
/home/Shelby/blackbird_calls/Experiments/Detection_of_calls/Datasets/All_call_classes/Split_data_controlled/OpenSoundScape/Call_audios/padded_3s/SL54_Trial_3_trim_34.31128215_34.45714764_Check.WAV,0.0,3.0,False,False,False,True,False,False,False,False,False,False,False
/home/Shelby/blackbird_calls/Experiments/Detection_of_calls/Datasets/All_call_classes/Split_data_controlled/OpenSoundScape/Call_audios/padded_3s/SL30_Trial_1_trim_13.07598662_13.20923561_Check.WAV,0.0,3.0,False,False,False,True,False,False,False,False,False,False,False
/home/Shelby/blackbird_calls/Experiments/Detection_of_calls/Datasets/All_call_classes/Split_data_controlled/OpenSoundScape/Call_audios/padded_3s/RC02_Trial_3_trim_10.70166272_11.16060616_Cheer.WAV,0.0,3.0,False,False,False,False,True,False,False,False,False,False,False
/home/Shelby/blackbird_calls/Experiments/Detection_of_calls/Datasets/All_call_classes/Split_data_controlled/OpenSoundScape/Call_audios/padded_3s/AZ13_Trial_3_trim_41.83691379_41.90876145_Check.WAV,0.0,3.0,False,False,False,True,False,False,False,False,False,False,False
/home/Shelby/blackbird_calls/Experiments/Detection_of_calls/Datasets/All_call_classes/Split_data_controlled/OpenSoundScape/Call_audios/padded_3s/SL17a_Trial_1_trim_48.82678558_48.92689671_Check.WAV,0.0,3.0,False,False,False,True,False,False,False,False,False,False,False
/home/Shelby/blackbird_calls/Experiments/Detection_of_calls/Datasets/All_call_classes/Split_data_controlled/OpenSoundScape/Call_audios/padded_3s/SL42_Trial_2_trim_31.70691892_31.78812137_Check.WAV,0.0,3.0,False,False,False,True,False,False,False,False,False,False,False
/home/Shelby/blackbird_calls/Experiments/Detection_of_calls/Datasets/All_call_classes/Split_data_controlled/OpenSoundScape/Call_audios/padded_3s/SL17a_Trial_3_trim_24.23948954_25.23469119_Chits.WAV,0.0,3.0,False,False,False,False,False,True,False,False,False,False,False
/home/Shelby/blackbird_calls/Experiments/Detection_of_calls/Datasets/All_call_classes/Split_data_controlled/OpenSoundScape/Call_audios/padded_3s/SL22_Trial_1_trim_44.25271367_44.35574956_Check.WAV,0.0,3.0,False,False,False,True,False,False,False,False,False,False,False
/home/Shelby/blackbird_calls/Experiments/Detection_of_calls/Datasets/All_call_classes/Split_data_controlled/OpenSoundScape/Call_audios/padded_3s/SL54_Trial_2_trim_61.14530599_61.85495762_Cheer.WAV,0.0,3.0,False,False,False,False,True,False,False,False,False,False,False
/home/Shelby/blackbird_calls/Experiments/Detection_of_calls/Datasets/All_call_classes/Split_data_controlled/OpenSoundScape/Call_audios/padded_3s/SL02_Trial_3_trim_32.40910823_32.47616663_Check.WAV,0.0,3.0,False,False,False,True,False,False,False,False,False,False,False
/home/Shelby/blackbird_calls/Experiments/Detection_of_calls/Datasets/All_call_classes/Split_data_controlled/OpenSoundScape/Call_audios/padded_3s/AZ15_Trial_3_trim_19.40273995_19.64702131_Cheer.WAV,0.0,3.0,False,False,False,False,True,False,False,False,False,False,False
/home/Shelby/blackbird_calls/Experiments/Detection_of_calls/Datasets/All_call_classes/Split_data_controlled/OpenSoundScape/Call_audios/padded_3s/SL13_Trial_1_trim_41.88381681_42.00835241_E.WAV,0.0,3.0,False,False,False,False,False,False,False,True,False,False,False
/home/Shelby/blackbird_calls/Experiments/Detection_of_calls/Datasets/All_call_classes/Split_data_controlled/OpenSoundScape/Call_audios/padded_3s/AZ15_Trial_1_trim_23.70241754_23.79821415_Check.WAV,0.0,3.0,False,False,False,True,False,False,False,False,False,False,False
/home/Shelby/blackbird_calls/Experiments/Detection_of_calls/Datasets/All_call_classes/Split_data_controlled/OpenSoundScape/Call_audios/padded_3s/SL16_Trial_3_trim_0.659563037_0.930454998_Cheer.WAV,0.0,3.0,False,False,False,False,True,False,False,False,False,False,False
/home/Shelby/blackbird_calls/Experiments/Detection_of_calls/Datasets/All_call_classes/Split_data_controlled/OpenSoundScape/Call_audios/padded_3s/SL02_Trial_3_trim_53.49352659_53.68272706_I.WAV,0.0,3.0,False,False,False,False,False,False,True,False,False,False,False
/home/Shelby/blackbird_calls/Experiments/Detection_of_calls/Datasets/All_call_classes/Split_data_controlled/OpenSoundScape/Call_audios/padded_3s/SL22_Trial_1_trim_30.85064642_30.93013125_C.WAV,0.0,3.0,False,False,True,False,False,False,False,False,False,False,False
/home/Shelby/blackbird_calls/Experiments/Detection_of_calls/Datasets/All_call_classes/Split_data_controlled/OpenSoundScape/Call_audios/padded_3s/AZ15_Trial_3_trim_59.6492141_59.73064122_C.WAV,0.0,3.0,False,False,True,False,False,False,False,False,False,False,False
/home/Shelby/blackbird_calls/Experiments/Detection_of_calls/Datasets/All_call_classes/Split_data_controlled/OpenSoundScape/Call_audios/padded_3s/SL50_Trial_3_trim_39.59498771_39.83061956_K.WAV,0.0,3.0,False,False,False,False,False,False,False,False,False,False,True
/home/Shelby/blackbird_calls/Experiments/Detection_of_calls/Datasets/All_call_classes/Split_data_controlled/OpenSoundScape/Call_audios/padded_3s/SL17a_Trial_2_trim_48.10303272_48.65477922_Chits.WAV,0.0,3.0,False,False,False,False,False,True,False,False,False,False,False
/home/Shelby/blackbird_calls/Experiments/Detection_of_calls/Datasets/All_call_classes/Split_data_controlled/OpenSoundScape/Call_audios/padded_3s/SL52_Trial_1_trim_54.1085031_54.25840795_Check.WAV,0.0,3.0,False,False,False,True,False,False,False,False,False,False,False
/home/Shelby/blackbird_calls/Experiments/Detection_of_calls/Datasets/All_call_classes/Split_data_controlled/OpenSoundScape/Call_audios/padded_3s/SL43_Trial_2_trim_21.78998578_21.97736776_Check.WAV,0.0,3.0,False,False,False,True,False,False,False,False,False,False,False
/home/Shelby/blackbird_calls/Experiments/Detection_of_calls/Datasets/All_call_classes/Split_data_controlled/OpenSoundScape/Call_audios/padded_3s/AZ13_Trial_2_trim_54.32071464_54.41411671_Check.WAV,0.0,3.0,False,False,False,True,False,False,False,False,False,False,False
/home/Shelby/blackbird_calls/Experiments/Detection_of_calls/Datasets/All_call_classes/Split_data_controlled/OpenSoundScape/Call_audios/padded_3s/SL30_Trial_2_trim_6.241859803_6.305193588_Check.WAV,0.0,3.0,False,False,False,True,False,False,False,False,False,False,False
/home/Shelby/blackbird_calls/Experiments/Detection_of_calls/Datasets/All_call_classes/Split_data_controlled/OpenSoundScape/Call_audios/padded_3s/SL13_Trial_2_trim_41.09513161_41.18342365_Check.WAV,0.0,3.0,False,False,False,True,False,False,False,False,False,False,False
/home/Shelby/blackbird_calls/Experiments/Detection_of_calls/Datasets/All_call_classes/Split_data_controlled/OpenSoundScape/Call_audios/padded_3s/SL50_Trial_1_trim_31.12031145_31.79073932_Cheer.WAV,0.0,3.0,False,False,False,False,True,False,False,False,False,False,False
/home/Shelby/blackbird_calls/Experiments/Detection_of_calls/Datasets/All_call_classes/Split_data_controlled/OpenSoundScape/Call_audios/padded_3s/SL51_Trial_3_trim_3.241794687_3.338960195_Check.WAV,0.0,3.0,False,False,False,True,False,False,False,False,False,False,False
/home/Shelby/blackbird_calls/Experiments/Detection_of_calls/Datasets/All_call_classes/Split_data_controlled/OpenSoundScape/Call_audios/padded_3s/SL22_Trial_1_trim_15.23978151_15.92570616_Cheer.WAV,0.0,3.0,False,False,False,False,True,False,False,False,False,False,False
/home/Shelby/blackbird_calls/Experiments/Detection_of_calls/Datasets/All_call_classes/Split_data_controlled/OpenSoundScape/Call_audios/padded_3s/SL42_Trial_3_trim_34.38203042_35.03285596_Cheer.WAV,0.0,3.0,False,False,False,False,True,False,False,False,False,False,False
/home/Shelby/blackbird_calls/Experiments/Detection_of_calls/Datasets/All_call_classes/Split_data_controlled/OpenSoundScape/Call_audios/padded_3s/AZ15_Trial_1_trim_44.96837681_45.08333275_Check.WAV,0.0,3.0,False,False,False,True,False,False,False,False,False,False,False
/home/Shelby/blackbird_calls/Experiments/Detection_of_calls/Datasets/All_call_classes/Split_data_controlled/OpenSoundScape/Call_audios/padded_3s/AZ13_Trial_3_trim_22.08425645_22.18963301_Check.WAV,0.0,3.0,False,False,False,True,False,False,False,False,False,False,False
/home/Shelby/blackbird_calls/Experiments/Detection_of_calls/Datasets/All_call_classes/Split_data_controlled/OpenSoundScape/Call_audios/padded_3s/SL52_Trial_1_trim_20.95915633_21.07158497_Check.WAV,0.0,3.0,False,False,False,True,False,False,False,False,False,False,False
/home/Shelby/blackbird_calls/Experiments/Detection_of_calls/Datasets/All_call_classes/Split_data_controlled/OpenSoundScape/Call_audios/padded_3s/SL42_Trial_1_trim_11.53158342_11.60865921_Check.WAV,0.0,3.0,False,False,False,True,False,False,False,False,False,False,False
/home/Shelby/blackbird_calls/Experiments/Detection_of_calls/Datasets/All_call_classes/Split_data_controlled/OpenSoundScape/Call_audios/padded_3s/SL43_Trial_2_trim_51.52497446_51.6998643_Check.WAV,0.0,3.0,False,False,False,True,False,False,False,False,False,False,False
/home/Shelby/blackbird_calls/Experiments/Detection_of_calls/Datasets/All_call_classes/Split_data_controlled/OpenSoundScape/Call_audios/padded_3s/AZ15_Trial_1_trim_20.17092297_20.24277043_Check.WAV,0.0,3.0,False,False,False,True,False,False,False,False,False,False,False
/home/Shelby/blackbird_calls/Experiments/Detection_of_calls/Datasets/All_call_classes/Split_data_controlled/OpenSoundScape/Call_audios/padded_3s/SL28_Trial_3_trim_0.437231863_0.533006461_Check.WAV,0.0,3.0,False,False,False,True,False,False,False,False,False,False,False
/home/Shelby/blackbird_calls/Experiments/Detection_of_calls/Datasets/All_call_classes/Split_data_controlled/OpenSoundScape/Call_audios/padded_3s/EF04_Trial_2_trim_13.87247394_13.96827056_Check.WAV,0.0,3.0,False,False,False,True,False,False,False,False,False,False,False
/home/Shelby/blackbird_calls/Experiments/Detection_of_calls/Datasets/All_call_classes/Split_data_controlled/OpenSoundScape/Call_audios/padded_3s/SL42_Trial_1_trim_35.98880444_36.06796336_Check.WAV,0.0,3.0,False,False,False,True,False,False,False,False,False,False,False
/home/Shelby/blackbird_calls/Experiments/Detection_of_calls/Datasets/All_call_classes/Split_data_controlled/OpenSoundScape/Call_audios/padded_3s/SL07_Trial_3_trim_21.73443644_21.92602967_D.WAV,0.0,3.0,False,False,False,False,False,False,True,False,False,False,False
/home/Shelby/blackbird_calls/Experiments/Detection_of_calls/Datasets/All_call_classes/Split_data_controlled/OpenSoundScape/Call_audios/padded_3s/SL42_Trial_3_trim_41.55283021_41.5999488_Check.WAV,0.0,3.0,False,False,False,True,False,False,False,False,False,False,False
/home/Shelby/blackbird_calls/Experiments/Detection_of_calls/Datasets/All_call_classes/Split_data_controlled/OpenSoundScape/Call_audios/padded_3s/SL54_Trial_1_trim_32.38342663_32.56744556_B.WAV,0.0,3.0,False,True,False,False,False,False,False,False,False,False,False
/home/Shelby/blackbird_calls/Experiments/Detection_of_calls/Datasets/All_call_classes/Split_data_controlled/OpenSoundScape/Call_audios/padded_3s/SL49_Trial_2_trim_52.59616363_52.69610986_D.WAV,0.0,3.0,False,False,False,False,False,False,True,False,False,False,False
/home/Shelby/blackbird_calls/Experiments/Detection_of_calls/Datasets/All_call_classes/Split_data_controlled/OpenSoundScape/Call_audios/padded_3s/SL38_Trial_1_trim_8.660050023_9.295238254_Cheer.WAV,0.0,3.0,False,False,False,False,True,False,False,False,False,False,False
/home/Shelby/blackbird_calls/Experiments/Detection_of_calls/Datasets/All_call_classes/Split_data_controlled/OpenSoundScape/Call_audios/padded_3s/SL16_Trial_2_trim_20.48110989_20.75206854_E.WAV,0.0,3.0,False,False,False,False,False,False,False,True,False,False,False
/home/Shelby/blackbird_calls/Experiments/Detection_of_calls/Datasets/All_call_classes/Split_data_controlled/OpenSoundScape/Call_audios/padded_3s/SL09_Trial_1_trim_42.5110823_42.59581494_Check.WAV,0.0,3.0,False,False,False,True,False,False,False,False,False,False,False
/home/Shelby/blackbird_calls/Experiments/Detection_of_calls/Datasets/All_call_classes/Split_data_controlled/OpenSoundScape/Call_audios/padded_3s/AZ15_Trial_3_trim_58.4553901_58.54160705_Check.WAV,0.0,3.0,False,False,False,True,False,False,False,False,False,False,False
/home/Shelby/blackbird_calls/Experiments/Detection_of_calls/Datasets/All_call_classes/Split_data_controlled/OpenSoundScape/Call_audios/padded_3s/AZ13_Trial_2_trim_59.7031978_59.77504555_Check.WAV,0.0,3.0,False,False,False,True,False,False,False,False,False,False,False
/home/Shelby/blackbird_calls/Experiments/Detection_of_calls/Datasets/All_call_classes/Split_data_controlled/OpenSoundScape/Call_audios/padded_3s/SL42_Trial_2_trim_0.016656913_0.99420952_Chits.WAV,0.0,3.0,False,False,False,False,False,True,False,False,False,False,False
/home/Shelby/blackbird_calls/Experiments/Detection_of_calls/Datasets/All_call_classes/Split_data_controlled/OpenSoundScape/Call_audios/padded_3s/AZ13_Trial_3_trim_35.51034983_35.58938225_Check.WAV,0.0,3.0,False,False,False,True,False,False,False,False,False,False,False
/home/Shelby/blackbird_calls/Experiments/Detection_of_calls/Datasets/All_call_classes/Split_data_controlled/OpenSoundScape/Call_audios/padded_3s/SL50_Trial_3_trim_24.50288904_24.62365037_Check.WAV,0.0,3.0,False,False,False,True,False,False,False,False,False,False,False
/home/Shelby/blackbird_calls/Experiments/Detection_of_calls/Datasets/All_call_classes/Split_data_controlled/OpenSoundScape/Call_audios/padded_3s/SL16_Trial_2_trim_13.94215075_14.33091751_E.WAV,0.0,3.0,False,False,False,False,False,False,False,True,False,False,False
/home/Shelby/blackbird_calls/Experiments/Detection_of_calls/Datasets/All_call_classes/Split_data_controlled/OpenSoundScape/Call_audios/padded_3s/AZ13_Trial_1_trim_12.02314426_12.10458685_Check.WAV,0.0,3.0,False,False,False,True,False,False,False,False,False,False,False
/home/Shelby/blackbird_calls/Experiments/Detection_of_calls/Datasets/All_call_classes/Split_data_controlled/OpenSoundScape/Call_audios/padded_3s/SL01_Trial_3_trim_58.10558344_58.42725424_Chits.WAV,0.0,3.0,False,False,False,False,False,True,False,False,False,False,False
/home/Shelby/blackbird_calls/Experiments/Detection_of_calls/Datasets/All_call_classes/Split_data_controlled/OpenSoundScape/Call_audios/padded_3s/SL43_Trial_2_trim_47.90225629_48.08547422_Check.WAV,0.0,3.0,False,False,False,True,False,False,False,False,False,False,False
/home/Shelby/blackbird_calls/Experiments/Detection_of_calls/Datasets/All_call_classes/Split_data_controlled/OpenSoundScape/Call_audios/padded_3s/SL42_Trial_3_trim_43.85280644_43.95587835_Check.WAV,0.0,3.0,False,False,False,True,False,False,False,False,False,False,False
/home/Shelby/blackbird_calls/Experiments/Detection_of_calls/Datasets/All_call_classes/Split_data_controlled/OpenSoundScape/Call_audios/padded_3s/SL16_Trial_3_trim_56.54188838_56.59810401_Check.WAV,0.0,3.0,False,False,False,True,False,False,False,False,False,False,False
/home/Shelby/blackbird_calls/Experiments/Detection_of_calls/Datasets/All_call_classes/Split_data_controlled/OpenSoundScape/Call_audios/padded_3s/SL17a_Trial_2_trim_47.34099792_47.40137773_E.WAV,0.0,3.0,False,False,False,False,False,False,False,True,False,False,False
/home/Shelby/blackbird_calls/Experiments/Detection_of_calls/Datasets/All_call_classes/Split_data_controlled/OpenSoundScape/Call_audios/padded_3s/SL21_Trial_3_trim_47.41099206_47.58195582_Check.WAV,0.0,3.0,False,False,False,True,False,False,False,False,False,False,False
/home/Shelby/blackbird_calls/Experiments/Detection_of_calls/Datasets/All_call_classes/Split_data_controlled/OpenSoundScape/Call_audios/padded_3s/SL17b_Trial_2_trim_0.397829406_0.536332977_Check.WAV,0.0,3.0,False,False,False,True,False,False,False,False,False,False,False
/home/Shelby/blackbird_calls/Experiments/Detection_of_calls/Datasets/All_call_classes/Split_data_controlled/OpenSoundScape/Call_audios/padded_3s/SL10_Trial_3_trim_24.13406334_24.66577253_Cheer.WAV,0.0,3.0,False,False,False,False,True,False,False,False,False,False,False
/home/Shelby/blackbird_calls/Experiments/Detection_of_calls/Datasets/All_call_classes/Split_data_controlled/OpenSoundScape/Call_audios/padded_3s/SL02_Trial_1_trim_49.99461146_50.09999566_Check.WAV,0.0,3.0,False,False,False,True,False,False,False,False,False,False,False
/home/Shelby/blackbird_calls/Experiments/Detection_of_calls/Datasets/All_call_classes/Split_data_controlled/OpenSoundScape/Call_audios/padded_3s/SL51_Trial_2_trim_14.17211977_14.71760686_Cheer.WAV,0.0,3.0,False,False,False,False,True,False,False,False,False,False,False
/home/Shelby/blackbird_calls/Experiments/Detection_of_calls/Datasets/All_call_classes/Split_data_controlled/OpenSoundScape/Call_audios/padded_3s/SL12_Trial_1_trim_40.42606501_40.50057966_Check.WAV,0.0,3.0,False,False,False,True,False,False,False,False,False,False,False
/home/Shelby/blackbird_calls/Experiments/Detection_of_calls/Datasets/All_call_classes/Split_data_controlled/OpenSoundScape/Call_audios/padded_3s/AZ08_Trial_1_trim_33.15824018_33.2632369_C.WAV,0.0,3.0,False,False,True,False,False,False,False,False,False,False,False
/home/Shelby/blackbird_calls/Experiments/Detection_of_calls/Datasets/All_call_classes/Split_data_controlled/OpenSoundScape/Call_audios/padded_3s/SL17a_Trial_3_trim_27.20183659_28.02214925_Chits.WAV,0.0,3.0,False,False,False,False,False,True,False,False,False,False,False
/home/Shelby/blackbird_calls/Experiments/Detection_of_calls/Datasets/All_call_classes/Split_data_controlled/OpenSoundScape/Call_audios/padded_3s/SL38_Trial_3_trim_29.69325546_29.79527801_Check.WAV,0.0,3.0,False,False,False,True,False,False,False,False,False,False,False
/home/Shelby/blackbird_calls/Experiments/Detection_of_calls/Datasets/All_call_classes/Split_data_controlled/OpenSoundScape/Call_audios/padded_3s/SL42_Trial_3_trim_42.96948029_43.64386512_Cheer.WAV,0.0,3.0,False,False,False,False,True,False,False,False,False,False,False
/home/Shelby/blackbird_calls/Experiments/Detection_of_calls/Datasets/All_call_classes/Split_data_controlled/OpenSoundScape/Call_audios/padded_3s/SL12_Trial_1_trim_55.0197739_55.12053803_B.WAV,0.0,3.0,False,True,False,False,False,False,False,False,False,False,False
/home/Shelby/blackbird_calls/Experiments/Detection_of_calls/Datasets/All_call_classes/Split_data_controlled/OpenSoundScape/Call_audios/padded_3s/SL52_Trial_1_trim_43.38497722_43.50989793_Check.WAV,0.0,3.0,False,False,False,True,False,False,False,False,False,False,False
/home/Shelby/blackbird_calls/Experiments/Detection_of_calls/Datasets/All_call_classes/Split_data_controlled/OpenSoundScape/Call_audios/padded_3s/SL52_Trial_1_trim_19.98893882_20.07638332_Check.WAV,0.0,3.0,False,False,False,True,False,False,False,False,False,False,False
/home/Shelby/blackbird_calls/Experiments/Detection_of_calls/Datasets/All_call_classes/Split_data_controlled/OpenSoundScape/Call_audios/padded_3s/AZ13_Trial_2_trim_38.2248252_38.29427802_Check.WAV,0.0,3.0,False,False,False,True,False,False,False,False,False,False,False
/home/Shelby/blackbird_calls/Experiments/Detection_of_calls/Datasets/All_call_classes/Split_data_controlled/OpenSoundScape/Call_audios/padded_3s/SL22_Trial_2_trim_34.81541398_34.91951457_Check.WAV,0.0,3.0,False,False,False,True,False,False,False,False,False,False,False
/home/Shelby/blackbird_calls/Experiments/Detection_of_calls/Datasets/All_call_classes/Split_data_controlled/OpenSoundScape/Call_audios/padded_3s/AZ15_Trial_1_trim_46.42010219_46.49194965_Check.WAV,0.0,3.0,False,False,False,True,False,False,False,False,False,False,False
/home/Shelby/blackbird_calls/Experiments/Detection_of_calls/Datasets/All_call_classes/Split_data_controlled/OpenSoundScape/Call_audios/padded_3s/SL17a_Trial_2_trim_43.63652596_44.83579383_Chits.WAV,0.0,3.0,False,False,False,False,False,True,False,False,False,False,False
/home/Shelby/blackbird_calls/Experiments/Detection_of_calls/Datasets/All_call_classes/Split_data_controlled/OpenSoundScape/Call_audios/padded_3s/SL38_Trial_3_trim_25.07264774_25.96586554_Cheer.WAV,0.0,3.0,False,False,False,False,True,False,False,False,False,False,False
/home/Shelby/blackbird_calls/Experiments/Detection_of_calls/Datasets/All_call_classes/Split_data_controlled/OpenSoundScape/Call_audios/padded_3s/AZ08_Trial_3_trim_27.46239771_27.5741684_Check.WAV,0.0,3.0,False,False,False,True,False,False,False,False,False,False,False
/home/Shelby/blackbird_calls/Experiments/Detection_of_calls/Datasets/All_call_classes/Split_data_controlled/OpenSoundScape/Call_audios/padded_3s/SL56_Trial_3_trim_58.82234458_59.44067054_Cheer.WAV,0.0,3.0,False,False,False,False,True,False,False,False,False,False,False
/home/Shelby/blackbird_calls/Experiments/Detection_of_calls/Datasets/All_call_classes/Split_data_controlled/OpenSoundScape/Call_audios/padded_3s/SL56_Trial_3_trim_47.86500822_48.64233229_Cheer.WAV,0.0,3.0,False,False,False,False,True,False,False,False,False,False,False
/home/Shelby/blackbird_calls/Experiments/Detection_of_calls/Datasets/All_call_classes/Split_data_controlled/OpenSoundScape/Call_audios/padded_3s/SL52_Trial_1_trim_39.08700882_39.2077655_Check.WAV,0.0,3.0,False,False,False,True,False,False,False,False,False,False,False
/home/Shelby/blackbird_calls/Experiments/Detection_of_calls/Datasets/All_call_classes/Split_data_controlled/OpenSoundScape/Call_audios/padded_3s/SL51_Trial_2_trim_53.77428634_54.27396917_Cheer.WAV,0.0,3.0,False,False,False,False,True,False,False,False,False,False,False
/home/Shelby/blackbird_calls/Experiments/Detection_of_calls/Datasets/All_call_classes/Split_data_controlled/OpenSoundScape/Call_audios/padded_3s/SL36_Trial_2_trim_26.30274731_26.42348077_L.WAV,0.0,3.0,False,False,True,False,False,False,False,False,False,False,False
/home/Shelby/blackbird_calls/Experiments/Detection_of_calls/Datasets/All_call_classes/Split_data_controlled/OpenSoundScape/Call_audios/padded_3s/AZ15_Trial_1_trim_55.63752671_55.75248264_Check.WAV,0.0,3.0,False,False,False,True,False,False,False,False,False,False,False
/home/Shelby/blackbird_calls/Experiments/Detection_of_calls/Datasets/All_call_classes/Split_data_controlled/OpenSoundScape/Call_audios/padded_3s/SL30_Trial_3_trim_22.16653215_22.25404248_Check.WAV,0.0,3.0,False,False,False,True,False,False,False,False,False,False,False
/home/Shelby/blackbird_calls/Experiments/Detection_of_calls/Datasets/All_call_classes/Split_data_controlled/OpenSoundScape/Call_audios/padded_3s/EF01_Trial_3_trim_68.10990431_68.26301659_Check.WAV,0.0,3.0,False,False,False,True,False,False,False,False,False,False,False
/home/Shelby/blackbird_calls/Experiments/Detection_of_calls/Datasets/All_call_classes/Split_data_controlled/OpenSoundScape/Call_audios/padded_3s/SL17b_Trial_1_trim_9.970897322_10.88107717_Chits.WAV,0.0,3.0,False,False,False,False,False,True,False,False,False,False,False
/home/Shelby/blackbird_calls/Experiments/Detection_of_calls/Datasets/All_call_classes/Split_data_controlled/OpenSoundScape/Call_audios/padded_3s/SL02_Trial_3_trim_59.93556361_60.00501695_Check.WAV,0.0,3.0,False,False,False,True,False,False,False,False,False,False,False
/home/Shelby/blackbird_calls/Experiments/Detection_of_calls/Datasets/All_call_classes/Split_data_controlled/OpenSoundScape/Call_audios/padded_3s/EF01_Trial_3_trim_48.78971905_49.34327881_Cheer.WAV,0.0,3.0,False,False,False,False,True,False,False,False,False,False,False
/home/Shelby/blackbird_calls/Experiments/Detection_of_calls/Datasets/All_call_classes/Split_data_controlled/OpenSoundScape/Call_audios/padded_3s/SL07_Trial_3_trim_35.63834485_35.72935164_D.WAV,0.0,3.0,False,False,False,False,False,False,True,False,False,False,False
/home/Shelby/blackbird_calls/Experiments/Detection_of_calls/Datasets/All_call_classes/Split_data_controlled/OpenSoundScape/Call_audios/padded_3s/SL02_Trial_1_trim_2.471842479_2.541300247_Check.WAV,0.0,3.0,False,False,False,True,False,False,False,False,False,False,False
/home/Shelby/blackbird_calls/Experiments/Detection_of_calls/Datasets/All_call_classes/Split_data_controlled/OpenSoundScape/Call_audios/padded_3s/RC02_Trial_1_trim_37.34084871_37.40072159_Check.WAV,0.0,3.0,False,False,False,True,False,False,False,False,False,False,False
/home/Shelby/blackbird_calls/Experiments/Detection_of_calls/Datasets/All_call_classes/Split_data_controlled/OpenSoundScape/Call_audios/padded_3s/SL07_Trial_1_trim_53.04527143_53.715869_Cheer.WAV,0.0,3.0,False,False,False,False,True,False,False,False,False,False,False
/home/Shelby/blackbird_calls/Experiments/Detection_of_calls/Datasets/All_call_classes/Split_data_controlled/OpenSoundScape/Call_audios/padded_3s/SL11_Trial_1_trim_6.721178204_7.463628196_Cheer.WAV,0.0,3.0,False,False,False,False,True,False,False,False,False,False,False
/home/Shelby/blackbird_calls/Experiments/Detection_of_calls/Datasets/All_call_classes/Split_data_controlled/OpenSoundScape/Call_audios/padded_3s/AZ13_Trial_3_trim_41.91834113_42.39253565_Chits.WAV,0.0,3.0,False,False,False,False,False,True,False,False,False,False,False
/home/Shelby/blackbird_calls/Experiments/Detection_of_calls/Datasets/All_call_classes/Split_data_controlled/OpenSoundScape/Call_audios/padded_3s/EF01_Trial_2_trim_40.20668849_40.5252397_Chits.WAV,0.0,3.0,False,False,False,False,False,True,False,False,False,False,False
/home/Shelby/blackbird_calls/Experiments/Detection_of_calls/Datasets/All_call_classes/Split_data_controlled/OpenSoundScape/Call_audios/padded_3s/SL21_Trial_2_trim_51.90404552_52.12922064_Check.WAV,0.0,3.0,False,False,False,True,False,False,False,False,False,False,False
/home/Shelby/blackbird_calls/Experiments/Detection_of_calls/Datasets/All_call_classes/Split_data_controlled/OpenSoundScape/Call_audios/padded_3s/SL51_Trial_1_trim_50.00817475_50.09650825_Check.WAV,0.0,3.0,False,False,False,True,False,False,False,False,False,False,False
/home/Shelby/blackbird_calls/Experiments/Detection_of_calls/Datasets/All_call_classes/Split_data_controlled/OpenSoundScape/Call_audios/padded_3s/SL16_Trial_1_trim_59.58049281_59.71461188_Check.WAV,0.0,3.0,False,False,False,True,False,False,False,False,False,False,False
/home/Shelby/blackbird_calls/Experiments/Detection_of_calls/Datasets/All_call_classes/Split_data_controlled/OpenSoundScape/Call_audios/padded_3s/SL56_Trial_2_trim_29.26262494_29.37747414_Check.WAV,0.0,3.0,False,False,False,True,False,False,False,False,False,False,False
/home/Shelby/blackbird_calls/Experiments/Detection_of_calls/Datasets/All_call_classes/Split_data_controlled/OpenSoundScape/Call_audios/padded_3s/SL51_Trial_2_trim_21.63201343_21.70280183_Check.WAV,0.0,3.0,False,False,False,True,False,False,False,False,False,False,False
/home/Shelby/blackbird_calls/Experiments/Detection_of_calls/Datasets/All_call_classes/Split_data_controlled/OpenSoundScape/Call_audios/padded_3s/SL51_Trial_3_trim_19.47068004_19.58551201_Check.WAV,0.0,3.0,False,False,False,True,False,False,False,False,False,False,False
/home/Shelby/blackbird_calls/Experiments/Detection_of_calls/Datasets/All_call_classes/Split_data_controlled/OpenSoundScape/Call_audios/padded_3s/AZ13_Trial_3_trim_0.301760148_0.37121288_Check.WAV,0.0,3.0,False,False,False,True,False,False,False,False,False,False,False
/home/Shelby/blackbird_calls/Experiments/Detection_of_calls/Datasets/All_call_classes/Split_data_controlled/OpenSoundScape/Call_audios/padded_3s/SL12_Trial_1_trim_19.20489708_19.27771822_Check.WAV,0.0,3.0,False,False,False,True,False,False,False,False,False,False,False
/home/Shelby/blackbird_calls/Experiments/Detection_of_calls/Datasets/All_call_classes/Split_data_controlled/OpenSoundScape/Call_audios/padded_3s/SL28_Trial_3_trim_32.61103019_33.21482657_Cheer.WAV,0.0,3.0,False,False,False,False,True,False,False,False,False,False,False
/home/Shelby/blackbird_calls/Experiments/Detection_of_calls/Datasets/All_call_classes/Split_data_controlled/OpenSoundScape/Call_audios/padded_3s/SL54_Trial_2_trim_24.54568387_24.65757915_Check.WAV,0.0,3.0,False,False,False,True,False,False,False,False,False,False,False
/home/Shelby/blackbird_calls/Experiments/Detection_of_calls/Datasets/All_call_classes/Split_data_controlled/OpenSoundScape/Call_audios/padded_3s/AZ13_Trial_1_trim_22.03780661_22.12883068_Check.WAV,0.0,3.0,False,False,False,True,False,False,False,False,False,False,False
/home/Shelby/blackbird_calls/Experiments/Detection_of_calls/Datasets/All_call_classes/Split_data_controlled/OpenSoundScape/Call_audios/padded_3s/SL21_Trial_2_trim_40.38327234_40.65431647_Check.WAV,0.0,3.0,False,False,False,True,False,False,False,False,False,False,False
/home/Shelby/blackbird_calls/Experiments/Detection_of_calls/Datasets/All_call_classes/Split_data_controlled/OpenSoundScape/Call_audios/padded_3s/SL52_Trial_3_trim_45.60474958_45.77964789_Check.WAV,0.0,3.0,False,False,False,True,False,False,False,False,False,False,False
/home/Shelby/blackbird_calls/Experiments/Detection_of_calls/Datasets/All_call_classes/Split_data_controlled/OpenSoundScape/Call_audios/padded_3s/SL07_Trial_3_trim_18.74787221_18.83648408_D.WAV,0.0,3.0,False,False,False,False,False,False,True,False,False,False,False
/home/Shelby/blackbird_calls/Experiments/Detection_of_calls/Datasets/All_call_classes/Split_data_controlled/OpenSoundScape/Call_audios/padded_3s/SL42_Trial_1_trim_9.828824006_9.922564824_Check.WAV,0.0,3.0,False,False,False,True,False,False,False,False,False,False,False
/home/Shelby/blackbird_calls/Experiments/Detection_of_calls/Datasets/All_call_classes/Split_data_controlled/OpenSoundScape/Call_audios/padded_3s/SL22_Trial_2_trim_25.50164607_25.63489483_Check.WAV,0.0,3.0,False,False,False,True,False,False,False,False,False,False,False
/home/Shelby/blackbird_calls/Experiments/Detection_of_calls/Datasets/All_call_classes/Split_data_controlled/OpenSoundScape/Call_audios/padded_3s/SL49_Trial_2_trim_55.43865254_56.15285162_Cheer.WAV,0.0,3.0,False,False,False,False,True,False,False,False,False,False,False
/home/Shelby/blackbird_calls/Experiments/Detection_of_calls/Datasets/All_call_classes/Split_data_controlled/OpenSoundScape/Call_audios/padded_3s/SL22_Trial_2_trim_10.36957824_10.51115504_Check.WAV,0.0,3.0,False,False,False,True,False,False,False,False,False,False,False
/home/Shelby/blackbird_calls/Experiments/Detection_of_calls/Datasets/All_call_classes/Split_data_controlled/OpenSoundScape/Call_audios/padded_3s/SL21_Trial_3_trim_28.83386296_28.97240256_Check.WAV,0.0,3.0,False,False,False,True,False,False,False,False,False,False,False
/home/Shelby/blackbird_calls/Experiments/Detection_of_calls/Datasets/All_call_classes/Split_data_controlled/OpenSoundScape/Call_audios/padded_3s/SL30_Trial_3_trim_9.590182541_9.700612241_Check.WAV,0.0,3.0,False,False,False,True,False,False,False,False,False,False,False
/home/Shelby/blackbird_calls/Experiments/Detection_of_calls/Datasets/All_call_classes/Split_data_controlled/OpenSoundScape/Call_audios/padded_3s/SL38_Trial_1_trim_55.48301064_56.07238202_Cheer.WAV,0.0,3.0,False,False,False,False,True,False,False,False,False,False,False
/home/Shelby/blackbird_calls/Experiments/Detection_of_calls/Datasets/All_call_classes/Split_data_controlled/OpenSoundScape/Call_audios/padded_3s/SL54_Trial_3_trim_32.22332176_32.39002519_Check.WAV,0.0,3.0,False,False,False,True,False,False,False,False,False,False,False
/home/Shelby/blackbird_calls/Experiments/Detection_of_calls/Datasets/All_call_classes/Split_data_controlled/OpenSoundScape/Call_audios/padded_3s/SL42_Trial_1_trim_5.079732637_5.154725292_Check.WAV,0.0,3.0,False,False,False,True,False,False,False,False,False,False,False
/home/Shelby/blackbird_calls/Experiments/Detection_of_calls/Datasets/All_call_classes/Split_data_controlled/OpenSoundScape/Call_audios/padded_3s/SL11_Trial_2_trim_28.10215599_28.83526231_G.WAV,0.0,3.0,False,False,False,False,False,False,False,False,True,False,False
/home/Shelby/blackbird_calls/Experiments/Detection_of_calls/Datasets/All_call_classes/Split_data_controlled/OpenSoundScape/Call_audios/padded_3s/SL42_Trial_1_trim_33.32306469_33.86259518_Cheer.WAV,0.0,3.0,False,False,False,False,True,False,False,False,False,False,False
/home/Shelby/blackbird_calls/Experiments/Detection_of_calls/Datasets/All_call_classes/Split_data_controlled/OpenSoundScape/Call_audios/padded_3s/SL49_Trial_2_trim_21.12874608_21.20162354_D.WAV,0.0,3.0,False,False,False,False,False,False,True,False,False,False,False
/home/Shelby/blackbird_calls/Experiments/Detection_of_calls/Datasets/All_call_classes/Split_data_controlled/OpenSoundScape/Call_audios/padded_3s/SL02_Trial_2_trim_37.60501907_37.66490563_Check.WAV,0.0,3.0,False,False,False,True,False,False,False,False,False,False,False
/home/Shelby/blackbird_calls/Experiments/Detection_of_calls/Datasets/All_call_classes/Split_data_controlled/OpenSoundScape/Call_audios/padded_3s/AZ15_Trial_1_trim_18.79145175_18.85850938_Check.WAV,0.0,3.0,False,False,False,True,False,False,False,False,False,False,False
/home/Shelby/blackbird_calls/Experiments/Detection_of_calls/Datasets/All_call_classes/Split_data_controlled/OpenSoundScape/Call_audios/padded_3s/SL02_Trial_3_trim_25.13236448_25.32635484_I.WAV,0.0,3.0,False,False,False,False,False,False,True,False,False,False,False
/home/Shelby/blackbird_calls/Experiments/Detection_of_calls/Datasets/All_call_classes/Split_data_controlled/OpenSoundScape/Call_audios/padded_3s/SL38_Trial_3_trim_52.76983939_52.84479474_Check.WAV,0.0,3.0,False,False,False,True,False,False,False,False,False,False,False
/home/Shelby/blackbird_calls/Experiments/Detection_of_calls/Datasets/All_call_classes/Split_data_controlled/OpenSoundScape/Call_audios/padded_3s/SL38_Trial_1_trim_17.62942981_18.32501298_Cheer.WAV,0.0,3.0,False,False,False,False,True,False,False,False,False,False,False
/home/Shelby/blackbird_calls/Experiments/Detection_of_calls/Datasets/All_call_classes/Split_data_controlled/OpenSoundScape/Call_audios/padded_3s/SL51_Trial_3_trim_40.9093173_41.00942722_Check.WAV,0.0,3.0,False,False,False,True,False,False,False,False,False,False,False
/home/Shelby/blackbird_calls/Experiments/Detection_of_calls/Datasets/All_call_classes/Split_data_controlled/OpenSoundScape/Call_audios/padded_3s/EF04_Trial_2_trim_11.10256226_11.18398938_Check.WAV,0.0,3.0,False,False,False,True,False,False,False,False,False,False,False
/home/Shelby/blackbird_calls/Experiments/Detection_of_calls/Datasets/All_call_classes/Split_data_controlled/OpenSoundScape/Call_audios/padded_3s/SL51_Trial_2_trim_49.87237654_50.3928795_Cheer.WAV,0.0,3.0,False,False,False,False,True,False,False,False,False,False,False
/home/Shelby/blackbird_calls/Experiments/Detection_of_calls/Datasets/All_call_classes/Split_data_controlled/OpenSoundScape/Call_audios/padded_3s/SL07_Trial_3_trim_35.73431871_35.78940176_Check.WAV,0.0,3.0,False,False,False,True,False,False,False,False,False,False,False
/home/Shelby/blackbird_calls/Experiments/Detection_of_calls/Datasets/All_call_classes/Split_data_controlled/OpenSoundScape/Call_audios/padded_3s/SL54_Trial_1_trim_42.26244619_42.48326892_B.WAV,0.0,3.0,False,True,False,False,False,False,False,False,False,False,False
/home/Shelby/blackbird_calls/Experiments/Detection_of_calls/Datasets/All_call_classes/Split_data_controlled/OpenSoundScape/Call_audios/padded_3s/SL51_Trial_1_trim_19.0919843_19.2745402_Check.WAV,0.0,3.0,False,False,False,True,False,False,False,False,False,False,False
/home/Shelby/blackbird_calls/Experiments/Detection_of_calls/Datasets/All_call_classes/Split_data_controlled/OpenSoundScape/Call_audios/padded_3s/SL42_Trial_2_trim_42.46546674_42.52793017_Check.WAV,0.0,3.0,False,False,False,True,False,False,False,False,False,False,False
/home/Shelby/blackbird_calls/Experiments/Detection_of_calls/Datasets/All_call_classes/Split_data_controlled/OpenSoundScape/Call_audios/padded_3s/SL22_Trial_1_trim_23.74283648_23.82526519_Check.WAV,0.0,3.0,False,False,False,True,False,False,False,False,False,False,False
/home/Shelby/blackbird_calls/Experiments/Detection_of_calls/Datasets/All_call_classes/Split_data_controlled/OpenSoundScape/Call_audios/padded_3s/AZ13_Trial_2_trim_16.94379425_17.02522169_Check.WAV,0.0,3.0,False,False,False,True,False,False,False,False,False,False,False
/home/Shelby/blackbird_calls/Experiments/Detection_of_calls/Datasets/All_call_classes/Split_data_controlled/OpenSoundScape/Call_audios/padded_3s/SL07_Trial_1_trim_7.551476601_7.637696289_Check.WAV,0.0,3.0,False,False,False,True,False,False,False,False,False,False,False
/home/Shelby/blackbird_calls/Experiments/Detection_of_calls/Datasets/All_call_classes/Split_data_controlled/OpenSoundScape/Call_audios/padded_3s/SL44_Trial_1_trim_24.27860296_24.36988_E.WAV,0.0,3.0,False,False,False,False,False,False,False,True,False,False,False
/home/Shelby/blackbird_calls/Experiments/Detection_of_calls/Datasets/All_call_classes/Split_data_controlled/OpenSoundScape/Call_audios/padded_3s/AZ13_Trial_1_trim_22.78037142_22.86900012_Check.WAV,0.0,3.0,False,False,False,True,False,False,False,False,False,False,False
/home/Shelby/blackbird_calls/Experiments/Detection_of_calls/Datasets/All_call_classes/Split_data_controlled/OpenSoundScape/Call_audios/padded_3s/AZ15_Trial_3_trim_53.62558728_53.74293813_Check.WAV,0.0,3.0,False,False,False,True,False,False,False,False,False,False,False
/home/Shelby/blackbird_calls/Experiments/Detection_of_calls/Datasets/All_call_classes/Split_data_controlled/OpenSoundScape/Call_audios/padded_3s/SL10_Trial_1_trim_27.39873971_28.01668746_Cheer.WAV,0.0,3.0,False,False,False,False,True,False,False,False,False,False,False
/home/Shelby/blackbird_calls/Experiments/Detection_of_calls/Datasets/All_call_classes/Split_data_controlled/OpenSoundScape/Call_audios/padded_3s/SL42_Trial_1_trim_33.1459987_33.21057571_Check.WAV,0.0,3.0,False,False,False,True,False,False,False,False,False,False,False
/home/Shelby/blackbird_calls/Experiments/Detection_of_calls/Datasets/All_call_classes/Split_data_controlled/OpenSoundScape/Call_audios/padded_3s/SL50_Trial_1_trim_23.08951456_23.30188612_M.WAV,0.0,3.0,True,False,False,False,False,False,False,False,False,False,False
/home/Shelby/blackbird_calls/Experiments/Detection_of_calls/Datasets/All_call_classes/Split_data_controlled/OpenSoundScape/Call_audios/padded_3s/SL13_Trial_2_trim_59.36460514_59.45629302_Check.WAV,0.0,3.0,False,False,False,True,False,False,False,False,False,False,False
/home/Shelby/blackbird_calls/Experiments/Detection_of_calls/Datasets/All_call_classes/Split_data_controlled/OpenSoundScape/Call_audios/padded_3s/SL52_Trial_1_trim_20.5843942_20.71347893_Check.WAV,0.0,3.0,False,False,False,True,False,False,False,False,False,False,False
/home/Shelby/blackbird_calls/Experiments/Detection_of_calls/Datasets/All_call_classes/Split_data_controlled/OpenSoundScape/Call_audios/padded_3s/SL16_Trial_2_trim_28.67405607_29.54873665_Chits.WAV,0.0,3.0,False,False,False,False,False,True,False,False,False,False,False
/home/Shelby/blackbird_calls/Experiments/Detection_of_calls/Datasets/All_call_classes/Split_data_controlled/OpenSoundScape/Call_audios/padded_3s/SL09_Trial_1_trim_10.40849479_10.53728841_Check.WAV,0.0,3.0,False,False,False,True,False,False,False,False,False,False,False
/home/Shelby/blackbird_calls/Experiments/Detection_of_calls/Datasets/All_call_classes/Split_data_controlled/OpenSoundScape/Call_audios/padded_3s/SL17a_Trial_3_trim_59.83745632_60.97215275_Chits.WAV,0.0,3.0,False,False,False,False,False,True,False,False,False,False,False
/home/Shelby/blackbird_calls/Experiments/Detection_of_calls/Datasets/All_call_classes/Split_data_controlled/OpenSoundScape/Call_audios/padded_3s/AZ15_Trial_1_trim_35.56159496_35.68613056_Check.WAV,0.0,3.0,False,False,False,True,False,False,False,False,False,False,False
/home/Shelby/blackbird_calls/Experiments/Detection_of_calls/Datasets/All_call_classes/Split_data_controlled/OpenSoundScape/Call_audios/padded_3s/SL42_Trial_2_trim_10.68151073_11.12708317_Chits.WAV,0.0,3.0,False,False,False,False,False,True,False,False,False,False,False
/home/Shelby/blackbird_calls/Experiments/Detection_of_calls/Datasets/All_call_classes/Split_data_controlled/OpenSoundScape/Call_audios/padded_3s/SL43_Trial_2_trim_33.46157392_34.40264783_Cheer.WAV,0.0,3.0,False,False,False,False,True,False,False,False,False,False,False
/home/Shelby/blackbird_calls/Experiments/Detection_of_calls/Datasets/All_call_classes/Split_data_controlled/OpenSoundScape/Call_audios/padded_3s/SL43_Trial_2_trim_46.82399103_47.02802918_Check.WAV,0.0,3.0,False,False,False,True,False,False,False,False,False,False,False
/home/Shelby/blackbird_calls/Experiments/Detection_of_calls/Datasets/All_call_classes/Split_data_controlled/OpenSoundScape/Call_audios/padded_3s/SL22_Trial_1_trim_2.584728941_2.678933185_Check.WAV,0.0,3.0,False,False,False,True,False,False,False,False,False,False,False
/home/Shelby/blackbird_calls/Experiments/Detection_of_calls/Datasets/All_call_classes/Split_data_controlled/OpenSoundScape/Call_audios/padded_3s/AZ08_Trial_3_trim_36.65462663_36.76639732_Check.WAV,0.0,3.0,False,False,False,True,False,False,False,False,False,False,False
/home/Shelby/blackbird_calls/Experiments/Detection_of_calls/Datasets/All_call_classes/Split_data_controlled/OpenSoundScape/Call_audios/padded_3s/SL16_Trial_3_trim_25.49761784_25.56840789_Check.WAV,0.0,3.0,False,False,False,True,False,False,False,False,False,False,False
/home/Shelby/blackbird_calls/Experiments/Detection_of_calls/Datasets/All_call_classes/Split_data_controlled/OpenSoundScape/Call_audios/padded_3s/SL42_Trial_3_trim_57.19328339_57.91478681_Cheer.WAV,0.0,3.0,False,False,False,False,True,False,False,False,False,False,False
/home/Shelby/blackbird_calls/Experiments/Detection_of_calls/Datasets/All_call_classes/Split_data_controlled/OpenSoundScape/Call_audios/padded_3s/SL51_Trial_2_trim_47.6230042_48.18098336_Cheer.WAV,0.0,3.0,False,False,False,False,True,False,False,False,False,False,False
/home/Shelby/blackbird_calls/Experiments/Detection_of_calls/Datasets/All_call_classes/Split_data_controlled/OpenSoundScape/Call_audios/padded_3s/EF01_Trial_3_trim_68.45146246_68.86368781_Chits.WAV,0.0,3.0,False,False,False,False,False,True,False,False,False,False,False
/home/Shelby/blackbird_calls/Experiments/Detection_of_calls/Datasets/All_call_classes/Split_data_controlled/OpenSoundScape/Call_audios/padded_3s/SL02_Trial_1_trim_8.2078427_8.277300467_Check.WAV,0.0,3.0,False,False,False,True,False,False,False,False,False,False,False
/home/Shelby/blackbird_calls/Experiments/Detection_of_calls/Datasets/All_call_classes/Split_data_controlled/OpenSoundScape/Call_audios/padded_3s/SL42_Trial_1_trim_22.78783556_22.90240767_Check.WAV,0.0,3.0,False,False,False,True,False,False,False,False,False,False,False
/home/Shelby/blackbird_calls/Experiments/Detection_of_calls/Datasets/All_call_classes/Split_data_controlled/OpenSoundScape/Call_audios/padded_3s/SL50_Trial_3_trim_35.69442932_35.77100967_Check.WAV,0.0,3.0,False,False,False,True,False,False,False,False,False,False,False
/home/Shelby/blackbird_calls/Experiments/Detection_of_calls/Datasets/All_call_classes/Split_data_controlled/OpenSoundScape/Call_audios/padded_3s/SL12_Trial_1_trim_25.84934209_25.95772704_Check.WAV,0.0,3.0,False,False,False,True,False,False,False,False,False,False,False
/home/Shelby/blackbird_calls/Experiments/Detection_of_calls/Datasets/All_call_classes/Split_data_controlled/OpenSoundScape/Call_audios/padded_3s/AZ15_Trial_3_trim_31.02849187_31.12907831_Check.WAV,0.0,3.0,False,False,False,True,False,False,False,False,False,False,False
/home/Shelby/blackbird_calls/Experiments/Detection_of_calls/Datasets/All_call_classes/Split_data_controlled/OpenSoundScape/Call_audios/padded_3s/SL22_Trial_2_trim_37.7066358_37.80240834_Check.WAV,0.0,3.0,False,False,False,True,False,False,False,False,False,False,False
/home/Shelby/blackbird_calls/Experiments/Detection_of_calls/Datasets/All_call_classes/Split_data_controlled/OpenSoundScape/Call_audios/padded_3s/SL30_Trial_3_trim_16.36518467_16.47144721_Check.WAV,0.0,3.0,False,False,False,True,False,False,False,False,False,False,False
/home/Shelby/blackbird_calls/Experiments/Detection_of_calls/Datasets/All_call_classes/Split_data_controlled/OpenSoundScape/Call_audios/padded_3s/AZ15_Trial_1_trim_30.99209653_31.14058128_Check.WAV,0.0,3.0,False,False,False,True,False,False,False,False,False,False,False
/home/Shelby/blackbird_calls/Experiments/Detection_of_calls/Datasets/All_call_classes/Split_data_controlled/OpenSoundScape/Call_audios/padded_3s/SL42_Trial_3_trim_24.36204183_24.43860954_Check.WAV,0.0,3.0,False,False,False,True,False,False,False,False,False,False,False
/home/Shelby/blackbird_calls/Experiments/Detection_of_calls/Datasets/All_call_classes/Split_data_controlled/OpenSoundScape/Call_audios/padded_3s/SL17a_Trial_3_trim_4.6487336_4.725768037_E.WAV,0.0,3.0,False,False,False,False,False,False,False,True,False,False,False
/home/Shelby/blackbird_calls/Experiments/Detection_of_calls/Datasets/All_call_classes/Split_data_controlled/OpenSoundScape/Call_audios/padded_3s/SL07_Trial_1_trim_41.48211712_42.0952349_Cheer.WAV,0.0,3.0,False,False,False,False,True,False,False,False,False,False,False
/home/Shelby/blackbird_calls/Experiments/Detection_of_calls/Datasets/All_call_classes/Split_data_controlled/OpenSoundScape/Call_audios/padded_3s/SL52_Trial_3_trim_6.595471589_6.695413479_Check.WAV,0.0,3.0,False,False,False,True,False,False,False,False,False,False,False
/home/Shelby/blackbird_calls/Experiments/Detection_of_calls/Datasets/All_call_classes/Split_data_controlled/OpenSoundScape/Call_audios/padded_3s/SL42_Trial_1_trim_2.308107269_2.378933665_Check.WAV,0.0,3.0,False,False,False,True,False,False,False,False,False,False,False
/home/Shelby/blackbird_calls/Experiments/Detection_of_calls/Datasets/All_call_classes/Split_data_controlled/OpenSoundScape/Call_audios/padded_3s/EF01_Trial_3_trim_0.412225352_0.535892958_Check.WAV,0.0,3.0,False,False,False,True,False,False,False,False,False,False,False
/home/Shelby/blackbird_calls/Experiments/Detection_of_calls/Datasets/All_call_classes/Split_data_controlled/OpenSoundScape/Call_audios/padded_3s/AZ15_Trial_1_trim_38.50228503_38.61245113_Check.WAV,0.0,3.0,False,False,False,True,False,False,False,False,False,False,False
/home/Shelby/blackbird_calls/Experiments/Detection_of_calls/Datasets/All_call_classes/Split_data_controlled/OpenSoundScape/Call_audios/padded_3s/SL36_Trial_1_trim_46.8390368_46.94313813_Check.WAV,0.0,3.0,False,False,False,True,False,False,False,False,False,False,False
/home/Shelby/blackbird_calls/Experiments/Detection_of_calls/Datasets/All_call_classes/Split_data_controlled/OpenSoundScape/Call_audios/padded_3s/SL44_Trial_1_trim_17.85749901_17.9428872_E.WAV,0.0,3.0,False,False,False,False,False,False,False,True,False,False,False
/home/Shelby/blackbird_calls/Experiments/Detection_of_calls/Datasets/All_call_classes/Split_data_controlled/OpenSoundScape/Call_audios/padded_3s/SL07_Trial_1_trim_49.20768648_49.71063466_Cheer.WAV,0.0,3.0,False,False,False,False,True,False,False,False,False,False,False
/home/Shelby/blackbird_calls/Experiments/Detection_of_calls/Datasets/All_call_classes/Split_data_controlled/OpenSoundScape/Call_audios/padded_3s/SL21_Trial_2_trim_36.03773678_36.95179391_K.WAV,0.0,3.0,False,False,False,False,False,False,False,False,False,False,True
/home/Shelby/blackbird_calls/Experiments/Detection_of_calls/Datasets/All_call_classes/Split_data_controlled/OpenSoundScape/Call_audios/padded_3s/SL52_Trial_1_trim_51.5802418_51.68017837_Check.WAV,0.0,3.0,False,False,False,True,False,False,False,False,False,False,False
/home/Shelby/blackbird_calls/Experiments/Detection_of_calls/Datasets/All_call_classes/Split_data_controlled/OpenSoundScape/Call_audios/padded_3s/SL21_Trial_1_trim_22.1998285_22.29405469_Check.WAV,0.0,3.0,False,False,False,True,False,False,False,False,False,False,False
/home/Shelby/blackbird_calls/Experiments/Detection_of_calls/Datasets/All_call_classes/Split_data_controlled/OpenSoundScape/Call_audios/padded_3s/RC02_Trial_1_trim_25.00074306_25.62581596_Chits.WAV,0.0,3.0,False,False,False,False,False,True,False,False,False,False,False
/home/Shelby/blackbird_calls/Experiments/Detection_of_calls/Datasets/All_call_classes/Split_data_controlled/OpenSoundScape/Call_audios/padded_3s/SL50_Trial_3_trim_20.87682915_20.9563549_Check.WAV,0.0,3.0,False,False,False,True,False,False,False,False,False,False,False
/home/Shelby/blackbird_calls/Experiments/Detection_of_calls/Datasets/All_call_classes/Split_data_controlled/OpenSoundScape/Call_audios/padded_3s/SL01_Trial_3_trim_47.1682977_47.24278988_Check.WAV,0.0,3.0,False,False,False,True,False,False,False,False,False,False,False
/home/Shelby/blackbird_calls/Experiments/Detection_of_calls/Datasets/All_call_classes/Split_data_controlled/OpenSoundScape/Call_audios/padded_3s/SL22_Trial_1_trim_57.61120794_57.71424383_Check.WAV,0.0,3.0,False,False,False,True,False,False,False,False,False,False,False
/home/Shelby/blackbird_calls/Experiments/Detection_of_calls/Datasets/All_call_classes/Split_data_controlled/OpenSoundScape/Call_audios/padded_3s/SL09_Trial_3_trim_53.47589836_53.68591286_E.WAV,0.0,3.0,False,False,False,False,False,False,False,True,False,False,False
/home/Shelby/blackbird_calls/Experiments/Detection_of_calls/Datasets/All_call_classes/Split_data_controlled/OpenSoundScape/Call_audios/padded_3s/AZ13_Trial_1_trim_34.39174305_34.48516249_Check.WAV,0.0,3.0,False,False,False,True,False,False,False,False,False,False,False
/home/Shelby/blackbird_calls/Experiments/Detection_of_calls/Datasets/All_call_classes/Split_data_controlled/OpenSoundScape/Call_audios/padded_3s/SL02_Trial_3_trim_37.73059524_37.82160307_Check.WAV,0.0,3.0,False,False,False,True,False,False,False,False,False,False,False
/home/Shelby/blackbird_calls/Experiments/Detection_of_calls/Datasets/All_call_classes/Split_data_controlled/OpenSoundScape/Call_audios/padded_3s/AZ13_Trial_3_trim_40.35157394_40.44258097_Check.WAV,0.0,3.0,False,False,False,True,False,False,False,False,False,False,False
/home/Shelby/blackbird_calls/Experiments/Detection_of_calls/Datasets/All_call_classes/Split_data_controlled/OpenSoundScape/Call_audios/padded_3s/SL36_Trial_1_trim_24.78905047_24.84110114_Check.WAV,0.0,3.0,False,False,False,True,False,False,False,False,False,False,False
/home/Shelby/blackbird_calls/Experiments/Detection_of_calls/Datasets/All_call_classes/Split_data_controlled/OpenSoundScape/Call_audios/padded_3s/AZ13_Trial_2_trim_59.50441905_59.58345156_Check.WAV,0.0,3.0,False,False,False,True,False,False,False,False,False,False,False
/home/Shelby/blackbird_calls/Experiments/Detection_of_calls/Datasets/All_call_classes/Split_data_controlled/OpenSoundScape/Call_audios/padded_3s/SL28_Trial_3_trim_12.76300898_12.85045536_Check.WAV,0.0,3.0,False,False,False,True,False,False,False,False,False,False,False
/home/Shelby/blackbird_calls/Experiments/Detection_of_calls/Datasets/All_call_classes/Split_data_controlled/OpenSoundScape/Call_audios/padded_3s/AZ08_Trial_1_trim_29.28690781_29.37835657_C.WAV,0.0,3.0,False,False,True,False,False,False,False,False,False,False,False
/home/Shelby/blackbird_calls/Experiments/Detection_of_calls/Datasets/All_call_classes/Split_data_controlled/OpenSoundScape/Call_audios/padded_3s/SL16_Trial_1_trim_8.36252281_8.482271978_Check.WAV,0.0,3.0,False,False,False,True,False,False,False,False,False,False,False
/home/Shelby/blackbird_calls/Experiments/Detection_of_calls/Datasets/All_call_classes/Split_data_controlled/OpenSoundScape/Call_audios/padded_3s/SL02_Trial_2_trim_57.93760828_58.02624038_Check.WAV,0.0,3.0,False,False,False,True,False,False,False,False,False,False,False
/home/Shelby/blackbird_calls/Experiments/Detection_of_calls/Datasets/All_call_classes/Split_data_controlled/OpenSoundScape/Call_audios/padded_3s/AZ15_Trial_3_trim_12.59999053_12.68620748_Check.WAV,0.0,3.0,False,False,False,True,False,False,False,False,False,False,False
/home/Shelby/blackbird_calls/Experiments/Detection_of_calls/Datasets/All_call_classes/Split_data_controlled/OpenSoundScape/Call_audios/padded_3s/AZ13_Trial_1_trim_42.81353855_42.89498114_Check.WAV,0.0,3.0,False,False,False,True,False,False,False,False,False,False,False
/home/Shelby/blackbird_calls/Experiments/Detection_of_calls/Datasets/All_call_classes/Split_data_controlled/OpenSoundScape/Call_audios/padded_3s/SL50_Trial_1_trim_3.568675057_3.80186736_M.WAV,0.0,3.0,True,False,False,False,False,False,False,False,False,False,False
/home/Shelby/blackbird_calls/Experiments/Detection_of_calls/Datasets/All_call_classes/Split_data_controlled/OpenSoundScape/Call_audios/padded_3s/AZ02_Trial_3_trim_12.40183066_12.58864508_Check.WAV,0.0,3.0,False,False,False,True,False,False,False,False,False,False,False
/home/Shelby/blackbird_calls/Experiments/Detection_of_calls/Datasets/All_call_classes/Split_data_controlled/OpenSoundScape/Call_audios/padded_3s/SL56_Trial_2_trim_9.49693306_9.567609494_Check.WAV,0.0,3.0,False,False,False,True,False,False,False,False,False,False,False
/home/Shelby/blackbird_calls/Experiments/Detection_of_calls/Datasets/All_call_classes/Split_data_controlled/OpenSoundScape/Call_audios/padded_3s/SL22_Trial_1_trim_7.696006885_8.305390587_Cheer.WAV,0.0,3.0,False,False,False,False,True,False,False,False,False,False,False
/home/Shelby/blackbird_calls/Experiments/Detection_of_calls/Datasets/All_call_classes/Split_data_controlled/OpenSoundScape/Call_audios/padded_3s/SL52_Trial_3_trim_38.72379506_38.83206544_Check.WAV,0.0,3.0,False,False,False,True,False,False,False,False,False,False,False
/home/Shelby/blackbird_calls/Experiments/Detection_of_calls/Datasets/All_call_classes/Split_data_controlled/OpenSoundScape/Call_audios/padded_3s/SL17a_Trial_3_trim_39.67055767_39.78923234_Check.WAV,0.0,3.0,False,False,False,True,False,False,False,False,False,False,False
/home/Shelby/blackbird_calls/Experiments/Detection_of_calls/Datasets/All_call_classes/Split_data_controlled/OpenSoundScape/Call_audios/padded_3s/SL36_Trial_1_trim_29.3020848_30.07451665_Cheer.WAV,0.0,3.0,False,False,False,False,True,False,False,False,False,False,False
/home/Shelby/blackbird_calls/Experiments/Detection_of_calls/Datasets/All_call_classes/Split_data_controlled/OpenSoundScape/Call_audios/padded_3s/SL52_Trial_1_trim_24.6357591_24.76484383_Check.WAV,0.0,3.0,False,False,False,True,False,False,False,False,False,False,False
/home/Shelby/blackbird_calls/Experiments/Detection_of_calls/Datasets/All_call_classes/Split_data_controlled/OpenSoundScape/Call_audios/padded_3s/SL21_Trial_3_trim_16.67975452_17.25454647_K.WAV,0.0,3.0,False,False,False,False,False,False,False,False,False,False,True
/home/Shelby/blackbird_calls/Experiments/Detection_of_calls/Datasets/All_call_classes/Split_data_controlled/OpenSoundScape/Call_audios/padded_3s/SL50_Trial_3_trim_38.66366542_38.75202736_Check.WAV,0.0,3.0,False,False,False,True,False,False,False,False,False,False,False
/home/Shelby/blackbird_calls/Experiments/Detection_of_calls/Datasets/All_call_classes/Split_data_controlled/OpenSoundScape/Call_audios/padded_3s/SL54_Trial_3_trim_45.54431858_45.92356887_Chits.WAV,0.0,3.0,False,False,False,False,False,True,False,False,False,False,False
/home/Shelby/blackbird_calls/Experiments/Detection_of_calls/Datasets/All_call_classes/Split_data_controlled/OpenSoundScape/Call_audios/padded_3s/SL42_Trial_1_trim_42.48258006_42.56590523_Check.WAV,0.0,3.0,False,False,False,True,False,False,False,False,False,False,False
/home/Shelby/blackbird_calls/Experiments/Detection_of_calls/Datasets/All_call_classes/Split_data_controlled/OpenSoundScape/Call_audios/padded_3s/SL38_Trial_3_trim_47.36074233_48.31642292_Cheer.WAV,0.0,3.0,False,False,False,False,True,False,False,False,False,False,False
/home/Shelby/blackbird_calls/Experiments/Detection_of_calls/Datasets/All_call_classes/Split_data_controlled/OpenSoundScape/Call_audios/padded_3s/SL38_Trial_1_trim_30.38840424_31.01109696_Cheer.WAV,0.0,3.0,False,False,False,False,True,False,False,False,False,False,False
/home/Shelby/blackbird_calls/Experiments/Detection_of_calls/Datasets/All_call_classes/Split_data_controlled/OpenSoundScape/Call_audios/padded_3s/SL11_Trial_3_trim_14.98750498_15.10943736_E.WAV,0.0,3.0,False,False,False,False,False,False,False,True,False,False,False
/home/Shelby/blackbird_calls/Experiments/Detection_of_calls/Datasets/All_call_classes/Split_data_controlled/OpenSoundScape/Call_audios/padded_3s/AZ15_Trial_1_trim_38.98605792_39.08664437_Check.WAV,0.0,3.0,False,False,False,True,False,False,False,False,False,False,False
/home/Shelby/blackbird_calls/Experiments/Detection_of_calls/Datasets/All_call_classes/Split_data_controlled/OpenSoundScape/Call_audios/padded_3s/SL09_Trial_3_trim_62.2659329_62.43529943_E.WAV,0.0,3.0,False,False,False,False,False,False,False,True,False,False,False
/home/Shelby/blackbird_calls/Experiments/Detection_of_calls/Datasets/All_call_classes/Split_data_controlled/OpenSoundScape/Call_audios/padded_3s/SL17a_Trial_2_trim_50.60261444_50.66299425_E.WAV,0.0,3.0,False,False,False,False,False,False,False,True,False,False,False
/home/Shelby/blackbird_calls/Experiments/Detection_of_calls/Datasets/All_call_classes/Split_data_controlled/OpenSoundScape/Call_audios/padded_3s/AZ15_Trial_1_trim_33.52112711_33.6456627_Check.WAV,0.0,3.0,False,False,False,True,False,False,False,False,False,False,False
/home/Shelby/blackbird_calls/Experiments/Detection_of_calls/Datasets/All_call_classes/Split_data_controlled/OpenSoundScape/Call_audios/padded_3s/SL38_Trial_3_trim_35.27100204_35.34387529_Check.WAV,0.0,3.0,False,False,False,True,False,False,False,False,False,False,False
/home/Shelby/blackbird_calls/Experiments/Detection_of_calls/Datasets/All_call_classes/Split_data_controlled/OpenSoundScape/Call_audios/padded_3s/SL07_Trial_1_trim_1.777083565_2.203392022_Cheer.WAV,0.0,3.0,False,False,False,False,True,False,False,False,False,False,False
/home/Shelby/blackbird_calls/Experiments/Detection_of_calls/Datasets/All_call_classes/Split_data_controlled/OpenSoundScape/Call_audios/padded_3s/AZ13_Trial_1_trim_22.32764642_22.43783346_Check.WAV,0.0,3.0,False,False,False,True,False,False,False,False,False,False,False
/home/Shelby/blackbird_calls/Experiments/Detection_of_calls/Datasets/All_call_classes/Split_data_controlled/OpenSoundScape/Call_audios/padded_3s/SL50_Trial_1_trim_14.09980977_14.84935645_Cheer.WAV,0.0,3.0,False,False,False,False,True,False,False,False,False,False,False
/home/Shelby/blackbird_calls/Experiments/Detection_of_calls/Datasets/All_call_classes/Split_data_controlled/OpenSoundScape/Call_audios/padded_3s/AZ15_Trial_1_trim_45.23222419_45.31365131_Check.WAV,0.0,3.0,False,False,False,True,False,False,False,False,False,False,False
/home/Shelby/blackbird_calls/Experiments/Detection_of_calls/Datasets/All_call_classes/Split_data_controlled/OpenSoundScape/Call_audios/padded_3s/SL54_Trial_3_trim_26.85106757_26.97192756_Check.WAV,0.0,3.0,False,False,False,True,False,False,False,False,False,False,False
/home/Shelby/blackbird_calls/Experiments/Detection_of_calls/Datasets/All_call_classes/Split_data_controlled/OpenSoundScape/Call_audios/padded_3s/SL07_Trial_1_trim_32.58765125_32.70740081_D.WAV,0.0,3.0,False,False,False,False,False,False,True,False,False,False,False
/home/Shelby/blackbird_calls/Experiments/Detection_of_calls/Datasets/All_call_classes/Split_data_controlled/OpenSoundScape/Call_audios/padded_3s/SL50_Trial_3_trim_40.63647647_40.72483841_Check.WAV,0.0,3.0,False,False,False,True,False,False,False,False,False,False,False
/home/Shelby/blackbird_calls/Experiments/Detection_of_calls/Datasets/All_call_classes/Split_data_controlled/OpenSoundScape/Call_audios/padded_3s/SL02_Trial_2_trim_49.41643305_49.47871506_Check.WAV,0.0,3.0,False,False,False,True,False,False,False,False,False,False,False
/home/Shelby/blackbird_calls/Experiments/Detection_of_calls/Datasets/All_call_classes/Split_data_controlled/OpenSoundScape/Call_audios/padded_3s/SL07_Trial_1_trim_46.82764911_47.00966845_D.WAV,0.0,3.0,False,False,False,False,False,False,True,False,False,False,False
/home/Shelby/blackbird_calls/Experiments/Detection_of_calls/Datasets/All_call_classes/Split_data_controlled/OpenSoundScape/Call_audios/padded_3s/SL36_Trial_1_trim_50.86939673_50.91728334_Check.WAV,0.0,3.0,False,False,False,True,False,False,False,False,False,False,False
/home/Shelby/blackbird_calls/Experiments/Detection_of_calls/Datasets/All_call_classes/Split_data_controlled/OpenSoundScape/Call_audios/padded_3s/SL02_Trial_1_trim_8.528785489_8.588662875_Check.WAV,0.0,3.0,False,False,False,True,False,False,False,False,False,False,False
/home/Shelby/blackbird_calls/Experiments/Detection_of_calls/Datasets/All_call_classes/Split_data_controlled/OpenSoundScape/Call_audios/padded_3s/SL51_Trial_1_trim_8.810926764_9.34681667_Cheer.WAV,0.0,3.0,False,False,False,False,True,False,False,False,False,False,False
/home/Shelby/blackbird_calls/Experiments/Detection_of_calls/Datasets/All_call_classes/Split_data_controlled/OpenSoundScape/Call_audios/padded_3s/AZ15_Trial_1_trim_51.79460564_51.87603277_Check.WAV,0.0,3.0,False,False,False,True,False,False,False,False,False,False,False
/home/Shelby/blackbird_calls/Experiments/Detection_of_calls/Datasets/All_call_classes/Split_data_controlled/OpenSoundScape/Call_audios/padded_3s/SL22_Trial_2_trim_0.303973725_0.441386504_Check.WAV,0.0,3.0,False,False,False,True,False,False,False,False,False,False,False
/home/Shelby/blackbird_calls/Experiments/Detection_of_calls/Datasets/All_call_classes/Split_data_controlled/OpenSoundScape/Call_audios/padded_3s/SL38_Trial_3_trim_33.2773345_33.37102867_Check.WAV,0.0,3.0,False,False,False,True,False,False,False,False,False,False,False
/home/Shelby/blackbird_calls/Experiments/Detection_of_calls/Datasets/All_call_classes/Split_data_controlled/OpenSoundScape/Call_audios/padded_3s/EF01_Trial_2_trim_8.52273918_8.622676816_Check.WAV,0.0,3.0,False,False,False,True,False,False,False,False,False,False,False
/home/Shelby/blackbird_calls/Experiments/Detection_of_calls/Datasets/All_call_classes/Split_data_controlled/OpenSoundScape/Call_audios/padded_3s/SL38_Trial_1_trim_42.76392069_42.97009654_E.WAV,0.0,3.0,False,False,False,False,False,False,False,True,False,False,False
/home/Shelby/blackbird_calls/Experiments/Detection_of_calls/Datasets/All_call_classes/Split_data_controlled/OpenSoundScape/Call_audios/padded_3s/SL02_Trial_1_trim_10.28611596_10.35557373_Check.WAV,0.0,3.0,False,False,False,True,False,False,False,False,False,False,False
/home/Shelby/blackbird_calls/Experiments/Detection_of_calls/Datasets/All_call_classes/Split_data_controlled/OpenSoundScape/Call_audios/padded_3s/AZ13_Trial_3_trim_25.96874381_26.03101178_Check.WAV,0.0,3.0,False,False,False,True,False,False,False,False,False,False,False
/home/Shelby/blackbird_calls/Experiments/Detection_of_calls/Datasets/All_call_classes/Split_data_controlled/OpenSoundScape/Call_audios/padded_3s/SL17a_Trial_3_trim_21.33074099_21.9657546_Chits.WAV,0.0,3.0,False,False,False,False,False,True,False,False,False,False,False
/home/Shelby/blackbird_calls/Experiments/Detection_of_calls/Datasets/All_call_classes/Split_data_controlled/OpenSoundScape/Call_audios/padded_3s/SL21_Trial_1_trim_37.67031976_37.80871448_Check.WAV,0.0,3.0,False,False,False,True,False,False,False,False,False,False,False
/home/Shelby/blackbird_calls/Experiments/Detection_of_calls/Datasets/All_call_classes/Split_data_controlled/OpenSoundScape/Call_audios/padded_3s/SL07_Trial_3_trim_28.35210708_28.51735623_D.WAV,0.0,3.0,False,False,False,False,False,False,True,False,False,False,False
/home/Shelby/blackbird_calls/Experiments/Detection_of_calls/Datasets/All_call_classes/Split_data_controlled/OpenSoundScape/Call_audios/padded_3s/SL07_Trial_1_trim_54.70408693_54.83820644_D.WAV,0.0,3.0,False,False,False,False,False,False,True,False,False,False,False
/home/Shelby/blackbird_calls/Experiments/Detection_of_calls/Datasets/All_call_classes/Split_data_controlled/OpenSoundScape/Call_audios/padded_3s/AZ15_Trial_1_trim_20.91813655_21.04267215_Check.WAV,0.0,3.0,False,False,False,True,False,False,False,False,False,False,False
/home/Shelby/blackbird_calls/Experiments/Detection_of_calls/Datasets/All_call_classes/Split_data_controlled/OpenSoundScape/Call_audios/padded_3s/SL17a_Trial_3_trim_38.44372568_38.54782627_Check.WAV,0.0,3.0,False,False,False,True,False,False,False,False,False,False,False
/home/Shelby/blackbird_calls/Experiments/Detection_of_calls/Datasets/All_call_classes/Split_data_controlled/OpenSoundScape/Call_audios/padded_3s/AZ15_Trial_1_trim_46.27640727_46.3434649_Check.WAV,0.0,3.0,False,False,False,True,False,False,False,False,False,False,False
/home/Shelby/blackbird_calls/Experiments/Detection_of_calls/Datasets/All_call_classes/Split_data_controlled/OpenSoundScape/Call_audios/padded_3s/SL52_Trial_1_trim_43.26422054_43.3641571_Check.WAV,0.0,3.0,False,False,False,True,False,False,False,False,False,False,False
/home/Shelby/blackbird_calls/Experiments/Detection_of_calls/Datasets/All_call_classes/Split_data_controlled/OpenSoundScape/Call_audios/padded_3s/SL56_Trial_3_trim_44.44360456_45.16792926_Cheer.WAV,0.0,3.0,False,False,False,False,True,False,False,False,False,False,False
/home/Shelby/blackbird_calls/Experiments/Detection_of_calls/Datasets/All_call_classes/Split_data_controlled/OpenSoundScape/Call_audios/padded_3s/SL17a_Trial_3_trim_36.63924071_37.76977313_Chits.WAV,0.0,3.0,False,False,False,False,False,True,False,False,False,False,False
/home/Shelby/blackbird_calls/Experiments/Detection_of_calls/Datasets/All_call_classes/Split_data_controlled/OpenSoundScape/Call_audios/padded_3s/SL13_Trial_1_trim_22.37398026_22.51288535_E.WAV,0.0,3.0,False,False,False,False,False,False,False,True,False,False,False
/home/Shelby/blackbird_calls/Experiments/Detection_of_calls/Datasets/All_call_classes/Split_data_controlled/OpenSoundScape/Call_audios/padded_3s/SL52_Trial_1_trim_42.36872552_42.4894822_Check.WAV,0.0,3.0,False,False,False,True,False,False,False,False,False,False,False
/home/Shelby/blackbird_calls/Experiments/Detection_of_calls/Datasets/All_call_classes/Split_data_controlled/OpenSoundScape/Call_audios/padded_3s/SL02_Trial_2_trim_7.946163992_8.006050546_Check.WAV,0.0,3.0,False,False,False,True,False,False,False,False,False,False,False
/home/Shelby/blackbird_calls/Experiments/Detection_of_calls/Datasets/All_call_classes/Split_data_controlled/OpenSoundScape/Call_audios/padded_3s/SL50_Trial_1_trim_51.35692162_51.51932341_M.WAV,0.0,3.0,True,False,False,False,False,False,False,False,False,False,False
/home/Shelby/blackbird_calls/Experiments/Detection_of_calls/Datasets/All_call_classes/Split_data_controlled/OpenSoundScape/Call_audios/padded_3s/SL51_Trial_1_trim_27.130103_27.22138095_Check.WAV,0.0,3.0,False,False,False,True,False,False,False,False,False,False,False
/home/Shelby/blackbird_calls/Experiments/Detection_of_calls/Datasets/All_call_classes/Split_data_controlled/OpenSoundScape/Call_audios/padded_3s/SL09_Trial_3_trim_10.60566838_11.20861321_Cheer.WAV,0.0,3.0,False,False,False,False,True,False,False,False,False,False,False
/home/Shelby/blackbird_calls/Experiments/Detection_of_calls/Datasets/All_call_classes/Split_data_controlled/OpenSoundScape/Call_audios/padded_3s/SL16_Trial_1_trim_22.14205468_22.28096372_Check.WAV,0.0,3.0,False,False,False,True,False,False,False,False,False,False,False
/home/Shelby/blackbird_calls/Experiments/Detection_of_calls/Datasets/All_call_classes/Split_data_controlled/OpenSoundScape/Call_audios/padded_3s/SL07_Trial_3_trim_18.02010002_18.14703053_Check.WAV,0.0,3.0,False,False,False,True,False,False,False,False,False,False,False
/home/Shelby/blackbird_calls/Experiments/Detection_of_calls/Datasets/All_call_classes/Split_data_controlled/OpenSoundScape/Call_audios/padded_3s/SL38_Trial_3_trim_40.04723515_40.13468305_Check.WAV,0.0,3.0,False,False,False,True,False,False,False,False,False,False,False
/home/Shelby/blackbird_calls/Experiments/Detection_of_calls/Datasets/All_call_classes/Split_data_controlled/OpenSoundScape/Call_audios/padded_3s/SL54_Trial_1_trim_54.27162193_54.37908899_Check.WAV,0.0,3.0,False,False,False,True,False,False,False,False,False,False,False
/home/Shelby/blackbird_calls/Experiments/Detection_of_calls/Datasets/All_call_classes/Split_data_controlled/OpenSoundScape/Call_audios/padded_3s/AZ08_Trial_3_trim_4.404123743_4.502346472_Check.WAV,0.0,3.0,False,False,False,True,False,False,False,False,False,False,False
/home/Shelby/blackbird_calls/Experiments/Detection_of_calls/Datasets/All_call_classes/Split_data_controlled/OpenSoundScape/Call_audios/padded_3s/SL21_Trial_3_trim_45.61322915_46.21454997_K.WAV,0.0,3.0,False,False,False,False,False,False,False,False,False,False,True
/home/Shelby/blackbird_calls/Experiments/Detection_of_calls/Datasets/All_call_classes/Split_data_controlled/OpenSoundScape/Call_audios/padded_3s/SL17a_Trial_2_trim_34.54685877_34.60932064_E.WAV,0.0,3.0,False,False,False,False,False,False,False,True,False,False,False
/home/Shelby/blackbird_calls/Experiments/Detection_of_calls/Datasets/All_call_classes/Split_data_controlled/OpenSoundScape/Call_audios/padded_3s/SL42_Trial_1_trim_6.38793784_6.469179883_Check.WAV,0.0,3.0,False,False,False,True,False,False,False,False,False,False,False
/home/Shelby/blackbird_calls/Experiments/Detection_of_calls/Datasets/All_call_classes/Split_data_controlled/OpenSoundScape/Call_audios/padded_3s/SL02_Trial_2_trim_6.552957395_6.964976887_Cheer.WAV,0.0,3.0,False,False,False,False,True,False,False,False,False,False,False
/home/Shelby/blackbird_calls/Experiments/Detection_of_calls/Datasets/All_call_classes/Split_data_controlled/OpenSoundScape/Call_audios/padded_3s/SL54_Trial_1_trim_3.239309998_3.457188421_B.WAV,0.0,3.0,False,True,False,False,False,False,False,False,False,False,False
/home/Shelby/blackbird_calls/Experiments/Detection_of_calls/Datasets/All_call_classes/Split_data_controlled/OpenSoundScape/Call_audios/padded_3s/AZ15_Trial_1_trim_35.99250242_36.09308886_Check.WAV,0.0,3.0,False,False,False,True,False,False,False,False,False,False,False
/home/Shelby/blackbird_calls/Experiments/Detection_of_calls/Datasets/All_call_classes/Split_data_controlled/OpenSoundScape/Call_audios/padded_3s/SL42_Trial_1_trim_24.43612268_24.51528159_Check.WAV,0.0,3.0,False,False,False,True,False,False,False,False,False,False,False
/home/Shelby/blackbird_calls/Experiments/Detection_of_calls/Datasets/All_call_classes/Split_data_controlled/OpenSoundScape/Call_audios/padded_3s/SL54_Trial_3_trim_26.04672355_26.15091319_Check.WAV,0.0,3.0,False,False,False,True,False,False,False,False,False,False,False
/home/Shelby/blackbird_calls/Experiments/Detection_of_calls/Datasets/All_call_classes/Split_data_controlled/OpenSoundScape/Call_audios/padded_3s/AZ15_Trial_1_trim_9.994454704_10.13814962_M.WAV,0.0,3.0,True,False,False,False,False,False,False,False,False,False,False
/home/Shelby/blackbird_calls/Experiments/Detection_of_calls/Datasets/All_call_classes/Split_data_controlled/OpenSoundScape/Call_audios/padded_3s/SL28_Trial_1_trim_56.01417218_56.11133769_Check.WAV,0.0,3.0,False,False,False,True,False,False,False,False,False,False,False
/home/Shelby/blackbird_calls/Experiments/Detection_of_calls/Datasets/All_call_classes/Split_data_controlled/OpenSoundScape/Call_audios/padded_3s/SL30_Trial_1_trim_38.40510326_38.85065459_Cheer.WAV,0.0,3.0,False,False,False,False,True,False,False,False,False,False,False
/home/Shelby/blackbird_calls/Experiments/Detection_of_calls/Datasets/All_call_classes/Split_data_controlled/OpenSoundScape/Call_audios/padded_3s/SL51_Trial_3_trim_6.417749865_6.503137736_Check.WAV,0.0,3.0,False,False,False,True,False,False,False,False,False,False,False
/home/Shelby/blackbird_calls/Experiments/Detection_of_calls/Datasets/All_call_classes/Split_data_controlled/OpenSoundScape/Call_audios/padded_3s/SL30_Trial_1_trim_48.43880092_48.97596094_Cheer.WAV,0.0,3.0,False,False,False,False,True,False,False,False,False,False,False
/home/Shelby/blackbird_calls/Experiments/Detection_of_calls/Datasets/All_call_classes/Split_data_controlled/OpenSoundScape/Call_audios/padded_3s/AZ08_Trial_3_trim_35.67239935_35.75707411_Check.WAV,0.0,3.0,False,False,False,True,False,False,False,False,False,False,False
/home/Shelby/blackbird_calls/Experiments/Detection_of_calls/Datasets/All_call_classes/Split_data_controlled/OpenSoundScape/Call_audios/padded_3s/AZ08_Trial_3_trim_13.3197642_13.43830887_Check.WAV,0.0,3.0,False,False,False,True,False,False,False,False,False,False,False
/home/Shelby/blackbird_calls/Experiments/Detection_of_calls/Datasets/All_call_classes/Split_data_controlled/OpenSoundScape/Call_audios/padded_3s/SL01_Trial_3_trim_57.99384516_58.07849538_Check.WAV,0.0,3.0,False,False,False,True,False,False,False,False,False,False,False
/home/Shelby/blackbird_calls/Experiments/Detection_of_calls/Datasets/All_call_classes/Split_data_controlled/OpenSoundScape/Call_audios/padded_3s/SL07_Trial_3_trim_0.883723754_1.001074605_Check.WAV,0.0,3.0,False,False,False,True,False,False,False,False,False,False,False
/home/Shelby/blackbird_calls/Experiments/Detection_of_calls/Datasets/All_call_classes/Split_data_controlled/OpenSoundScape/Call_audios/padded_3s/AZ15_Trial_1_trim_36.59602108_36.71576685_Check.WAV,0.0,3.0,False,False,False,True,False,False,False,False,False,False,False
/home/Shelby/blackbird_calls/Experiments/Detection_of_calls/Datasets/All_call_classes/Split_data_controlled/OpenSoundScape/Call_audios/padded_3s/SL10_Trial_1_trim_4.282521642_4.948372322_Cheer.WAV,0.0,3.0,False,False,False,False,True,False,False,False,False,False,False
/home/Shelby/blackbird_calls/Experiments/Detection_of_calls/Datasets/All_call_classes/Split_data_controlled/OpenSoundScape/Call_audios/padded_3s/EF04_Trial_2_trim_7.112633051_7.198850008_Check.WAV,0.0,3.0,False,False,False,True,False,False,False,False,False,False,False
/home/Shelby/blackbird_calls/Experiments/Detection_of_calls/Datasets/All_call_classes/Split_data_controlled/OpenSoundScape/Call_audios/padded_3s/SL54_Trial_2_trim_0.297405872_0.418134988_Check.WAV,0.0,3.0,False,False,False,True,False,False,False,False,False,False,False
/home/Shelby/blackbird_calls/Experiments/Detection_of_calls/Datasets/All_call_classes/Split_data_controlled/OpenSoundScape/Call_audios/padded_3s/SL07_Trial_3_trim_11.15719586_11.26736196_D.WAV,0.0,3.0,False,False,False,False,False,False,True,False,False,False,False
/home/Shelby/blackbird_calls/Experiments/Detection_of_calls/Datasets/All_call_classes/Split_data_controlled/OpenSoundScape/Call_audios/padded_3s/SL22_Trial_1_trim_17.5271783_18.1542253_Cheer.WAV,0.0,3.0,False,False,False,False,True,False,False,False,False,False,False
/home/Shelby/blackbird_calls/Experiments/Detection_of_calls/Datasets/All_call_classes/Split_data_controlled/OpenSoundScape/Call_audios/padded_3s/SL42_Trial_1_trim_11.750312_11.83363717_Check.WAV,0.0,3.0,False,False,False,True,False,False,False,False,False,False,False
/home/Shelby/blackbird_calls/Experiments/Detection_of_calls/Datasets/All_call_classes/Split_data_controlled/OpenSoundScape/Call_audios/padded_3s/AZ13_Trial_1_trim_41.46684747_41.53631321_Check.WAV,0.0,3.0,False,False,False,True,False,False,False,False,False,False,False
/home/Shelby/blackbird_calls/Experiments/Detection_of_calls/Datasets/All_call_classes/Split_data_controlled/OpenSoundScape/Call_audios/padded_3s/SL17a_Trial_3_trim_12.19695596_12.34061478_J.WAV,0.0,3.0,False,False,False,False,False,False,False,False,False,True,False
/home/Shelby/blackbird_calls/Experiments/Detection_of_calls/Datasets/All_call_classes/Split_data_controlled/OpenSoundScape/Call_audios/padded_3s/AZ15_Trial_1_trim_24.96626247_25.06684891_D.WAV,0.0,3.0,False,False,False,False,False,False,True,False,False,False,False
/home/Shelby/blackbird_calls/Experiments/Detection_of_calls/Datasets/All_call_classes/Split_data_controlled/OpenSoundScape/Call_audios/padded_3s/SL51_Trial_1_trim_14.02260332_14.72927133_Cheer.WAV,0.0,3.0,False,False,False,False,True,False,False,False,False,False,False
/home/Shelby/blackbird_calls/Experiments/Detection_of_calls/Datasets/All_call_classes/Split_data_controlled/OpenSoundScape/Call_audios/padded_3s/SL51_Trial_1_trim_39.83556501_40.43034392_Cheer.WAV,0.0,3.0,False,False,False,False,True,False,False,False,False,False,False
/home/Shelby/blackbird_calls/Experiments/Detection_of_calls/Datasets/All_call_classes/Split_data_controlled/OpenSoundScape/Call_audios/padded_3s/SL49_Trial_2_trim_7.660239737_7.741446047_Check.WAV,0.0,3.0,False,False,False,True,False,False,False,False,False,False,False
/home/Shelby/blackbird_calls/Experiments/Detection_of_calls/Datasets/All_call_classes/Split_data_controlled/OpenSoundScape/Call_audios/padded_3s/SL02_Trial_2_trim_54.12689306_54.17719776_Check.WAV,0.0,3.0,False,False,False,True,False,False,False,False,False,False,False
/home/Shelby/blackbird_calls/Experiments/Detection_of_calls/Datasets/All_call_classes/Split_data_controlled/OpenSoundScape/Call_audios/padded_3s/SL42_Trial_1_trim_9.789244549_10.21836919_Cheer.WAV,0.0,3.0,False,False,False,False,True,False,False,False,False,False,False
/home/Shelby/blackbird_calls/Experiments/Detection_of_calls/Datasets/All_call_classes/Split_data_controlled/OpenSoundScape/Call_audios/padded_3s/AZ13_Trial_1_trim_43.62077836_43.72857003_Check.WAV,0.0,3.0,False,False,False,True,False,False,False,False,False,False,False
/home/Shelby/blackbird_calls/Experiments/Detection_of_calls/Datasets/All_call_classes/Split_data_controlled/OpenSoundScape/Call_audios/padded_3s/SL38_Trial_1_trim_22.80478279_23.05052774_E.WAV,0.0,3.0,False,False,False,False,False,False,False,True,False,False,False
/home/Shelby/blackbird_calls/Experiments/Detection_of_calls/Datasets/All_call_classes/Split_data_controlled/OpenSoundScape/Call_audios/padded_3s/AZ15_Trial_1_trim_32.28056097_32.35719826_Check.WAV,0.0,3.0,False,False,False,True,False,False,False,False,False,False,False
/home/Shelby/blackbird_calls/Experiments/Detection_of_calls/Datasets/All_call_classes/Split_data_controlled/OpenSoundScape/Call_audios/padded_3s/SL42_Trial_1_trim_55.91149557_56.45935857_Cheer.WAV,0.0,3.0,False,False,False,False,True,False,False,False,False,False,False
/home/Shelby/blackbird_calls/Experiments/Detection_of_calls/Datasets/All_call_classes/Split_data_controlled/OpenSoundScape/Call_audios/padded_3s/SL07_Trial_1_trim_25.28964016_25.43812963_D.WAV,0.0,3.0,False,False,False,False,False,False,True,False,False,False,False
/home/Shelby/blackbird_calls/Experiments/Detection_of_calls/Datasets/All_call_classes/Split_data_controlled/OpenSoundScape/Call_audios/padded_3s/SL52_Trial_1_trim_38.08764315_38.237548_Check.WAV,0.0,3.0,False,False,False,True,False,False,False,False,False,False,False
/home/Shelby/blackbird_calls/Experiments/Detection_of_calls/Datasets/All_call_classes/Split_data_controlled/OpenSoundScape/Call_audios/padded_3s/AZ13_Trial_1_trim_15.72146921_15.79572569_Check.WAV,0.0,3.0,False,False,False,True,False,False,False,False,False,False,False
/home/Shelby/blackbird_calls/Experiments/Detection_of_calls/Datasets/All_call_classes/Split_data_controlled/OpenSoundScape/Call_audios/padded_3s/SL21_Trial_3_trim_1.37640107_1.883397051_K.WAV,0.0,3.0,False,False,False,False,False,False,False,False,False,False,True
/home/Shelby/blackbird_calls/Experiments/Detection_of_calls/Datasets/All_call_classes/Split_data_controlled/OpenSoundScape/Call_audios/padded_3s/AZ15_Trial_3_trim_8.887112066_8.981945874_C.WAV,0.0,3.0,False,False,True,False,False,False,False,False,False,False,False
/home/Shelby/blackbird_calls/Experiments/Detection_of_calls/Datasets/All_call_classes/Split_data_controlled/OpenSoundScape/Call_audios/padded_3s/SL11_Trial_1_trim_35.65005583_36.31107582_G.WAV,0.0,3.0,False,False,False,False,False,False,False,False,True,False,False
/home/Shelby/blackbird_calls/Experiments/Detection_of_calls/Datasets/All_call_classes/Split_data_controlled/OpenSoundScape/Call_audios/padded_3s/SL38_Trial_1_trim_17.77312813_17.96680847_E.WAV,0.0,3.0,False,False,False,False,False,False,False,True,False,False,False
/home/Shelby/blackbird_calls/Experiments/Detection_of_calls/Datasets/All_call_classes/Split_data_controlled/OpenSoundScape/Call_audios/padded_3s/SL51_Trial_1_trim_20.44538362_20.53371712_Check.WAV,0.0,3.0,False,False,False,True,False,False,False,False,False,False,False
/home/Shelby/blackbird_calls/Experiments/Detection_of_calls/Datasets/All_call_classes/Split_data_controlled/OpenSoundScape/Call_audios/padded_3s/SL17a_Trial_2_trim_16.2271052_16.28956707_E.WAV,0.0,3.0,False,False,False,False,False,False,False,True,False,False,False
/home/Shelby/blackbird_calls/Experiments/Detection_of_calls/Datasets/All_call_classes/Split_data_controlled/OpenSoundScape/Call_audios/padded_3s/SL38_Trial_3_trim_55.61534867_56.00053584_Cheer.WAV,0.0,3.0,False,False,False,False,True,False,False,False,False,False,False
/home/Shelby/blackbird_calls/Experiments/Detection_of_calls/Datasets/All_call_classes/Split_data_controlled/OpenSoundScape/Call_audios/padded_3s/RC02_Trial_3_trim_49.32873174_49.40494007_D.WAV,0.0,3.0,False,False,False,False,False,False,True,False,False,False,False
/home/Shelby/blackbird_calls/Experiments/Detection_of_calls/Datasets/All_call_classes/Split_data_controlled/OpenSoundScape/Call_audios/padded_3s/AZ13_Trial_2_trim_14.32938484_14.39165288_Check.WAV,0.0,3.0,False,False,False,True,False,False,False,False,False,False,False
/home/Shelby/blackbird_calls/Experiments/Detection_of_calls/Datasets/All_call_classes/Split_data_controlled/OpenSoundScape/Call_audios/padded_3s/SL17a_Trial_2_trim_51.89765717_51.96428317_E.WAV,0.0,3.0,False,False,False,False,False,False,False,True,False,False,False
/home/Shelby/blackbird_calls/Experiments/Detection_of_calls/Datasets/All_call_classes/Split_data_controlled/OpenSoundScape/Call_audios/padded_3s/SL42_Trial_1_trim_17.0380019_17.16715591_Check.WAV,0.0,3.0,False,False,False,True,False,False,False,False,False,False,False
/home/Shelby/blackbird_calls/Experiments/Detection_of_calls/Datasets/All_call_classes/Split_data_controlled/OpenSoundScape/Call_audios/padded_3s/EF04_Trial_3_trim_38.52973649_39.30204708_Chits.WAV,0.0,3.0,False,False,False,False,False,True,False,False,False,False,False
/home/Shelby/blackbird_calls/Experiments/Detection_of_calls/Datasets/All_call_classes/Split_data_controlled/OpenSoundScape/Call_audios/padded_3s/AZ13_Trial_2_trim_11.45047671_11.5271143_Check.WAV,0.0,3.0,False,False,False,True,False,False,False,False,False,False,False
/home/Shelby/blackbird_calls/Experiments/Detection_of_calls/Datasets/All_call_classes/Split_data_controlled/OpenSoundScape/Call_audios/padded_3s/SL13_Trial_2_trim_20.71673066_20.83218948_E.WAV,0.0,3.0,False,False,False,False,False,False,False,True,False,False,False
/home/Shelby/blackbird_calls/Experiments/Detection_of_calls/Datasets/All_call_classes/Split_data_controlled/OpenSoundScape/Call_audios/padded_3s/SL52_Trial_1_trim_34.18710922_34.31202993_Check.WAV,0.0,3.0,False,False,False,True,False,False,False,False,False,False,False
/home/Shelby/blackbird_calls/Experiments/Detection_of_calls/Datasets/All_call_classes/Split_data_controlled/OpenSoundScape/Call_audios/padded_3s/SL21_Trial_1_trim_41.8842673_42.24350464_D.WAV,0.0,3.0,False,False,False,False,False,False,True,False,False,False,False
/home/Shelby/blackbird_calls/Experiments/Detection_of_calls/Datasets/All_call_classes/Split_data_controlled/OpenSoundScape/Call_audios/padded_3s/SL16_Trial_3_trim_46.28986273_46.37314514_Check.WAV,0.0,3.0,False,False,False,True,False,False,False,False,False,False,False
/home/Shelby/blackbird_calls/Experiments/Detection_of_calls/Datasets/All_call_classes/Split_data_controlled/OpenSoundScape/Call_audios/padded_3s/SL50_Trial_3_trim_21.5984517_21.68092285_Check.WAV,0.0,3.0,False,False,False,True,False,False,False,False,False,False,False
/home/Shelby/blackbird_calls/Experiments/Detection_of_calls/Datasets/All_call_classes/Split_data_controlled/OpenSoundScape/Call_audios/padded_3s/SL54_Trial_2_trim_56.62226061_57.46736443_Cheer.WAV,0.0,3.0,False,False,False,False,True,False,False,False,False,False,False
/home/Shelby/blackbird_calls/Experiments/Detection_of_calls/Datasets/All_call_classes/Split_data_controlled/OpenSoundScape/Call_audios/padded_3s/AZ15_Trial_1_trim_27.33127539_27.54681777_M.WAV,0.0,3.0,True,False,False,False,False,False,False,False,False,False,False
/home/Shelby/blackbird_calls/Experiments/Detection_of_calls/Datasets/All_call_classes/Split_data_controlled/OpenSoundScape/Call_audios/padded_3s/AZ13_Trial_2_trim_42.86238532_42.93662799_Check.WAV,0.0,3.0,False,False,False,True,False,False,False,False,False,False,False
/home/Shelby/blackbird_calls/Experiments/Detection_of_calls/Datasets/All_call_classes/Split_data_controlled/OpenSoundScape/Call_audios/padded_3s/SL01_Trial_3_trim_50.5926934_50.66379958_Check.WAV,0.0,3.0,False,False,False,True,False,False,False,False,False,False,False
/home/Shelby/blackbird_calls/Experiments/Detection_of_calls/Datasets/All_call_classes/Split_data_controlled/OpenSoundScape/Call_audios/padded_3s/AZ13_Trial_2_trim_57.71903938_57.80046682_Check.WAV,0.0,3.0,False,False,False,True,False,False,False,False,False,False,False
/home/Shelby/blackbird_calls/Experiments/Detection_of_calls/Datasets/All_call_classes/Split_data_controlled/OpenSoundScape/Call_audios/padded_3s/SL54_Trial_3_trim_38.58375172_38.75462273_Check.WAV,0.0,3.0,False,False,False,True,False,False,False,False,False,False,False
/home/Shelby/blackbird_calls/Experiments/Detection_of_calls/Datasets/All_call_classes/Split_data_controlled/OpenSoundScape/Call_audios/padded_3s/SL02_Trial_2_trim_2.62447429_2.689151768_Check.WAV,0.0,3.0,False,False,False,True,False,False,False,False,False,False,False
/home/Shelby/blackbird_calls/Experiments/Detection_of_calls/Datasets/All_call_classes/Split_data_controlled/OpenSoundScape/Call_audios/padded_3s/RC02_Trial_1_trim_54.68462818_54.7660553_Check.WAV,0.0,3.0,False,False,False,True,False,False,False,False,False,False,False
/home/Shelby/blackbird_calls/Experiments/Detection_of_calls/Datasets/All_call_classes/Split_data_controlled/OpenSoundScape/Call_audios/padded_3s/AZ15_Trial_1_trim_43.44512659_43.56487235_M.WAV,0.0,3.0,True,False,False,False,False,False,False,False,False,False,False
/home/Shelby/blackbird_calls/Experiments/Detection_of_calls/Datasets/All_call_classes/Split_data_controlled/OpenSoundScape/Call_audios/padded_3s/SL51_Trial_1_trim_11.5433764_12.0910441_Cheer.WAV,0.0,3.0,False,False,False,False,True,False,False,False,False,False,False
/home/Shelby/blackbird_calls/Experiments/Detection_of_calls/Datasets/All_call_classes/Split_data_controlled/OpenSoundScape/Call_audios/padded_3s/AZ13_Trial_2_trim_27.9347286_28.02813066_Check.WAV,0.0,3.0,False,False,False,True,False,False,False,False,False,False,False
/home/Shelby/blackbird_calls/Experiments/Detection_of_calls/Datasets/All_call_classes/Split_data_controlled/OpenSoundScape/Call_audios/padded_3s/SL54_Trial_1_trim_45.55217658_45.61989555_Check.WAV,0.0,3.0,False,False,False,True,False,False,False,False,False,False,False
/home/Shelby/blackbird_calls/Experiments/Detection_of_calls/Datasets/All_call_classes/Split_data_controlled/OpenSoundScape/Call_audios/padded_3s/SL21_Trial_1_trim_53.31954948_53.78479129_K.WAV,0.0,3.0,False,False,False,False,False,False,False,False,False,False,True
/home/Shelby/blackbird_calls/Experiments/Detection_of_calls/Datasets/All_call_classes/Split_data_controlled/OpenSoundScape/Call_audios/padded_3s/SL52_Trial_3_trim_20.80411431_20.88323497_Check.WAV,0.0,3.0,False,False,False,True,False,False,False,False,False,False,False
/home/Shelby/blackbird_calls/Experiments/Detection_of_calls/Datasets/All_call_classes/Split_data_controlled/OpenSoundScape/Call_audios/padded_3s/SL13_Trial_3_trim_50.40431267_50.49257186_Check.WAV,0.0,3.0,False,False,False,True,False,False,False,False,False,False,False
/home/Shelby/blackbird_calls/Experiments/Detection_of_calls/Datasets/All_call_classes/Split_data_controlled/OpenSoundScape/Call_audios/padded_3s/AZ15_Trial_3_trim_17.9471967_18.02383399_Check.WAV,0.0,3.0,False,False,False,True,False,False,False,False,False,False,False
/home/Shelby/blackbird_calls/Experiments/Detection_of_calls/Datasets/All_call_classes/Split_data_controlled/OpenSoundScape/Call_audios/padded_3s/AZ13_Trial_1_trim_23.16842142_23.22111956_Check.WAV,0.0,3.0,False,False,False,True,False,False,False,False,False,False,False
/home/Shelby/blackbird_calls/Experiments/Detection_of_calls/Datasets/All_call_classes/Split_data_controlled/OpenSoundScape/Call_audios/padded_3s/SL02_Trial_2_trim_4.649800057_4.714477535_Check.WAV,0.0,3.0,False,False,False,True,False,False,False,False,False,False,False
/home/Shelby/blackbird_calls/Experiments/Detection_of_calls/Datasets/All_call_classes/Split_data_controlled/OpenSoundScape/Call_audios/padded_3s/SL07_Trial_1_trim_19.89423606_20.34449443_Cheer.WAV,0.0,3.0,False,False,False,False,True,False,False,False,False,False,False
/home/Shelby/blackbird_calls/Experiments/Detection_of_calls/Datasets/All_call_classes/Split_data_controlled/OpenSoundScape/Call_audios/padded_3s/SL50_Trial_1_trim_24.32626659_24.47201178_M.WAV,0.0,3.0,True,False,False,False,False,False,False,False,False,False,False
/home/Shelby/blackbird_calls/Experiments/Detection_of_calls/Datasets/All_call_classes/Split_data_controlled/OpenSoundScape/Call_audios/padded_3s/SL50_Trial_1_trim_39.34845263_39.77527782_Cheer.WAV,0.0,3.0,False,False,False,False,True,False,False,False,False,False,False
/home/Shelby/blackbird_calls/Experiments/Detection_of_calls/Datasets/All_call_classes/Split_data_controlled/OpenSoundScape/Call_audios/padded_3s/SL07_Trial_1_trim_39.48437859_40.11186631_Cheer.WAV,0.0,3.0,False,False,False,False,True,False,False,False,False,False,False
/home/Shelby/blackbird_calls/Experiments/Detection_of_calls/Datasets/All_call_classes/Split_data_controlled/OpenSoundScape/Call_audios/padded_3s/SL50_Trial_1_trim_50.4256189_50.88159313_Cheer.WAV,0.0,3.0,False,False,False,False,True,False,False,False,False,False,False
/home/Shelby/blackbird_calls/Experiments/Detection_of_calls/Datasets/All_call_classes/Split_data_controlled/OpenSoundScape/Call_audios/padded_3s/SL42_Trial_1_trim_17.96499444_18.03582083_Check.WAV,0.0,3.0,False,False,False,True,False,False,False,False,False,False,False
/home/Shelby/blackbird_calls/Experiments/Detection_of_calls/Datasets/All_call_classes/Split_data_controlled/OpenSoundScape/Call_audios/padded_3s/AZ13_Trial_1_trim_32.92098565_32.9976375_Check.WAV,0.0,3.0,False,False,False,True,False,False,False,False,False,False,False
/home/Shelby/blackbird_calls/Experiments/Detection_of_calls/Datasets/All_call_classes/Split_data_controlled/OpenSoundScape/Call_audios/padded_3s/SL21_Trial_3_trim_39.7246122_40.98031155_Chits.WAV,0.0,3.0,False,False,False,False,False,True,False,False,False,False,False
/home/Shelby/blackbird_calls/Experiments/Detection_of_calls/Datasets/All_call_classes/Split_data_controlled/OpenSoundScape/Call_audios/padded_3s/SL51_Trial_3_trim_55.57988302_55.67999294_Check.WAV,0.0,3.0,False,False,False,True,False,False,False,False,False,False,False
/home/Shelby/blackbird_calls/Experiments/Detection_of_calls/Datasets/All_call_classes/Split_data_controlled/OpenSoundScape/Call_audios/padded_3s/SL52_Trial_1_trim_3.990754936_4.140659786_Check.WAV,0.0,3.0,False,False,False,True,False,False,False,False,False,False,False
/home/Shelby/blackbird_calls/Experiments/Detection_of_calls/Datasets/All_call_classes/Split_data_controlled/OpenSoundScape/Call_audios/padded_3s/SL22_Trial_1_trim_32.90414071_33.00423272_Check.WAV,0.0,3.0,False,False,False,True,False,False,False,False,False,False,False
/home/Shelby/blackbird_calls/Experiments/Detection_of_calls/Datasets/All_call_classes/Split_data_controlled/OpenSoundScape/Call_audios/padded_3s/SL30_Trial_1_trim_0.2540059_0.891102665_G.WAV,0.0,3.0,False,False,False,False,False,False,False,False,True,False,False
/home/Shelby/blackbird_calls/Experiments/Detection_of_calls/Datasets/All_call_classes/Split_data_controlled/OpenSoundScape/Call_audios/padded_3s/SL09_Trial_2_trim_60.64858297_60.75373546_Check.WAV,0.0,3.0,False,False,False,True,False,False,False,False,False,False,False
/home/Shelby/blackbird_calls/Experiments/Detection_of_calls/Datasets/All_call_classes/Split_data_controlled/OpenSoundScape/Call_audios/padded_3s/SL09_Trial_3_trim_15.06496855_15.63404008_Cheer.WAV,0.0,3.0,False,False,False,False,True,False,False,False,False,False,False
/home/Shelby/blackbird_calls/Experiments/Detection_of_calls/Datasets/All_call_classes/Split_data_controlled/OpenSoundScape/Call_audios/padded_3s/SL16_Trial_1_trim_58.26804194_58.39737104_Check.WAV,0.0,3.0,False,False,False,True,False,False,False,False,False,False,False
/home/Shelby/blackbird_calls/Experiments/Detection_of_calls/Datasets/All_call_classes/Split_data_controlled/OpenSoundScape/Call_audios/padded_3s/AZ13_Trial_3_trim_13.78043924_13.86426151_Check.WAV,0.0,3.0,False,False,False,True,False,False,False,False,False,False,False
/home/Shelby/blackbird_calls/Experiments/Detection_of_calls/Datasets/All_call_classes/Split_data_controlled/OpenSoundScape/Call_audios/padded_3s/SL21_Trial_3_trim_16.04087368_16.19415153_Check.WAV,0.0,3.0,False,False,False,True,False,False,False,False,False,False,False
/home/Shelby/blackbird_calls/Experiments/Detection_of_calls/Datasets/All_call_classes/Split_data_controlled/OpenSoundScape/Call_audios/padded_3s/SL17a_Trial_3_trim_35.80420113_35.90431105_E.WAV,0.0,3.0,False,False,False,False,False,False,False,True,False,False,False
/home/Shelby/blackbird_calls/Experiments/Detection_of_calls/Datasets/All_call_classes/Split_data_controlled/OpenSoundScape/Call_audios/padded_3s/SL17a_Trial_3_trim_20.86051822_20.93338864_Check.WAV,0.0,3.0,False,False,False,True,False,False,False,False,False,False,False
/home/Shelby/blackbird_calls/Experiments/Detection_of_calls/Datasets/All_call_classes/Split_data_controlled/OpenSoundScape/Call_audios/padded_3s/AZ15_Trial_3_trim_5.328988211_5.406887411_Check.WAV,0.0,3.0,False,False,False,True,False,False,False,False,False,False,False
/home/Shelby/blackbird_calls/Experiments/Detection_of_calls/Datasets/All_call_classes/Split_data_controlled/OpenSoundScape/Call_audios/padded_3s/SL21_Trial_1_trim_50.88411446_51.71742733_Cheer.WAV,0.0,3.0,False,False,False,False,True,False,False,False,False,False,False
/home/Shelby/blackbird_calls/Experiments/Detection_of_calls/Datasets/All_call_classes/Split_data_controlled/OpenSoundScape/Call_audios/padded_3s/SL17a_Trial_3_trim_32.37059324_32.51781371_J.WAV,0.0,3.0,False,False,False,False,False,False,False,False,False,True,False
/home/Shelby/blackbird_calls/Experiments/Detection_of_calls/Datasets/All_call_classes/Split_data_controlled/OpenSoundScape/Call_audios/padded_3s/SL02_Trial_3_trim_0.440669469_0.490963267_Check.WAV,0.0,3.0,False,False,False,True,False,False,False,False,False,False,False
/home/Shelby/blackbird_calls/Experiments/Detection_of_calls/Datasets/All_call_classes/Split_data_controlled/OpenSoundScape/Call_audios/padded_3s/SL30_Trial_3_trim_28.33756227_28.45840987_Check.WAV,0.0,3.0,False,False,False,True,False,False,False,False,False,False,False
/home/Shelby/blackbird_calls/Experiments/Detection_of_calls/Datasets/All_call_classes/Split_data_controlled/OpenSoundScape/Call_audios/padded_3s/AZ13_Trial_3_trim_60.58483678_60.65189459_Check.WAV,0.0,3.0,False,False,False,True,False,False,False,False,False,False,False
/home/Shelby/blackbird_calls/Experiments/Detection_of_calls/Datasets/All_call_classes/Split_data_controlled/OpenSoundScape/Call_audios/padded_3s/SL17a_Trial_3_trim_25.57098072_25.68581269_E.WAV,0.0,3.0,False,False,False,False,False,False,False,True,False,False,False
/home/Shelby/blackbird_calls/Experiments/Detection_of_calls/Datasets/All_call_classes/Split_data_controlled/OpenSoundScape/Call_audios/padded_3s/AZ08_Trial_3_trim_2.482664142_2.563951918_Check.WAV,0.0,3.0,False,False,False,True,False,False,False,False,False,False,False
/home/Shelby/blackbird_calls/Experiments/Detection_of_calls/Datasets/All_call_classes/Split_data_controlled/OpenSoundScape/Call_audios/padded_3s/SL17a_Trial_3_trim_19.64258404_19.83829316_K.WAV,0.0,3.0,False,False,False,False,False,False,False,False,False,False,True
/home/Shelby/blackbird_calls/Experiments/Detection_of_calls/Datasets/All_call_classes/Split_data_controlled/OpenSoundScape/Call_audios/padded_3s/AZ08_Trial_1_trim_23.60692215_23.70853188_C.WAV,0.0,3.0,False,False,True,False,False,False,False,False,False,False,False
/home/Shelby/blackbird_calls/Experiments/Detection_of_calls/Datasets/All_call_classes/Split_data_controlled/OpenSoundScape/Call_audios/padded_3s/EF04_Trial_2_trim_9.474019723_9.574606173_Check.WAV,0.0,3.0,False,False,False,True,False,False,False,False,False,False,False
/home/Shelby/blackbird_calls/Experiments/Detection_of_calls/Datasets/All_call_classes/Split_data_controlled/OpenSoundScape/Call_audios/padded_3s/SL02_Trial_3_trim_13.46241933_13.54624233_Check.WAV,0.0,3.0,False,False,False,True,False,False,False,False,False,False,False
/home/Shelby/blackbird_calls/Experiments/Detection_of_calls/Datasets/All_call_classes/Split_data_controlled/OpenSoundScape/Call_audios/padded_3s/SL52_Trial_1_trim_25.08130962_25.18541021_Check.WAV,0.0,3.0,False,False,False,True,False,False,False,False,False,False,False
/home/Shelby/blackbird_calls/Experiments/Detection_of_calls/Datasets/All_call_classes/Split_data_controlled/OpenSoundScape/Call_audios/padded_3s/AZ15_Trial_1_trim_42.75068522_42.81774285_Check.WAV,0.0,3.0,False,False,False,True,False,False,False,False,False,False,False
/home/Shelby/blackbird_calls/Experiments/Detection_of_calls/Datasets/All_call_classes/Split_data_controlled/OpenSoundScape/Call_audios/padded_3s/AZ13_Trial_1_trim_21.71443161_21.80066494_Check.WAV,0.0,3.0,False,False,False,True,False,False,False,False,False,False,False
/home/Shelby/blackbird_calls/Experiments/Detection_of_calls/Datasets/All_call_classes/Split_data_controlled/OpenSoundScape/Call_audios/padded_3s/SL21_Trial_3_trim_7.701300368_7.836892317_Check.WAV,0.0,3.0,False,False,False,True,False,False,False,False,False,False,False
/home/Shelby/blackbird_calls/Experiments/Detection_of_calls/Datasets/All_call_classes/Split_data_controlled/OpenSoundScape/Call_audios/padded_3s/SL49_Trial_2_trim_38.32760481_38.41713998_D.WAV,0.0,3.0,False,False,False,False,False,False,True,False,False,False,False
/home/Shelby/blackbird_calls/Experiments/Detection_of_calls/Datasets/All_call_classes/Split_data_controlled/OpenSoundScape/Call_audios/padded_3s/SL07_Trial_1_trim_22.91859875_23.02397837_D.WAV,0.0,3.0,False,False,False,False,False,False,True,False,False,False,False
/home/Shelby/blackbird_calls/Experiments/Detection_of_calls/Datasets/All_call_classes/Split_data_controlled/OpenSoundScape/Call_audios/padded_3s/SL50_Trial_3_trim_31.86058489_31.98723701_Check.WAV,0.0,3.0,False,False,False,True,False,False,False,False,False,False,False
/home/Shelby/blackbird_calls/Experiments/Detection_of_calls/Datasets/All_call_classes/Split_data_controlled/OpenSoundScape/Call_audios/padded_3s/EF04_Trial_2_trim_4.133624134_4.224630923_Check.WAV,0.0,3.0,False,False,False,True,False,False,False,False,False,False,False
/home/Shelby/blackbird_calls/Experiments/Detection_of_calls/Datasets/All_call_classes/Split_data_controlled/OpenSoundScape/Call_audios/padded_3s/SL02_Trial_3_trim_36.52047905_36.72883907_I.WAV,0.0,3.0,False,False,False,False,False,False,True,False,False,False,False
/home/Shelby/blackbird_calls/Experiments/Detection_of_calls/Datasets/All_call_classes/Split_data_controlled/OpenSoundScape/Call_audios/padded_3s/AZ13_Trial_1_trim_24.12973886_24.21836757_Check.WAV,0.0,3.0,False,False,False,True,False,False,False,False,False,False,False
/home/Shelby/blackbird_calls/Experiments/Detection_of_calls/Datasets/All_call_classes/Split_data_controlled/OpenSoundScape/Call_audios/padded_3s/SL54_Trial_2_trim_13.65453216_13.76053821_Check.WAV,0.0,3.0,False,False,False,True,False,False,False,False,False,False,False
/home/Shelby/blackbird_calls/Experiments/Detection_of_calls/Datasets/All_call_classes/Split_data_controlled/OpenSoundScape/Call_audios/padded_3s/SL21_Trial_1_trim_56.97991588_57.10064319_Check.WAV,0.0,3.0,False,False,False,True,False,False,False,False,False,False,False
/home/Shelby/blackbird_calls/Experiments/Detection_of_calls/Datasets/All_call_classes/Split_data_controlled/OpenSoundScape/Call_audios/padded_3s/AZ13_Trial_1_trim_57.27772045_57.35916304_Check.WAV,0.0,3.0,False,False,False,True,False,False,False,False,False,False,False
/home/Shelby/blackbird_calls/Experiments/Detection_of_calls/Datasets/All_call_classes/Split_data_controlled/OpenSoundScape/Call_audios/padded_3s/SL11_Trial_2_trim_60.71407155_61.24353723_G.WAV,0.0,3.0,False,False,False,False,False,False,False,False,True,False,False
/home/Shelby/blackbird_calls/Experiments/Detection_of_calls/Datasets/All_call_classes/Split_data_controlled/OpenSoundScape/Call_audios/padded_3s/AZ15_Trial_1_trim_37.00306804_37.11802397_Check.WAV,0.0,3.0,False,False,False,True,False,False,False,False,False,False,False
/home/Shelby/blackbird_calls/Experiments/Detection_of_calls/Datasets/All_call_classes/Split_data_controlled/OpenSoundScape/Call_audios/padded_3s/SL56_Trial_2_trim_42.9672655_43.0585559_Check.WAV,0.0,3.0,False,False,False,True,False,False,False,False,False,False,False
/home/Shelby/blackbird_calls/Experiments/Detection_of_calls/Datasets/All_call_classes/Split_data_controlled/OpenSoundScape/Call_audios/padded_3s/SL21_Trial_1_trim_53.88092533_53.9869298_Check.WAV,0.0,3.0,False,False,False,True,False,False,False,False,False,False,False
/home/Shelby/blackbird_calls/Experiments/Detection_of_calls/Datasets/All_call_classes/Split_data_controlled/OpenSoundScape/Call_audios/padded_3s/SL52_Trial_1_trim_46.31228583_46.40389435_Check.WAV,0.0,3.0,False,False,False,True,False,False,False,False,False,False,False
/home/Shelby/blackbird_calls/Experiments/Detection_of_calls/Datasets/All_call_classes/Split_data_controlled/OpenSoundScape/Call_audios/padded_3s/AZ15_Trial_1_trim_28.17379481_28.28875075_Check.WAV,0.0,3.0,False,False,False,True,False,False,False,False,False,False,False
/home/Shelby/blackbird_calls/Experiments/Detection_of_calls/Datasets/All_call_classes/Split_data_controlled/OpenSoundScape/Call_audios/padded_3s/SL07_Trial_3_trim_6.37596313_6.495708897_Check.WAV,0.0,3.0,False,False,False,True,False,False,False,False,False,False,False
/home/Shelby/blackbird_calls/Experiments/Detection_of_calls/Datasets/All_call_classes/Split_data_controlled/OpenSoundScape/Call_audios/padded_3s/SL22_Trial_2_trim_4.109891319_4.251468123_Check.WAV,0.0,3.0,False,False,False,True,False,False,False,False,False,False,False
/home/Shelby/blackbird_calls/Experiments/Detection_of_calls/Datasets/All_call_classes/Split_data_controlled/OpenSoundScape/Call_audios/padded_3s/SL52_Trial_1_trim_51.70516251_51.78011494_Check.WAV,0.0,3.0,False,False,False,True,False,False,False,False,False,False,False
/home/Shelby/blackbird_calls/Experiments/Detection_of_calls/Datasets/All_call_classes/Split_data_controlled/OpenSoundScape/Call_audios/padded_3s/SL02_Trial_2_trim_49.7230522_49.79731153_Check.WAV,0.0,3.0,False,False,False,True,False,False,False,False,False,False,False
/home/Shelby/blackbird_calls/Experiments/Detection_of_calls/Datasets/All_call_classes/Split_data_controlled/OpenSoundScape/Call_audios/padded_3s/SL21_Trial_2_trim_13.81813938_14.77347651_Cheer.WAV,0.0,3.0,False,False,False,False,True,False,False,False,False,False,False
/home/Shelby/blackbird_calls/Experiments/Detection_of_calls/Datasets/All_call_classes/Split_data_controlled/OpenSoundScape/Call_audios/padded_3s/AZ15_Trial_1_trim_19.60572296_19.69672974_Check.WAV,0.0,3.0,False,False,False,True,False,False,False,False,False,False,False
/home/Shelby/blackbird_calls/Experiments/Detection_of_calls/Datasets/All_call_classes/Split_data_controlled/OpenSoundScape/Call_audios/padded_3s/SL09_Trial_2_trim_25.71095486_25.82566667_Check.WAV,0.0,3.0,False,False,False,True,False,False,False,False,False,False,False
/home/Shelby/blackbird_calls/Experiments/Detection_of_calls/Datasets/All_call_classes/Split_data_controlled/OpenSoundScape/Call_audios/padded_3s/SL51_Trial_1_trim_16.12472187_16.69005628_Cheer.WAV,0.0,3.0,False,False,False,False,True,False,False,False,False,False,False
/home/Shelby/blackbird_calls/Experiments/Detection_of_calls/Datasets/All_call_classes/Split_data_controlled/OpenSoundScape/Call_audios/padded_3s/EF04_Trial_3_trim_34.91466502_35.26484311_Chits.WAV,0.0,3.0,False,False,False,False,False,True,False,False,False,False,False
/home/Shelby/blackbird_calls/Experiments/Detection_of_calls/Datasets/All_call_classes/Split_data_controlled/OpenSoundScape/Call_audios/padded_3s/AZ15_Trial_3_trim_36.67400526_36.78417137_C.WAV,0.0,3.0,False,False,True,False,False,False,False,False,False,False,False
/home/Shelby/blackbird_calls/Experiments/Detection_of_calls/Datasets/All_call_classes/Split_data_controlled/OpenSoundScape/Call_audios/padded_3s/EF04_Trial_2_trim_8.832182372_8.937558653_Check.WAV,0.0,3.0,False,False,False,True,False,False,False,False,False,False,False
/home/Shelby/blackbird_calls/Experiments/Detection_of_calls/Datasets/All_call_classes/Split_data_controlled/OpenSoundScape/Call_audios/padded_3s/SL28_Trial_3_trim_15.3331939_15.41231204_Check.WAV,0.0,3.0,False,False,False,True,False,False,False,False,False,False,False
/home/Shelby/blackbird_calls/Experiments/Detection_of_calls/Datasets/All_call_classes/Split_data_controlled/OpenSoundScape/Call_audios/padded_3s/SL54_Trial_2_trim_22.97326075_23.08515603_Check.WAV,0.0,3.0,False,False,False,True,False,False,False,False,False,False,False
/home/Shelby/blackbird_calls/Experiments/Detection_of_calls/Datasets/All_call_classes/Split_data_controlled/OpenSoundScape/Call_audios/padded_3s/AZ13_Trial_1_trim_25.2591192_25.32618957_Check.WAV,0.0,3.0,False,False,False,True,False,False,False,False,False,False,False
/home/Shelby/blackbird_calls/Experiments/Detection_of_calls/Datasets/All_call_classes/Split_data_controlled/OpenSoundScape/Call_audios/padded_3s/AZ13_Trial_1_trim_10.88534334_10.96199519_Check.WAV,0.0,3.0,False,False,False,True,False,False,False,False,False,False,False
/home/Shelby/blackbird_calls/Experiments/Detection_of_calls/Datasets/All_call_classes/Split_data_controlled/OpenSoundScape/Call_audios/padded_3s/SL02_Trial_1_trim_58.3360108_58.40546857_Check.WAV,0.0,3.0,False,False,False,True,False,False,False,False,False,False,False
/home/Shelby/blackbird_calls/Experiments/Detection_of_calls/Datasets/All_call_classes/Split_data_controlled/OpenSoundScape/Call_audios/padded_3s/AZ13_Trial_2_trim_41.4232105_41.49505824_Check.WAV,0.0,3.0,False,False,False,True,False,False,False,False,False,False,False
/home/Shelby/blackbird_calls/Experiments/Detection_of_calls/Datasets/All_call_classes/Split_data_controlled/OpenSoundScape/Call_audios/padded_3s/SL01_Trial_3_trim_20.42164767_20.48598183_Check.WAV,0.0,3.0,False,False,False,True,False,False,False,False,False,False,False
/home/Shelby/blackbird_calls/Experiments/Detection_of_calls/Datasets/All_call_classes/Split_data_controlled/OpenSoundScape/Call_audios/padded_3s/AZ15_Trial_1_trim_3.33851196_3.472627218_M.WAV,0.0,3.0,True,False,False,False,False,False,False,False,False,False,False
/home/Shelby/blackbird_calls/Experiments/Detection_of_calls/Datasets/All_call_classes/Split_data_controlled/OpenSoundScape/Call_audios/padded_3s/SL54_Trial_3_trim_19.73954415_19.87707447_Check.WAV,0.0,3.0,False,False,False,True,False,False,False,False,False,False,False
/home/Shelby/blackbird_calls/Experiments/Detection_of_calls/Datasets/All_call_classes/Split_data_controlled/OpenSoundScape/Call_audios/padded_3s/SL42_Trial_3_trim_28.56042243_28.66054944_E.WAV,0.0,3.0,False,False,False,False,False,False,False,True,False,False,False
/home/Shelby/blackbird_calls/Experiments/Detection_of_calls/Datasets/All_call_classes/Split_data_controlled/OpenSoundScape/Call_audios/padded_3s/SL21_Trial_3_trim_9.738097115_9.883109493_Check.WAV,0.0,3.0,False,False,False,True,False,False,False,False,False,False,False
/home/Shelby/blackbird_calls/Experiments/Detection_of_calls/Datasets/All_call_classes/Split_data_controlled/OpenSoundScape/Call_audios/padded_3s/SL02_Trial_1_trim_50.48024487_50.57365359_Check.WAV,0.0,3.0,False,False,False,True,False,False,False,False,False,False,False
/home/Shelby/blackbird_calls/Experiments/Detection_of_calls/Datasets/All_call_classes/Split_data_controlled/OpenSoundScape/Call_audios/padded_3s/SL17a_Trial_3_trim_19.16912504_19.37524421_J.WAV,0.0,3.0,False,False,False,False,False,False,False,False,False,True,False
/home/Shelby/blackbird_calls/Experiments/Detection_of_calls/Datasets/All_call_classes/Split_data_controlled/OpenSoundScape/Call_audios/padded_3s/AZ15_Trial_1_trim_42.29565131_42.40102759_Check.WAV,0.0,3.0,False,False,False,True,False,False,False,False,False,False,False
/home/Shelby/blackbird_calls/Experiments/Detection_of_calls/Datasets/All_call_classes/Split_data_controlled/OpenSoundScape/Call_audios/padded_3s/SL10_Trial_3_trim_43.74472645_44.39618996_Cheer.WAV,0.0,3.0,False,False,False,False,True,False,False,False,False,False,False
/home/Shelby/blackbird_calls/Experiments/Detection_of_calls/Datasets/All_call_classes/Split_data_controlled/OpenSoundScape/Call_audios/padded_3s/SL38_Trial_1_trim_29.09250506_29.25494664_E.WAV,0.0,3.0,False,False,False,False,False,False,False,True,False,False,False
/home/Shelby/blackbird_calls/Experiments/Detection_of_calls/Datasets/All_call_classes/Split_data_controlled/OpenSoundScape/Call_audios/padded_3s/SL16_Trial_3_trim_54.32604471_54.37601416_Check.WAV,0.0,3.0,False,False,False,True,False,False,False,False,False,False,False
/home/Shelby/blackbird_calls/Experiments/Detection_of_calls/Datasets/All_call_classes/Split_data_controlled/OpenSoundScape/Call_audios/padded_3s/AZ15_Trial_1_trim_25.57886774_25.69382367_D.WAV,0.0,3.0,False,False,False,False,False,False,True,False,False,False,False
/home/Shelby/blackbird_calls/Experiments/Detection_of_calls/Datasets/All_call_classes/Split_data_controlled/OpenSoundScape/Call_audios/padded_3s/SL22_Trial_1_trim_56.41304771_56.48075701_Check.WAV,0.0,3.0,False,False,False,True,False,False,False,False,False,False,False
/home/Shelby/blackbird_calls/Experiments/Detection_of_calls/Datasets/All_call_classes/Split_data_controlled/OpenSoundScape/Call_audios/padded_3s/SL42_Trial_1_trim_50.35778473_50.43486052_Check.WAV,0.0,3.0,False,False,False,True,False,False,False,False,False,False,False
/home/Shelby/blackbird_calls/Experiments/Detection_of_calls/Datasets/All_call_classes/Split_data_controlled/OpenSoundScape/Call_audios/padded_3s/SL07_Trial_3_trim_17.26570169_17.37826271_Check.WAV,0.0,3.0,False,False,False,True,False,False,False,False,False,False,False
/home/Shelby/blackbird_calls/Experiments/Detection_of_calls/Datasets/All_call_classes/Split_data_controlled/OpenSoundScape/Call_audios/padded_3s/AZ02_Trial_3_trim_39.74837369_40.53874239_Cheer.WAV,0.0,3.0,False,False,False,False,True,False,False,False,False,False,False
/home/Shelby/blackbird_calls/Experiments/Detection_of_calls/Datasets/All_call_classes/Split_data_controlled/OpenSoundScape/Call_audios/padded_3s/SL21_Trial_3_trim_36.98861511_37.54572116_K.WAV,0.0,3.0,False,False,False,False,False,False,False,False,False,False,True
/home/Shelby/blackbird_calls/Experiments/Detection_of_calls/Datasets/All_call_classes/Split_data_controlled/OpenSoundScape/Call_audios/padded_3s/SL30_Trial_2_trim_5.810306339_5.870694366_Check.WAV,0.0,3.0,False,False,False,True,False,False,False,False,False,False,False
/home/Shelby/blackbird_calls/Experiments/Detection_of_calls/Datasets/All_call_classes/Split_data_controlled/OpenSoundScape/Call_audios/padded_3s/SL02_Trial_2_trim_32.82153425_32.91256181_Check.WAV,0.0,3.0,False,False,False,True,False,False,False,False,False,False,False
/home/Shelby/blackbird_calls/Experiments/Detection_of_calls/Datasets/All_call_classes/Split_data_controlled/OpenSoundScape/Call_audios/padded_3s/SL42_Trial_1_trim_8.065964776_8.138874302_Check.WAV,0.0,3.0,False,False,False,True,False,False,False,False,False,False,False
/home/Shelby/blackbird_calls/Experiments/Detection_of_calls/Datasets/All_call_classes/Split_data_controlled/OpenSoundScape/Call_audios/padded_3s/SL28_Trial_1_trim_58.09717409_58.18256196_Check.WAV,0.0,3.0,False,False,False,True,False,False,False,False,False,False,False
/home/Shelby/blackbird_calls/Experiments/Detection_of_calls/Datasets/All_call_classes/Split_data_controlled/OpenSoundScape/Call_audios/padded_3s/SL11_Trial_2_trim_6.482172295_6.933575725_G.WAV,0.0,3.0,False,False,False,False,False,False,False,False,True,False,False
/home/Shelby/blackbird_calls/Experiments/Detection_of_calls/Datasets/All_call_classes/Split_data_controlled/OpenSoundScape/Call_audios/padded_3s/AZ15_Trial_1_trim_22.68218361_22.7588209_Check.WAV,0.0,3.0,False,False,False,True,False,False,False,False,False,False,False
/home/Shelby/blackbird_calls/Experiments/Detection_of_calls/Datasets/All_call_classes/Split_data_controlled/OpenSoundScape/Call_audios/padded_3s/SL10_Trial_1_trim_57.76118898_58.50368434_Cheer.WAV,0.0,3.0,False,False,False,False,True,False,False,False,False,False,False
/home/Shelby/blackbird_calls/Experiments/Detection_of_calls/Datasets/All_call_classes/Split_data_controlled/OpenSoundScape/Call_audios/padded_3s/SL22_Trial_2_trim_30.08461934_30.18871993_Check.WAV,0.0,3.0,False,False,False,True,False,False,False,False,False,False,False
/home/Shelby/blackbird_calls/Experiments/Detection_of_calls/Datasets/All_call_classes/Split_data_controlled/OpenSoundScape/Call_audios/padded_3s/EF04_Trial_2_trim_31.98301198_32.20813404_Chits.WAV,0.0,3.0,False,False,False,False,False,True,False,False,False,False,False
/home/Shelby/blackbird_calls/Experiments/Detection_of_calls/Datasets/All_call_classes/Split_data_controlled/OpenSoundScape/Call_audios/padded_3s/SL07_Trial_1_trim_29.30561564_29.4253652_D.WAV,0.0,3.0,False,False,False,False,False,False,True,False,False,False,False
/home/Shelby/blackbird_calls/Experiments/Detection_of_calls/Datasets/All_call_classes/Split_data_controlled/OpenSoundScape/Call_audios/padded_3s/SL22_Trial_1_trim_35.60128185_35.6601595_Check.WAV,0.0,3.0,False,False,False,True,False,False,False,False,False,False,False
/home/Shelby/blackbird_calls/Experiments/Detection_of_calls/Datasets/All_call_classes/Split_data_controlled/OpenSoundScape/Call_audios/padded_3s/SL07_Trial_3_trim_48.7731755_49.00548228_D.WAV,0.0,3.0,False,False,False,False,False,False,True,False,False,False,False
/home/Shelby/blackbird_calls/Experiments/Detection_of_calls/Datasets/All_call_classes/Split_data_controlled/OpenSoundScape/Call_audios/padded_3s/AZ13_Trial_1_trim_56.2297827_56.28966696_Check.WAV,0.0,3.0,False,False,False,True,False,False,False,False,False,False,False
/home/Shelby/blackbird_calls/Experiments/Detection_of_calls/Datasets/All_call_classes/Split_data_controlled/OpenSoundScape/Call_audios/padded_3s/SL36_Trial_3_trim_53.24322184_53.32651005_Check.WAV,0.0,3.0,False,False,False,True,False,False,False,False,False,False,False
/home/Shelby/blackbird_calls/Experiments/Detection_of_calls/Datasets/All_call_classes/Split_data_controlled/OpenSoundScape/Call_audios/padded_3s/SL07_Trial_1_trim_16.86020703_17.47811479_Cheer.WAV,0.0,3.0,False,False,False,False,True,False,False,False,False,False,False
/home/Shelby/blackbird_calls/Experiments/Detection_of_calls/Datasets/All_call_classes/Split_data_controlled/OpenSoundScape/Call_audios/padded_3s/RC02_Trial_1_trim_20.78978281_20.86642011_Check.WAV,0.0,3.0,False,False,False,True,False,False,False,False,False,False,False
/home/Shelby/blackbird_calls/Experiments/Detection_of_calls/Datasets/All_call_classes/Split_data_controlled/OpenSoundScape/Call_audios/padded_3s/SL17a_Trial_3_trim_3.200583568_3.275535994_Check.WAV,0.0,3.0,False,False,False,True,False,False,False,False,False,False,False
/home/Shelby/blackbird_calls/Experiments/Detection_of_calls/Datasets/All_call_classes/Split_data_controlled/OpenSoundScape/Call_audios/padded_3s/SL52_Trial_1_trim_31.25887564_31.3754683_Check.WAV,0.0,3.0,False,False,False,True,False,False,False,False,False,False,False
/home/Shelby/blackbird_calls/Experiments/Detection_of_calls/Datasets/All_call_classes/Split_data_controlled/OpenSoundScape/Call_audios/padded_3s/RC02_Trial_1_trim_45.88920912_45.949082_Check.WAV,0.0,3.0,False,False,False,True,False,False,False,False,False,False,False
/home/Shelby/blackbird_calls/Experiments/Detection_of_calls/Datasets/All_call_classes/Split_data_controlled/OpenSoundScape/Call_audios/padded_3s/SL52_Trial_1_trim_20.75928319_20.88003988_Check.WAV,0.0,3.0,False,False,False,True,False,False,False,False,False,False,False
/home/Shelby/blackbird_calls/Experiments/Detection_of_calls/Datasets/All_call_classes/Split_data_controlled/OpenSoundScape/Call_audios/padded_3s/RC02_Trial_1_trim_59.02614922_59.09320685_Check.WAV,0.0,3.0,False,False,False,True,False,False,False,False,False,False,False
/home/Shelby/blackbird_calls/Experiments/Detection_of_calls/Datasets/All_call_classes/Split_data_controlled/OpenSoundScape/Call_audios/padded_3s/SL30_Trial_1_trim_45.37129841_45.47123516_Check.WAV,0.0,3.0,False,False,False,True,False,False,False,False,False,False,False
/home/Shelby/blackbird_calls/Experiments/Detection_of_calls/Datasets/All_call_classes/Split_data_controlled/OpenSoundScape/Call_audios/padded_3s/SL42_Trial_3_trim_53.16145805_53.24686049_Check.WAV,0.0,3.0,False,False,False,True,False,False,False,False,False,False,False
/home/Shelby/blackbird_calls/Experiments/Detection_of_calls/Datasets/All_call_classes/Split_data_controlled/OpenSoundScape/Call_audios/padded_3s/SL42_Trial_3_trim_28.24753569_28.88658158_Cheer.WAV,0.0,3.0,False,False,False,False,True,False,False,False,False,False,False
/home/Shelby/blackbird_calls/Experiments/Detection_of_calls/Datasets/All_call_classes/Split_data_controlled/OpenSoundScape/Call_audios/padded_3s/SL42_Trial_1_trim_43.95796744_44.03087697_E.WAV,0.0,3.0,False,False,False,False,False,False,False,True,False,False,False
/home/Shelby/blackbird_calls/Experiments/Detection_of_calls/Datasets/All_call_classes/Split_data_controlled/OpenSoundScape/Call_audios/padded_3s/AZ15_Trial_3_trim_2.333589072_2.441970567_C.WAV,0.0,3.0,False,False,True,False,False,False,False,False,False,False,False
/home/Shelby/blackbird_calls/Experiments/Detection_of_calls/Datasets/All_call_classes/Split_data_controlled/OpenSoundScape/Call_audios/padded_3s/AZ15_Trial_1_trim_9.390442986_9.486239599_D.WAV,0.0,3.0,False,False,False,False,False,False,True,False,False,False,False
/home/Shelby/blackbird_calls/Experiments/Detection_of_calls/Datasets/All_call_classes/Split_data_controlled/OpenSoundScape/Call_audios/padded_3s/AZ02_Trial_3_trim_9.192454692_9.33136798_Check.WAV,0.0,3.0,False,False,False,True,False,False,False,False,False,False,False
/home/Shelby/blackbird_calls/Experiments/Detection_of_calls/Datasets/All_call_classes/Split_data_controlled/OpenSoundScape/Call_audios/padded_3s/SL44_Trial_1_trim_53.02392738_53.10489894_E.WAV,0.0,3.0,False,False,False,False,False,False,False,True,False,False,False
/home/Shelby/blackbird_calls/Experiments/Detection_of_calls/Datasets/All_call_classes/Split_data_controlled/OpenSoundScape/Call_audios/padded_3s/SL12_Trial_1_trim_5.705933564_5.77960146_B.WAV,0.0,3.0,False,True,False,False,False,False,False,False,False,False,False
/home/Shelby/blackbird_calls/Experiments/Detection_of_calls/Datasets/All_call_classes/Split_data_controlled/OpenSoundScape/Call_audios/padded_3s/SL51_Trial_3_trim_56.61437584_56.71743017_Check.WAV,0.0,3.0,False,False,False,True,False,False,False,False,False,False,False
/home/Shelby/blackbird_calls/Experiments/Detection_of_calls/Datasets/All_call_classes/Split_data_controlled/OpenSoundScape/Call_audios/padded_3s/AZ08_Trial_1_trim_37.84922318_37.96438087_C.WAV,0.0,3.0,False,False,True,False,False,False,False,False,False,False,False
/home/Shelby/blackbird_calls/Experiments/Detection_of_calls/Datasets/All_call_classes/Split_data_controlled/OpenSoundScape/Call_audios/padded_3s/SL09_Trial_3_trim_12.80570724_13.06991902_E.WAV,0.0,3.0,False,False,False,False,False,False,False,True,False,False,False
/home/Shelby/blackbird_calls/Experiments/Detection_of_calls/Datasets/All_call_classes/Split_data_controlled/OpenSoundScape/Call_audios/padded_3s/SL22_Trial_2_trim_3.568568248_3.668504815_Check.WAV,0.0,3.0,False,False,False,True,False,False,False,False,False,False,False
/home/Shelby/blackbird_calls/Experiments/Detection_of_calls/Datasets/All_call_classes/Split_data_controlled/OpenSoundScape/Call_audios/padded_3s/SL54_Trial_3_trim_13.10682863_13.2026831_Check.WAV,0.0,3.0,False,False,False,True,False,False,False,False,False,False,False
/home/Shelby/blackbird_calls/Experiments/Detection_of_calls/Datasets/All_call_classes/Split_data_controlled/OpenSoundScape/Call_audios/padded_3s/SL38_Trial_1_trim_29.86306128_30.10255848_E.WAV,0.0,3.0,False,False,False,False,False,False,False,True,False,False,False
/home/Shelby/blackbird_calls/Experiments/Detection_of_calls/Datasets/All_call_classes/Split_data_controlled/OpenSoundScape/Call_audios/padded_3s/SL17a_Trial_1_trim_49.18748011_49.28170235_Check.WAV,0.0,3.0,False,False,False,True,False,False,False,False,False,False,False
/home/Shelby/blackbird_calls/Experiments/Detection_of_calls/Datasets/All_call_classes/Split_data_controlled/OpenSoundScape/Call_audios/padded_3s/SL50_Trial_3_trim_17.04416919_17.14431273_Check.WAV,0.0,3.0,False,False,False,True,False,False,False,False,False,False,False
/home/Shelby/blackbird_calls/Experiments/Detection_of_calls/Datasets/All_call_classes/Split_data_controlled/OpenSoundScape/Call_audios/padded_3s/AZ13_Trial_1_trim_27.94549028_28.0245375_Check.WAV,0.0,3.0,False,False,False,True,False,False,False,False,False,False,False
/home/Shelby/blackbird_calls/Experiments/Detection_of_calls/Datasets/All_call_classes/Split_data_controlled/OpenSoundScape/Call_audios/padded_3s/SL56_Trial_3_trim_0.577104231_0.712547061_Check.WAV,0.0,3.0,False,False,False,True,False,False,False,False,False,False,False
/home/Shelby/blackbird_calls/Experiments/Detection_of_calls/Datasets/All_call_classes/Split_data_controlled/OpenSoundScape/Call_audios/padded_3s/AZ15_Trial_1_trim_37.83170874_37.91792569_Check.WAV,0.0,3.0,False,False,False,True,False,False,False,False,False,False,False
/home/Shelby/blackbird_calls/Experiments/Detection_of_calls/Datasets/All_call_classes/Split_data_controlled/OpenSoundScape/Call_audios/padded_3s/SL42_Trial_2_trim_39.62019401_39.68890378_Check.WAV,0.0,3.0,False,False,False,True,False,False,False,False,False,False,False
/home/Shelby/blackbird_calls/Experiments/Detection_of_calls/Datasets/All_call_classes/Split_data_controlled/OpenSoundScape/Call_audios/padded_3s/AZ15_Trial_3_trim_5.999598714_6.077497913_Check.WAV,0.0,3.0,False,False,False,True,False,False,False,False,False,False,False
/home/Shelby/blackbird_calls/Experiments/Detection_of_calls/Datasets/All_call_classes/Split_data_controlled/OpenSoundScape/Call_audios/padded_3s/SL02_Trial_3_trim_41.78593133_41.83143524_Check.WAV,0.0,3.0,False,False,False,True,False,False,False,False,False,False,False
/home/Shelby/blackbird_calls/Experiments/Detection_of_calls/Datasets/All_call_classes/Split_data_controlled/OpenSoundScape/Call_audios/padded_3s/AZ08_Trial_3_trim_38.07677499_38.16822374_Check.WAV,0.0,3.0,False,False,False,True,False,False,False,False,False,False,False
/home/Shelby/blackbird_calls/Experiments/Detection_of_calls/Datasets/All_call_classes/Split_data_controlled/OpenSoundScape/Call_audios/padded_3s/SL42_Trial_1_trim_28.71952674_28.78827001_Check.WAV,0.0,3.0,False,False,False,True,False,False,False,False,False,False,False
/home/Shelby/blackbird_calls/Experiments/Detection_of_calls/Datasets/All_call_classes/Split_data_controlled/OpenSoundScape/Call_audios/padded_3s/AZ02_Trial_3_trim_42.06678856_42.92421886_Cheer.WAV,0.0,3.0,False,False,False,False,True,False,False,False,False,False,False
/home/Shelby/blackbird_calls/Experiments/Detection_of_calls/Datasets/All_call_classes/Split_data_controlled/OpenSoundScape/Call_audios/padded_3s/SL36_Trial_1_trim_59.614216_59.71831733_Check.WAV,0.0,3.0,False,False,False,True,False,False,False,False,False,False,False
/home/Shelby/blackbird_calls/Experiments/Detection_of_calls/Datasets/All_call_classes/Split_data_controlled/OpenSoundScape/Call_audios/padded_3s/EF01_Trial_3_trim_73.40383742_73.55694969_I.WAV,0.0,3.0,False,False,False,False,False,False,True,False,False,False,False
/home/Shelby/blackbird_calls/Experiments/Detection_of_calls/Datasets/All_call_classes/Split_data_controlled/OpenSoundScape/Call_audios/padded_3s/SL16_Trial_1_trim_29.17932459_29.29428379_Check.WAV,0.0,3.0,False,False,False,True,False,False,False,False,False,False,False
/home/Shelby/blackbird_calls/Experiments/Detection_of_calls/Datasets/All_call_classes/Split_data_controlled/OpenSoundScape/Call_audios/padded_3s/SL11_Trial_2_trim_25.82630944_26.3829272_G.WAV,0.0,3.0,False,False,False,False,False,False,False,False,True,False,False
/home/Shelby/blackbird_calls/Experiments/Detection_of_calls/Datasets/All_call_classes/Split_data_controlled/OpenSoundScape/Call_audios/padded_3s/SL54_Trial_2_trim_37.04249815_37.18678417_Check.WAV,0.0,3.0,False,False,False,True,False,False,False,False,False,False,False
/home/Shelby/blackbird_calls/Experiments/Detection_of_calls/Datasets/All_call_classes/Split_data_controlled/OpenSoundScape/Call_audios/padded_3s/SL51_Trial_2_trim_4.311137481_4.384007895_Check.WAV,0.0,3.0,False,False,False,True,False,False,False,False,False,False,False
/home/Shelby/blackbird_calls/Experiments/Detection_of_calls/Datasets/All_call_classes/Split_data_controlled/OpenSoundScape/Call_audios/padded_3s/SL42_Trial_3_trim_8.36600907_8.463191164_E.WAV,0.0,3.0,False,False,False,False,False,False,False,True,False,False,False
/home/Shelby/blackbird_calls/Experiments/Detection_of_calls/Datasets/All_call_classes/Split_data_controlled/OpenSoundScape/Call_audios/padded_3s/AZ13_Trial_3_trim_29.62293631_29.68520428_Check.WAV,0.0,3.0,False,False,False,True,False,False,False,False,False,False,False
/home/Shelby/blackbird_calls/Experiments/Detection_of_calls/Datasets/All_call_classes/Split_data_controlled/OpenSoundScape/Call_audios/padded_3s/SL17a_Trial_3_trim_46.29529994_46.36817035_Check.WAV,0.0,3.0,False,False,False,True,False,False,False,False,False,False,False
/home/Shelby/blackbird_calls/Experiments/Detection_of_calls/Datasets/All_call_classes/Split_data_controlled/OpenSoundScape/Call_audios/padded_3s/SL51_Trial_2_trim_29.93277295_30.39914359_Cheer.WAV,0.0,3.0,False,False,False,False,True,False,False,False,False,False,False
/home/Shelby/blackbird_calls/Experiments/Detection_of_calls/Datasets/All_call_classes/Split_data_controlled/OpenSoundScape/Call_audios/padded_3s/AZ08_Trial_1_trim_56.49800228_56.58606404_C.WAV,0.0,3.0,False,False,True,False,False,False,False,False,False,False,False
/home/Shelby/blackbird_calls/Experiments/Detection_of_calls/Datasets/All_call_classes/Split_data_controlled/OpenSoundScape/Call_audios/padded_3s/SL52_Trial_1_trim_20.40117716_20.49278568_Check.WAV,0.0,3.0,False,False,False,True,False,False,False,False,False,False,False
/home/Shelby/blackbird_calls/Experiments/Detection_of_calls/Datasets/All_call_classes/Split_data_controlled/OpenSoundScape/Call_audios/padded_3s/AZ13_Trial_1_trim_1.801318508_1.916296285_Check.WAV,0.0,3.0,False,False,False,True,False,False,False,False,False,False,False
/home/Shelby/blackbird_calls/Experiments/Detection_of_calls/Datasets/All_call_classes/Split_data_controlled/OpenSoundScape/Call_audios/padded_3s/SL16_Trial_1_trim_39.64066164_39.73646098_Check.WAV,0.0,3.0,False,False,False,True,False,False,False,False,False,False,False
/home/Shelby/blackbird_calls/Experiments/Detection_of_calls/Datasets/All_call_classes/Split_data_controlled/OpenSoundScape/Call_audios/padded_3s/EF01_Trial_3_trim_17.03039984_17.27184611_O.WAV,0.0,3.0,False,False,False,False,False,False,False,True,False,False,False
/home/Shelby/blackbird_calls/Experiments/Detection_of_calls/Datasets/All_call_classes/Split_data_controlled/OpenSoundScape/Call_audios/padded_3s/SL16_Trial_1_trim_44.75773206_44.87748122_Check.WAV,0.0,3.0,False,False,False,True,False,False,False,False,False,False,False
/home/Shelby/blackbird_calls/Experiments/Detection_of_calls/Datasets/All_call_classes/Split_data_controlled/OpenSoundScape/Call_audios/padded_3s/SL17b_Trial_2_trim_13.52626064_13.60582653_Check.WAV,0.0,3.0,False,False,False,True,False,False,False,False,False,False,False
/home/Shelby/blackbird_calls/Experiments/Detection_of_calls/Datasets/All_call_classes/Split_data_controlled/OpenSoundScape/Call_audios/padded_3s/RC02_Trial_2_trim_5.905549324_6.885575482_Chits.WAV,0.0,3.0,False,False,False,False,False,True,False,False,False,False,False
/home/Shelby/blackbird_calls/Experiments/Detection_of_calls/Datasets/All_call_classes/Split_data_controlled/OpenSoundScape/Call_audios/padded_3s/AZ15_Trial_3_trim_33.91045022_33.99906209_Check.WAV,0.0,3.0,False,False,False,True,False,False,False,False,False,False,False
/home/Shelby/blackbird_calls/Experiments/Detection_of_calls/Datasets/All_call_classes/Split_data_controlled/OpenSoundScape/Call_audios/padded_3s/SL52_Trial_1_trim_16.10852998_16.22095862_Check.WAV,0.0,3.0,False,False,False,True,False,False,False,False,False,False,False
/home/Shelby/blackbird_calls/Experiments/Detection_of_calls/Datasets/All_call_classes/Split_data_controlled/OpenSoundScape/Call_audios/padded_3s/SL36_Trial_2_trim_29.01031507_29.13104853_L.WAV,0.0,3.0,False,False,True,False,False,False,False,False,False,False,False
/home/Shelby/blackbird_calls/Experiments/Detection_of_calls/Datasets/All_call_classes/Split_data_controlled/OpenSoundScape/Call_audios/padded_3s/SL21_Trial_2_trim_46.94272968_47.6621811_K.WAV,0.0,3.0,False,False,False,False,False,False,False,False,False,False,True
/home/Shelby/blackbird_calls/Experiments/Detection_of_calls/Datasets/All_call_classes/Split_data_controlled/OpenSoundScape/Call_audios/padded_3s/SL42_Trial_1_trim_57.15237713_57.62524748_Cheer.WAV,0.0,3.0,False,False,False,False,True,False,False,False,False,False,False
/home/Shelby/blackbird_calls/Experiments/Detection_of_calls/Datasets/All_call_classes/Split_data_controlled/OpenSoundScape/Call_audios/padded_3s/AZ15_Trial_1_trim_19.0501026_19.15068905_Check.WAV,0.0,3.0,False,False,False,True,False,False,False,False,False,False,False
/home/Shelby/blackbird_calls/Experiments/Detection_of_calls/Datasets/All_call_classes/Split_data_controlled/OpenSoundScape/Call_audios/padded_3s/SL30_Trial_3_trim_2.262767066_2.375280345_Check.WAV,0.0,3.0,False,False,False,True,False,False,False,False,False,False,False
/home/Shelby/blackbird_calls/Experiments/Detection_of_calls/Datasets/All_call_classes/Split_data_controlled/OpenSoundScape/Call_audios/padded_3s/SL38_Trial_1_trim_39.27005132_39.43457549_E.WAV,0.0,3.0,False,False,False,False,False,False,False,True,False,False,False
/home/Shelby/blackbird_calls/Experiments/Detection_of_calls/Datasets/All_call_classes/Split_data_controlled/OpenSoundScape/Call_audios/padded_3s/SL42_Trial_2_trim_28.07137176_28.15257422_I.WAV,0.0,3.0,False,False,False,False,False,False,True,False,False,False,False
/home/Shelby/blackbird_calls/Experiments/Detection_of_calls/Datasets/All_call_classes/Split_data_controlled/OpenSoundScape/Call_audios/padded_3s/SL52_Trial_3_trim_18.12951149_18.55842876_Cheer.WAV,0.0,3.0,False,False,False,False,True,False,False,False,False,False,False
/home/Shelby/blackbird_calls/Experiments/Detection_of_calls/Datasets/All_call_classes/Split_data_controlled/OpenSoundScape/Call_audios/padded_3s/SL42_Trial_1_trim_27.08847812_27.21554901_Check.WAV,0.0,3.0,False,False,False,True,False,False,False,False,False,False,False
/home/Shelby/blackbird_calls/Experiments/Detection_of_calls/Datasets/All_call_classes/Split_data_controlled/OpenSoundScape/Call_audios/padded_3s/SL42_Trial_1_trim_35.1552868_35.23652885_Check.WAV,0.0,3.0,False,False,False,True,False,False,False,False,False,False,False
/home/Shelby/blackbird_calls/Experiments/Detection_of_calls/Datasets/All_call_classes/Split_data_controlled/OpenSoundScape/Call_audios/padded_3s/SL21_Trial_1_trim_33.94443778_34.02788848_Check.WAV,0.0,3.0,False,False,False,True,False,False,False,False,False,False,False
/home/Shelby/blackbird_calls/Experiments/Detection_of_calls/Datasets/All_call_classes/Split_data_controlled/OpenSoundScape/Call_audios/padded_3s/SL50_Trial_1_trim_36.88233802_36.99060588_Check.WAV,0.0,3.0,False,False,False,True,False,False,False,False,False,False,False
/home/Shelby/blackbird_calls/Experiments/Detection_of_calls/Datasets/All_call_classes/Split_data_controlled/OpenSoundScape/Call_audios/padded_3s/SL42_Trial_1_trim_56.06148088_56.1198085_Check.WAV,0.0,3.0,False,False,False,True,False,False,False,False,False,False,False
/home/Shelby/blackbird_calls/Experiments/Detection_of_calls/Datasets/All_call_classes/Split_data_controlled/OpenSoundScape/Call_audios/padded_3s/AZ02_Trial_3_trim_22.36526919_22.45149123_Check.WAV,0.0,3.0,False,False,False,True,False,False,False,False,False,False,False
/home/Shelby/blackbird_calls/Experiments/Detection_of_calls/Datasets/All_call_classes/Split_data_controlled/OpenSoundScape/Call_audios/padded_3s/AZ13_Trial_3_trim_35.96538498_36.05160216_Check.WAV,0.0,3.0,False,False,False,True,False,False,False,False,False,False,False
/home/Shelby/blackbird_calls/Experiments/Detection_of_calls/Datasets/All_call_classes/Split_data_controlled/OpenSoundScape/Call_audios/padded_3s/SL02_Trial_1_trim_49.5515188_49.64732262_Check.WAV,0.0,3.0,False,False,False,True,False,False,False,False,False,False,False
/home/Shelby/blackbird_calls/Experiments/Detection_of_calls/Datasets/All_call_classes/Split_data_controlled/OpenSoundScape/Call_audios/padded_3s/SL52_Trial_3_trim_31.32624057_31.69269417_Cheer.WAV,0.0,3.0,False,False,False,False,True,False,False,False,False,False,False
/home/Shelby/blackbird_calls/Experiments/Detection_of_calls/Datasets/All_call_classes/Split_data_controlled/OpenSoundScape/Call_audios/padded_3s/SL42_Trial_1_trim_25.95525578_26.06566163_Check.WAV,0.0,3.0,False,False,False,True,False,False,False,False,False,False,False
/home/Shelby/blackbird_calls/Experiments/Detection_of_calls/Datasets/All_call_classes/Split_data_controlled/OpenSoundScape/Call_audios/padded_3s/SL10_Trial_1_trim_8.513247044_9.188678309_Cheer.WAV,0.0,3.0,False,False,False,False,True,False,False,False,False,False,False
/home/Shelby/blackbird_calls/Experiments/Detection_of_calls/Datasets/All_call_classes/Split_data_controlled/OpenSoundScape/Call_audios/padded_3s/SL50_Trial_1_trim_0.724561797_0.974410692_M.WAV,0.0,3.0,True,False,False,False,False,False,False,False,False,False,False
/home/Shelby/blackbird_calls/Experiments/Detection_of_calls/Datasets/All_call_classes/Split_data_controlled/OpenSoundScape/Call_audios/padded_3s/SL51_Trial_2_trim_59.17838975_59.750943_Cheer.WAV,0.0,3.0,False,False,False,False,True,False,False,False,False,False,False
/home/Shelby/blackbird_calls/Experiments/Detection_of_calls/Datasets/All_call_classes/Split_data_controlled/OpenSoundScape/Call_audios/padded_3s/SL54_Trial_1_trim_52.15685182_52.236348_Check.WAV,0.0,3.0,False,False,False,True,False,False,False,False,False,False,False
/home/Shelby/blackbird_calls/Experiments/Detection_of_calls/Datasets/All_call_classes/Split_data_controlled/OpenSoundScape/Call_audios/padded_3s/SL22_Trial_2_trim_19.74534377_19.8744285_Check.WAV,0.0,3.0,False,False,False,True,False,False,False,False,False,False,False
/home/Shelby/blackbird_calls/Experiments/Detection_of_calls/Datasets/All_call_classes/Split_data_controlled/OpenSoundScape/Call_audios/padded_3s/SL21_Trial_2_trim_8.475328021_9.536813721_Cheer.WAV,0.0,3.0,False,False,False,False,True,False,False,False,False,False,False
/home/Shelby/blackbird_calls/Experiments/Detection_of_calls/Datasets/All_call_classes/Split_data_controlled/OpenSoundScape/Call_audios/padded_3s/SL09_Trial_3_trim_35.77744071_35.97390588_E.WAV,0.0,3.0,False,False,False,False,False,False,False,True,False,False,False
/home/Shelby/blackbird_calls/Experiments/Detection_of_calls/Datasets/All_call_classes/Split_data_controlled/OpenSoundScape/Call_audios/padded_3s/SL56_Trial_3_trim_27.17340163_27.3206221_Check.WAV,0.0,3.0,False,False,False,True,False,False,False,False,False,False,False
/home/Shelby/blackbird_calls/Experiments/Detection_of_calls/Datasets/All_call_classes/Split_data_controlled/OpenSoundScape/Call_audios/padded_3s/SL30_Trial_3_trim_31.22500319_31.32293141_Check.WAV,0.0,3.0,False,False,False,True,False,False,False,False,False,False,False
/home/Shelby/blackbird_calls/Experiments/Detection_of_calls/Datasets/All_call_classes/Split_data_controlled/OpenSoundScape/Call_audios/padded_3s/SL11_Trial_2_trim_43.26422505_43.8174488_G.WAV,0.0,3.0,False,False,False,False,False,False,False,False,True,False,False
/home/Shelby/blackbird_calls/Experiments/Detection_of_calls/Datasets/All_call_classes/Split_data_controlled/OpenSoundScape/Call_audios/padded_3s/SL38_Trial_1_trim_1.469994414_2.380083782_Cheer.WAV,0.0,3.0,False,False,False,False,True,False,False,False,False,False,False
/home/Shelby/blackbird_calls/Experiments/Detection_of_calls/Datasets/All_call_classes/Split_data_controlled/OpenSoundScape/Call_audios/padded_3s/SL52_Trial_3_trim_32.58268934_32.67430274_Check.WAV,0.0,3.0,False,False,False,True,False,False,False,False,False,False,False
/home/Shelby/blackbird_calls/Experiments/Detection_of_calls/Datasets/All_call_classes/Split_data_controlled/OpenSoundScape/Call_audios/padded_3s/SL30_Trial_2_trim_2.213258689_2.276592474_E.WAV,0.0,3.0,False,False,False,False,False,False,False,True,False,False,False
/home/Shelby/blackbird_calls/Experiments/Detection_of_calls/Datasets/All_call_classes/Split_data_controlled/OpenSoundScape/Call_audios/padded_3s/SL02_Trial_3_trim_48.63961756_48.80007873_I.WAV,0.0,3.0,False,False,False,False,False,False,True,False,False,False,False
/home/Shelby/blackbird_calls/Experiments/Detection_of_calls/Datasets/All_call_classes/Split_data_controlled/OpenSoundScape/Call_audios/padded_3s/SL54_Trial_2_trim_22.29599985_22.39317207_Check.WAV,0.0,3.0,False,False,False,True,False,False,False,False,False,False,False
/home/Shelby/blackbird_calls/Experiments/Detection_of_calls/Datasets/All_call_classes/Split_data_controlled/OpenSoundScape/Call_audios/padded_3s/SL22_Trial_2_trim_25.16019613_25.25596868_Check.WAV,0.0,3.0,False,False,False,True,False,False,False,False,False,False,False
/home/Shelby/blackbird_calls/Experiments/Detection_of_calls/Datasets/All_call_classes/Split_data_controlled/OpenSoundScape/Call_audios/padded_3s/SL10_Trial_1_trim_33.36140189_34.06078462_Cheer.WAV,0.0,3.0,False,False,False,False,True,False,False,False,False,False,False
/home/Shelby/blackbird_calls/Experiments/Detection_of_calls/Datasets/All_call_classes/Split_data_controlled/OpenSoundScape/Call_audios/padded_3s/SL52_Trial_1_trim_28.1173473_28.21311984_Check.WAV,0.0,3.0,False,False,False,True,False,False,False,False,False,False,False
/home/Shelby/blackbird_calls/Experiments/Detection_of_calls/Datasets/All_call_classes/Split_data_controlled/OpenSoundScape/Call_audios/padded_3s/RC02_Trial_2_trim_50.41463361_52.81906053_Chits.WAV,0.0,3.0,False,False,False,False,False,True,False,False,False,False,False
/home/Shelby/blackbird_calls/Experiments/Detection_of_calls/Datasets/All_call_classes/Split_data_controlled/OpenSoundScape/Call_audios/padded_3s/AZ13_Trial_1_trim_8.777415344_8.861253307_Check.WAV,0.0,3.0,False,False,False,True,False,False,False,False,False,False,False
/home/Shelby/blackbird_calls/Experiments/Detection_of_calls/Datasets/All_call_classes/Split_data_controlled/OpenSoundScape/Call_audios/padded_3s/AZ13_Trial_1_trim_35.89719653_35.97624376_Check.WAV,0.0,3.0,False,False,False,True,False,False,False,False,False,False,False
/home/Shelby/blackbird_calls/Experiments/Detection_of_calls/Datasets/All_call_classes/Split_data_controlled/OpenSoundScape/Call_audios/padded_3s/SL50_Trial_3_trim_12.99075466_13.64757845_Cheer.WAV,0.0,3.0,False,False,False,False,True,False,False,False,False,False,False
/home/Shelby/blackbird_calls/Experiments/Detection_of_calls/Datasets/All_call_classes/Split_data_controlled/OpenSoundScape/Call_audios/padded_3s/SL42_Trial_2_trim_3.076124253_3.740318676_Cheer.WAV,0.0,3.0,False,False,False,False,True,False,False,False,False,False,False
/home/Shelby/blackbird_calls/Experiments/Detection_of_calls/Datasets/All_call_classes/Split_data_controlled/OpenSoundScape/Call_audios/padded_3s/SL09_Trial_2_trim_6.8336634_6.929256578_Check.WAV,0.0,3.0,False,False,False,True,False,False,False,False,False,False,False
/home/Shelby/blackbird_calls/Experiments/Detection_of_calls/Datasets/All_call_classes/Split_data_controlled/OpenSoundScape/Call_audios/padded_3s/SL22_Trial_2_trim_15.28983849_15.3981031_Check.WAV,0.0,3.0,False,False,False,True,False,False,False,False,False,False,False
/home/Shelby/blackbird_calls/Experiments/Detection_of_calls/Datasets/All_call_classes/Split_data_controlled/OpenSoundScape/Call_audios/padded_3s/SL09_Trial_2_trim_56.97114113_57.0906326_Check.WAV,0.0,3.0,False,False,False,True,False,False,False,False,False,False,False
/home/Shelby/blackbird_calls/Experiments/Detection_of_calls/Datasets/All_call_classes/Split_data_controlled/OpenSoundScape/Call_audios/padded_3s/SL28_Trial_3_trim_16.96136207_17.03215199_Check.WAV,0.0,3.0,False,False,False,True,False,False,False,False,False,False,False
/home/Shelby/blackbird_calls/Experiments/Detection_of_calls/Datasets/All_call_classes/Split_data_controlled/OpenSoundScape/Call_audios/padded_3s/EF04_Trial_2_trim_15.23278594_15.31900289_Check.WAV,0.0,3.0,False,False,False,True,False,False,False,False,False,False,False
/home/Shelby/blackbird_calls/Experiments/Detection_of_calls/Datasets/All_call_classes/Split_data_controlled/OpenSoundScape/Call_audios/padded_3s/SL17a_Trial_3_trim_1.532360695_2.011223412_Chits.WAV,0.0,3.0,False,False,False,False,False,True,False,False,False,False,False
/home/Shelby/blackbird_calls/Experiments/Detection_of_calls/Datasets/All_call_classes/Split_data_controlled/OpenSoundScape/Call_audios/padded_3s/AZ15_Trial_1_trim_22.49059038_22.56243784_Check.WAV,0.0,3.0,False,False,False,True,False,False,False,False,False,False,False
/home/Shelby/blackbird_calls/Experiments/Detection_of_calls/Datasets/All_call_classes/Split_data_controlled/OpenSoundScape/Call_audios/padded_3s/SL12_Trial_1_trim_37.5267676_37.59789522_Check.WAV,0.0,3.0,False,False,False,True,False,False,False,False,False,False,False
/home/Shelby/blackbird_calls/Experiments/Detection_of_calls/Datasets/All_call_classes/Split_data_controlled/OpenSoundScape/Call_audios/padded_3s/AZ15_Trial_1_trim_48.93507675_49.02608353_Check.WAV,0.0,3.0,False,False,False,True,False,False,False,False,False,False,False
/home/Shelby/blackbird_calls/Experiments/Detection_of_calls/Datasets/All_call_classes/Split_data_controlled/OpenSoundScape/Call_audios/padded_3s/AZ02_Trial_3_trim_16.17142795_16.7270811_Cheer.WAV,0.0,3.0,False,False,False,False,True,False,False,False,False,False,False
/home/Shelby/blackbird_calls/Experiments/Detection_of_calls/Datasets/All_call_classes/Split_data_controlled/OpenSoundScape/Call_audios/padded_3s/SL52_Trial_1_trim_23.41570017_23.50730869_Check.WAV,0.0,3.0,False,False,False,True,False,False,False,False,False,False,False
/home/Shelby/blackbird_calls/Experiments/Detection_of_calls/Datasets/All_call_classes/Split_data_controlled/OpenSoundScape/Call_audios/padded_3s/SL54_Trial_3_trim_33.52777605_33.68614431_Check.WAV,0.0,3.0,False,False,False,True,False,False,False,False,False,False,False
/home/Shelby/blackbird_calls/Experiments/Detection_of_calls/Datasets/All_call_classes/Split_data_controlled/OpenSoundScape/Call_audios/padded_3s/AZ13_Trial_3_trim_47.1642056_47.22886848_Check.WAV,0.0,3.0,False,False,False,True,False,False,False,False,False,False,False
/home/Shelby/blackbird_calls/Experiments/Detection_of_calls/Datasets/All_call_classes/Split_data_controlled/OpenSoundScape/Call_audios/padded_3s/SL07_Trial_3_trim_33.56452543_33.66271696_Check.WAV,0.0,3.0,False,False,False,True,False,False,False,False,False,False,False
/home/Shelby/blackbird_calls/Experiments/Detection_of_calls/Datasets/All_call_classes/Split_data_controlled/OpenSoundScape/Call_audios/padded_3s/AZ15_Trial_3_trim_23.13700835_23.24477954_Check.WAV,0.0,3.0,False,False,False,True,False,False,False,False,False,False,False
/home/Shelby/blackbird_calls/Experiments/Detection_of_calls/Datasets/All_call_classes/Split_data_controlled/OpenSoundScape/Call_audios/padded_3s/SL54_Trial_3_trim_26.18842146_26.29677869_Check.WAV,0.0,3.0,False,False,False,True,False,False,False,False,False,False,False
/home/Shelby/blackbird_calls/Experiments/Detection_of_calls/Datasets/All_call_classes/Split_data_controlled/OpenSoundScape/Call_audios/padded_3s/SL52_Trial_1_trim_41.06977845_41.16971502_Check.WAV,0.0,3.0,False,False,False,True,False,False,False,False,False,False,False
/home/Shelby/blackbird_calls/Experiments/Detection_of_calls/Datasets/All_call_classes/Split_data_controlled/OpenSoundScape/Call_audios/padded_3s/SL17b_Trial_2_trim_54.31788855_54.45344523_Check.WAV,0.0,3.0,False,False,False,True,False,False,False,False,False,False,False
/home/Shelby/blackbird_calls/Experiments/Detection_of_calls/Datasets/All_call_classes/Split_data_controlled/OpenSoundScape/Call_audios/padded_3s/AZ15_Trial_3_trim_58.93792424_59.0241412_C.WAV,0.0,3.0,False,False,True,False,False,False,False,False,False,False,False
/home/Shelby/blackbird_calls/Experiments/Detection_of_calls/Datasets/All_call_classes/Split_data_controlled/OpenSoundScape/Call_audios/padded_3s/SL13_Trial_2_trim_60.82821549_60.90292414_Check.WAV,0.0,3.0,False,False,False,True,False,False,False,False,False,False,False
/home/Shelby/blackbird_calls/Experiments/Detection_of_calls/Datasets/All_call_classes/Split_data_controlled/OpenSoundScape/Call_audios/padded_3s/SL28_Trial_1_trim_41.55471922_42.18187841_Chits.WAV,0.0,3.0,False,False,False,False,False,True,False,False,False,False,False
/home/Shelby/blackbird_calls/Experiments/Detection_of_calls/Datasets/All_call_classes/Split_data_controlled/OpenSoundScape/Call_audios/padded_3s/SL17a_Trial_3_trim_53.96312561_54.06514419_E.WAV,0.0,3.0,False,False,False,False,False,False,False,True,False,False,False
/home/Shelby/blackbird_calls/Experiments/Detection_of_calls/Datasets/All_call_classes/Split_data_controlled/OpenSoundScape/Call_audios/padded_3s/SL44_Trial_1_trim_29.21643396_29.28268343_E.WAV,0.0,3.0,False,False,False,False,False,False,False,True,False,False,False
/home/Shelby/blackbird_calls/Experiments/Detection_of_calls/Datasets/All_call_classes/Split_data_controlled/OpenSoundScape/Call_audios/padded_3s/RC02_Trial_1_trim_39.40776207_39.48918919_Check.WAV,0.0,3.0,False,False,False,True,False,False,False,False,False,False,False
/home/Shelby/blackbird_calls/Experiments/Detection_of_calls/Datasets/All_call_classes/Split_data_controlled/OpenSoundScape/Call_audios/padded_3s/SL42_Trial_1_trim_38.70839575_38.8042197_Check.WAV,0.0,3.0,False,False,False,True,False,False,False,False,False,False,False
/home/Shelby/blackbird_calls/Experiments/Detection_of_calls/Datasets/All_call_classes/Split_data_controlled/OpenSoundScape/Call_audios/padded_3s/RC02_Trial_1_trim_25.65216003_25.73358715_Check.WAV,0.0,3.0,False,False,False,True,False,False,False,False,False,False,False
/home/Shelby/blackbird_calls/Experiments/Detection_of_calls/Datasets/All_call_classes/Split_data_controlled/OpenSoundScape/Call_audios/padded_3s/SL17a_Trial_3_trim_30.42922689_30.50578153_E.WAV,0.0,3.0,False,False,False,False,False,False,False,True,False,False,False
/home/Shelby/blackbird_calls/Experiments/Detection_of_calls/Datasets/All_call_classes/Split_data_controlled/OpenSoundScape/Call_audios/padded_3s/SL51_Trial_3_trim_58.68429561_58.76968348_Check.WAV,0.0,3.0,False,False,False,True,False,False,False,False,False,False,False
/home/Shelby/blackbird_calls/Experiments/Detection_of_calls/Datasets/All_call_classes/Split_data_controlled/OpenSoundScape/Call_audios/padded_3s/SL52_Trial_1_trim_27.33034683_27.43861144_Check.WAV,0.0,3.0,False,False,False,True,False,False,False,False,False,False,False
/home/Shelby/blackbird_calls/Experiments/Detection_of_calls/Datasets/All_call_classes/Split_data_controlled/OpenSoundScape/Call_audios/padded_3s/SL49_Trial_2_trim_4.841322335_4.930857497_D.WAV,0.0,3.0,False,False,False,False,False,False,True,False,False,False,False
/home/Shelby/blackbird_calls/Experiments/Detection_of_calls/Datasets/All_call_classes/Split_data_controlled/OpenSoundScape/Call_audios/padded_3s/SL42_Trial_1_trim_18.78299962_18.90382112_Check.WAV,0.0,3.0,False,False,False,True,False,False,False,False,False,False,False
/home/Shelby/blackbird_calls/Experiments/Detection_of_calls/Datasets/All_call_classes/Split_data_controlled/OpenSoundScape/Call_audios/padded_3s/SL12_Trial_1_trim_9.070357679_9.117776095_Check.WAV,0.0,3.0,False,False,False,True,False,False,False,False,False,False,False
/home/Shelby/blackbird_calls/Experiments/Detection_of_calls/Datasets/All_call_classes/Split_data_controlled/OpenSoundScape/Call_audios/padded_3s/SL44_Trial_1_trim_47.70356117_47.79483821_E.WAV,0.0,3.0,False,False,False,False,False,False,False,True,False,False,False
/home/Shelby/blackbird_calls/Experiments/Detection_of_calls/Datasets/All_call_classes/Split_data_controlled/OpenSoundScape/Call_audios/padded_3s/AZ15_Trial_1_trim_26.65657963_26.73800675_Check.WAV,0.0,3.0,False,False,False,True,False,False,False,False,False,False,False
/home/Shelby/blackbird_calls/Experiments/Detection_of_calls/Datasets/All_call_classes/Split_data_controlled/OpenSoundScape/Call_audios/padded_3s/SL09_Trial_3_trim_57.920076_58.15041447_E.WAV,0.0,3.0,False,False,False,False,False,False,False,True,False,False,False
/home/Shelby/blackbird_calls/Experiments/Detection_of_calls/Datasets/All_call_classes/Split_data_controlled/OpenSoundScape/Call_audios/padded_3s/SL52_Trial_1_trim_31.46291279_31.58366948_Check.WAV,0.0,3.0,False,False,False,True,False,False,False,False,False,False,False
/home/Shelby/blackbird_calls/Experiments/Detection_of_calls/Datasets/All_call_classes/Split_data_controlled/OpenSoundScape/Call_audios/padded_3s/SL07_Trial_1_trim_22.75896145_23.47266887_Cheer.WAV,0.0,3.0,False,False,False,False,True,False,False,False,False,False,False
/home/Shelby/blackbird_calls/Experiments/Detection_of_calls/Datasets/All_call_classes/Split_data_controlled/OpenSoundScape/Call_audios/padded_3s/SL50_Trial_1_trim_59.79433352_60.48974627_Cheer.WAV,0.0,3.0,False,False,False,False,True,False,False,False,False,False,False
/home/Shelby/blackbird_calls/Experiments/Detection_of_calls/Datasets/All_call_classes/Split_data_controlled/OpenSoundScape/Call_audios/padded_3s/EF01_Trial_3_trim_3.325259101_3.568693762_O.WAV,0.0,3.0,False,False,False,False,False,False,False,True,False,False,False
/home/Shelby/blackbird_calls/Experiments/Detection_of_calls/Datasets/All_call_classes/Split_data_controlled/OpenSoundScape/Call_audios/padded_3s/SL01_Trial_3_trim_51.85856725_52.29874835_Chits.WAV,0.0,3.0,False,False,False,False,False,True,False,False,False,False,False
/home/Shelby/blackbird_calls/Experiments/Detection_of_calls/Datasets/All_call_classes/Split_data_controlled/OpenSoundScape/Call_audios/padded_3s/SL42_Trial_1_trim_5.854656738_6.154627358_Cheer.WAV,0.0,3.0,False,False,False,False,True,False,False,False,False,False,False
/home/Shelby/blackbird_calls/Experiments/Detection_of_calls/Datasets/All_call_classes/Split_data_controlled/OpenSoundScape/Call_audios/padded_3s/SL17a_Trial_3_trim_14.7378077_15.04178143_K.WAV,0.0,3.0,False,False,False,False,False,False,False,False,False,False,True
/home/Shelby/blackbird_calls/Experiments/Detection_of_calls/Datasets/All_call_classes/Split_data_controlled/OpenSoundScape/Call_audios/padded_3s/SL42_Trial_1_trim_12.71116532_12.79449049_Check.WAV,0.0,3.0,False,False,False,True,False,False,False,False,False,False,False
/home/Shelby/blackbird_calls/Experiments/Detection_of_calls/Datasets/All_call_classes/Split_data_controlled/OpenSoundScape/Call_audios/padded_3s/AZ13_Trial_2_trim_56.33945674_56.40651464_Check.WAV,0.0,3.0,False,False,False,True,False,False,False,False,False,False,False
/home/Shelby/blackbird_calls/Experiments/Detection_of_calls/Datasets/All_call_classes/Split_data_controlled/OpenSoundScape/Call_audios/padded_3s/SL21_Trial_3_trim_8.88917361_9.033608512_Check.WAV,0.0,3.0,False,False,False,True,False,False,False,False,False,False,False
/home/Shelby/blackbird_calls/Experiments/Detection_of_calls/Datasets/All_call_classes/Split_data_controlled/OpenSoundScape/Call_audios/padded_3s/AZ02_Trial_3_trim_25.99116334_26.57076706_Cheer.WAV,0.0,3.0,False,False,False,False,True,False,False,False,False,False,False
/home/Shelby/blackbird_calls/Experiments/Detection_of_calls/Datasets/All_call_classes/Split_data_controlled/OpenSoundScape/Call_audios/padded_3s/SL13_Trial_2_trim_41.65544648_41.77430115_Check.WAV,0.0,3.0,False,False,False,True,False,False,False,False,False,False,False
/home/Shelby/blackbird_calls/Experiments/Detection_of_calls/Datasets/All_call_classes/Split_data_controlled/OpenSoundScape/Call_audios/padded_3s/RC02_Trial_2_trim_8.662894999_9.119279729_Chits.WAV,0.0,3.0,False,False,False,False,False,True,False,False,False,False,False
/home/Shelby/blackbird_calls/Experiments/Detection_of_calls/Datasets/All_call_classes/Split_data_controlled/OpenSoundScape/Call_audios/padded_3s/SL16_Trial_2_trim_15.14379346_15.37940967_E.WAV,0.0,3.0,False,False,False,False,False,False,False,True,False,False,False
/home/Shelby/blackbird_calls/Experiments/Detection_of_calls/Datasets/All_call_classes/Split_data_controlled/OpenSoundScape/Call_audios/padded_3s/SL02_Trial_3_trim_40.04526839_40.12909139_Check.WAV,0.0,3.0,False,False,False,True,False,False,False,False,False,False,False
/home/Shelby/blackbird_calls/Experiments/Detection_of_calls/Datasets/All_call_classes/Split_data_controlled/OpenSoundScape/Call_audios/padded_3s/AZ13_Trial_1_trim_7.093468211_7.196469137_Check.WAV,0.0,3.0,False,False,False,True,False,False,False,False,False,False,False
/home/Shelby/blackbird_calls/Experiments/Detection_of_calls/Datasets/All_call_classes/Split_data_controlled/OpenSoundScape/Call_audios/padded_3s/EF01_Trial_2_trim_15.074059_15.16358646_Check.WAV,0.0,3.0,False,False,False,True,False,False,False,False,False,False,False
/home/Shelby/blackbird_calls/Experiments/Detection_of_calls/Datasets/All_call_classes/Split_data_controlled/OpenSoundScape/Call_audios/padded_3s/SL07_Trial_3_trim_11.40904886_11.55753361_Check.WAV,0.0,3.0,False,False,False,True,False,False,False,False,False,False,False
/home/Shelby/blackbird_calls/Experiments/Detection_of_calls/Datasets/All_call_classes/Split_data_controlled/OpenSoundScape/Call_audios/padded_3s/SL16_Trial_3_trim_14.59484192_14.69061669_Check.WAV,0.0,3.0,False,False,False,True,False,False,False,False,False,False,False
/home/Shelby/blackbird_calls/Experiments/Detection_of_calls/Datasets/All_call_classes/Split_data_controlled/OpenSoundScape/Call_audios/padded_3s/SL22_Trial_1_trim_10.47060107_10.58541249_Check.WAV,0.0,3.0,False,False,False,True,False,False,False,False,False,False,False
/home/Shelby/blackbird_calls/Experiments/Detection_of_calls/Datasets/All_call_classes/Split_data_controlled/OpenSoundScape/Call_audios/padded_3s/SL38_Trial_1_trim_43.77189152_43.9884803_E.WAV,0.0,3.0,False,False,False,False,False,False,False,True,False,False,False
/home/Shelby/blackbird_calls/Experiments/Detection_of_calls/Datasets/All_call_classes/Split_data_controlled/OpenSoundScape/Call_audios/padded_3s/SL51_Trial_1_trim_54.36635361_54.46352046_Check.WAV,0.0,3.0,False,False,False,True,False,False,False,False,False,False,False
/home/Shelby/blackbird_calls/Experiments/Detection_of_calls/Datasets/All_call_classes/Split_data_controlled/OpenSoundScape/Call_audios/padded_3s/SL52_Trial_1_trim_42.55194256_42.66020717_Check.WAV,0.0,3.0,False,False,False,True,False,False,False,False,False,False,False
/home/Shelby/blackbird_calls/Experiments/Detection_of_calls/Datasets/All_call_classes/Split_data_controlled/OpenSoundScape/Call_audios/padded_3s/EF04_Trial_3_trim_4.005461747_4.09660399_Check.WAV,0.0,3.0,False,False,False,True,False,False,False,False,False,False,False
/home/Shelby/blackbird_calls/Experiments/Detection_of_calls/Datasets/All_call_classes/Split_data_controlled/OpenSoundScape/Call_audios/padded_3s/SL42_Trial_1_trim_24.03616185_24.14240145_Check.WAV,0.0,3.0,False,False,False,True,False,False,False,False,False,False,False
/home/Shelby/blackbird_calls/Experiments/Detection_of_calls/Datasets/All_call_classes/Split_data_controlled/OpenSoundScape/Call_audios/padded_3s/AZ13_Trial_3_trim_27.13267581_27.21170823_Check.WAV,0.0,3.0,False,False,False,True,False,False,False,False,False,False,False
/home/Shelby/blackbird_calls/Experiments/Detection_of_calls/Datasets/All_call_classes/Split_data_controlled/OpenSoundScape/Call_audios/padded_3s/SL21_Trial_2_trim_10.24447085_11.04648227_K.WAV,0.0,3.0,False,False,False,False,False,False,False,False,False,False,True
/home/Shelby/blackbird_calls/Experiments/Detection_of_calls/Datasets/All_call_classes/Split_data_controlled/OpenSoundScape/Call_audios/padded_3s/SL11_Trial_3_trim_43.99311816_44.62310213_Cheer.WAV,0.0,3.0,False,False,False,False,True,False,False,False,False,False,False
/home/Shelby/blackbird_calls/Experiments/Detection_of_calls/Datasets/All_call_classes/Split_data_controlled/OpenSoundScape/Call_audios/padded_3s/AZ15_Trial_1_trim_21.47514629_21.55178358_Check.WAV,0.0,3.0,False,False,False,True,False,False,False,False,False,False,False
/home/Shelby/blackbird_calls/Experiments/Detection_of_calls/Datasets/All_call_classes/Split_data_controlled/OpenSoundScape/Call_audios/padded_3s/AZ13_Trial_1_trim_16.13107754_16.24845069_Check.WAV,0.0,3.0,False,False,False,True,False,False,False,False,False,False,False
/home/Shelby/blackbird_calls/Experiments/Detection_of_calls/Datasets/All_call_classes/Split_data_controlled/OpenSoundScape/Call_audios/padded_3s/SL42_Trial_1_trim_31.64951411_31.75367057_Check.WAV,0.0,3.0,False,False,False,True,False,False,False,False,False,False,False
/home/Shelby/blackbird_calls/Experiments/Detection_of_calls/Datasets/All_call_classes/Split_data_controlled/OpenSoundScape/Call_audios/padded_3s/SL51_Trial_1_trim_21.09021818_21.18149613_Check.WAV,0.0,3.0,False,False,False,True,False,False,False,False,False,False,False
/home/Shelby/blackbird_calls/Experiments/Detection_of_calls/Datasets/All_call_classes/Split_data_controlled/OpenSoundScape/Call_audios/padded_3s/SL50_Trial_3_trim_45.35895068_45.50032979_Check.WAV,0.0,3.0,False,False,False,True,False,False,False,False,False,False,False
/home/Shelby/blackbird_calls/Experiments/Detection_of_calls/Datasets/All_call_classes/Split_data_controlled/OpenSoundScape/Call_audios/padded_3s/SL17b_Trial_2_trim_34.4999664_34.6532044_Check.WAV,0.0,3.0,False,False,False,True,False,False,False,False,False,False,False
/home/Shelby/blackbird_calls/Experiments/Detection_of_calls/Datasets/All_call_classes/Split_data_controlled/OpenSoundScape/Call_audios/padded_3s/SL02_Trial_2_trim_13.30829343_13.36578452_Check.WAV,0.0,3.0,False,False,False,True,False,False,False,False,False,False,False
/home/Shelby/blackbird_calls/Experiments/Detection_of_calls/Datasets/All_call_classes/Split_data_controlled/OpenSoundScape/Call_audios/padded_3s/AZ13_Trial_1_trim_20.73557376_21.12601913_Cheer.WAV,0.0,3.0,False,False,False,False,True,False,False,False,False,False,False
/home/Shelby/blackbird_calls/Experiments/Detection_of_calls/Datasets/All_call_classes/Split_data_controlled/OpenSoundScape/Call_audios/padded_3s/SL54_Trial_3_trim_52.95590882_53.12677983_Check.WAV,0.0,3.0,False,False,False,True,False,False,False,False,False,False,False
/home/Shelby/blackbird_calls/Experiments/Detection_of_calls/Datasets/All_call_classes/Split_data_controlled/OpenSoundScape/Call_audios/padded_3s/SL42_Trial_1_trim_50.83207471_50.91539989_Check.WAV,0.0,3.0,False,False,False,True,False,False,False,False,False,False,False
/home/Shelby/blackbird_calls/Experiments/Detection_of_calls/Datasets/All_call_classes/Split_data_controlled/OpenSoundScape/Call_audios/padded_3s/SL21_Trial_1_trim_38.3731914_38.69709392_D.WAV,0.0,3.0,False,False,False,False,False,False,True,False,False,False,False
/home/Shelby/blackbird_calls/Experiments/Detection_of_calls/Datasets/All_call_classes/Split_data_controlled/OpenSoundScape/Call_audios/padded_3s/EF04_Trial_2_trim_8.046650091_8.128077218_Check.WAV,0.0,3.0,False,False,False,True,False,False,False,False,False,False,False
/home/Shelby/blackbird_calls/Experiments/Detection_of_calls/Datasets/All_call_classes/Split_data_controlled/OpenSoundScape/Call_audios/padded_3s/SL49_Trial_2_trim_17.79999671_17.87287417_D.WAV,0.0,3.0,False,False,False,False,False,False,True,False,False,False,False
/home/Shelby/blackbird_calls/Experiments/Detection_of_calls/Datasets/All_call_classes/Split_data_controlled/OpenSoundScape/Call_audios/padded_3s/SL30_Trial_2_trim_13.72003103_13.78631057_Check.WAV,0.0,3.0,False,False,False,True,False,False,False,False,False,False,False
/home/Shelby/blackbird_calls/Experiments/Detection_of_calls/Datasets/All_call_classes/Split_data_controlled/OpenSoundScape/Call_audios/padded_3s/SL51_Trial_3_trim_51.17729435_51.26268222_Check.WAV,0.0,3.0,False,False,False,True,False,False,False,False,False,False,False
/home/Shelby/blackbird_calls/Experiments/Detection_of_calls/Datasets/All_call_classes/Split_data_controlled/OpenSoundScape/Call_audios/padded_3s/SL21_Trial_1_trim_30.74563582_30.86930769_Check.WAV,0.0,3.0,False,False,False,True,False,False,False,False,False,False,False
/home/Shelby/blackbird_calls/Experiments/Detection_of_calls/Datasets/All_call_classes/Split_data_controlled/OpenSoundScape/Call_audios/padded_3s/SL43_Trial_2_trim_35.7170979_35.92530009_Check.WAV,0.0,3.0,False,False,False,True,False,False,False,False,False,False,False
/home/Shelby/blackbird_calls/Experiments/Detection_of_calls/Datasets/All_call_classes/Split_data_controlled/OpenSoundScape/Call_audios/padded_3s/SL42_Trial_2_trim_45.04418726_45.10665068_Check.WAV,0.0,3.0,False,False,False,True,False,False,False,False,False,False,False
/home/Shelby/blackbird_calls/Experiments/Detection_of_calls/Datasets/All_call_classes/Split_data_controlled/OpenSoundScape/Call_audios/padded_3s/SL22_Trial_2_trim_7.979428678_8.096021339_Check.WAV,0.0,3.0,False,False,False,True,False,False,False,False,False,False,False
/home/Shelby/blackbird_calls/Experiments/Detection_of_calls/Datasets/All_call_classes/Split_data_controlled/OpenSoundScape/Call_audios/padded_3s/SL42_Trial_1_trim_23.10655434_23.181547_Check.WAV,0.0,3.0,False,False,False,True,False,False,False,False,False,False,False
/home/Shelby/blackbird_calls/Experiments/Detection_of_calls/Datasets/All_call_classes/Split_data_controlled/OpenSoundScape/Call_audios/padded_3s/AZ15_Trial_1_trim_22.15051241_22.23193953_Check.WAV,0.0,3.0,False,False,False,True,False,False,False,False,False,False,False
/home/Shelby/blackbird_calls/Experiments/Detection_of_calls/Datasets/All_call_classes/Split_data_controlled/OpenSoundScape/Call_audios/padded_3s/SL17b_Trial_2_trim_21.31776241_21.47984106_Check.WAV,0.0,3.0,False,False,False,True,False,False,False,False,False,False,False
/home/Shelby/blackbird_calls/Experiments/Detection_of_calls/Datasets/All_call_classes/Split_data_controlled/OpenSoundScape/Call_audios/padded_3s/SL07_Trial_3_trim_53.52883738_53.65337297_Check.WAV,0.0,3.0,False,False,False,True,False,False,False,False,False,False,False
/home/Shelby/blackbird_calls/Experiments/Detection_of_calls/Datasets/All_call_classes/Split_data_controlled/OpenSoundScape/Call_audios/padded_3s/SL49_Trial_2_trim_51.29128376_51.39747663_D.WAV,0.0,3.0,False,False,False,False,False,False,True,False,False,False,False
/home/Shelby/blackbird_calls/Experiments/Detection_of_calls/Datasets/All_call_classes/Split_data_controlled/OpenSoundScape/Call_audios/padded_3s/SL42_Trial_2_trim_52.4967858_52.55924922_Check.WAV,0.0,3.0,False,False,False,True,False,False,False,False,False,False,False
/home/Shelby/blackbird_calls/Experiments/Detection_of_calls/Datasets/All_call_classes/Split_data_controlled/OpenSoundScape/Call_audios/padded_3s/SL42_Trial_1_trim_52.76575055_52.88032266_Check.WAV,0.0,3.0,False,False,False,True,False,False,False,False,False,False,False
/home/Shelby/blackbird_calls/Experiments/Detection_of_calls/Datasets/All_call_classes/Split_data_controlled/OpenSoundScape/Call_audios/padded_3s/AZ13_Trial_1_trim_50.94739667_51.56779759_Chits.WAV,0.0,3.0,False,False,False,False,False,True,False,False,False,False,False
/home/Shelby/blackbird_calls/Experiments/Detection_of_calls/Datasets/All_call_classes/Split_data_controlled/OpenSoundScape/Call_audios/padded_3s/SL17a_Trial_3_trim_29.06007654_29.2367411_K.WAV,0.0,3.0,False,False,False,False,False,False,False,False,False,False,True
/home/Shelby/blackbird_calls/Experiments/Detection_of_calls/Datasets/All_call_classes/Split_data_controlled/OpenSoundScape/Call_audios/padded_3s/SL02_Trial_3_trim_4.361116092_4.41140989_Check.WAV,0.0,3.0,False,False,False,True,False,False,False,False,False,False,False
/home/Shelby/blackbird_calls/Experiments/Detection_of_calls/Datasets/All_call_classes/Split_data_controlled/OpenSoundScape/Call_audios/padded_3s/SL36_Trial_2_trim_4.798980231_5.555772887_Cheer.WAV,0.0,3.0,False,False,False,False,True,False,False,False,False,False,False
/home/Shelby/blackbird_calls/Experiments/Detection_of_calls/Datasets/All_call_classes/Split_data_controlled/OpenSoundScape/Call_audios/padded_3s/SL02_Trial_2_trim_32.42867846_32.52928787_Check.WAV,0.0,3.0,False,False,False,True,False,False,False,False,False,False,False
/home/Shelby/blackbird_calls/Experiments/Detection_of_calls/Datasets/All_call_classes/Split_data_controlled/OpenSoundScape/Call_audios/padded_3s/SL50_Trial_3_trim_3.540368605_4.147120629_Cheer.WAV,0.0,3.0,False,False,False,False,True,False,False,False,False,False,False
/home/Shelby/blackbird_calls/Experiments/Detection_of_calls/Datasets/All_call_classes/Split_data_controlled/OpenSoundScape/Call_audios/padded_3s/SL22_Trial_2_trim_3.281250618_3.41033535_Check.WAV,0.0,3.0,False,False,False,True,False,False,False,False,False,False,False
/home/Shelby/blackbird_calls/Experiments/Detection_of_calls/Datasets/All_call_classes/Split_data_controlled/OpenSoundScape/Call_audios/padded_3s/RC02_Trial_1_trim_9.30170175_9.363969549_Check.WAV,0.0,3.0,False,False,False,True,False,False,False,False,False,False,False
/home/Shelby/blackbird_calls/Experiments/Detection_of_calls/Datasets/All_call_classes/Split_data_controlled/OpenSoundScape/Call_audios/padded_3s/SL38_Trial_3_trim_51.10961183_51.203306_Check.WAV,0.0,3.0,False,False,False,True,False,False,False,False,False,False,False
/home/Shelby/blackbird_calls/Experiments/Detection_of_calls/Datasets/All_call_classes/Split_data_controlled/OpenSoundScape/Call_audios/padded_3s/SL17a_Trial_3_trim_17.92585435_18.88982582_Chits.WAV,0.0,3.0,False,False,False,False,False,True,False,False,False,False,False
/home/Shelby/blackbird_calls/Experiments/Detection_of_calls/Datasets/All_call_classes/Split_data_controlled/OpenSoundScape/Call_audios/padded_3s/SL50_Trial_1_trim_15.6905144_16.10692923_Cheer.WAV,0.0,3.0,False,False,False,False,True,False,False,False,False,False,False
/home/Shelby/blackbird_calls/Experiments/Detection_of_calls/Datasets/All_call_classes/Split_data_controlled/OpenSoundScape/Call_audios/padded_3s/AZ13_Trial_2_trim_35.51106432_35.58530699_Check.WAV,0.0,3.0,False,False,False,True,False,False,False,False,False,False,False
/home/Shelby/blackbird_calls/Experiments/Detection_of_calls/Datasets/All_call_classes/Split_data_controlled/OpenSoundScape/Call_audios/padded_3s/EF01_Trial_2_trim_39.43217181_39.50296097_Check.WAV,0.0,3.0,False,False,False,True,False,False,False,False,False,False,False
/home/Shelby/blackbird_calls/Experiments/Detection_of_calls/Datasets/All_call_classes/Split_data_controlled/OpenSoundScape/Call_audios/padded_3s/SL54_Trial_3_trim_39.22139232_39.42560401_Check.WAV,0.0,3.0,False,False,False,True,False,False,False,False,False,False,False
/home/Shelby/blackbird_calls/Experiments/Detection_of_calls/Datasets/All_call_classes/Split_data_controlled/OpenSoundScape/Call_audios/padded_3s/SL52_Trial_1_trim_29.59141166_29.69134823_Check.WAV,0.0,3.0,False,False,False,True,False,False,False,False,False,False,False
/home/Shelby/blackbird_calls/Experiments/Detection_of_calls/Datasets/All_call_classes/Split_data_controlled/OpenSoundScape/Call_audios/padded_3s/SL36_Trial_2_trim_23.66922492_23.76051119_C.WAV,0.0,3.0,False,False,True,False,False,False,False,False,False,False,False
/home/Shelby/blackbird_calls/Experiments/Detection_of_calls/Datasets/All_call_classes/Split_data_controlled/OpenSoundScape/Call_audios/padded_3s/SL42_Trial_1_trim_8.163871853_8.268028319_Check.WAV,0.0,3.0,False,False,False,True,False,False,False,False,False,False,False
/home/Shelby/blackbird_calls/Experiments/Detection_of_calls/Datasets/All_call_classes/Split_data_controlled/OpenSoundScape/Call_audios/padded_3s/SL50_Trial_3_trim_14.24355039_14.80612144_Cheer.WAV,0.0,3.0,False,False,False,False,True,False,False,False,False,False,False
/home/Shelby/blackbird_calls/Experiments/Detection_of_calls/Datasets/All_call_classes/Split_data_controlled/OpenSoundScape/Call_audios/padded_3s/AZ13_Trial_1_trim_0.383259257_0.503027775_Check.WAV,0.0,3.0,False,False,False,True,False,False,False,False,False,False,False
/home/Shelby/blackbird_calls/Experiments/Detection_of_calls/Datasets/All_call_classes/Split_data_controlled/OpenSoundScape/Call_audios/padded_3s/SL09_Trial_1_trim_25.3480408_25.51411678_Check.WAV,0.0,3.0,False,False,False,True,False,False,False,False,False,False,False
/home/Shelby/blackbird_calls/Experiments/Detection_of_calls/Datasets/All_call_classes/Split_data_controlled/OpenSoundScape/Call_audios/padded_3s/AZ02_Trial_3_trim_61.05503064_61.25142529_Check.WAV,0.0,3.0,False,False,False,True,False,False,False,False,False,False,False
/home/Shelby/blackbird_calls/Experiments/Detection_of_calls/Datasets/All_call_classes/Split_data_controlled/OpenSoundScape/Call_audios/padded_3s/SL17a_Trial_1_trim_54.91760264_54.98826932_Check.WAV,0.0,3.0,False,False,False,True,False,False,False,False,False,False,False
/home/Shelby/blackbird_calls/Experiments/Detection_of_calls/Datasets/All_call_classes/Split_data_controlled/OpenSoundScape/Call_audios/padded_3s/SL51_Trial_2_trim_28.43997048_28.90634112_Cheer.WAV,0.0,3.0,False,False,False,False,True,False,False,False,False,False,False
/home/Shelby/blackbird_calls/Experiments/Detection_of_calls/Datasets/All_call_classes/Split_data_controlled/OpenSoundScape/Call_audios/padded_3s/SL54_Trial_3_trim_37.88359734_38.02529525_Check.WAV,0.0,3.0,False,False,False,True,False,False,False,False,False,False,False
/home/Shelby/blackbird_calls/Experiments/Detection_of_calls/Datasets/All_call_classes/Split_data_controlled/OpenSoundScape/Call_audios/padded_3s/EF01_Trial_3_trim_33.13327077_33.63383012_Cheer.WAV,0.0,3.0,False,False,False,False,True,False,False,False,False,False,False
/home/Shelby/blackbird_calls/Experiments/Detection_of_calls/Datasets/All_call_classes/Split_data_controlled/OpenSoundScape/Call_audios/padded_3s/AZ13_Trial_1_trim_28.23293472_28.30240046_Check.WAV,0.0,3.0,False,False,False,True,False,False,False,False,False,False,False
/home/Shelby/blackbird_calls/Experiments/Detection_of_calls/Datasets/All_call_classes/Split_data_controlled/OpenSoundScape/Call_audios/padded_3s/EF01_Trial_3_trim_72.2437175_72.41449657_I.WAV,0.0,3.0,False,False,False,False,False,False,True,False,False,False,False
/home/Shelby/blackbird_calls/Experiments/Detection_of_calls/Datasets/All_call_classes/Split_data_controlled/OpenSoundScape/Call_audios/padded_3s/SL21_Trial_2_trim_28.21271142_29.01472284_K.WAV,0.0,3.0,False,False,False,False,False,False,False,False,False,False,True
/home/Shelby/blackbird_calls/Experiments/Detection_of_calls/Datasets/All_call_classes/Split_data_controlled/OpenSoundScape/Call_audios/padded_3s/SL54_Trial_3_trim_12.85260591_12.96096314_Check.WAV,0.0,3.0,False,False,False,True,False,False,False,False,False,False,False
/home/Shelby/blackbird_calls/Experiments/Detection_of_calls/Datasets/All_call_classes/Split_data_controlled/OpenSoundScape/Call_audios/padded_3s/EF04_Trial_2_trim_36.89397697_38.21118049_Chits.WAV,0.0,3.0,False,False,False,False,False,True,False,False,False,False,False
/home/Shelby/blackbird_calls/Experiments/Detection_of_calls/Datasets/All_call_classes/Split_data_controlled/OpenSoundScape/Call_audios/padded_3s/SL07_Trial_1_trim_52.50400339_53.01174155_Cheer.WAV,0.0,3.0,False,False,False,False,True,False,False,False,False,False,False
/home/Shelby/blackbird_calls/Experiments/Detection_of_calls/Datasets/All_call_classes/Split_data_controlled/OpenSoundScape/Call_audios/padded_3s/AZ02_Trial_3_trim_45.87994344_46.03322706_Check.WAV,0.0,3.0,False,False,False,True,False,False,False,False,False,False,False
/home/Shelby/blackbird_calls/Experiments/Detection_of_calls/Datasets/All_call_classes/Split_data_controlled/OpenSoundScape/Call_audios/padded_3s/SL54_Trial_3_trim_11.35644268_11.46063232_Check.WAV,0.0,3.0,False,False,False,True,False,False,False,False,False,False,False
/home/Shelby/blackbird_calls/Experiments/Detection_of_calls/Datasets/All_call_classes/Split_data_controlled/OpenSoundScape/Call_audios/padded_3s/SL43_Trial_2_trim_53.81612292_53.91605997_Check.WAV,0.0,3.0,False,False,False,True,False,False,False,False,False,False,False
/home/Shelby/blackbird_calls/Experiments/Detection_of_calls/Datasets/All_call_classes/Split_data_controlled/OpenSoundScape/Call_audios/padded_3s/RC02_Trial_1_trim_22.77460009_22.85602721_Check.WAV,0.0,3.0,False,False,False,True,False,False,False,False,False,False,False
/home/Shelby/blackbird_calls/Experiments/Detection_of_calls/Datasets/All_call_classes/Split_data_controlled/OpenSoundScape/Call_audios/padded_3s/SL42_Trial_1_trim_51.54658806_51.62366385_Check.WAV,0.0,3.0,False,False,False,True,False,False,False,False,False,False,False
/home/Shelby/blackbird_calls/Experiments/Detection_of_calls/Datasets/All_call_classes/Split_data_controlled/OpenSoundScape/Call_audios/padded_3s/SL42_Trial_1_trim_34.87406435_34.949057_E.WAV,0.0,3.0,False,False,False,False,False,False,False,True,False,False,False
/home/Shelby/blackbird_calls/Experiments/Detection_of_calls/Datasets/All_call_classes/Split_data_controlled/OpenSoundScape/Call_audios/padded_3s/EF01_Trial_2_trim_21.41691019_21.50435562_Check.WAV,0.0,3.0,False,False,False,True,False,False,False,False,False,False,False
/home/Shelby/blackbird_calls/Experiments/Detection_of_calls/Datasets/All_call_classes/Split_data_controlled/OpenSoundScape/Call_audios/padded_3s/EF04_Trial_3_trim_3.82317726_4.149370552_G.WAV,0.0,3.0,False,False,False,False,False,False,False,False,True,False,False
/home/Shelby/blackbird_calls/Experiments/Detection_of_calls/Datasets/All_call_classes/Split_data_controlled/OpenSoundScape/Call_audios/padded_3s/SL02_Trial_3_trim_13.88153432_13.97733203_Check.WAV,0.0,3.0,False,False,False,True,False,False,False,False,False,False,False
/home/Shelby/blackbird_calls/Experiments/Detection_of_calls/Datasets/All_call_classes/Split_data_controlled/OpenSoundScape/Call_audios/padded_3s/SL50_Trial_3_trim_51.49843388_51.56912343_Check.WAV,0.0,3.0,False,False,False,True,False,False,False,False,False,False,False
/home/Shelby/blackbird_calls/Experiments/Detection_of_calls/Datasets/All_call_classes/Split_data_controlled/OpenSoundScape/Call_audios/padded_3s/SL52_Trial_3_trim_30.41172569_30.5408173_Check.WAV,0.0,3.0,False,False,False,True,False,False,False,False,False,False,False
/home/Shelby/blackbird_calls/Experiments/Detection_of_calls/Datasets/All_call_classes/Split_data_controlled/OpenSoundScape/Call_audios/padded_3s/SL42_Trial_2_trim_26.2808413_26.34538684_Check.WAV,0.0,3.0,False,False,False,True,False,False,False,False,False,False,False
/home/Shelby/blackbird_calls/Experiments/Detection_of_calls/Datasets/All_call_classes/Split_data_controlled/OpenSoundScape/Call_audios/padded_3s/SL42_Trial_3_trim_45.68878675_45.81247305_Check.WAV,0.0,3.0,False,False,False,True,False,False,False,False,False,False,False
/home/Shelby/blackbird_calls/Experiments/Detection_of_calls/Datasets/All_call_classes/Split_data_controlled/OpenSoundScape/Call_audios/padded_3s/SL22_Trial_1_trim_56.98121706_57.06364577_Check.WAV,0.0,3.0,False,False,False,True,False,False,False,False,False,False,False
/home/Shelby/blackbird_calls/Experiments/Detection_of_calls/Datasets/All_call_classes/Split_data_controlled/OpenSoundScape/Call_audios/padded_3s/SL30_Trial_3_trim_31.09373769_31.1937495_Check.WAV,0.0,3.0,False,False,False,True,False,False,False,False,False,False,False
/home/Shelby/blackbird_calls/Experiments/Detection_of_calls/Datasets/All_call_classes/Split_data_controlled/OpenSoundScape/Call_audios/padded_3s/SL51_Trial_1_trim_34.66210072_35.36287982_Cheer.WAV,0.0,3.0,False,False,False,False,True,False,False,False,False,False,False
/home/Shelby/blackbird_calls/Experiments/Detection_of_calls/Datasets/All_call_classes/Split_data_controlled/OpenSoundScape/Call_audios/padded_3s/SL17a_Trial_3_trim_44.99736765_45.88638669_Chits.WAV,0.0,3.0,False,False,False,False,False,True,False,False,False,False,False
/home/Shelby/blackbird_calls/Experiments/Detection_of_calls/Datasets/All_call_classes/Split_data_controlled/OpenSoundScape/Call_audios/padded_3s/SL17a_Trial_2_trim_12.79506922_12.87626965_E.WAV,0.0,3.0,False,False,False,False,False,False,False,True,False,False,False
/home/Shelby/blackbird_calls/Experiments/Detection_of_calls/Datasets/All_call_classes/Split_data_controlled/OpenSoundScape/Call_audios/padded_3s/SL11_Trial_3_trim_3.607166328_3.749420775_E.WAV,0.0,3.0,False,False,False,False,False,False,False,True,False,False,False
/home/Shelby/blackbird_calls/Experiments/Detection_of_calls/Datasets/All_call_classes/Split_data_controlled/OpenSoundScape/Call_audios/padded_3s/AZ15_Trial_1_trim_25.43038299_25.55491858_Check.WAV,0.0,3.0,False,False,False,True,False,False,False,False,False,False,False
/home/Shelby/blackbird_calls/Experiments/Detection_of_calls/Datasets/All_call_classes/Split_data_controlled/OpenSoundScape/Call_audios/padded_3s/SL16_Trial_2_trim_38.66739185_38.73611675_Check.WAV,0.0,3.0,False,False,False,True,False,False,False,False,False,False,False
/home/Shelby/blackbird_calls/Experiments/Detection_of_calls/Datasets/All_call_classes/Split_data_controlled/OpenSoundScape/Call_audios/padded_3s/SL11_Trial_3_trim_34.48458892_35.0502197_Cheer.WAV,0.0,3.0,False,False,False,False,True,False,False,False,False,False,False
/home/Shelby/blackbird_calls/Experiments/Detection_of_calls/Datasets/All_call_classes/Split_data_controlled/OpenSoundScape/Call_audios/padded_3s/SL56_Trial_2_trim_4.049170694_4.14635079_Check.WAV,0.0,3.0,False,False,False,True,False,False,False,False,False,False,False
/home/Shelby/blackbird_calls/Experiments/Detection_of_calls/Datasets/All_call_classes/Split_data_controlled/OpenSoundScape/Call_audios/padded_3s/SL50_Trial_3_trim_7.108976616_7.686274658_Cheer.WAV,0.0,3.0,False,False,False,False,True,False,False,False,False,False,False
/home/Shelby/blackbird_calls/Experiments/Detection_of_calls/Datasets/All_call_classes/Split_data_controlled/OpenSoundScape/Call_audios/padded_3s/SL42_Trial_1_trim_27.23221404_27.73841446_Cheer.WAV,0.0,3.0,False,False,False,False,True,False,False,False,False,False,False
/home/Shelby/blackbird_calls/Experiments/Detection_of_calls/Datasets/All_call_classes/Split_data_controlled/OpenSoundScape/Call_audios/padded_3s/SL17a_Trial_3_trim_28.05457651_28.1134647_E.WAV,0.0,3.0,False,False,False,False,False,False,False,True,False,False,False
/home/Shelby/blackbird_calls/Experiments/Detection_of_calls/Datasets/All_call_classes/Split_data_controlled/OpenSoundScape/Call_audios/padded_3s/AZ15_Trial_3_trim_14.5270491_14.60608131_Check.WAV,0.0,3.0,False,False,False,True,False,False,False,False,False,False,False
/home/Shelby/blackbird_calls/Experiments/Detection_of_calls/Datasets/All_call_classes/Split_data_controlled/OpenSoundScape/Call_audios/padded_3s/SL07_Trial_1_trim_56.47638051_56.60092006_D.WAV,0.0,3.0,False,False,False,False,False,False,True,False,False,False,False
/home/Shelby/blackbird_calls/Experiments/Detection_of_calls/Datasets/All_call_classes/Split_data_controlled/OpenSoundScape/Call_audios/padded_3s/AZ13_Trial_3_trim_50.81293363_50.87999144_Check.WAV,0.0,3.0,False,False,False,True,False,False,False,False,False,False,False
/home/Shelby/blackbird_calls/Experiments/Detection_of_calls/Datasets/All_call_classes/Split_data_controlled/OpenSoundScape/Call_audios/padded_3s/SL02_Trial_2_trim_37.37026378_37.43733672_Check.WAV,0.0,3.0,False,False,False,True,False,False,False,False,False,False,False
/home/Shelby/blackbird_calls/Experiments/Detection_of_calls/Datasets/All_call_classes/Split_data_controlled/OpenSoundScape/Call_audios/padded_3s/SL17a_Trial_3_trim_48.24074243_48.34276101_K.WAV,0.0,3.0,False,False,False,False,False,False,False,False,False,False,True
/home/Shelby/blackbird_calls/Experiments/Detection_of_calls/Datasets/All_call_classes/Split_data_controlled/OpenSoundScape/Call_audios/padded_3s/SL51_Trial_3_trim_48.68337964_48.7658231_Check.WAV,0.0,3.0,False,False,False,True,False,False,False,False,False,False,False
/home/Shelby/blackbird_calls/Experiments/Detection_of_calls/Datasets/All_call_classes/Split_data_controlled/OpenSoundScape/Call_audios/padded_3s/SL42_Trial_1_trim_11.32951988_11.41909444_Check.WAV,0.0,3.0,False,False,False,True,False,False,False,False,False,False,False
/home/Shelby/blackbird_calls/Experiments/Detection_of_calls/Datasets/All_call_classes/Split_data_controlled/OpenSoundScape/Call_audios/padded_3s/AZ15_Trial_1_trim_42.61178014_42.67404793_D.WAV,0.0,3.0,False,False,False,False,False,False,True,False,False,False,False
/home/Shelby/blackbird_calls/Experiments/Detection_of_calls/Datasets/All_call_classes/Split_data_controlled/OpenSoundScape/Call_audios/padded_3s/SL11_Trial_2_trim_20.268843_20.76776258_G.WAV,0.0,3.0,False,False,False,False,False,False,False,False,True,False,False
/home/Shelby/blackbird_calls/Experiments/Detection_of_calls/Datasets/All_call_classes/Split_data_controlled/OpenSoundScape/Call_audios/padded_3s/SL21_Trial_3_trim_31.71870065_31.9869369_Check.WAV,0.0,3.0,False,False,False,True,False,False,False,False,False,False,False
/home/Shelby/blackbird_calls/Experiments/Detection_of_calls/Datasets/All_call_classes/Split_data_controlled/OpenSoundScape/Call_audios/padded_3s/SL21_Trial_1_trim_0.845091137_0.936372759_E.WAV,0.0,3.0,False,False,False,False,False,False,False,True,False,False,False
/home/Shelby/blackbird_calls/Experiments/Detection_of_calls/Datasets/All_call_classes/Split_data_controlled/OpenSoundScape/Call_audios/padded_3s/SL30_Trial_3_trim_19.86754744_19.93838913_Check.WAV,0.0,3.0,False,False,False,True,False,False,False,False,False,False,False
/home/Shelby/blackbird_calls/Experiments/Detection_of_calls/Datasets/All_call_classes/Split_data_controlled/OpenSoundScape/Call_audios/padded_3s/AZ13_Trial_3_trim_56.14300273_56.22203515_Check.WAV,0.0,3.0,False,False,False,True,False,False,False,False,False,False,False
/home/Shelby/blackbird_calls/Experiments/Detection_of_calls/Datasets/All_call_classes/Split_data_controlled/OpenSoundScape/Call_audios/padded_3s/AZ15_Trial_1_trim_48.74827335_48.84406997_Check.WAV,0.0,3.0,False,False,False,True,False,False,False,False,False,False,False
/home/Shelby/blackbird_calls/Experiments/Detection_of_calls/Datasets/All_call_classes/Split_data_controlled/OpenSoundScape/Call_audios/padded_3s/SL42_Trial_1_trim_22.10040289_22.67951284_Cheer.WAV,0.0,3.0,False,False,False,False,True,False,False,False,False,False,False
/home/Shelby/blackbird_calls/Experiments/Detection_of_calls/Datasets/All_call_classes/Split_data_controlled/OpenSoundScape/Call_audios/padded_3s/AZ15_Trial_1_trim_44.78636325_44.87737003_Check.WAV,0.0,3.0,False,False,False,True,False,False,False,False,False,False,False
/home/Shelby/blackbird_calls/Experiments/Detection_of_calls/Datasets/All_call_classes/Split_data_controlled/OpenSoundScape/Call_audios/padded_3s/SL21_Trial_2_trim_1.792731404_2.901394247_Cheer.WAV,0.0,3.0,False,False,False,False,True,False,False,False,False,False,False
/home/Shelby/blackbird_calls/Experiments/Detection_of_calls/Datasets/All_call_classes/Split_data_controlled/OpenSoundScape/Call_audios/padded_3s/SL13_Trial_2_trim_12.7119585_12.80025054_E.WAV,0.0,3.0,False,False,False,False,False,False,False,True,False,False,False
/home/Shelby/blackbird_calls/Experiments/Detection_of_calls/Datasets/All_call_classes/Split_data_controlled/OpenSoundScape/Call_audios/padded_3s/AZ13_Trial_3_trim_37.17224832_37.23930613_Check.WAV,0.0,3.0,False,False,False,True,False,False,False,False,False,False,False
/home/Shelby/blackbird_calls/Experiments/Detection_of_calls/Datasets/All_call_classes/Split_data_controlled/OpenSoundScape/Call_audios/padded_3s/SL28_Trial_1_trim_56.32039075_56.42638949_Check.WAV,0.0,3.0,False,False,False,True,False,False,False,False,False,False,False
/home/Shelby/blackbird_calls/Experiments/Detection_of_calls/Datasets/All_call_classes/Split_data_controlled/OpenSoundScape/Call_audios/padded_3s/SL22_Trial_1_trim_37.42648907_37.53541273_Check.WAV,0.0,3.0,False,False,False,True,False,False,False,False,False,False,False
/home/Shelby/blackbird_calls/Experiments/Detection_of_calls/Datasets/All_call_classes/Split_data_controlled/OpenSoundScape/Call_audios/padded_3s/AZ13_Trial_1_trim_18.98272804_19.05219378_Check.WAV,0.0,3.0,False,False,False,True,False,False,False,False,False,False,False
/home/Shelby/blackbird_calls/Experiments/Detection_of_calls/Datasets/All_call_classes/Split_data_controlled/OpenSoundScape/Call_audios/padded_3s/SL30_Trial_3_trim_32.83352637_32.91270238_Check.WAV,0.0,3.0,False,False,False,True,False,False,False,False,False,False,False
/home/Shelby/blackbird_calls/Experiments/Detection_of_calls/Datasets/All_call_classes/Split_data_controlled/OpenSoundScape/Call_audios/padded_3s/SL21_Trial_1_trim_50.59967546_50.72923647_Check.WAV,0.0,3.0,False,False,False,True,False,False,False,False,False,False,False
/home/Shelby/blackbird_calls/Experiments/Detection_of_calls/Datasets/All_call_classes/Split_data_controlled/OpenSoundScape/Call_audios/padded_3s/SL07_Trial_1_trim_7.794691489_8.513188888_Cheer.WAV,0.0,3.0,False,False,False,False,True,False,False,False,False,False,False
/home/Shelby/blackbird_calls/Experiments/Detection_of_calls/Datasets/All_call_classes/Split_data_controlled/OpenSoundScape/Call_audios/padded_3s/AZ13_Trial_3_trim_48.44309384_48.51015165_Check.WAV,0.0,3.0,False,False,False,True,False,False,False,False,False,False,False
/home/Shelby/blackbird_calls/Experiments/Detection_of_calls/Datasets/All_call_classes/Split_data_controlled/OpenSoundScape/Call_audios/padded_3s/SL52_Trial_1_trim_41.20302721_41.32378389_Check.WAV,0.0,3.0,False,False,False,True,False,False,False,False,False,False,False
/home/Shelby/blackbird_calls/Experiments/Detection_of_calls/Datasets/All_call_classes/Split_data_controlled/OpenSoundScape/Call_audios/padded_3s/SL22_Trial_1_trim_42.639466_42.74544577_Check.WAV,0.0,3.0,False,False,False,True,False,False,False,False,False,False,False
/home/Shelby/blackbird_calls/Experiments/Detection_of_calls/Datasets/All_call_classes/Split_data_controlled/OpenSoundScape/Call_audios/padded_3s/SL13_Trial_1_trim_24.40007862_24.52461422_E.WAV,0.0,3.0,False,False,False,False,False,False,False,True,False,False,False
/home/Shelby/blackbird_calls/Experiments/Detection_of_calls/Datasets/All_call_classes/Split_data_controlled/OpenSoundScape/Call_audios/padded_3s/AZ15_Trial_1_trim_45.67767844_45.77347505_Check.WAV,0.0,3.0,False,False,False,True,False,False,False,False,False,False,False
/home/Shelby/blackbird_calls/Experiments/Detection_of_calls/Datasets/All_call_classes/Split_data_controlled/OpenSoundScape/Call_audios/padded_3s/RC02_Trial_1_trim_31.05138403_31.11125692_Check.WAV,0.0,3.0,False,False,False,True,False,False,False,False,False,False,False
/home/Shelby/blackbird_calls/Experiments/Detection_of_calls/Datasets/All_call_classes/Split_data_controlled/OpenSoundScape/Call_audios/padded_3s/SL51_Trial_3_trim_59.38506504_59.4675085_Check.WAV,0.0,3.0,False,False,False,True,False,False,False,False,False,False,False
/home/Shelby/blackbird_calls/Experiments/Detection_of_calls/Datasets/All_call_classes/Split_data_controlled/OpenSoundScape/Call_audios/padded_3s/SL36_Trial_3_trim_42.34443082_42.43084234_Check.WAV,0.0,3.0,False,False,False,True,False,False,False,False,False,False,False
/home/Shelby/blackbird_calls/Experiments/Detection_of_calls/Datasets/All_call_classes/Split_data_controlled/OpenSoundScape/Call_audios/padded_3s/SL30_Trial_1_trim_21.19469334_21.27380993_Check.WAV,0.0,3.0,False,False,False,True,False,False,False,False,False,False,False
/home/Shelby/blackbird_calls/Experiments/Detection_of_calls/Datasets/All_call_classes/Split_data_controlled/OpenSoundScape/Call_audios/padded_3s/SL22_Trial_1_trim_1.466053545_1.580864968_C.WAV,0.0,3.0,False,False,True,False,False,False,False,False,False,False,False
/home/Shelby/blackbird_calls/Experiments/Detection_of_calls/Datasets/All_call_classes/Split_data_controlled/OpenSoundScape/Call_audios/padded_3s/AZ13_Trial_2_trim_0.811879508_0.900491726_Check.WAV,0.0,3.0,False,False,False,True,False,False,False,False,False,False,False
/home/Shelby/blackbird_calls/Experiments/Detection_of_calls/Datasets/All_call_classes/Split_data_controlled/OpenSoundScape/Call_audios/padded_3s/SL21_Trial_3_trim_15.20374078_15.30690857_Check.WAV,0.0,3.0,False,False,False,True,False,False,False,False,False,False,False
/home/Shelby/blackbird_calls/Experiments/Detection_of_calls/Datasets/All_call_classes/Split_data_controlled/OpenSoundScape/Call_audios/padded_3s/AZ15_Trial_3_trim_17.4777933_17.56161534_Check.WAV,0.0,3.0,False,False,False,True,False,False,False,False,False,False,False
/home/Shelby/blackbird_calls/Experiments/Detection_of_calls/Datasets/All_call_classes/Split_data_controlled/OpenSoundScape/Call_audios/padded_3s/AZ13_Trial_1_trim_46.78593799_46.88414818_Check.WAV,0.0,3.0,False,False,False,True,False,False,False,False,False,False,False
/home/Shelby/blackbird_calls/Experiments/Detection_of_calls/Datasets/All_call_classes/Split_data_controlled/OpenSoundScape/Call_audios/padded_3s/SL07_Trial_1_trim_27.59187893_28.14272693_Cheer.WAV,0.0,3.0,False,False,False,False,True,False,False,False,False,False,False
/home/Shelby/blackbird_calls/Experiments/Detection_of_calls/Datasets/All_call_classes/Split_data_controlled/OpenSoundScape/Call_audios/padded_3s/SL50_Trial_3_trim_22.68235823_22.80017416_Check.WAV,0.0,3.0,False,False,False,True,False,False,False,False,False,False,False
/home/Shelby/blackbird_calls/Experiments/Detection_of_calls/Datasets/All_call_classes/Split_data_controlled/OpenSoundScape/Call_audios/padded_3s/SL42_Trial_2_trim_16.91903744_17.34378873_Chits.WAV,0.0,3.0,False,False,False,False,False,True,False,False,False,False,False
/home/Shelby/blackbird_calls/Experiments/Detection_of_calls/Datasets/All_call_classes/Split_data_controlled/OpenSoundScape/Call_audios/padded_3s/AZ15_Trial_3_trim_12.02521085_12.11861255_C.WAV,0.0,3.0,False,False,True,False,False,False,False,False,False,False,False
/home/Shelby/blackbird_calls/Experiments/Detection_of_calls/Datasets/All_call_classes/Split_data_controlled/OpenSoundScape/Call_audios/padded_3s/SL52_Trial_3_trim_53.62161807_53.75487392_Check.WAV,0.0,3.0,False,False,False,True,False,False,False,False,False,False,False
/home/Shelby/blackbird_calls/Experiments/Detection_of_calls/Datasets/All_call_classes/Split_data_controlled/OpenSoundScape/Call_audios/padded_3s/SL22_Trial_1_trim_25.01753766_25.12646131_Check.WAV,0.0,3.0,False,False,False,True,False,False,False,False,False,False,False
/home/Shelby/blackbird_calls/Experiments/Detection_of_calls/Datasets/All_call_classes/Split_data_controlled/OpenSoundScape/Call_audios/padded_3s/SL52_Trial_3_trim_32.03161716_32.14405179_Check.WAV,0.0,3.0,False,False,False,True,False,False,False,False,False,False,False
/home/Shelby/blackbird_calls/Experiments/Detection_of_calls/Datasets/All_call_classes/Split_data_controlled/OpenSoundScape/Call_audios/padded_3s/SL30_Trial_2_trim_8.251005003_8.314338787_Check.WAV,0.0,3.0,False,False,False,True,False,False,False,False,False,False,False
/home/Shelby/blackbird_calls/Experiments/Detection_of_calls/Datasets/All_call_classes/Split_data_controlled/OpenSoundScape/Call_audios/padded_3s/SL51_Trial_2_trim_2.621252873_2.687877251_Check.WAV,0.0,3.0,False,False,False,True,False,False,False,False,False,False,False
/home/Shelby/blackbird_calls/Experiments/Detection_of_calls/Datasets/All_call_classes/Split_data_controlled/OpenSoundScape/Call_audios/padded_3s/AZ02_Trial_3_trim_57.7639965_58.65495758_Cheer.WAV,0.0,3.0,False,False,False,False,True,False,False,False,False,False,False
/home/Shelby/blackbird_calls/Experiments/Detection_of_calls/Datasets/All_call_classes/Split_data_controlled/OpenSoundScape/Call_audios/padded_3s/SL17a_Trial_2_trim_48.8046877_48.88797019_E.WAV,0.0,3.0,False,False,False,False,False,False,False,True,False,False,False
/home/Shelby/blackbird_calls/Experiments/Detection_of_calls/Datasets/All_call_classes/Split_data_controlled/OpenSoundScape/Call_audios/padded_3s/AZ15_Trial_1_trim_41.67297333_41.78313943_Check.WAV,0.0,3.0,False,False,False,True,False,False,False,False,False,False,False
/home/Shelby/blackbird_calls/Experiments/Detection_of_calls/Datasets/All_call_classes/Split_data_controlled/OpenSoundScape/Call_audios/padded_3s/SL30_Trial_2_trim_9.043413752_9.103801779_Check.WAV,0.0,3.0,False,False,False,True,False,False,False,False,False,False,False
/home/Shelby/blackbird_calls/Experiments/Detection_of_calls/Datasets/All_call_classes/Split_data_controlled/OpenSoundScape/Call_audios/padded_3s/AZ13_Trial_3_trim_13.54334199_13.61997948_Check.WAV,0.0,3.0,False,False,False,True,False,False,False,False,False,False,False
/home/Shelby/blackbird_calls/Experiments/Detection_of_calls/Datasets/All_call_classes/Split_data_controlled/OpenSoundScape/Call_audios/padded_3s/RC02_Trial_2_trim_57.78072034_58.81118902_Chits.WAV,0.0,3.0,False,False,False,False,False,True,False,False,False,False,False
/home/Shelby/blackbird_calls/Experiments/Detection_of_calls/Datasets/All_call_classes/Split_data_controlled/OpenSoundScape/Call_audios/padded_3s/SL09_Trial_3_trim_4.749037379_5.379080854_Cheer.WAV,0.0,3.0,False,False,False,False,True,False,False,False,False,False,False
/home/Shelby/blackbird_calls/Experiments/Detection_of_calls/Datasets/All_call_classes/Split_data_controlled/OpenSoundScape/Call_audios/padded_3s/AZ02_Trial_3_trim_27.58148098_28.39101015_Cheer.WAV,0.0,3.0,False,False,False,False,True,False,False,False,False,False,False
/home/Shelby/blackbird_calls/Experiments/Detection_of_calls/Datasets/All_call_classes/Split_data_controlled/OpenSoundScape/Call_audios/padded_3s/SL22_Trial_1_trim_25.53696753_25.62822789_Check.WAV,0.0,3.0,False,False,False,True,False,False,False,False,False,False,False
/home/Shelby/blackbird_calls/Experiments/Detection_of_calls/Datasets/All_call_classes/Split_data_controlled/OpenSoundScape/Call_audios/padded_3s/SL17b_Trial_2_trim_51.94199782_52.08050139_Check.WAV,0.0,3.0,False,False,False,True,False,False,False,False,False,False,False
/home/Shelby/blackbird_calls/Experiments/Detection_of_calls/Datasets/All_call_classes/Split_data_controlled/OpenSoundScape/Call_audios/padded_3s/SL01_Trial_3_trim_46.99899728_47.07010345_Check.WAV,0.0,3.0,False,False,False,True,False,False,False,False,False,False,False
/home/Shelby/blackbird_calls/Experiments/Detection_of_calls/Datasets/All_call_classes/Split_data_controlled/OpenSoundScape/Call_audios/padded_3s/SL07_Trial_1_trim_12.37588634_12.47647598_D.WAV,0.0,3.0,False,False,False,False,False,False,True,False,False,False,False
/home/Shelby/blackbird_calls/Experiments/Detection_of_calls/Datasets/All_call_classes/Split_data_controlled/OpenSoundScape/Call_audios/padded_3s/AZ02_Trial_3_trim_52.15499664_52.36097152_Check.WAV,0.0,3.0,False,False,False,True,False,False,False,False,False,False,False
/home/Shelby/blackbird_calls/Experiments/Detection_of_calls/Datasets/All_call_classes/Split_data_controlled/OpenSoundScape/Call_audios/padded_3s/SL02_Trial_2_trim_54.23947978_54.28738902_Check.WAV,0.0,3.0,False,False,False,True,False,False,False,False,False,False,False
/home/Shelby/blackbird_calls/Experiments/Detection_of_calls/Datasets/All_call_classes/Split_data_controlled/OpenSoundScape/Call_audios/padded_3s/AZ08_Trial_3_trim_26.64940967_27.31664683_Chits.WAV,0.0,3.0,False,False,False,False,False,True,False,False,False,False,False
/home/Shelby/blackbird_calls/Experiments/Detection_of_calls/Datasets/All_call_classes/Split_data_controlled/OpenSoundScape/Call_audios/padded_3s/SL42_Trial_1_trim_12.95489144_13.05904791_Check.WAV,0.0,3.0,False,False,False,True,False,False,False,False,False,False,False
/home/Shelby/blackbird_calls/Experiments/Detection_of_calls/Datasets/All_call_classes/Split_data_controlled/OpenSoundScape/Call_audios/padded_3s/SL07_Trial_3_trim_20.46139735_20.62185667_Check.WAV,0.0,3.0,False,False,False,True,False,False,False,False,False,False,False
/home/Shelby/blackbird_calls/Experiments/Detection_of_calls/Datasets/All_call_classes/Split_data_controlled/OpenSoundScape/Call_audios/padded_3s/SL30_Trial_1_trim_44.07628473_44.17622147_Check.WAV,0.0,3.0,False,False,False,True,False,False,False,False,False,False,False
/home/Shelby/blackbird_calls/Experiments/Detection_of_calls/Datasets/All_call_classes/Split_data_controlled/OpenSoundScape/Call_audios/padded_3s/SL42_Trial_2_trim_39.00357856_39.07645256_Check.WAV,0.0,3.0,False,False,False,True,False,False,False,False,False,False,False
/home/Shelby/blackbird_calls/Experiments/Detection_of_calls/Datasets/All_call_classes/Split_data_controlled/OpenSoundScape/Call_audios/padded_3s/SL51_Trial_3_trim_11.6798033_11.76813558_Check.WAV,0.0,3.0,False,False,False,True,False,False,False,False,False,False,False
/home/Shelby/blackbird_calls/Experiments/Detection_of_calls/Datasets/All_call_classes/Split_data_controlled/OpenSoundScape/Call_audios/padded_3s/SL42_Trial_1_trim_35.46983933_35.90313022_Cheer.WAV,0.0,3.0,False,False,False,False,True,False,False,False,False,False,False
/home/Shelby/blackbird_calls/Experiments/Detection_of_calls/Datasets/All_call_classes/Split_data_controlled/OpenSoundScape/Call_audios/padded_3s/AZ13_Trial_3_trim_7.756794422_7.819062389_Check.WAV,0.0,3.0,False,False,False,True,False,False,False,False,False,False,False
/home/Shelby/blackbird_calls/Experiments/Detection_of_calls/Datasets/All_call_classes/Split_data_controlled/OpenSoundScape/Call_audios/padded_3s/AZ13_Trial_1_trim_14.67961185_14.75147296_Check.WAV,0.0,3.0,False,False,False,True,False,False,False,False,False,False,False
/home/Shelby/blackbird_calls/Experiments/Detection_of_calls/Datasets/All_call_classes/Split_data_controlled/OpenSoundScape/Call_audios/padded_3s/AZ13_Trial_1_trim_30.7663868_30.83824791_Check.WAV,0.0,3.0,False,False,False,True,False,False,False,False,False,False,False
/home/Shelby/blackbird_calls/Experiments/Detection_of_calls/Datasets/All_call_classes/Split_data_controlled/OpenSoundScape/Call_audios/padded_3s/RC02_Trial_1_trim_30.75680945_30.82626199_Check.WAV,0.0,3.0,False,False,False,True,False,False,False,False,False,False,False
/home/Shelby/blackbird_calls/Experiments/Detection_of_calls/Datasets/All_call_classes/Split_data_controlled/OpenSoundScape/Call_audios/padded_3s/SL11_Trial_3_trim_38.13190366_38.28093213_E.WAV,0.0,3.0,False,False,False,False,False,False,False,True,False,False,False
/home/Shelby/blackbird_calls/Experiments/Detection_of_calls/Datasets/All_call_classes/Split_data_controlled/OpenSoundScape/Call_audios/padded_3s/SL22_Trial_1_trim_59.08020537_59.19796067_Check.WAV,0.0,3.0,False,False,False,True,False,False,False,False,False,False,False
/home/Shelby/blackbird_calls/Experiments/Detection_of_calls/Datasets/All_call_classes/Split_data_controlled/OpenSoundScape/Call_audios/padded_3s/SL43_Trial_2_trim_44.45048603_44.65036013_Check.WAV,0.0,3.0,False,False,False,True,False,False,False,False,False,False,False
/home/Shelby/blackbird_calls/Experiments/Detection_of_calls/Datasets/All_call_classes/Split_data_controlled/OpenSoundScape/Call_audios/padded_3s/SL02_Trial_1_trim_46.20986778_46.28890593_Check.WAV,0.0,3.0,False,False,False,True,False,False,False,False,False,False,False
/home/Shelby/blackbird_calls/Experiments/Detection_of_calls/Datasets/All_call_classes/Split_data_controlled/OpenSoundScape/Call_audios/padded_3s/SL28_Trial_3_trim_8.541985463_8.637760062_Check.WAV,0.0,3.0,False,False,False,True,False,False,False,False,False,False,False
/home/Shelby/blackbird_calls/Experiments/Detection_of_calls/Datasets/All_call_classes/Split_data_controlled/OpenSoundScape/Call_audios/padded_3s/SL51_Trial_3_trim_42.90399146_42.98937933_Check.WAV,0.0,3.0,False,False,False,True,False,False,False,False,False,False,False
/home/Shelby/blackbird_calls/Experiments/Detection_of_calls/Datasets/All_call_classes/Split_data_controlled/OpenSoundScape/Call_audios/padded_3s/SL42_Trial_2_trim_4.179644767_4.287914705_Check.WAV,0.0,3.0,False,False,False,True,False,False,False,False,False,False,False
/home/Shelby/blackbird_calls/Experiments/Detection_of_calls/Datasets/All_call_classes/Split_data_controlled/OpenSoundScape/Call_audios/padded_3s/SL52_Trial_1_trim_49.98542076_50.06870123_Check.WAV,0.0,3.0,False,False,False,True,False,False,False,False,False,False,False
/home/Shelby/blackbird_calls/Experiments/Detection_of_calls/Datasets/All_call_classes/Split_data_controlled/OpenSoundScape/Call_audios/padded_3s/SL54_Trial_2_trim_2.664874393_2.764991221_Check.WAV,0.0,3.0,False,False,False,True,False,False,False,False,False,False,False
/home/Shelby/blackbird_calls/Experiments/Detection_of_calls/Datasets/All_call_classes/Split_data_controlled/OpenSoundScape/Call_audios/padded_3s/AZ15_Trial_1_trim_40.69602746_40.82056306_Check.WAV,0.0,3.0,False,False,False,True,False,False,False,False,False,False,False
/home/Shelby/blackbird_calls/Experiments/Detection_of_calls/Datasets/All_call_classes/Split_data_controlled/OpenSoundScape/Call_audios/padded_3s/SL09_Trial_3_trim_33.90763427_34.11764876_E.WAV,0.0,3.0,False,False,False,False,False,False,False,True,False,False,False
/home/Shelby/blackbird_calls/Experiments/Detection_of_calls/Datasets/All_call_classes/Split_data_controlled/OpenSoundScape/Call_audios/padded_3s/SL22_Trial_2_trim_12.81409176_13.42203921_Cheer.WAV,0.0,3.0,False,False,False,False,True,False,False,False,False,False,False
/home/Shelby/blackbird_calls/Experiments/Detection_of_calls/Datasets/All_call_classes/Split_data_controlled/OpenSoundScape/Call_audios/padded_3s/AZ15_Trial_1_trim_49.38532083_49.47632761_Check.WAV,0.0,3.0,False,False,False,True,False,False,False,False,False,False,False
/home/Shelby/blackbird_calls/Experiments/Detection_of_calls/Datasets/All_call_classes/Split_data_controlled/OpenSoundScape/Call_audios/padded_3s/SL50_Trial_1_trim_37.49446781_37.60273567_Check.WAV,0.0,3.0,False,False,False,True,False,False,False,False,False,False,False
/home/Shelby/blackbird_calls/Experiments/Detection_of_calls/Datasets/All_call_classes/Split_data_controlled/OpenSoundScape/Call_audios/padded_3s/SL50_Trial_3_trim_28.05619218_28.14749952_Check.WAV,0.0,3.0,False,False,False,True,False,False,False,False,False,False,False
/home/Shelby/blackbird_calls/Experiments/Detection_of_calls/Datasets/All_call_classes/Split_data_controlled/OpenSoundScape/Call_audios/padded_3s/SL42_Trial_1_trim_46.26009351_46.58922794_Cheer.WAV,0.0,3.0,False,False,False,False,True,False,False,False,False,False,False
/home/Shelby/blackbird_calls/Experiments/Detection_of_calls/Datasets/All_call_classes/Split_data_controlled/OpenSoundScape/Call_audios/padded_3s/SL54_Trial_1_trim_46.37510928_46.46638267_Check.WAV,0.0,3.0,False,False,False,True,False,False,False,False,False,False,False
/home/Shelby/blackbird_calls/Experiments/Detection_of_calls/Datasets/All_call_classes/Split_data_controlled/OpenSoundScape/Call_audios/padded_3s/SL21_Trial_3_trim_56.60833382_57.35998484_Cheer.WAV,0.0,3.0,False,False,False,False,True,False,False,False,False,False,False
/home/Shelby/blackbird_calls/Experiments/Detection_of_calls/Datasets/All_call_classes/Split_data_controlled/OpenSoundScape/Call_audios/padded_3s/AZ13_Trial_2_trim_36.7299038_36.79456677_Check.WAV,0.0,3.0,False,False,False,True,False,False,False,False,False,False,False
/home/Shelby/blackbird_calls/Experiments/Detection_of_calls/Datasets/All_call_classes/Split_data_controlled/OpenSoundScape/Call_audios/padded_3s/SL36_Trial_1_trim_42.30154971_42.39524091_Check.WAV,0.0,3.0,False,False,False,True,False,False,False,False,False,False,False
/home/Shelby/blackbird_calls/Experiments/Detection_of_calls/Datasets/All_call_classes/Split_data_controlled/OpenSoundScape/Call_audios/padded_3s/RC02_Trial_3_trim_31.52394019_31.91852994_Cheer.WAV,0.0,3.0,False,False,False,False,True,False,False,False,False,False,False
/home/Shelby/blackbird_calls/Experiments/Detection_of_calls/Datasets/All_call_classes/Split_data_controlled/OpenSoundScape/Call_audios/padded_3s/AZ13_Trial_1_trim_2.494354052_2.578192015_Check.WAV,0.0,3.0,False,False,False,True,False,False,False,False,False,False,False
/home/Shelby/blackbird_calls/Experiments/Detection_of_calls/Datasets/All_call_classes/Split_data_controlled/OpenSoundScape/Call_audios/padded_3s/AZ13_Trial_3_trim_60.22080866_60.28068171_Check.WAV,0.0,3.0,False,False,False,True,False,False,False,False,False,False,False
/home/Shelby/blackbird_calls/Experiments/Detection_of_calls/Datasets/All_call_classes/Split_data_controlled/OpenSoundScape/Call_audios/padded_3s/SL54_Trial_1_trim_55.19171662_55.40959504_B.WAV,0.0,3.0,False,True,False,False,False,False,False,False,False,False,False
/home/Shelby/blackbird_calls/Experiments/Detection_of_calls/Datasets/All_call_classes/Split_data_controlled/OpenSoundScape/Call_audios/padded_3s/SL42_Trial_1_trim_46.96920137_47.0775241_Check.WAV,0.0,3.0,False,False,False,True,False,False,False,False,False,False,False
/home/Shelby/blackbird_calls/Experiments/Detection_of_calls/Datasets/All_call_classes/Split_data_controlled/OpenSoundScape/Call_audios/padded_3s/SL38_Trial_3_trim_1.032718019_1.138904751_Check.WAV,0.0,3.0,False,False,False,True,False,False,False,False,False,False,False
/home/Shelby/blackbird_calls/Experiments/Detection_of_calls/Datasets/All_call_classes/Split_data_controlled/OpenSoundScape/Call_audios/padded_3s/AZ13_Trial_2_trim_58.87339314_58.94045103_Check.WAV,0.0,3.0,False,False,False,True,False,False,False,False,False,False,False
/home/Shelby/blackbird_calls/Experiments/Detection_of_calls/Datasets/All_call_classes/Split_data_controlled/OpenSoundScape/Call_audios/padded_3s/SL50_Trial_3_trim_58.38750515_58.52299346_Check.WAV,0.0,3.0,False,False,False,True,False,False,False,False,False,False,False
/home/Shelby/blackbird_calls/Experiments/Detection_of_calls/Datasets/All_call_classes/Split_data_controlled/OpenSoundScape/Call_audios/padded_3s/SL49_Trial_2_trim_54.40587486_54.51414994_D.WAV,0.0,3.0,False,False,False,False,False,False,True,False,False,False,False
/home/Shelby/blackbird_calls/Experiments/Detection_of_calls/Datasets/All_call_classes/Split_data_controlled/OpenSoundScape/Call_audios/padded_3s/SL07_Trial_1_trim_19.54770307_19.62913277_Check.WAV,0.0,3.0,False,False,False,True,False,False,False,False,False,False,False
/home/Shelby/blackbird_calls/Experiments/Detection_of_calls/Datasets/All_call_classes/Split_data_controlled/OpenSoundScape/Call_audios/padded_3s/SL51_Trial_3_trim_20.50957258_20.6096825_Check.WAV,0.0,3.0,False,False,False,True,False,False,False,False,False,False,False
/home/Shelby/blackbird_calls/Experiments/Detection_of_calls/Datasets/All_call_classes/Split_data_controlled/OpenSoundScape/Call_audios/padded_3s/SL52_Trial_1_trim_9.911071762_10.01933638_Check.WAV,0.0,3.0,False,False,False,True,False,False,False,False,False,False,False
/home/Shelby/blackbird_calls/Experiments/Detection_of_calls/Datasets/All_call_classes/Split_data_controlled/OpenSoundScape/Call_audios/padded_3s/SL50_Trial_1_trim_43.49727547_43.9782346_Cheer.WAV,0.0,3.0,False,False,False,False,True,False,False,False,False,False,False
/home/Shelby/blackbird_calls/Experiments/Detection_of_calls/Datasets/All_call_classes/Split_data_controlled/OpenSoundScape/Call_audios/padded_3s/SL17b_Trial_2_trim_27.35219105_27.50248216_Check.WAV,0.0,3.0,False,False,False,True,False,False,False,False,False,False,False
/home/Shelby/blackbird_calls/Experiments/Detection_of_calls/Datasets/All_call_classes/Split_data_controlled/OpenSoundScape/Call_audios/padded_3s/SL07_Trial_3_trim_32.24711461_32.44349767_D.WAV,0.0,3.0,False,False,False,False,False,False,True,False,False,False,False
/home/Shelby/blackbird_calls/Experiments/Detection_of_calls/Datasets/All_call_classes/Split_data_controlled/OpenSoundScape/Call_audios/padded_3s/SL07_Trial_3_trim_35.44932379_35.61217803_D.WAV,0.0,3.0,False,False,False,False,False,False,True,False,False,False,False
/home/Shelby/blackbird_calls/Experiments/Detection_of_calls/Datasets/All_call_classes/Split_data_controlled/OpenSoundScape/Call_audios/padded_3s/SL42_Trial_3_trim_8.527979226_8.610436761_Check.WAV,0.0,3.0,False,False,False,True,False,False,False,False,False,False,False
/home/Shelby/blackbird_calls/Experiments/Detection_of_calls/Datasets/All_call_classes/Split_data_controlled/OpenSoundScape/Call_audios/padded_3s/SL02_Trial_3_trim_26.93702077_27.02563365_Check.WAV,0.0,3.0,False,False,False,True,False,False,False,False,False,False,False
/home/Shelby/blackbird_calls/Experiments/Detection_of_calls/Datasets/All_call_classes/Split_data_controlled/OpenSoundScape/Call_audios/padded_3s/RC02_Trial_3_trim_52.01977694_52.06888897_D.WAV,0.0,3.0,False,False,False,False,False,False,True,False,False,False,False
/home/Shelby/blackbird_calls/Experiments/Detection_of_calls/Datasets/All_call_classes/Split_data_controlled/OpenSoundScape/Call_audios/padded_3s/AZ13_Trial_1_trim_13.65678871_13.73344056_Check.WAV,0.0,3.0,False,False,False,True,False,False,False,False,False,False,False
/home/Shelby/blackbird_calls/Experiments/Detection_of_calls/Datasets/All_call_classes/Split_data_controlled/OpenSoundScape/Call_audios/padded_3s/SL50_Trial_3_trim_26.34491584_26.43622318_Check.WAV,0.0,3.0,False,False,False,True,False,False,False,False,False,False,False
/home/Shelby/blackbird_calls/Experiments/Detection_of_calls/Datasets/All_call_classes/Split_data_controlled/OpenSoundScape/Call_audios/padded_3s/SL50_Trial_3_trim_0.026508584_0.512499282_Cheer.WAV,0.0,3.0,False,False,False,False,True,False,False,False,False,False,False
/home/Shelby/blackbird_calls/Experiments/Detection_of_calls/Datasets/All_call_classes/Split_data_controlled/OpenSoundScape/Call_audios/padded_3s/SL50_Trial_3_trim_21.84291975_21.9224455_Check.WAV,0.0,3.0,False,False,False,True,False,False,False,False,False,False,False
/home/Shelby/blackbird_calls/Experiments/Detection_of_calls/Datasets/All_call_classes/Split_data_controlled/OpenSoundScape/Call_audios/padded_3s/SL42_Trial_1_trim_3.360619265_3.450193825_Check.WAV,0.0,3.0,False,False,False,True,False,False,False,False,False,False,False
/home/Shelby/blackbird_calls/Experiments/Detection_of_calls/Datasets/All_call_classes/Split_data_controlled/OpenSoundScape/Call_audios/padded_3s/SL51_Trial_2_trim_40.61309426_41.21063165_Cheer.WAV,0.0,3.0,False,False,False,False,True,False,False,False,False,False,False
/home/Shelby/blackbird_calls/Experiments/Detection_of_calls/Datasets/All_call_classes/Split_data_controlled/OpenSoundScape/Call_audios/padded_3s/SL11_Trial_3_trim_13.38419603_13.96337484_Cheer.WAV,0.0,3.0,False,False,False,False,True,False,False,False,False,False,False
/home/Shelby/blackbird_calls/Experiments/Detection_of_calls/Datasets/All_call_classes/Split_data_controlled/OpenSoundScape/Call_audios/padded_3s/AZ08_Trial_1_trim_8.237594896_8.305334714_C.WAV,0.0,3.0,False,False,True,False,False,False,False,False,False,False,False
/home/Shelby/blackbird_calls/Experiments/Detection_of_calls/Datasets/All_call_classes/Split_data_controlled/OpenSoundScape/Call_audios/padded_3s/SL52_Trial_1_trim_16.32089519_16.43748785_Check.WAV,0.0,3.0,False,False,False,True,False,False,False,False,False,False,False
/home/Shelby/blackbird_calls/Experiments/Detection_of_calls/Datasets/All_call_classes/Split_data_controlled/OpenSoundScape/Call_audios/padded_3s/AZ15_Trial_3_trim_50.63451303_50.7231249_Check.WAV,0.0,3.0,False,False,False,True,False,False,False,False,False,False,False
/home/Shelby/blackbird_calls/Experiments/Detection_of_calls/Datasets/All_call_classes/Split_data_controlled/OpenSoundScape/Call_audios/padded_3s/AZ13_Trial_2_trim_42.3500464_42.42907892_Check.WAV,0.0,3.0,False,False,False,True,False,False,False,False,False,False,False
/home/Shelby/blackbird_calls/Experiments/Detection_of_calls/Datasets/All_call_classes/Split_data_controlled/OpenSoundScape/Call_audios/padded_3s/AZ13_Trial_3_trim_36.92557138_36.98783934_Check.WAV,0.0,3.0,False,False,False,True,False,False,False,False,False,False,False
/home/Shelby/blackbird_calls/Experiments/Detection_of_calls/Datasets/All_call_classes/Split_data_controlled/OpenSoundScape/Call_audios/padded_3s/AZ13_Trial_1_trim_34.19532268_34.28874212_Check.WAV,0.0,3.0,False,False,False,True,False,False,False,False,False,False,False
/home/Shelby/blackbird_calls/Experiments/Detection_of_calls/Datasets/All_call_classes/Split_data_controlled/OpenSoundScape/Call_audios/padded_3s/SL51_Trial_3_trim_41.27736847_41.36864516_Check.WAV,0.0,3.0,False,False,False,True,False,False,False,False,False,False,False
/home/Shelby/blackbird_calls/Experiments/Detection_of_calls/Datasets/All_call_classes/Split_data_controlled/OpenSoundScape/Call_audios/padded_3s/SL02_Trial_2_trim_32.22027325_32.28974165_Check.WAV,0.0,3.0,False,False,False,True,False,False,False,False,False,False,False
/home/Shelby/blackbird_calls/Experiments/Detection_of_calls/Datasets/All_call_classes/Split_data_controlled/OpenSoundScape/Call_audios/padded_3s/AZ15_Trial_1_trim_59.42875032_59.52933676_Check.WAV,0.0,3.0,False,False,False,True,False,False,False,False,False,False,False
/home/Shelby/blackbird_calls/Experiments/Detection_of_calls/Datasets/All_call_classes/Split_data_controlled/OpenSoundScape/Call_audios/padded_3s/SL02_Trial_3_trim_3.01227258_3.146389375_I.WAV,0.0,3.0,False,False,False,False,False,False,True,False,False,False,False
/home/Shelby/blackbird_calls/Experiments/Detection_of_calls/Datasets/All_call_classes/Split_data_controlled/OpenSoundScape/Call_audios/padded_3s/SL10_Trial_3_trim_8.764094451_9.334125029_Cheer.WAV,0.0,3.0,False,False,False,False,True,False,False,False,False,False,False
/home/Shelby/blackbird_calls/Experiments/Detection_of_calls/Datasets/All_call_classes/Split_data_controlled/OpenSoundScape/Call_audios/padded_3s/SL28_Trial_3_trim_1.157623408_1.245069781_Check.WAV,0.0,3.0,False,False,False,True,False,False,False,False,False,False,False
/home/Shelby/blackbird_calls/Experiments/Detection_of_calls/Datasets/All_call_classes/Split_data_controlled/OpenSoundScape/Call_audios/padded_3s/SL44_Trial_1_trim_21.89709496_22.07081578_E.WAV,0.0,3.0,False,False,False,False,False,False,False,True,False,False,False
/home/Shelby/blackbird_calls/Experiments/Detection_of_calls/Datasets/All_call_classes/Split_data_controlled/OpenSoundScape/Call_audios/padded_3s/SL42_Trial_2_trim_42.06570082_42.13441059_Check.WAV,0.0,3.0,False,False,False,True,False,False,False,False,False,False,False
/home/Shelby/blackbird_calls/Experiments/Detection_of_calls/Datasets/All_call_classes/Split_data_controlled/OpenSoundScape/Call_audios/padded_3s/AZ13_Trial_1_trim_11.78121185_11.84109611_Check.WAV,0.0,3.0,False,False,False,True,False,False,False,False,False,False,False
/home/Shelby/blackbird_calls/Experiments/Detection_of_calls/Datasets/All_call_classes/Split_data_controlled/OpenSoundScape/Call_audios/padded_3s/AZ15_Trial_1_trim_47.24395306_47.35411917_Check.WAV,0.0,3.0,False,False,False,True,False,False,False,False,False,False,False
/home/Shelby/blackbird_calls/Experiments/Detection_of_calls/Datasets/All_call_classes/Split_data_controlled/OpenSoundScape/Call_audios/padded_3s/SL11_Trial_3_trim_58.82973688_59.46310787_Cheer.WAV,0.0,3.0,False,False,False,False,True,False,False,False,False,False,False
/home/Shelby/blackbird_calls/Experiments/Detection_of_calls/Datasets/All_call_classes/Split_data_controlled/OpenSoundScape/Call_audios/padded_3s/SL21_Trial_1_trim_64.88763208_65.36759673_I.WAV,0.0,3.0,False,False,False,False,False,False,True,False,False,False,False
/home/Shelby/blackbird_calls/Experiments/Detection_of_calls/Datasets/All_call_classes/Split_data_controlled/OpenSoundScape/Call_audios/padded_3s/SL12_Trial_1_trim_9.776135273_9.825247204_Check.WAV,0.0,3.0,False,False,False,True,False,False,False,False,False,False,False
/home/Shelby/blackbird_calls/Experiments/Detection_of_calls/Datasets/All_call_classes/Split_data_controlled/OpenSoundScape/Call_audios/padded_3s/SL52_Trial_1_trim_14.93843934_15.02588384_Check.WAV,0.0,3.0,False,False,False,True,False,False,False,False,False,False,False
/home/Shelby/blackbird_calls/Experiments/Detection_of_calls/Datasets/All_call_classes/Split_data_controlled/OpenSoundScape/Call_audios/padded_3s/AZ15_Trial_3_trim_13.97382366_14.06722536_Check.WAV,0.0,3.0,False,False,False,True,False,False,False,False,False,False,False
/home/Shelby/blackbird_calls/Experiments/Detection_of_calls/Datasets/All_call_classes/Split_data_controlled/OpenSoundScape/Call_audios/padded_3s/AZ13_Trial_2_trim_15.08618108_15.16042375_Check.WAV,0.0,3.0,False,False,False,True,False,False,False,False,False,False,False
/home/Shelby/blackbird_calls/Experiments/Detection_of_calls/Datasets/All_call_classes/Split_data_controlled/OpenSoundScape/Call_audios/padded_3s/SL42_Trial_3_trim_22.85029896_23.51290415_Cheer.WAV,0.0,3.0,False,False,False,False,True,False,False,False,False,False,False
/home/Shelby/blackbird_calls/Experiments/Detection_of_calls/Datasets/All_call_classes/Split_data_controlled/OpenSoundScape/Call_audios/padded_3s/SL52_Trial_3_trim_30.56580277_30.65325193_Check.WAV,0.0,3.0,False,False,False,True,False,False,False,False,False,False,False
/home/Shelby/blackbird_calls/Experiments/Detection_of_calls/Datasets/All_call_classes/Split_data_controlled/OpenSoundScape/Call_audios/padded_3s/SL09_Trial_2_trim_0.951152123_1.070643595_Check.WAV,0.0,3.0,False,False,False,True,False,False,False,False,False,False,False
/home/Shelby/blackbird_calls/Experiments/Detection_of_calls/Datasets/All_call_classes/Split_data_controlled/OpenSoundScape/Call_audios/padded_3s/AZ02_Trial_3_trim_29.01372489_29.6987111_Cheer.WAV,0.0,3.0,False,False,False,False,True,False,False,False,False,False,False
/home/Shelby/blackbird_calls/Experiments/Detection_of_calls/Datasets/All_call_classes/Split_data_controlled/OpenSoundScape/Call_audios/padded_3s/SL22_Trial_2_trim_41.36681257_41.46258511_Check.WAV,0.0,3.0,False,False,False,True,False,False,False,False,False,False,False
/home/Shelby/blackbird_calls/Experiments/Detection_of_calls/Datasets/All_call_classes/Split_data_controlled/OpenSoundScape/Call_audios/padded_3s/AZ15_Trial_1_trim_55.20165212_55.3549267_Check.WAV,0.0,3.0,False,False,False,True,False,False,False,False,False,False,False
/home/Shelby/blackbird_calls/Experiments/Detection_of_calls/Datasets/All_call_classes/Split_data_controlled/OpenSoundScape/Call_audios/padded_3s/AZ13_Trial_1_trim_16.51194143_16.58859328_Check.WAV,0.0,3.0,False,False,False,True,False,False,False,False,False,False,False
/home/Shelby/blackbird_calls/Experiments/Detection_of_calls/Datasets/All_call_classes/Split_data_controlled/OpenSoundScape/Call_audios/padded_3s/SL30_Trial_3_trim_24.53192655_24.61526972_Check.WAV,0.0,3.0,False,False,False,True,False,False,False,False,False,False,False
/home/Shelby/blackbird_calls/Experiments/Detection_of_calls/Datasets/All_call_classes/Split_data_controlled/OpenSoundScape/Call_audios/padded_3s/SL22_Trial_1_trim_39.69664909_39.79968498_Check.WAV,0.0,3.0,False,False,False,True,False,False,False,False,False,False,False
/home/Shelby/blackbird_calls/Experiments/Detection_of_calls/Datasets/All_call_classes/Split_data_controlled/OpenSoundScape/Call_audios/padded_3s/SL07_Trial_1_trim_6.871299064_7.000628596_D.WAV,0.0,3.0,False,False,False,False,False,False,True,False,False,False,False
/home/Shelby/blackbird_calls/Experiments/Detection_of_calls/Datasets/All_call_classes/Split_data_controlled/OpenSoundScape/Call_audios/padded_3s/SL07_Trial_1_trim_10.89099172_11.02032125_D.WAV,0.0,3.0,False,False,False,False,False,False,True,False,False,False,False
/home/Shelby/blackbird_calls/Experiments/Detection_of_calls/Datasets/All_call_classes/Split_data_controlled/OpenSoundScape/Call_audios/padded_3s/AZ13_Trial_3_trim_39.0595504_39.14337267_Check.WAV,0.0,3.0,False,False,False,True,False,False,False,False,False,False,False
/home/Shelby/blackbird_calls/Experiments/Detection_of_calls/Datasets/All_call_classes/Split_data_controlled/OpenSoundScape/Call_audios/padded_3s/SL02_Trial_3_trim_32.84259287_32.9168361_Check.WAV,0.0,3.0,False,False,False,True,False,False,False,False,False,False,False
/home/Shelby/blackbird_calls/Experiments/Detection_of_calls/Datasets/All_call_classes/Split_data_controlled/OpenSoundScape/Call_audios/padded_3s/SL52_Trial_3_trim_29.11248112_29.20825877_Check.WAV,0.0,3.0,False,False,False,True,False,False,False,False,False,False,False
/home/Shelby/blackbird_calls/Experiments/Detection_of_calls/Datasets/All_call_classes/Split_data_controlled/OpenSoundScape/Call_audios/padded_3s/SL51_Trial_1_trim_23.68718998_23.76669013_Check.WAV,0.0,3.0,False,False,False,True,False,False,False,False,False,False,False
/home/Shelby/blackbird_calls/Experiments/Detection_of_calls/Datasets/All_call_classes/Split_data_controlled/OpenSoundScape/Call_audios/padded_3s/SL17a_Trial_1_trim_55.61200825_55.68856382_Check.WAV,0.0,3.0,False,False,False,True,False,False,False,False,False,False,False
/home/Shelby/blackbird_calls/Experiments/Detection_of_calls/Datasets/All_call_classes/Split_data_controlled/OpenSoundScape/Call_audios/padded_3s/AZ13_Trial_3_trim_24.03143158_24.10567415_Check.WAV,0.0,3.0,False,False,False,True,False,False,False,False,False,False,False
/home/Shelby/blackbird_calls/Experiments/Detection_of_calls/Datasets/All_call_classes/Split_data_controlled/OpenSoundScape/Call_audios/padded_3s/AZ08_Trial_1_trim_41.85942149_41.93393529_C.WAV,0.0,3.0,False,False,True,False,False,False,False,False,False,False,False
/home/Shelby/blackbird_calls/Experiments/Detection_of_calls/Datasets/All_call_classes/Split_data_controlled/OpenSoundScape/Call_audios/padded_3s/EF01_Trial_3_trim_10.59078709_10.8557891_O.WAV,0.0,3.0,False,False,False,False,False,False,False,True,False,False,False
/home/Shelby/blackbird_calls/Experiments/Detection_of_calls/Datasets/All_call_classes/Split_data_controlled/OpenSoundScape/Call_audios/padded_3s/SL09_Trial_2_trim_60.76329478_60.86366762_Check.WAV,0.0,3.0,False,False,False,True,False,False,False,False,False,False,False
/home/Shelby/blackbird_calls/Experiments/Detection_of_calls/Datasets/All_call_classes/Split_data_controlled/OpenSoundScape/Call_audios/padded_3s/SL51_Trial_3_trim_7.334038012_7.401759427_Check.WAV,0.0,3.0,False,False,False,True,False,False,False,False,False,False,False
/home/Shelby/blackbird_calls/Experiments/Detection_of_calls/Datasets/All_call_classes/Split_data_controlled/OpenSoundScape/Call_audios/padded_3s/AZ13_Trial_2_trim_55.10462884_55.19563598_Check.WAV,0.0,3.0,False,False,False,True,False,False,False,False,False,False,False
/home/Shelby/blackbird_calls/Experiments/Detection_of_calls/Datasets/All_call_classes/Split_data_controlled/OpenSoundScape/Call_audios/padded_3s/AZ13_Trial_1_trim_5.490963776_5.574801738_Check.WAV,0.0,3.0,False,False,False,True,False,False,False,False,False,False,False
/home/Shelby/blackbird_calls/Experiments/Detection_of_calls/Datasets/All_call_classes/Split_data_controlled/OpenSoundScape/Call_audios/padded_3s/AZ15_Trial_1_trim_57.83373671_57.93911299_Check.WAV,0.0,3.0,False,False,False,True,False,False,False,False,False,False,False
/home/Shelby/blackbird_calls/Experiments/Detection_of_calls/Datasets/All_call_classes/Split_data_controlled/OpenSoundScape/Call_audios/padded_3s/SL16_Trial_3_trim_11.62471701_11.72257384_Check.WAV,0.0,3.0,False,False,False,True,False,False,False,False,False,False,False
/home/Shelby/blackbird_calls/Experiments/Detection_of_calls/Datasets/All_call_classes/Split_data_controlled/OpenSoundScape/Call_audios/padded_3s/SL42_Trial_1_trim_4.358438201_4.439680244_Check.WAV,0.0,3.0,False,False,False,True,False,False,False,False,False,False,False
/home/Shelby/blackbird_calls/Experiments/Detection_of_calls/Datasets/All_call_classes/Split_data_controlled/OpenSoundScape/Call_audios/padded_3s/SL07_Trial_1_trim_8.562074003_9.127291956_Cheer.WAV,0.0,3.0,False,False,False,False,True,False,False,False,False,False,False
/home/Shelby/blackbird_calls/Experiments/Detection_of_calls/Datasets/All_call_classes/Split_data_controlled/OpenSoundScape/Call_audios/padded_3s/AZ08_Trial_3_trim_9.884211915_9.975660663_Check.WAV,0.0,3.0,False,False,False,True,False,False,False,False,False,False,False
/home/Shelby/blackbird_calls/Experiments/Detection_of_calls/Datasets/All_call_classes/Split_data_controlled/OpenSoundScape/Call_audios/padded_3s/EF04_Trial_3_trim_27.00268009_27.46318827_Chits.WAV,0.0,3.0,False,False,False,False,False,True,False,False,False,False,False
/home/Shelby/blackbird_calls/Experiments/Detection_of_calls/Datasets/All_call_classes/Split_data_controlled/OpenSoundScape/Call_audios/padded_3s/AZ15_Trial_3_trim_51.96129612_52.04511816_Check.WAV,0.0,3.0,False,False,False,True,False,False,False,False,False,False,False
/home/Shelby/blackbird_calls/Experiments/Detection_of_calls/Datasets/All_call_classes/Split_data_controlled/OpenSoundScape/Call_audios/padded_3s/SL51_Trial_3_trim_44.84435722_44.94741155_Check.WAV,0.0,3.0,False,False,False,True,False,False,False,False,False,False,False
/home/Shelby/blackbird_calls/Experiments/Detection_of_calls/Datasets/All_call_classes/Split_data_controlled/OpenSoundScape/Call_audios/padded_3s/SL38_Trial_3_trim_11.00890996_11.52526897_Cheer.WAV,0.0,3.0,False,False,False,False,True,False,False,False,False,False,False
/home/Shelby/blackbird_calls/Experiments/Detection_of_calls/Datasets/All_call_classes/Split_data_controlled/OpenSoundScape/Call_audios/padded_3s/AZ15_Trial_1_trim_32.78241842_32.91653368_M.WAV,0.0,3.0,True,False,False,False,False,False,False,False,False,False,False
/home/Shelby/blackbird_calls/Experiments/Detection_of_calls/Datasets/All_call_classes/Split_data_controlled/OpenSoundScape/Call_audios/padded_3s/SL52_Trial_3_trim_30.65325193_30.76152231_Check.WAV,0.0,3.0,False,False,False,True,False,False,False,False,False,False,False
/home/Shelby/blackbird_calls/Experiments/Detection_of_calls/Datasets/All_call_classes/Split_data_controlled/OpenSoundScape/Call_audios/padded_3s/AZ13_Trial_1_trim_37.12651221_37.21035017_Check.WAV,0.0,3.0,False,False,False,True,False,False,False,False,False,False,False
/home/Shelby/blackbird_calls/Experiments/Detection_of_calls/Datasets/All_call_classes/Split_data_controlled/OpenSoundScape/Call_audios/padded_3s/SL22_Trial_1_trim_11.5062412_11.5739505_Check.WAV,0.0,3.0,False,False,False,True,False,False,False,False,False,False,False
/home/Shelby/blackbird_calls/Experiments/Detection_of_calls/Datasets/All_call_classes/Split_data_controlled/OpenSoundScape/Call_audios/padded_3s/SL17a_Trial_2_trim_19.47591856_19.54046249_E.WAV,0.0,3.0,False,False,False,False,False,False,False,True,False,False,False
/home/Shelby/blackbird_calls/Experiments/Detection_of_calls/Datasets/All_call_classes/Split_data_controlled/OpenSoundScape/Call_audios/padded_3s/AZ15_Trial_1_trim_26.2446542_26.36918979_Check.WAV,0.0,3.0,False,False,False,True,False,False,False,False,False,False,False
/home/Shelby/blackbird_calls/Experiments/Detection_of_calls/Datasets/All_call_classes/Split_data_controlled/OpenSoundScape/Call_audios/padded_3s/SL21_Trial_3_trim_52.36654339_52.51982124_Check.WAV,0.0,3.0,False,False,False,True,False,False,False,False,False,False,False
/home/Shelby/blackbird_calls/Experiments/Detection_of_calls/Datasets/All_call_classes/Split_data_controlled/OpenSoundScape/Call_audios/padded_3s/SL54_Trial_3_trim_30.37708134_30.51461166_Check.WAV,0.0,3.0,False,False,False,True,False,False,False,False,False,False,False
/home/Shelby/blackbird_calls/Experiments/Detection_of_calls/Datasets/All_call_classes/Split_data_controlled/OpenSoundScape/Call_audios/padded_3s/SL50_Trial_3_trim_58.84698726_58.96185779_Check.WAV,0.0,3.0,False,False,False,True,False,False,False,False,False,False,False
/home/Shelby/blackbird_calls/Experiments/Detection_of_calls/Datasets/All_call_classes/Split_data_controlled/OpenSoundScape/Call_audios/padded_3s/SL50_Trial_3_trim_27.82056032_27.91775846_Check.WAV,0.0,3.0,False,False,False,True,False,False,False,False,False,False,False
/home/Shelby/blackbird_calls/Experiments/Detection_of_calls/Datasets/All_call_classes/Split_data_controlled/OpenSoundScape/Call_audios/padded_3s/AZ13_Trial_3_trim_24.97024093_25.03250889_Check.WAV,0.0,3.0,False,False,False,True,False,False,False,False,False,False,False
/home/Shelby/blackbird_calls/Experiments/Detection_of_calls/Datasets/All_call_classes/Split_data_controlled/OpenSoundScape/Call_audios/padded_3s/AZ15_Trial_1_trim_16.96173644_17.05753305_Check.WAV,0.0,3.0,False,False,False,True,False,False,False,False,False,False,False
/home/Shelby/blackbird_calls/Experiments/Detection_of_calls/Datasets/All_call_classes/Split_data_controlled/OpenSoundScape/Call_audios/padded_3s/SL54_Trial_3_trim_10.69796416_11.29809648_Chits.WAV,0.0,3.0,False,False,False,False,False,True,False,False,False,False,False
/home/Shelby/blackbird_calls/Experiments/Detection_of_calls/Datasets/All_call_classes/Split_data_controlled/OpenSoundScape/Call_audios/padded_3s/SL11_Trial_3_trim_41.65575679_42.2654187_Cheer.WAV,0.0,3.0,False,False,False,False,True,False,False,False,False,False,False
/home/Shelby/blackbird_calls/Experiments/Detection_of_calls/Datasets/All_call_classes/Split_data_controlled/OpenSoundScape/Call_audios/padded_3s/SL50_Trial_3_trim_38.56352188_38.62242984_Check.WAV,0.0,3.0,False,False,False,True,False,False,False,False,False,False,False
/home/Shelby/blackbird_calls/Experiments/Detection_of_calls/Datasets/All_call_classes/Split_data_controlled/OpenSoundScape/Call_audios/padded_3s/SL42_Trial_1_trim_2.835138983_2.910131638_Check.WAV,0.0,3.0,False,False,False,True,False,False,False,False,False,False,False
/home/Shelby/blackbird_calls/Experiments/Detection_of_calls/Datasets/All_call_classes/Split_data_controlled/OpenSoundScape/Call_audios/padded_3s/SL22_Trial_2_trim_14.86001573_15.02241265_Check.WAV,0.0,3.0,False,False,False,True,False,False,False,False,False,False,False
/home/Shelby/blackbird_calls/Experiments/Detection_of_calls/Datasets/All_call_classes/Split_data_controlled/OpenSoundScape/Call_audios/padded_3s/SL50_Trial_3_trim_23.99922595_24.12587808_Check.WAV,0.0,3.0,False,False,False,True,False,False,False,False,False,False,False
/home/Shelby/blackbird_calls/Experiments/Detection_of_calls/Datasets/All_call_classes/Split_data_controlled/OpenSoundScape/Call_audios/padded_3s/AZ15_Trial_1_trim_18.59985852_18.65733649_Check.WAV,0.0,3.0,False,False,False,True,False,False,False,False,False,False,False
/home/Shelby/blackbird_calls/Experiments/Detection_of_calls/Datasets/All_call_classes/Split_data_controlled/OpenSoundScape/Call_audios/padded_3s/SL22_Trial_1_trim_27.19318959_27.28444995_C.WAV,0.0,3.0,False,False,True,False,False,False,False,False,False,False,False
/home/Shelby/blackbird_calls/Experiments/Detection_of_calls/Datasets/All_call_classes/Split_data_controlled/OpenSoundScape/Call_audios/padded_3s/SL42_Trial_1_trim_35.69300008_35.7867409_Check.WAV,0.0,3.0,False,False,False,True,False,False,False,False,False,False,False
/home/Shelby/blackbird_calls/Experiments/Detection_of_calls/Datasets/All_call_classes/Split_data_controlled/OpenSoundScape/Call_audios/padded_3s/SL16_Trial_2_trim_52.55589242_52.62045218_Check.WAV,0.0,3.0,False,False,False,True,False,False,False,False,False,False,False
/home/Shelby/blackbird_calls/Experiments/Detection_of_calls/Datasets/All_call_classes/Split_data_controlled/OpenSoundScape/Call_audios/padded_3s/AZ15_Trial_1_trim_0.062267798_0.215542379_M.WAV,0.0,3.0,True,False,False,False,False,False,False,False,False,False,False
/home/Shelby/blackbird_calls/Experiments/Detection_of_calls/Datasets/All_call_classes/Split_data_controlled/OpenSoundScape/Call_audios/padded_3s/SL12_Trial_1_trim_1.36327945_1.434407073_Check.WAV,0.0,3.0,False,False,False,True,False,False,False,False,False,False,False
/home/Shelby/blackbird_calls/Experiments/Detection_of_calls/Datasets/All_call_classes/Split_data_controlled/OpenSoundScape/Call_audios/padded_3s/SL22_Trial_1_trim_1.312971649_1.421895306_Check.WAV,0.0,3.0,False,False,False,True,False,False,False,False,False,False,False
/home/Shelby/blackbird_calls/Experiments/Detection_of_calls/Datasets/All_call_classes/Split_data_controlled/OpenSoundScape/Call_audios/padded_3s/SL09_Trial_1_trim_39.52713025_39.97451861_Chits.WAV,0.0,3.0,False,False,False,False,False,True,False,False,False,False,False
/home/Shelby/blackbird_calls/Experiments/Detection_of_calls/Datasets/All_call_classes/Split_data_controlled/OpenSoundScape/Call_audios/padded_3s/SL16_Trial_1_trim_52.68047771_52.80980681_Check.WAV,0.0,3.0,False,False,False,True,False,False,False,False,False,False,False
/home/Shelby/blackbird_calls/Experiments/Detection_of_calls/Datasets/All_call_classes/Split_data_controlled/OpenSoundScape/Call_audios/padded_3s/SL02_Trial_1_trim_47.71398771_47.79302586_Check.WAV,0.0,3.0,False,False,False,True,False,False,False,False,False,False,False
/home/Shelby/blackbird_calls/Experiments/Detection_of_calls/Datasets/All_call_classes/Split_data_controlled/OpenSoundScape/Call_audios/padded_3s/SL21_Trial_3_trim_24.84763476_25.01270322_Check.WAV,0.0,3.0,False,False,False,True,False,False,False,False,False,False,False
/home/Shelby/blackbird_calls/Experiments/Detection_of_calls/Datasets/All_call_classes/Split_data_controlled/OpenSoundScape/Call_audios/padded_3s/SL52_Trial_1_trim_29.34989829_29.46232693_Check.WAV,0.0,3.0,False,False,False,True,False,False,False,False,False,False,False
/home/Shelby/blackbird_calls/Experiments/Detection_of_calls/Datasets/All_call_classes/Split_data_controlled/OpenSoundScape/Call_audios/padded_3s/AZ15_Trial_3_trim_18.09089162_18.16752891_C.WAV,0.0,3.0,False,False,True,False,False,False,False,False,False,False,False
/home/Shelby/blackbird_calls/Experiments/Detection_of_calls/Datasets/All_call_classes/Split_data_controlled/OpenSoundScape/Call_audios/padded_3s/SL51_Trial_1_trim_20.58671722_20.65443957_Check.WAV,0.0,3.0,False,False,False,True,False,False,False,False,False,False,False
/home/Shelby/blackbird_calls/Experiments/Detection_of_calls/Datasets/All_call_classes/Split_data_controlled/OpenSoundScape/Call_audios/padded_3s/SL52_Trial_3_trim_30.85729995_30.96140609_Check.WAV,0.0,3.0,False,False,False,True,False,False,False,False,False,False,False
/home/Shelby/blackbird_calls/Experiments/Detection_of_calls/Datasets/All_call_classes/Split_data_controlled/OpenSoundScape/Call_audios/padded_3s/SL50_Trial_3_trim_34.51332465_34.5957958_Check.WAV,0.0,3.0,False,False,False,True,False,False,False,False,False,False,False
/home/Shelby/blackbird_calls/Experiments/Detection_of_calls/Datasets/All_call_classes/Split_data_controlled/OpenSoundScape/Call_audios/padded_3s/SL30_Trial_3_trim_3.369059007_3.500324499_Check.WAV,0.0,3.0,False,False,False,True,False,False,False,False,False,False,False
/home/Shelby/blackbird_calls/Experiments/Detection_of_calls/Datasets/All_call_classes/Split_data_controlled/OpenSoundScape/Call_audios/padded_3s/SL07_Trial_1_trim_24.3124837_24.46097316_D.WAV,0.0,3.0,False,False,False,False,False,False,True,False,False,False,False
/home/Shelby/blackbird_calls/Experiments/Detection_of_calls/Datasets/All_call_classes/Split_data_controlled/OpenSoundScape/Call_audios/padded_3s/SL22_Trial_1_trim_37.07027928_37.17331517_Check.WAV,0.0,3.0,False,False,False,True,False,False,False,False,False,False,False
/home/Shelby/blackbird_calls/Experiments/Detection_of_calls/Datasets/All_call_classes/Split_data_controlled/OpenSoundScape/Call_audios/padded_3s/AZ13_Trial_1_trim_23.01511771_23.09176956_Check.WAV,0.0,3.0,False,False,False,True,False,False,False,False,False,False,False
/home/Shelby/blackbird_calls/Experiments/Detection_of_calls/Datasets/All_call_classes/Split_data_controlled/OpenSoundScape/Call_audios/padded_3s/SL17b_Trial_1_trim_5.053915184_5.114316135_Check.WAV,0.0,3.0,False,False,False,True,False,False,False,False,False,False,False
/home/Shelby/blackbird_calls/Experiments/Detection_of_calls/Datasets/All_call_classes/Split_data_controlled/OpenSoundScape/Call_audios/padded_3s/RC02_Trial_1_trim_49.6579585_49.7369907_Check.WAV,0.0,3.0,False,False,False,True,False,False,False,False,False,False,False
/home/Shelby/blackbird_calls/Experiments/Detection_of_calls/Datasets/All_call_classes/Split_data_controlled/OpenSoundScape/Call_audios/padded_3s/SL52_Trial_1_trim_25.49354796_25.60181258_Check.WAV,0.0,3.0,False,False,False,True,False,False,False,False,False,False,False
/home/Shelby/blackbird_calls/Experiments/Detection_of_calls/Datasets/All_call_classes/Split_data_controlled/OpenSoundScape/Call_audios/padded_3s/SL50_Trial_1_trim_37.11553032_37.21546988_Check.WAV,0.0,3.0,False,False,False,True,False,False,False,False,False,False,False
/home/Shelby/blackbird_calls/Experiments/Detection_of_calls/Datasets/All_call_classes/Split_data_controlled/OpenSoundScape/Call_audios/padded_3s/AZ15_Trial_1_trim_56.47821464_56.57401125_Check.WAV,0.0,3.0,False,False,False,True,False,False,False,False,False,False,False
/home/Shelby/blackbird_calls/Experiments/Detection_of_calls/Datasets/All_call_classes/Split_data_controlled/OpenSoundScape/Call_audios/padded_3s/SL42_Trial_1_trim_11.95029241_12.08777895_Check.WAV,0.0,3.0,False,False,False,True,False,False,False,False,False,False,False
/home/Shelby/blackbird_calls/Experiments/Detection_of_calls/Datasets/All_call_classes/Split_data_controlled/OpenSoundScape/Call_audios/padded_3s/AZ13_Trial_1_trim_3.8884596_3.9531346_Check.WAV,0.0,3.0,False,False,False,True,False,False,False,False,False,False,False
/home/Shelby/blackbird_calls/Experiments/Detection_of_calls/Datasets/All_call_classes/Split_data_controlled/OpenSoundScape/Call_audios/padded_3s/AZ08_Trial_3_trim_9.335519431_9.440516141_Check.WAV,0.0,3.0,False,False,False,True,False,False,False,False,False,False,False
/home/Shelby/blackbird_calls/Experiments/Detection_of_calls/Datasets/All_call_classes/Split_data_controlled/OpenSoundScape/Call_audios/padded_3s/AZ13_Trial_1_trim_23.09895568_23.16602605_Check.WAV,0.0,3.0,False,False,False,True,False,False,False,False,False,False,False
/home/Shelby/blackbird_calls/Experiments/Detection_of_calls/Datasets/All_call_classes/Split_data_controlled/OpenSoundScape/Call_audios/padded_3s/SL42_Trial_3_trim_24.79494388_24.90390562_E.WAV,0.0,3.0,False,False,False,False,False,False,False,True,False,False,False
/home/Shelby/blackbird_calls/Experiments/Detection_of_calls/Datasets/All_call_classes/Split_data_controlled/OpenSoundScape/Call_audios/padded_3s/AZ13_Trial_1_trim_30.54840809_30.6202692_Check.WAV,0.0,3.0,False,False,False,True,False,False,False,False,False,False,False
/home/Shelby/blackbird_calls/Experiments/Detection_of_calls/Datasets/All_call_classes/Split_data_controlled/OpenSoundScape/Call_audios/padded_3s/AZ13_Trial_2_trim_40.10244625_40.17908384_Check.WAV,0.0,3.0,False,False,False,True,False,False,False,False,False,False,False
/home/Shelby/blackbird_calls/Experiments/Detection_of_calls/Datasets/All_call_classes/Split_data_controlled/OpenSoundScape/Call_audios/padded_3s/AZ08_Trial_3_trim_17.05544433_17.15366705_Check.WAV,0.0,3.0,False,False,False,True,False,False,False,False,False,False,False
/home/Shelby/blackbird_calls/Experiments/Detection_of_calls/Datasets/All_call_classes/Split_data_controlled/OpenSoundScape/Call_audios/padded_3s/SL52_Trial_1_trim_19.44761575_19.54755232_Check.WAV,0.0,3.0,False,False,False,True,False,False,False,False,False,False,False
/home/Shelby/blackbird_calls/Experiments/Detection_of_calls/Datasets/All_call_classes/Split_data_controlled/OpenSoundScape/Call_audios/padded_3s/AZ13_Trial_1_trim_18.50844471_18.58509656_Check.WAV,0.0,3.0,False,False,False,True,False,False,False,False,False,False,False
/home/Shelby/blackbird_calls/Experiments/Detection_of_calls/Datasets/All_call_classes/Split_data_controlled/OpenSoundScape/Call_audios/padded_3s/AZ02_Trial_3_trim_53.38583287_54.2193126_Cheer.WAV,0.0,3.0,False,False,False,False,True,False,False,False,False,False,False
/home/Shelby/blackbird_calls/Experiments/Detection_of_calls/Datasets/All_call_classes/Split_data_controlled/OpenSoundScape/Call_audios/padded_3s/EF01_Trial_3_trim_65.82923262_65.98823382_Check.WAV,0.0,3.0,False,False,False,True,False,False,False,False,False,False,False
/home/Shelby/blackbird_calls/Experiments/Detection_of_calls/Datasets/All_call_classes/Split_data_controlled/OpenSoundScape/Call_audios/padded_3s/SL52_Trial_3_trim_42.24697599_42.35524637_Check.WAV,0.0,3.0,False,False,False,True,False,False,False,False,False,False,False
/home/Shelby/blackbird_calls/Experiments/Detection_of_calls/Datasets/All_call_classes/Split_data_controlled/OpenSoundScape/Call_audios/padded_3s/AZ13_Trial_1_trim_10.59789682_10.67933941_Check.WAV,0.0,3.0,False,False,False,True,False,False,False,False,False,False,False
/home/Shelby/blackbird_calls/Experiments/Detection_of_calls/Datasets/All_call_classes/Split_data_controlled/OpenSoundScape/Call_audios/padded_3s/SL50_Trial_3_trim_15.66572284_15.75408479_Check.WAV,0.0,3.0,False,False,False,True,False,False,False,False,False,False,False
/home/Shelby/blackbird_calls/Experiments/Detection_of_calls/Datasets/All_call_classes/Split_data_controlled/OpenSoundScape/Call_audios/padded_3s/SL51_Trial_1_trim_51.91460908_52.76849959_Cheer.WAV,0.0,3.0,False,False,False,False,True,False,False,False,False,False,False
/home/Shelby/blackbird_calls/Experiments/Detection_of_calls/Datasets/All_call_classes/Split_data_controlled/OpenSoundScape/Call_audios/padded_3s/SL52_Trial_1_trim_16.90385849_17.04127127_Check.WAV,0.0,3.0,False,False,False,True,False,False,False,False,False,False,False
/home/Shelby/blackbird_calls/Experiments/Detection_of_calls/Datasets/All_call_classes/Split_data_controlled/OpenSoundScape/Call_audios/padded_3s/SL21_Trial_3_trim_5.219378179_5.354970128_Check.WAV,0.0,3.0,False,False,False,True,False,False,False,False,False,False,False
/home/Shelby/blackbird_calls/Experiments/Detection_of_calls/Datasets/All_call_classes/Split_data_controlled/OpenSoundScape/Call_audios/padded_3s/SL09_Trial_2_trim_23.09648144_23.23031189_Check.WAV,0.0,3.0,False,False,False,True,False,False,False,False,False,False,False
/home/Shelby/blackbird_calls/Experiments/Detection_of_calls/Datasets/All_call_classes/Split_data_controlled/OpenSoundScape/Call_audios/padded_3s/SL21_Trial_3_trim_59.47165681_59.63377762_Check.WAV,0.0,3.0,False,False,False,True,False,False,False,False,False,False,False
/home/Shelby/blackbird_calls/Experiments/Detection_of_calls/Datasets/All_call_classes/Split_data_controlled/OpenSoundScape/Call_audios/padded_3s/SL09_Trial_2_trim_16.93067289_17.05016436_Check.WAV,0.0,3.0,False,False,False,True,False,False,False,False,False,False,False
/home/Shelby/blackbird_calls/Experiments/Detection_of_calls/Datasets/All_call_classes/Split_data_controlled/OpenSoundScape/Call_audios/padded_3s/SL21_Trial_1_trim_19.70520387_19.79943006_Check.WAV,0.0,3.0,False,False,False,True,False,False,False,False,False,False,False
/home/Shelby/blackbird_calls/Experiments/Detection_of_calls/Datasets/All_call_classes/Split_data_controlled/OpenSoundScape/Call_audios/padded_3s/SL51_Trial_2_trim_22.4163126_22.97429177_Cheer.WAV,0.0,3.0,False,False,False,False,True,False,False,False,False,False,False
/home/Shelby/blackbird_calls/Experiments/Detection_of_calls/Datasets/All_call_classes/Split_data_controlled/OpenSoundScape/Call_audios/padded_3s/SL16_Trial_1_trim_37.92486514_38.04940427_Check.WAV,0.0,3.0,False,False,False,True,False,False,False,False,False,False,False
/home/Shelby/blackbird_calls/Experiments/Detection_of_calls/Datasets/All_call_classes/Split_data_controlled/OpenSoundScape/Call_audios/padded_3s/SL54_Trial_3_trim_35.55576983_35.69746774_Check.WAV,0.0,3.0,False,False,False,True,False,False,False,False,False,False,False
/home/Shelby/blackbird_calls/Experiments/Detection_of_calls/Datasets/All_call_classes/Split_data_controlled/OpenSoundScape/Call_audios/padded_3s/SL42_Trial_3_trim_52.39119584_52.79170386_Cheer.WAV,0.0,3.0,False,False,False,False,True,False,False,False,False,False,False
/home/Shelby/blackbird_calls/Experiments/Detection_of_calls/Datasets/All_call_classes/Split_data_controlled/OpenSoundScape/Call_audios/padded_3s/SL11_Trial_2_trim_56.92767375_57.49447354_G.WAV,0.0,3.0,False,False,False,False,False,False,False,False,True,False,False
/home/Shelby/blackbird_calls/Experiments/Detection_of_calls/Datasets/All_call_classes/Split_data_controlled/OpenSoundScape/Call_audios/padded_3s/SL38_Trial_1_trim_50.74380422_50.960393_E.WAV,0.0,3.0,False,False,False,False,False,False,False,True,False,False,False
/home/Shelby/blackbird_calls/Experiments/Detection_of_calls/Datasets/All_call_classes/Split_data_controlled/OpenSoundScape/Call_audios/padded_3s/SL09_Trial_1_trim_54.67249836_55.18767283_Chits.WAV,0.0,3.0,False,False,False,False,False,True,False,False,False,False,False
/home/Shelby/blackbird_calls/Experiments/Detection_of_calls/Datasets/All_call_classes/Split_data_controlled/OpenSoundScape/Call_audios/padded_3s/SL07_Trial_1_trim_47.35396319_47.97187095_Cheer.WAV,0.0,3.0,False,False,False,False,True,False,False,False,False,False,False
/home/Shelby/blackbird_calls/Experiments/Detection_of_calls/Datasets/All_call_classes/Split_data_controlled/OpenSoundScape/Call_audios/padded_3s/AZ15_Trial_1_trim_39.08664437_39.18723081_D.WAV,0.0,3.0,False,False,False,False,False,False,True,False,False,False,False
/home/Shelby/blackbird_calls/Experiments/Detection_of_calls/Datasets/All_call_classes/Split_data_controlled/OpenSoundScape/Call_audios/padded_3s/SL07_Trial_1_trim_43.42693873_43.5466883_D.WAV,0.0,3.0,False,False,False,False,False,False,True,False,False,False,False
/home/Shelby/blackbird_calls/Experiments/Detection_of_calls/Datasets/All_call_classes/Split_data_controlled/OpenSoundScape/Call_audios/padded_3s/SL56_Trial_3_trim_53.49694081_53.66771655_Check.WAV,0.0,3.0,False,False,False,True,False,False,False,False,False,False,False
/home/Shelby/blackbird_calls/Experiments/Detection_of_calls/Datasets/All_call_classes/Split_data_controlled/OpenSoundScape/Call_audios/padded_3s/SL54_Trial_3_trim_16.20543156_16.34296188_Check.WAV,0.0,3.0,False,False,False,True,False,False,False,False,False,False,False
/home/Shelby/blackbird_calls/Experiments/Detection_of_calls/Datasets/All_call_classes/Split_data_controlled/OpenSoundScape/Call_audios/padded_3s/SL52_Trial_3_trim_55.22485256_55.32895869_Check.WAV,0.0,3.0,False,False,False,True,False,False,False,False,False,False,False
/home/Shelby/blackbird_calls/Experiments/Detection_of_calls/Datasets/All_call_classes/Split_data_controlled/OpenSoundScape/Call_audios/padded_3s/AZ13_Trial_1_trim_54.89316604_54.95544567_Check.WAV,0.0,3.0,False,False,False,True,False,False,False,False,False,False,False
/home/Shelby/blackbird_calls/Experiments/Detection_of_calls/Datasets/All_call_classes/Split_data_controlled/OpenSoundScape/Call_audios/padded_3s/AZ13_Trial_2_trim_56.59092384_56.66756144_Check.WAV,0.0,3.0,False,False,False,True,False,False,False,False,False,False,False
/home/Shelby/blackbird_calls/Experiments/Detection_of_calls/Datasets/All_call_classes/Split_data_controlled/OpenSoundScape/Call_audios/padded_3s/SL21_Trial_1_trim_44.86295943_45.73455168_Cheer.WAV,0.0,3.0,False,False,False,False,True,False,False,False,False,False,False
/home/Shelby/blackbird_calls/Experiments/Detection_of_calls/Datasets/All_call_classes/Split_data_controlled/OpenSoundScape/Call_audios/padded_3s/AZ15_Trial_3_trim_5.572846576_5.660906541_Check.WAV,0.0,3.0,False,False,False,True,False,False,False,False,False,False,False
/home/Shelby/blackbird_calls/Experiments/Detection_of_calls/Datasets/All_call_classes/Split_data_controlled/OpenSoundScape/Call_audios/padded_3s/SL17a_Trial_2_trim_10.20037692_10.28365942_E.WAV,0.0,3.0,False,False,False,False,False,False,False,True,False,False,False
/home/Shelby/blackbird_calls/Experiments/Detection_of_calls/Datasets/All_call_classes/Split_data_controlled/OpenSoundScape/Call_audios/padded_3s/SL17a_Trial_2_trim_8.824133761_8.911580377_E.WAV,0.0,3.0,False,False,False,False,False,False,False,True,False,False,False
/home/Shelby/blackbird_calls/Experiments/Detection_of_calls/Datasets/All_call_classes/Split_data_controlled/OpenSoundScape/Call_audios/padded_3s/SL30_Trial_1_trim_15.05575308_15.19733014_Check.WAV,0.0,3.0,False,False,False,True,False,False,False,False,False,False,False
/home/Shelby/blackbird_calls/Experiments/Detection_of_calls/Datasets/All_call_classes/Split_data_controlled/OpenSoundScape/Call_audios/padded_3s/SL38_Trial_1_trim_23.91480026_24.23343566_E.WAV,0.0,3.0,False,False,False,False,False,False,False,True,False,False,False
/home/Shelby/blackbird_calls/Experiments/Detection_of_calls/Datasets/All_call_classes/Split_data_controlled/OpenSoundScape/Call_audios/padded_3s/SL50_Trial_3_trim_19.04348655_19.1318485_Check.WAV,0.0,3.0,False,False,False,True,False,False,False,False,False,False,False
/home/Shelby/blackbird_calls/Experiments/Detection_of_calls/Datasets/All_call_classes/Split_data_controlled/OpenSoundScape/Call_audios/padded_3s/SL22_Trial_1_trim_5.27276667_5.408185271_Check.WAV,0.0,3.0,False,False,False,True,False,False,False,False,False,False,False
/home/Shelby/blackbird_calls/Experiments/Detection_of_calls/Datasets/All_call_classes/Split_data_controlled/OpenSoundScape/Call_audios/padded_3s/SL02_Trial_3_trim_43.91313336_43.97779681_Check.WAV,0.0,3.0,False,False,False,True,False,False,False,False,False,False,False
/home/Shelby/blackbird_calls/Experiments/Detection_of_calls/Datasets/All_call_classes/Split_data_controlled/OpenSoundScape/Call_audios/padded_3s/SL54_Trial_1_trim_2.805920776_2.953135926_Check.WAV,0.0,3.0,False,False,False,True,False,False,False,False,False,False,False
/home/Shelby/blackbird_calls/Experiments/Detection_of_calls/Datasets/All_call_classes/Split_data_controlled/OpenSoundScape/Call_audios/padded_3s/SL28_Trial_3_trim_58.67861883_58.99925553_Chits.WAV,0.0,3.0,False,False,False,False,False,True,False,False,False,False,False
/home/Shelby/blackbird_calls/Experiments/Detection_of_calls/Datasets/All_call_classes/Split_data_controlled/OpenSoundScape/Call_audios/padded_3s/SL38_Trial_3_trim_38.37859374_39.08650529_Cheer.WAV,0.0,3.0,False,False,False,False,True,False,False,False,False,False,False
/home/Shelby/blackbird_calls/Experiments/Detection_of_calls/Datasets/All_call_classes/Split_data_controlled/OpenSoundScape/Call_audios/padded_3s/SL36_Trial_1_trim_0.081199036_0.674576606_Cheer.WAV,0.0,3.0,False,False,False,False,True,False,False,False,False,False,False
/home/Shelby/blackbird_calls/Experiments/Detection_of_calls/Datasets/All_call_classes/Split_data_controlled/OpenSoundScape/Call_audios/padded_3s/SL52_Trial_1_trim_16.54991649_16.6581811_Check.WAV,0.0,3.0,False,False,False,True,False,False,False,False,False,False,False
/home/Shelby/blackbird_calls/Experiments/Detection_of_calls/Datasets/All_call_classes/Split_data_controlled/OpenSoundScape/Call_audios/padded_3s/SL02_Trial_3_trim_50.92939023_51.00842335_I.WAV,0.0,3.0,False,False,False,False,False,False,True,False,False,False,False
/home/Shelby/blackbird_calls/Experiments/Detection_of_calls/Datasets/All_call_classes/Split_data_controlled/OpenSoundScape/Call_audios/padded_3s/SL50_Trial_1_trim_47.55452188_47.98134708_Cheer.WAV,0.0,3.0,False,False,False,False,True,False,False,False,False,False,False
/home/Shelby/blackbird_calls/Experiments/Detection_of_calls/Datasets/All_call_classes/Split_data_controlled/OpenSoundScape/Call_audios/padded_3s/SL51_Trial_2_trim_5.651953089_5.716495455_Check.WAV,0.0,3.0,False,False,False,True,False,False,False,False,False,False,False
/home/Shelby/blackbird_calls/Experiments/Detection_of_calls/Datasets/All_call_classes/Split_data_controlled/OpenSoundScape/Call_audios/padded_3s/AZ08_Trial_1_trim_6.845541171_6.953924879_C.WAV,0.0,3.0,False,False,True,False,False,False,False,False,False,False,False
/home/Shelby/blackbird_calls/Experiments/Detection_of_calls/Datasets/All_call_classes/Split_data_controlled/OpenSoundScape/Call_audios/padded_3s/SL21_Trial_3_trim_48.05063234_48.2215961_Check.WAV,0.0,3.0,False,False,False,True,False,False,False,False,False,False,False
/home/Shelby/blackbird_calls/Experiments/Detection_of_calls/Datasets/All_call_classes/Split_data_controlled/OpenSoundScape/Call_audios/padded_3s/SL50_Trial_1_trim_6.10117275_6.313544311_M.WAV,0.0,3.0,True,False,False,False,False,False,False,False,False,False,False
/home/Shelby/blackbird_calls/Experiments/Detection_of_calls/Datasets/All_call_classes/Split_data_controlled/OpenSoundScape/Call_audios/padded_3s/SL38_Trial_3_trim_43.67853915_44.46557022_Cheer.WAV,0.0,3.0,False,False,False,False,True,False,False,False,False,False,False
/home/Shelby/blackbird_calls/Experiments/Detection_of_calls/Datasets/All_call_classes/Split_data_controlled/OpenSoundScape/Call_audios/padded_3s/SL07_Trial_3_trim_53.76047181_53.98559385_D.WAV,0.0,3.0,False,False,False,False,False,False,True,False,False,False,False
/home/Shelby/blackbird_calls/Experiments/Detection_of_calls/Datasets/All_call_classes/Split_data_controlled/OpenSoundScape/Call_audios/padded_3s/SL13_Trial_2_trim_53.23012202_53.34897669_Check.WAV,0.0,3.0,False,False,False,True,False,False,False,False,False,False,False
/home/Shelby/blackbird_calls/Experiments/Detection_of_calls/Datasets/All_call_classes/Split_data_controlled/OpenSoundScape/Call_audios/padded_3s/AZ13_Trial_1_trim_22.45460105_22.55281123_Check.WAV,0.0,3.0,False,False,False,True,False,False,False,False,False,False,False
/home/Shelby/blackbird_calls/Experiments/Detection_of_calls/Datasets/All_call_classes/Split_data_controlled/OpenSoundScape/Call_audios/padded_3s/AZ02_Trial_3_trim_24.30983151_24.89422534_Cheer.WAV,0.0,3.0,False,False,False,False,True,False,False,False,False,False,False
/home/Shelby/blackbird_calls/Experiments/Detection_of_calls/Datasets/All_call_classes/Split_data_controlled/OpenSoundScape/Call_audios/padded_3s/SL51_Trial_3_trim_59.6265066_59.71778329_Check.WAV,0.0,3.0,False,False,False,True,False,False,False,False,False,False,False
/home/Shelby/blackbird_calls/Experiments/Detection_of_calls/Datasets/All_call_classes/Split_data_controlled/OpenSoundScape/Call_audios/padded_3s/SL17b_Trial_2_trim_27.58204804_27.73823292_Check.WAV,0.0,3.0,False,False,False,True,False,False,False,False,False,False,False
/home/Shelby/blackbird_calls/Experiments/Detection_of_calls/Datasets/All_call_classes/Split_data_controlled/OpenSoundScape/Call_audios/padded_3s/AZ15_Trial_3_trim_13.23943292_13.33762445_Check.WAV,0.0,3.0,False,False,False,True,False,False,False,False,False,False,False
/home/Shelby/blackbird_calls/Experiments/Detection_of_calls/Datasets/All_call_classes/Split_data_controlled/OpenSoundScape/Call_audios/padded_3s/SL49_Trial_2_trim_32.42913645_32.56239808_D.WAV,0.0,3.0,False,False,False,False,False,False,True,False,False,False,False
/home/Shelby/blackbird_calls/Experiments/Detection_of_calls/Datasets/All_call_classes/Split_data_controlled/OpenSoundScape/Call_audios/padded_3s/SL17b_Trial_2_trim_30.35916902_30.45346932_Check.WAV,0.0,3.0,False,False,False,True,False,False,False,False,False,False,False
/home/Shelby/blackbird_calls/Experiments/Detection_of_calls/Datasets/All_call_classes/Split_data_controlled/OpenSoundScape/Call_audios/padded_3s/AZ15_Trial_3_trim_39.26685348_39.34109585_C.WAV,0.0,3.0,False,False,True,False,False,False,False,False,False,False,False
/home/Shelby/blackbird_calls/Experiments/Detection_of_calls/Datasets/All_call_classes/Split_data_controlled/OpenSoundScape/Call_audios/padded_3s/SL22_Trial_2_trim_6.100294613_6.212723251_Check.WAV,0.0,3.0,False,False,False,True,False,False,False,False,False,False,False
/home/Shelby/blackbird_calls/Experiments/Detection_of_calls/Datasets/All_call_classes/Split_data_controlled/OpenSoundScape/Call_audios/padded_3s/SL07_Trial_1_trim_20.67813897_20.82662843_D.WAV,0.0,3.0,False,False,False,False,False,False,True,False,False,False,False
/home/Shelby/blackbird_calls/Experiments/Detection_of_calls/Datasets/All_call_classes/Split_data_controlled/OpenSoundScape/Call_audios/padded_3s/SL42_Trial_1_trim_20.24619804_20.33160634_Check.WAV,0.0,3.0,False,False,False,True,False,False,False,False,False,False,False
/home/Shelby/blackbird_calls/Experiments/Detection_of_calls/Datasets/All_call_classes/Split_data_controlled/OpenSoundScape/Call_audios/padded_3s/SL21_Trial_3_trim_44.03477779_44.2027939_Check.WAV,0.0,3.0,False,False,False,True,False,False,False,False,False,False,False
/home/Shelby/blackbird_calls/Experiments/Detection_of_calls/Datasets/All_call_classes/Split_data_controlled/OpenSoundScape/Call_audios/padded_3s/SL22_Trial_2_trim_36.9515581_37.07231478_Check.WAV,0.0,3.0,False,False,False,True,False,False,False,False,False,False,False
/home/Shelby/blackbird_calls/Experiments/Detection_of_calls/Datasets/All_call_classes/Split_data_controlled/OpenSoundScape/Call_audios/padded_3s/SL54_Trial_1_trim_30.2750243_30.3721863_Check.WAV,0.0,3.0,False,False,False,True,False,False,False,False,False,False,False
/home/Shelby/blackbird_calls/Experiments/Detection_of_calls/Datasets/All_call_classes/Split_data_controlled/OpenSoundScape/Call_audios/padded_3s/SL38_Trial_1_trim_41.48937906_41.69763749_E.WAV,0.0,3.0,False,False,False,False,False,False,False,True,False,False,False
/home/Shelby/blackbird_calls/Experiments/Detection_of_calls/Datasets/All_call_classes/Split_data_controlled/OpenSoundScape/Call_audios/padded_3s/SL22_Trial_1_trim_25.68003392_25.78306981_C.WAV,0.0,3.0,False,False,True,False,False,False,False,False,False,False,False
/home/Shelby/blackbird_calls/Experiments/Detection_of_calls/Datasets/All_call_classes/Split_data_controlled/OpenSoundScape/Call_audios/padded_3s/AZ13_Trial_1_trim_21.29609043_21.38950987_Check.WAV,0.0,3.0,False,False,False,True,False,False,False,False,False,False,False
/home/Shelby/blackbird_calls/Experiments/Detection_of_calls/Datasets/All_call_classes/Split_data_controlled/OpenSoundScape/Call_audios/padded_3s/SL10_Trial_1_trim_17.63822204_18.18431541_Cheer.WAV,0.0,3.0,False,False,False,False,True,False,False,False,False,False,False
/home/Shelby/blackbird_calls/Experiments/Detection_of_calls/Datasets/All_call_classes/Split_data_controlled/OpenSoundScape/Call_audios/padded_3s/SL07_Trial_3_trim_41.84360286_42.02561642_D.WAV,0.0,3.0,False,False,False,False,False,False,True,False,False,False,False
/home/Shelby/blackbird_calls/Experiments/Detection_of_calls/Datasets/All_call_classes/Split_data_controlled/OpenSoundScape/Call_audios/padded_3s/SL52_Trial_1_trim_33.67493432_33.795691_Check.WAV,0.0,3.0,False,False,False,True,False,False,False,False,False,False,False
/home/Shelby/blackbird_calls/Experiments/Detection_of_calls/Datasets/All_call_classes/Split_data_controlled/OpenSoundScape/Call_audios/padded_3s/SL42_Trial_1_trim_25.17355045_25.30062134_Check.WAV,0.0,3.0,False,False,False,True,False,False,False,False,False,False,False
/home/Shelby/blackbird_calls/Experiments/Detection_of_calls/Datasets/All_call_classes/Split_data_controlled/OpenSoundScape/Call_audios/padded_3s/EF04_Trial_2_trim_4.789830978_4.89520726_Check.WAV,0.0,3.0,False,False,False,True,False,False,False,False,False,False,False
/home/Shelby/blackbird_calls/Experiments/Detection_of_calls/Datasets/All_call_classes/Split_data_controlled/OpenSoundScape/Call_audios/padded_3s/SL38_Trial_1_trim_47.9484443_48.18169375_E.WAV,0.0,3.0,False,False,False,False,False,False,False,True,False,False,False
/home/Shelby/blackbird_calls/Experiments/Detection_of_calls/Datasets/All_call_classes/Split_data_controlled/OpenSoundScape/Call_audios/padded_3s/AZ13_Trial_3_trim_23.31295503_23.37282808_Check.WAV,0.0,3.0,False,False,False,True,False,False,False,False,False,False,False
/home/Shelby/blackbird_calls/Experiments/Detection_of_calls/Datasets/All_call_classes/Split_data_controlled/OpenSoundScape/Call_audios/padded_3s/AZ15_Trial_1_trim_52.61035374_52.72051985_Check.WAV,0.0,3.0,False,False,False,True,False,False,False,False,False,False,False
/home/Shelby/blackbird_calls/Experiments/Detection_of_calls/Datasets/All_call_classes/Split_data_controlled/OpenSoundScape/Call_audios/padded_3s/SL51_Trial_3_trim_12.94884373_13.02245396_Check.WAV,0.0,3.0,False,False,False,True,False,False,False,False,False,False,False
/home/Shelby/blackbird_calls/Experiments/Detection_of_calls/Datasets/All_call_classes/Split_data_controlled/OpenSoundScape/Call_audios/padded_3s/RC02_Trial_3_trim_45.46028643_45.96326135_Chits.WAV,0.0,3.0,False,False,False,False,False,True,False,False,False,False,False
/home/Shelby/blackbird_calls/Experiments/Detection_of_calls/Datasets/All_call_classes/Split_data_controlled/OpenSoundScape/Call_audios/padded_3s/SL51_Trial_3_trim_4.983822514_5.075099204_Check.WAV,0.0,3.0,False,False,False,True,False,False,False,False,False,False,False
/home/Shelby/blackbird_calls/Experiments/Detection_of_calls/Datasets/All_call_classes/Split_data_controlled/OpenSoundScape/Call_audios/padded_3s/SL09_Trial_1_trim_51.17265734_52.0369303_Chits.WAV,0.0,3.0,False,False,False,False,False,True,False,False,False,False,False
/home/Shelby/blackbird_calls/Experiments/Detection_of_calls/Datasets/All_call_classes/Split_data_controlled/OpenSoundScape/Call_audios/padded_3s/SL30_Trial_3_trim_10.91170374_11.00546481_Check.WAV,0.0,3.0,False,False,False,True,False,False,False,False,False,False,False
/home/Shelby/blackbird_calls/Experiments/Detection_of_calls/Datasets/All_call_classes/Split_data_controlled/OpenSoundScape/Call_audios/padded_3s/AZ15_Trial_3_trim_18.39744078_18.48365773_Check.WAV,0.0,3.0,False,False,False,True,False,False,False,False,False,False,False
/home/Shelby/blackbird_calls/Experiments/Detection_of_calls/Datasets/All_call_classes/Split_data_controlled/OpenSoundScape/Call_audios/padded_3s/SL50_Trial_1_trim_53.57641265_53.8137691_M.WAV,0.0,3.0,True,False,False,False,False,False,False,False,False,False,False
/home/Shelby/blackbird_calls/Experiments/Detection_of_calls/Datasets/All_call_classes/Split_data_controlled/OpenSoundScape/Call_audios/padded_3s/AZ02_Trial_3_trim_25.32556116_25.4501041_Check.WAV,0.0,3.0,False,False,False,True,False,False,False,False,False,False,False
/home/Shelby/blackbird_calls/Experiments/Detection_of_calls/Datasets/All_call_classes/Split_data_controlled/OpenSoundScape/Call_audios/padded_3s/AZ15_Trial_1_trim_41.44306146_41.51490892_Check.WAV,0.0,3.0,False,False,False,True,False,False,False,False,False,False,False
/home/Shelby/blackbird_calls/Experiments/Detection_of_calls/Datasets/All_call_classes/Split_data_controlled/OpenSoundScape/Call_audios/padded_3s/SL50_Trial_1_trim_10.48509742_10.71412557_M.WAV,0.0,3.0,True,False,False,False,False,False,False,False,False,False,False
/home/Shelby/blackbird_calls/Experiments/Detection_of_calls/Datasets/All_call_classes/Split_data_controlled/OpenSoundScape/Call_audios/padded_3s/SL50_Trial_1_trim_52.58109719_53.29316654_Cheer.WAV,0.0,3.0,False,False,False,False,True,False,False,False,False,False,False
/home/Shelby/blackbird_calls/Experiments/Detection_of_calls/Datasets/All_call_classes/Split_data_controlled/OpenSoundScape/Call_audios/padded_3s/SL02_Trial_3_trim_55.33150243_55.39377094_Check.WAV,0.0,3.0,False,False,False,True,False,False,False,False,False,False,False
/home/Shelby/blackbird_calls/Experiments/Detection_of_calls/Datasets/All_call_classes/Split_data_controlled/OpenSoundScape/Call_audios/padded_3s/SL21_Trial_1_trim_53.11239298_53.21839744_Check.WAV,0.0,3.0,False,False,False,True,False,False,False,False,False,False,False
/home/Shelby/blackbird_calls/Experiments/Detection_of_calls/Datasets/All_call_classes/Split_data_controlled/OpenSoundScape/Call_audios/padded_3s/AZ15_Trial_1_trim_4.650925557_4.765881492_Check.WAV,0.0,3.0,False,False,False,True,False,False,False,False,False,False,False
/home/Shelby/blackbird_calls/Experiments/Detection_of_calls/Datasets/All_call_classes/Split_data_controlled/OpenSoundScape/Call_audios/padded_3s/SL51_Trial_3_trim_9.67484344_9.760231311_Check.WAV,0.0,3.0,False,False,False,True,False,False,False,False,False,False,False
/home/Shelby/blackbird_calls/Experiments/Detection_of_calls/Datasets/All_call_classes/Split_data_controlled/OpenSoundScape/Call_audios/padded_3s/AZ13_Trial_1_trim_16.85208402_16.9263405_Check.WAV,0.0,3.0,False,False,False,True,False,False,False,False,False,False,False
/home/Shelby/blackbird_calls/Experiments/Detection_of_calls/Datasets/All_call_classes/Split_data_controlled/OpenSoundScape/Call_audios/padded_3s/SL36_Trial_1_trim_36.57770485_37.30433212_Cheer.WAV,0.0,3.0,False,False,False,False,True,False,False,False,False,False,False
/home/Shelby/blackbird_calls/Experiments/Detection_of_calls/Datasets/All_call_classes/Split_data_controlled/OpenSoundScape/Call_audios/padded_3s/SL54_Trial_1_trim_24.79202961_24.96574349_B.WAV,0.0,3.0,False,True,False,False,False,False,False,False,False,False,False
/home/Shelby/blackbird_calls/Experiments/Detection_of_calls/Datasets/All_call_classes/Split_data_controlled/OpenSoundScape/Call_audios/padded_3s/SL07_Trial_3_trim_33.40167119_33.5286017_D.WAV,0.0,3.0,False,False,False,False,False,False,True,False,False,False,False
/home/Shelby/blackbird_calls/Experiments/Detection_of_calls/Datasets/All_call_classes/Split_data_controlled/OpenSoundScape/Call_audios/padded_3s/SL16_Trial_2_trim_52.73291111_52.80163601_Cheer.WAV,0.0,3.0,False,False,False,False,True,False,False,False,False,False,False
/home/Shelby/blackbird_calls/Experiments/Detection_of_calls/Datasets/All_call_classes/Split_data_controlled/OpenSoundScape/Call_audios/padded_3s/SL30_Trial_2_trim_1.381560236_1.447839778_E.WAV,0.0,3.0,False,False,False,False,False,False,False,True,False,False,False
/home/Shelby/blackbird_calls/Experiments/Detection_of_calls/Datasets/All_call_classes/Split_data_controlled/OpenSoundScape/Call_audios/padded_3s/SL09_Trial_3_trim_73.63619458_74.17816746_Cheer.WAV,0.0,3.0,False,False,False,False,True,False,False,False,False,False,False
/home/Shelby/blackbird_calls/Experiments/Detection_of_calls/Datasets/All_call_classes/Split_data_controlled/OpenSoundScape/Call_audios/padded_3s/SL51_Trial_3_trim_49.91119834_49.99953062_Check.WAV,0.0,3.0,False,False,False,True,False,False,False,False,False,False,False
/home/Shelby/blackbird_calls/Experiments/Detection_of_calls/Datasets/All_call_classes/Split_data_controlled/OpenSoundScape/Call_audios/padded_3s/SL50_Trial_1_trim_19.71169591_20.33631815_Cheer.WAV,0.0,3.0,False,False,False,False,True,False,False,False,False,False,False
/home/Shelby/blackbird_calls/Experiments/Detection_of_calls/Datasets/All_call_classes/Split_data_controlled/OpenSoundScape/Call_audios/padded_3s/SL07_Trial_1_trim_41.59237537_41.70254497_D.WAV,0.0,3.0,False,False,False,False,False,False,True,False,False,False,False
/home/Shelby/blackbird_calls/Experiments/Detection_of_calls/Datasets/All_call_classes/Split_data_controlled/OpenSoundScape/Call_audios/padded_3s/AZ02_Trial_2_trim_6.879607474_7.343667662_Cheer.WAV,0.0,3.0,False,False,False,False,True,False,False,False,False,False,False
/home/Shelby/blackbird_calls/Experiments/Detection_of_calls/Datasets/All_call_classes/Split_data_controlled/OpenSoundScape/Call_audios/padded_3s/SL21_Trial_2_trim_49.01916014_49.29020426_Check.WAV,0.0,3.0,False,False,False,True,False,False,False,False,False,False,False
/home/Shelby/blackbird_calls/Experiments/Detection_of_calls/Datasets/All_call_classes/Split_data_controlled/OpenSoundScape/Call_audios/padded_3s/SL54_Trial_2_trim_44.47199886_45.24643197_Cheer.WAV,0.0,3.0,False,False,False,False,True,False,False,False,False,False,False
/home/Shelby/blackbird_calls/Experiments/Detection_of_calls/Datasets/All_call_classes/Split_data_controlled/OpenSoundScape/Call_audios/padded_3s/SL51_Trial_2_trim_4.869116647_4.935741025_Check.WAV,0.0,3.0,False,False,False,True,False,False,False,False,False,False,False
/home/Shelby/blackbird_calls/Experiments/Detection_of_calls/Datasets/All_call_classes/Split_data_controlled/OpenSoundScape/Call_audios/padded_3s/SL21_Trial_2_trim_52.57540097_52.804746_Check.WAV,0.0,3.0,False,False,False,True,False,False,False,False,False,False,False
/home/Shelby/blackbird_calls/Experiments/Detection_of_calls/Datasets/All_call_classes/Split_data_controlled/OpenSoundScape/Call_audios/padded_3s/SL17b_Trial_2_trim_12.07344659_12.25025966_Check.WAV,0.0,3.0,False,False,False,True,False,False,False,False,False,False,False
/home/Shelby/blackbird_calls/Experiments/Detection_of_calls/Datasets/All_call_classes/Split_data_controlled/OpenSoundScape/Call_audios/padded_3s/SL09_Trial_1_trim_4.404781391_4.919955865_Cheer.WAV,0.0,3.0,False,False,False,False,True,False,False,False,False,False,False
/home/Shelby/blackbird_calls/Experiments/Detection_of_calls/Datasets/All_call_classes/Split_data_controlled/OpenSoundScape/Call_audios/padded_3s/AZ15_Trial_1_trim_38.72261724_38.842363_D.WAV,0.0,3.0,False,False,False,False,False,False,True,False,False,False,False
/home/Shelby/blackbird_calls/Experiments/Detection_of_calls/Datasets/All_call_classes/Split_data_controlled/OpenSoundScape/Call_audios/padded_3s/AZ13_Trial_2_trim_52.8028942_52.88911149_Check.WAV,0.0,3.0,False,False,False,True,False,False,False,False,False,False,False
/home/Shelby/blackbird_calls/Experiments/Detection_of_calls/Datasets/All_call_classes/Split_data_controlled/OpenSoundScape/Call_audios/padded_3s/EF01_Trial_2_trim_39.87564507_40.10883288_Chits.WAV,0.0,3.0,False,False,False,False,False,True,False,False,False,False,False
/home/Shelby/blackbird_calls/Experiments/Detection_of_calls/Datasets/All_call_classes/Split_data_controlled/OpenSoundScape/Call_audios/padded_3s/AZ15_Trial_1_trim_46.91345475_47.04278017_Check.WAV,0.0,3.0,False,False,False,True,False,False,False,False,False,False,False
/home/Shelby/blackbird_calls/Experiments/Detection_of_calls/Datasets/All_call_classes/Split_data_controlled/OpenSoundScape/Call_audios/padded_3s/SL07_Trial_1_trim_19.2188485_19.87986611_Cheer.WAV,0.0,3.0,False,False,False,False,True,False,False,False,False,False,False
/home/Shelby/blackbird_calls/Experiments/Detection_of_calls/Datasets/All_call_classes/Split_data_controlled/OpenSoundScape/Call_audios/padded_3s/SL50_Trial_3_trim_30.36726802_30.49097474_Check.WAV,0.0,3.0,False,False,False,True,False,False,False,False,False,False,False
/home/Shelby/blackbird_calls/Experiments/Detection_of_calls/Datasets/All_call_classes/Split_data_controlled/OpenSoundScape/Call_audios/padded_3s/SL07_Trial_3_trim_1.74589327_1.832110222_D.WAV,0.0,3.0,False,False,False,False,False,False,True,False,False,False,False
/home/Shelby/blackbird_calls/Experiments/Detection_of_calls/Datasets/All_call_classes/Split_data_controlled/OpenSoundScape/Call_audios/padded_3s/AZ15_Trial_1_trim_29.86988564_30.05668903_M.WAV,0.0,3.0,True,False,False,False,False,False,False,False,False,False,False
/home/Shelby/blackbird_calls/Experiments/Detection_of_calls/Datasets/All_call_classes/Split_data_controlled/OpenSoundScape/Call_audios/padded_3s/SL52_Trial_1_trim_42.73932362_42.83509616_Check.WAV,0.0,3.0,False,False,False,True,False,False,False,False,False,False,False
/home/Shelby/blackbird_calls/Experiments/Detection_of_calls/Datasets/All_call_classes/Split_data_controlled/OpenSoundScape/Call_audios/padded_3s/SL36_Trial_3_trim_37.67338285_37.80039737_Check.WAV,0.0,3.0,False,False,False,True,False,False,False,False,False,False,False
/home/Shelby/blackbird_calls/Experiments/Detection_of_calls/Datasets/All_call_classes/Split_data_controlled/OpenSoundScape/Call_audios/padded_3s/AZ02_Trial_3_trim_55.59429972_55.77632403_Check.WAV,0.0,3.0,False,False,False,True,False,False,False,False,False,False,False
/home/Shelby/blackbird_calls/Experiments/Detection_of_calls/Datasets/All_call_classes/Split_data_controlled/OpenSoundScape/Call_audios/padded_3s/SL11_Trial_1_trim_0.067059999_0.531689995_Cheer.WAV,0.0,3.0,False,False,False,False,True,False,False,False,False,False,False
/home/Shelby/blackbird_calls/Experiments/Detection_of_calls/Datasets/All_call_classes/Split_data_controlled/OpenSoundScape/Call_audios/padded_3s/SL52_Trial_1_trim_32.24158521_32.35401385_Check.WAV,0.0,3.0,False,False,False,True,False,False,False,False,False,False,False
/home/Shelby/blackbird_calls/Experiments/Detection_of_calls/Datasets/All_call_classes/Split_data_controlled/OpenSoundScape/Call_audios/padded_3s/AZ15_Trial_1_trim_29.06519409_29.22804833_M.WAV,0.0,3.0,True,False,False,False,False,False,False,False,False,False,False
/home/Shelby/blackbird_calls/Experiments/Detection_of_calls/Datasets/All_call_classes/Split_data_controlled/OpenSoundScape/Call_audios/padded_3s/AZ15_Trial_1_trim_5.211335742_5.350240831_Check.WAV,0.0,3.0,False,False,False,True,False,False,False,False,False,False,False
/home/Shelby/blackbird_calls/Experiments/Detection_of_calls/Datasets/All_call_classes/Split_data_controlled/OpenSoundScape/Call_audios/padded_3s/SL21_Trial_3_trim_53.31568703_53.41885482_Check.WAV,0.0,3.0,False,False,False,True,False,False,False,False,False,False,False
/home/Shelby/blackbird_calls/Experiments/Detection_of_calls/Datasets/All_call_classes/Split_data_controlled/OpenSoundScape/Call_audios/padded_3s/SL54_Trial_1_trim_47.23394176_47.4179607_B.WAV,0.0,3.0,False,True,False,False,False,False,False,False,False,False,False
/home/Shelby/blackbird_calls/Experiments/Detection_of_calls/Datasets/All_call_classes/Split_data_controlled/OpenSoundScape/Call_audios/padded_3s/SL09_Trial_2_trim_71.18531595_72.09345114_Chits.WAV,0.0,3.0,False,False,False,False,False,True,False,False,False,False,False
/home/Shelby/blackbird_calls/Experiments/Detection_of_calls/Datasets/All_call_classes/Split_data_controlled/OpenSoundScape/Call_audios/padded_3s/RC02_Trial_1_trim_31.20944845_31.27171624_Check.WAV,0.0,3.0,False,False,False,True,False,False,False,False,False,False,False
/home/Shelby/blackbird_calls/Experiments/Detection_of_calls/Datasets/All_call_classes/Split_data_controlled/OpenSoundScape/Call_audios/padded_3s/SL02_Trial_1_trim_45.13207483_45.1967424_Check.WAV,0.0,3.0,False,False,False,True,False,False,False,False,False,False,False
/home/Shelby/blackbird_calls/Experiments/Detection_of_calls/Datasets/All_call_classes/Split_data_controlled/OpenSoundScape/Call_audios/padded_3s/AZ15_Trial_1_trim_19.99369924_20.07512636_Check.WAV,0.0,3.0,False,False,False,True,False,False,False,False,False,False,False
/home/Shelby/blackbird_calls/Experiments/Detection_of_calls/Datasets/All_call_classes/Split_data_controlled/OpenSoundScape/Call_audios/padded_3s/SL21_Trial_1_trim_16.46311247_17.27581335_Cheer.WAV,0.0,3.0,False,False,False,False,True,False,False,False,False,False,False
/home/Shelby/blackbird_calls/Experiments/Detection_of_calls/Datasets/All_call_classes/Split_data_controlled/OpenSoundScape/Call_audios/padded_3s/SL42_Trial_1_trim_40.28523912_40.3623149_Check.WAV,0.0,3.0,False,False,False,True,False,False,False,False,False,False,False
/home/Shelby/blackbird_calls/Experiments/Detection_of_calls/Datasets/All_call_classes/Split_data_controlled/OpenSoundScape/Call_audios/padded_3s/SL30_Trial_3_trim_11.88056809_12.0201679_Check.WAV,0.0,3.0,False,False,False,True,False,False,False,False,False,False,False
/home/Shelby/blackbird_calls/Experiments/Detection_of_calls/Datasets/All_call_classes/Split_data_controlled/OpenSoundScape/Call_audios/padded_3s/SL11_Trial_3_trim_18.74833858_18.87365797_E.WAV,0.0,3.0,False,False,False,False,False,False,False,True,False,False,False
/home/Shelby/blackbird_calls/Experiments/Detection_of_calls/Datasets/All_call_classes/Split_data_controlled/OpenSoundScape/Call_audios/padded_3s/SL07_Trial_3_trim_44.49392678_44.65678102_D.WAV,0.0,3.0,False,False,False,False,False,False,True,False,False,False,False
/home/Shelby/blackbird_calls/Experiments/Detection_of_calls/Datasets/All_call_classes/Split_data_controlled/OpenSoundScape/Call_audios/padded_3s/SL38_Trial_1_trim_21.29973988_21.48508989_E.WAV,0.0,3.0,False,False,False,False,False,False,False,True,False,False,False
/home/Shelby/blackbird_calls/Experiments/Detection_of_calls/Datasets/All_call_classes/Split_data_controlled/OpenSoundScape/Call_audios/padded_3s/SL22_Trial_1_trim_36.56098758_36.68168677_Check.WAV,0.0,3.0,False,False,False,True,False,False,False,False,False,False,False
/home/Shelby/blackbird_calls/Experiments/Detection_of_calls/Datasets/All_call_classes/Split_data_controlled/OpenSoundScape/Call_audios/padded_3s/SL17a_Trial_2_trim_20.55230089_20.6293372_E.WAV,0.0,3.0,False,False,False,False,False,False,False,True,False,False,False
/home/Shelby/blackbird_calls/Experiments/Detection_of_calls/Datasets/All_call_classes/Split_data_controlled/OpenSoundScape/Call_audios/padded_3s/AZ13_Trial_1_trim_15.61846829_15.68793403_Check.WAV,0.0,3.0,False,False,False,True,False,False,False,False,False,False,False
/home/Shelby/blackbird_calls/Experiments/Detection_of_calls/Datasets/All_call_classes/Split_data_controlled/OpenSoundScape/Call_audios/padded_3s/SL51_Trial_3_trim_49.03670876_49.14565191_Check.WAV,0.0,3.0,False,False,False,True,False,False,False,False,False,False,False
/home/Shelby/blackbird_calls/Experiments/Detection_of_calls/Datasets/All_call_classes/Split_data_controlled/OpenSoundScape/Call_audios/padded_3s/SL17a_Trial_1_trim_49.50548018_49.6114802_Check.WAV,0.0,3.0,False,False,False,True,False,False,False,False,False,False,False
/home/Shelby/blackbird_calls/Experiments/Detection_of_calls/Datasets/All_call_classes/Split_data_controlled/OpenSoundScape/Call_audios/padded_3s/SL52_Trial_1_trim_16.23761471_16.32922323_Check.WAV,0.0,3.0,False,False,False,True,False,False,False,False,False,False,False
/home/Shelby/blackbird_calls/Experiments/Detection_of_calls/Datasets/All_call_classes/Split_data_controlled/OpenSoundScape/Call_audios/padded_3s/SL07_Trial_1_trim_14.02932728_14.6041252_Cheer.WAV,0.0,3.0,False,False,False,False,True,False,False,False,False,False,False
/home/Shelby/blackbird_calls/Experiments/Detection_of_calls/Datasets/All_call_classes/Split_data_controlled/OpenSoundScape/Call_audios/padded_3s/SL50_Trial_3_trim_51.00360698_51.08018733_Check.WAV,0.0,3.0,False,False,False,True,False,False,False,False,False,False,False
/home/Shelby/blackbird_calls/Experiments/Detection_of_calls/Datasets/All_call_classes/Split_data_controlled/OpenSoundScape/Call_audios/padded_3s/SL38_Trial_1_trim_25.32790199_25.59447279_E.WAV,0.0,3.0,False,False,False,False,False,False,False,True,False,False,False
/home/Shelby/blackbird_calls/Experiments/Detection_of_calls/Datasets/All_call_classes/Split_data_controlled/OpenSoundScape/Call_audios/padded_3s/SL07_Trial_3_trim_50.29348628_50.4060473_D.WAV,0.0,3.0,False,False,False,False,False,False,True,False,False,False,False
/home/Shelby/blackbird_calls/Experiments/Detection_of_calls/Datasets/All_call_classes/Split_data_controlled/OpenSoundScape/Call_audios/padded_3s/AZ13_Trial_2_trim_47.5624899_47.6391275_Check.WAV,0.0,3.0,False,False,False,True,False,False,False,False,False,False,False
/home/Shelby/blackbird_calls/Experiments/Detection_of_calls/Datasets/All_call_classes/Split_data_controlled/OpenSoundScape/Call_audios/padded_3s/AZ15_Trial_1_trim_21.398509_21.46556663_Check.WAV,0.0,3.0,False,False,False,True,False,False,False,False,False,False,False
/home/Shelby/blackbird_calls/Experiments/Detection_of_calls/Datasets/All_call_classes/Split_data_controlled/OpenSoundScape/Call_audios/padded_3s/SL42_Trial_1_trim_34.00216485_34.08757315_Check.WAV,0.0,3.0,False,False,False,True,False,False,False,False,False,False,False
/home/Shelby/blackbird_calls/Experiments/Detection_of_calls/Datasets/All_call_classes/Split_data_controlled/OpenSoundScape/Call_audios/padded_3s/EF04_Trial_2_trim_11.82582673_11.91204369_Check.WAV,0.0,3.0,False,False,False,True,False,False,False,False,False,False,False
/home/Shelby/blackbird_calls/Experiments/Detection_of_calls/Datasets/All_call_classes/Split_data_controlled/OpenSoundScape/Call_audios/padded_3s/AZ15_Trial_3_trim_11.32350066_11.40971761_Check.WAV,0.0,3.0,False,False,False,True,False,False,False,False,False,False,False
/home/Shelby/blackbird_calls/Experiments/Detection_of_calls/Datasets/All_call_classes/Split_data_controlled/OpenSoundScape/Call_audios/padded_3s/AZ13_Trial_3_trim_18.86488726_18.92715522_Check.WAV,0.0,3.0,False,False,False,True,False,False,False,False,False,False,False
/home/Shelby/blackbird_calls/Experiments/Detection_of_calls/Datasets/All_call_classes/Split_data_controlled/OpenSoundScape/Call_audios/padded_3s/SL11_Trial_3_trim_8.568038025_8.730614536_E.WAV,0.0,3.0,False,False,False,False,False,False,False,True,False,False,False
/home/Shelby/blackbird_calls/Experiments/Detection_of_calls/Datasets/All_call_classes/Split_data_controlled/OpenSoundScape/Call_audios/padded_3s/SL07_Trial_3_trim_18.38000741_18.53807182_D.WAV,0.0,3.0,False,False,False,False,False,False,True,False,False,False,False
/home/Shelby/blackbird_calls/Experiments/Detection_of_calls/Datasets/All_call_classes/Split_data_controlled/OpenSoundScape/Call_audios/padded_3s/SL43_Trial_2_trim_61.40879655_62.27075363_Cheer.WAV,0.0,3.0,False,False,False,False,True,False,False,False,False,False,False
/home/Shelby/blackbird_calls/Experiments/Detection_of_calls/Datasets/All_call_classes/Split_data_controlled/OpenSoundScape/Call_audios/padded_3s/SL50_Trial_3_trim_35.3969441_35.47646985_Check.WAV,0.0,3.0,False,False,False,True,False,False,False,False,False,False,False
/home/Shelby/blackbird_calls/Experiments/Detection_of_calls/Datasets/All_call_classes/Split_data_controlled/OpenSoundScape/Call_audios/padded_3s/SL11_Trial_2_trim_30.44528005_31.00529183_G.WAV,0.0,3.0,False,False,False,False,False,False,False,False,True,False,False
/home/Shelby/blackbird_calls/Experiments/Detection_of_calls/Datasets/All_call_classes/Split_data_controlled/OpenSoundScape/Call_audios/padded_3s/SL17a_Trial_3_trim_15.58908476_15.807696_J.WAV,0.0,3.0,False,False,False,False,False,False,False,False,False,True,False
/home/Shelby/blackbird_calls/Experiments/Detection_of_calls/Datasets/All_call_classes/Split_data_controlled/OpenSoundScape/Call_audios/padded_3s/SL30_Trial_3_trim_31.33334931_31.42919395_Check.WAV,0.0,3.0,False,False,False,True,False,False,False,False,False,False,False
/home/Shelby/blackbird_calls/Experiments/Detection_of_calls/Datasets/All_call_classes/Split_data_controlled/OpenSoundScape/Call_audios/padded_3s/AZ15_Trial_3_trim_19.1297196_19.21354164_C.WAV,0.0,3.0,False,False,True,False,False,False,False,False,False,False,False
/home/Shelby/blackbird_calls/Experiments/Detection_of_calls/Datasets/All_call_classes/Split_data_controlled/OpenSoundScape/Call_audios/padded_3s/SL22_Trial_2_trim_36.48935147_36.61427218_Check.WAV,0.0,3.0,False,False,False,True,False,False,False,False,False,False,False
/home/Shelby/blackbird_calls/Experiments/Detection_of_calls/Datasets/All_call_classes/Split_data_controlled/OpenSoundScape/Call_audios/padded_3s/SL07_Trial_3_trim_51.08725798_51.22137324_Check.WAV,0.0,3.0,False,False,False,True,False,False,False,False,False,False,False
/home/Shelby/blackbird_calls/Experiments/Detection_of_calls/Datasets/All_call_classes/Split_data_controlled/OpenSoundScape/Call_audios/padded_3s/SL51_Trial_2_trim_18.0698678_18.61119087_Cheer.WAV,0.0,3.0,False,False,False,False,True,False,False,False,False,False,False
/home/Shelby/blackbird_calls/Experiments/Detection_of_calls/Datasets/All_call_classes/Split_data_controlled/OpenSoundScape/Call_audios/padded_3s/AZ15_Trial_1_trim_17.87180426_17.94844155_Check.WAV,0.0,3.0,False,False,False,True,False,False,False,False,False,False,False
/home/Shelby/blackbird_calls/Experiments/Detection_of_calls/Datasets/All_call_classes/Split_data_controlled/OpenSoundScape/Call_audios/padded_3s/SL50_Trial_3_trim_30.98580163_31.11539915_Check.WAV,0.0,3.0,False,False,False,True,False,False,False,False,False,False,False
/home/Shelby/blackbird_calls/Experiments/Detection_of_calls/Datasets/All_call_classes/Split_data_controlled/OpenSoundScape/Call_audios/padded_3s/AZ15_Trial_3_trim_5.450917393_5.545751202_C.WAV,0.0,3.0,False,False,True,False,False,False,False,False,False,False,False
/home/Shelby/blackbird_calls/Experiments/Detection_of_calls/Datasets/All_call_classes/Split_data_controlled/OpenSoundScape/Call_audios/padded_3s/SL38_Trial_3_trim_46.72813738_46.82807784_Check.WAV,0.0,3.0,False,False,False,True,False,False,False,False,False,False,False
/home/Shelby/blackbird_calls/Experiments/Detection_of_calls/Datasets/All_call_classes/Split_data_controlled/OpenSoundScape/Call_audios/padded_3s/SL02_Trial_2_trim_8.149778276_8.20966483_Check.WAV,0.0,3.0,False,False,False,True,False,False,False,False,False,False,False
/home/Shelby/blackbird_calls/Experiments/Detection_of_calls/Datasets/All_call_classes/Split_data_controlled/OpenSoundScape/Call_audios/padded_3s/SL02_Trial_2_trim_51.52771063_51.58520172_Check.WAV,0.0,3.0,False,False,False,True,False,False,False,False,False,False,False
/home/Shelby/blackbird_calls/Experiments/Detection_of_calls/Datasets/All_call_classes/Split_data_controlled/OpenSoundScape/Call_audios/padded_3s/RC02_Trial_1_trim_31.87283999_31.93271287_Check.WAV,0.0,3.0,False,False,False,True,False,False,False,False,False,False,False
/home/Shelby/blackbird_calls/Experiments/Detection_of_calls/Datasets/All_call_classes/Split_data_controlled/OpenSoundScape/Call_audios/padded_3s/AZ13_Trial_2_trim_45.86783644_45.94686896_Check.WAV,0.0,3.0,False,False,False,True,False,False,False,False,False,False,False
/home/Shelby/blackbird_calls/Experiments/Detection_of_calls/Datasets/All_call_classes/Split_data_controlled/OpenSoundScape/Call_audios/padded_3s/SL43_Trial_2_trim_56.64767275_56.78092215_Check.WAV,0.0,3.0,False,False,False,True,False,False,False,False,False,False,False
/home/Shelby/blackbird_calls/Experiments/Detection_of_calls/Datasets/All_call_classes/Split_data_controlled/OpenSoundScape/Call_audios/padded_3s/SL50_Trial_3_trim_11.12042682_11.75663283_Cheer.WAV,0.0,3.0,False,False,False,False,True,False,False,False,False,False,False
/home/Shelby/blackbird_calls/Experiments/Detection_of_calls/Datasets/All_call_classes/Split_data_controlled/OpenSoundScape/Call_audios/padded_3s/RC02_Trial_1_trim_49.34422459_49.42086188_Check.WAV,0.0,3.0,False,False,False,True,False,False,False,False,False,False,False
/home/Shelby/blackbird_calls/Experiments/Detection_of_calls/Datasets/All_call_classes/Split_data_controlled/OpenSoundScape/Call_audios/padded_3s/SL21_Trial_3_trim_12.1233243_12.25891625_Check.WAV,0.0,3.0,False,False,False,True,False,False,False,False,False,False,False
/home/Shelby/blackbird_calls/Experiments/Detection_of_calls/Datasets/All_call_classes/Split_data_controlled/OpenSoundScape/Call_audios/padded_3s/SL43_Trial_2_trim_27.05310714_27.22799698_Check.WAV,0.0,3.0,False,False,False,True,False,False,False,False,False,False,False
/home/Shelby/blackbird_calls/Experiments/Detection_of_calls/Datasets/All_call_classes/Split_data_controlled/OpenSoundScape/Call_audios/padded_3s/RC02_Trial_1_trim_9.725601762_11.15776113_Chits.WAV,0.0,3.0,False,False,False,False,False,True,False,False,False,False,False
/home/Shelby/blackbird_calls/Experiments/Detection_of_calls/Datasets/All_call_classes/Split_data_controlled/OpenSoundScape/Call_audios/padded_3s/SL51_Trial_3_trim_7.987696886_8.05836271_Check.WAV,0.0,3.0,False,False,False,True,False,False,False,False,False,False,False
/home/Shelby/blackbird_calls/Experiments/Detection_of_calls/Datasets/All_call_classes/Split_data_controlled/OpenSoundScape/Call_audios/padded_3s/SL30_Trial_3_trim_55.62827978_55.69912147_Check.WAV,0.0,3.0,False,False,False,True,False,False,False,False,False,False,False
/home/Shelby/blackbird_calls/Experiments/Detection_of_calls/Datasets/All_call_classes/Split_data_controlled/OpenSoundScape/Call_audios/padded_3s/SL21_Trial_1_trim_17.69069359_18.02931895_D.WAV,0.0,3.0,False,False,False,False,False,False,True,False,False,False,False
/home/Shelby/blackbird_calls/Experiments/Detection_of_calls/Datasets/All_call_classes/Split_data_controlled/OpenSoundScape/Call_audios/padded_3s/SL21_Trial_1_trim_39.93201843_40.2706438_D.WAV,0.0,3.0,False,False,False,False,False,False,True,False,False,False,False
/home/Shelby/blackbird_calls/Experiments/Detection_of_calls/Datasets/All_call_classes/Split_data_controlled/OpenSoundScape/Call_audios/padded_3s/SL17a_Trial_2_trim_31.1243919_31.17644345_E.WAV,0.0,3.0,False,False,False,False,False,False,False,True,False,False,False
/home/Shelby/blackbird_calls/Experiments/Detection_of_calls/Datasets/All_call_classes/Split_data_controlled/OpenSoundScape/Call_audios/padded_3s/SL17a_Trial_2_trim_56.88933585_56.96012596_E.WAV,0.0,3.0,False,False,False,False,False,False,False,True,False,False,False
/home/Shelby/blackbird_calls/Experiments/Detection_of_calls/Datasets/All_call_classes/Split_data_controlled/OpenSoundScape/Call_audios/padded_3s/AZ15_Trial_1_trim_59.82728781_59.9518234_M.WAV,0.0,3.0,True,False,False,False,False,False,False,False,False,False,False
/home/Shelby/blackbird_calls/Experiments/Detection_of_calls/Datasets/All_call_classes/Split_data_controlled/OpenSoundScape/Call_audios/padded_3s/SL11_Trial_2_trim_16.95213688_17.47481453_G.WAV,0.0,3.0,False,False,False,False,False,False,False,False,True,False,False
/home/Shelby/blackbird_calls/Experiments/Detection_of_calls/Datasets/All_call_classes/Split_data_controlled/OpenSoundScape/Call_audios/padded_3s/SL42_Trial_3_trim_6.054738944_6.178425245_Check.WAV,0.0,3.0,False,False,False,True,False,False,False,False,False,False,False
/home/Shelby/blackbird_calls/Experiments/Detection_of_calls/Datasets/All_call_classes/Split_data_controlled/OpenSoundScape/Call_audios/padded_3s/SL10_Trial_1_trim_40.53386066_41.28593661_Cheer.WAV,0.0,3.0,False,False,False,False,True,False,False,False,False,False,False
/home/Shelby/blackbird_calls/Experiments/Detection_of_calls/Datasets/All_call_classes/Split_data_controlled/OpenSoundScape/Call_audios/padded_3s/SL02_Trial_3_trim_32.58154411_32.65818228_Check.WAV,0.0,3.0,False,False,False,True,False,False,False,False,False,False,False
/home/Shelby/blackbird_calls/Experiments/Detection_of_calls/Datasets/All_call_classes/Split_data_controlled/OpenSoundScape/Call_audios/padded_3s/AZ15_Trial_3_trim_57.15255617_57.22440363_Check.WAV,0.0,3.0,False,False,False,True,False,False,False,False,False,False,False
/home/Shelby/blackbird_calls/Experiments/Detection_of_calls/Datasets/All_call_classes/Split_data_controlled/OpenSoundScape/Call_audios/padded_3s/RC02_Trial_3_trim_57.84153104_58.88304476_Chits.WAV,0.0,3.0,False,False,False,False,False,True,False,False,False,False,False
/home/Shelby/blackbird_calls/Experiments/Detection_of_calls/Datasets/All_call_classes/Split_data_controlled/OpenSoundScape/Call_audios/padded_3s/SL11_Trial_1_trim_52.55473337_53.10558337_G.WAV,0.0,3.0,False,False,False,False,False,False,False,False,True,False,False
/home/Shelby/blackbird_calls/Experiments/Detection_of_calls/Datasets/All_call_classes/Split_data_controlled/OpenSoundScape/Call_audios/padded_3s/SL52_Trial_1_trim_14.24998651_14.3540871_Check.WAV,0.0,3.0,False,False,False,True,False,False,False,False,False,False,False
/home/Shelby/blackbird_calls/Experiments/Detection_of_calls/Datasets/All_call_classes/Split_data_controlled/OpenSoundScape/Call_audios/padded_3s/SL22_Trial_2_trim_23.40714219_23.56121106_Check.WAV,0.0,3.0,False,False,False,True,False,False,False,False,False,False,False
/home/Shelby/blackbird_calls/Experiments/Detection_of_calls/Datasets/All_call_classes/Split_data_controlled/OpenSoundScape/Call_audios/padded_3s/SL01_Trial_3_trim_36.20752585_36.57660077_Cheer.WAV,0.0,3.0,False,False,False,False,True,False,False,False,False,False,False
/home/Shelby/blackbird_calls/Experiments/Detection_of_calls/Datasets/All_call_classes/Split_data_controlled/OpenSoundScape/Call_audios/padded_3s/SL42_Trial_3_trim_19.66317703_19.7544693_E.WAV,0.0,3.0,False,False,False,False,False,False,False,True,False,False,False
/home/Shelby/blackbird_calls/Experiments/Detection_of_calls/Datasets/All_call_classes/Split_data_controlled/OpenSoundScape/Call_audios/padded_3s/SL22_Trial_2_trim_18.5710891_18.70433786_Check.WAV,0.0,3.0,False,False,False,True,False,False,False,False,False,False,False
/home/Shelby/blackbird_calls/Experiments/Detection_of_calls/Datasets/All_call_classes/Split_data_controlled/OpenSoundScape/Call_audios/padded_3s/AZ08_Trial_3_trim_4.746209798_4.851206508_Check.WAV,0.0,3.0,False,False,False,True,False,False,False,False,False,False,False
/home/Shelby/blackbird_calls/Experiments/Detection_of_calls/Datasets/All_call_classes/Split_data_controlled/OpenSoundScape/Call_audios/padded_3s/SL42_Trial_1_trim_55.39071324_55.48653719_Check.WAV,0.0,3.0,False,False,False,True,False,False,False,False,False,False,False
/home/Shelby/blackbird_calls/Experiments/Detection_of_calls/Datasets/All_call_classes/Split_data_controlled/OpenSoundScape/Call_audios/padded_3s/AZ08_Trial_3_trim_32.24853951_32.34337525_Check.WAV,0.0,3.0,False,False,False,True,False,False,False,False,False,False,False
/home/Shelby/blackbird_calls/Experiments/Detection_of_calls/Datasets/All_call_classes/Split_data_controlled/OpenSoundScape/Call_audios/padded_3s/SL21_Trial_1_trim_29.98639077_30.2160671_D.WAV,0.0,3.0,False,False,False,False,False,False,True,False,False,False,False
/home/Shelby/blackbird_calls/Experiments/Detection_of_calls/Datasets/All_call_classes/Split_data_controlled/OpenSoundScape/Call_audios/padded_3s/AZ13_Trial_1_trim_33.57252639_33.6683412_Check.WAV,0.0,3.0,False,False,False,True,False,False,False,False,False,False,False
/home/Shelby/blackbird_calls/Experiments/Detection_of_calls/Datasets/All_call_classes/Split_data_controlled/OpenSoundScape/Call_audios/padded_3s/SL30_Trial_3_trim_58.88899803_58.99109342_Check.WAV,0.0,3.0,False,False,False,True,False,False,False,False,False,False,False
/home/Shelby/blackbird_calls/Experiments/Detection_of_calls/Datasets/All_call_classes/Split_data_controlled/OpenSoundScape/Call_audios/padded_3s/RC02_Trial_1_trim_11.8203042_11.89933641_Check.WAV,0.0,3.0,False,False,False,True,False,False,False,False,False,False,False
/home/Shelby/blackbird_calls/Experiments/Detection_of_calls/Datasets/All_call_classes/Split_data_controlled/OpenSoundScape/Call_audios/padded_3s/SL30_Trial_3_trim_6.713158958_6.84650803_Check.WAV,0.0,3.0,False,False,False,True,False,False,False,False,False,False,False
/home/Shelby/blackbird_calls/Experiments/Detection_of_calls/Datasets/All_call_classes/Split_data_controlled/OpenSoundScape/Call_audios/padded_3s/SL50_Trial_3_trim_52.92236613_53.02545506_Check.WAV,0.0,3.0,False,False,False,True,False,False,False,False,False,False,False
/home/Shelby/blackbird_calls/Experiments/Detection_of_calls/Datasets/All_call_classes/Split_data_controlled/OpenSoundScape/Call_audios/padded_3s/SL50_Trial_3_trim_18.08623214_18.1628125_Check.WAV,0.0,3.0,False,False,False,True,False,False,False,False,False,False,False
/home/Shelby/blackbird_calls/Experiments/Detection_of_calls/Datasets/All_call_classes/Split_data_controlled/OpenSoundScape/Call_audios/padded_3s/SL17b_Trial_2_trim_34.2907376_34.41450675_Check.WAV,0.0,3.0,False,False,False,True,False,False,False,False,False,False,False
/home/Shelby/blackbird_calls/Experiments/Detection_of_calls/Datasets/All_call_classes/Split_data_controlled/OpenSoundScape/Call_audios/padded_3s/AZ13_Trial_1_trim_27.64606898_27.73948843_Check.WAV,0.0,3.0,False,False,False,True,False,False,False,False,False,False,False
/home/Shelby/blackbird_calls/Experiments/Detection_of_calls/Datasets/All_call_classes/Split_data_controlled/OpenSoundScape/Call_audios/padded_3s/SL30_Trial_3_trim_45.95604085_46.03730044_Check.WAV,0.0,3.0,False,False,False,True,False,False,False,False,False,False,False
/home/Shelby/blackbird_calls/Experiments/Detection_of_calls/Datasets/All_call_classes/Split_data_controlled/OpenSoundScape/Call_audios/padded_3s/SL11_Trial_2_trim_48.34992172_48.9438736_G.WAV,0.0,3.0,False,False,False,False,False,False,False,False,True,False,False
/home/Shelby/blackbird_calls/Experiments/Detection_of_calls/Datasets/All_call_classes/Split_data_controlled/OpenSoundScape/Call_audios/padded_3s/SL56_Trial_3_trim_50.92295948_51.11140168_Check.WAV,0.0,3.0,False,False,False,True,False,False,False,False,False,False,False
/home/Shelby/blackbird_calls/Experiments/Detection_of_calls/Datasets/All_call_classes/Split_data_controlled/OpenSoundScape/Call_audios/padded_3s/AZ08_Trial_3_trim_24.8775838_24.98935449_Check.WAV,0.0,3.0,False,False,False,True,False,False,False,False,False,False,False
/home/Shelby/blackbird_calls/Experiments/Detection_of_calls/Datasets/All_call_classes/Split_data_controlled/OpenSoundScape/Call_audios/padded_3s/SL01_Trial_3_trim_57.86517684_57.929511_Check.WAV,0.0,3.0,False,False,False,True,False,False,False,False,False,False,False
/home/Shelby/blackbird_calls/Experiments/Detection_of_calls/Datasets/All_call_classes/Split_data_controlled/OpenSoundScape/Call_audios/padded_3s/SL22_Trial_1_trim_6.632840441_6.738820216_Check.WAV,0.0,3.0,False,False,False,True,False,False,False,False,False,False,False
/home/Shelby/blackbird_calls/Experiments/Detection_of_calls/Datasets/All_call_classes/Split_data_controlled/OpenSoundScape/Call_audios/padded_3s/SL52_Trial_1_trim_34.37032626_34.49941099_Check.WAV,0.0,3.0,False,False,False,True,False,False,False,False,False,False,False
/home/Shelby/blackbird_calls/Experiments/Detection_of_calls/Datasets/All_call_classes/Split_data_controlled/OpenSoundScape/Call_audios/padded_3s/AZ13_Trial_1_trim_12.33214704_12.70582481_Cheer.WAV,0.0,3.0,False,False,False,False,True,False,False,False,False,False,False
/home/Shelby/blackbird_calls/Experiments/Detection_of_calls/Datasets/All_call_classes/Split_data_controlled/OpenSoundScape/Call_audios/padded_3s/SL42_Trial_1_trim_20.2649462_20.57116621_Cheer.WAV,0.0,3.0,False,False,False,False,True,False,False,False,False,False,False
/home/Shelby/blackbird_calls/Experiments/Detection_of_calls/Datasets/All_call_classes/Split_data_controlled/OpenSoundScape/Call_audios/padded_3s/SL21_Trial_3_trim_46.34868387_46.48427581_Check.WAV,0.0,3.0,False,False,False,True,False,False,False,False,False,False,False
/home/Shelby/blackbird_calls/Experiments/Detection_of_calls/Datasets/All_call_classes/Split_data_controlled/OpenSoundScape/Call_audios/padded_3s/SL42_Trial_1_trim_13.54025078_13.64024099_Check.WAV,0.0,3.0,False,False,False,True,False,False,False,False,False,False,False
/home/Shelby/blackbird_calls/Experiments/Detection_of_calls/Datasets/All_call_classes/Split_data_controlled/OpenSoundScape/Call_audios/padded_3s/SL51_Trial_2_trim_55.62182588_56.17772304_Cheer.WAV,0.0,3.0,False,False,False,False,True,False,False,False,False,False,False
/home/Shelby/blackbird_calls/Experiments/Detection_of_calls/Datasets/All_call_classes/Split_data_controlled/OpenSoundScape/Call_audios/padded_3s/SL07_Trial_1_trim_1.149595837_1.456154727_Cheer.WAV,0.0,3.0,False,False,False,False,True,False,False,False,False,False,False
/home/Shelby/blackbird_calls/Experiments/Detection_of_calls/Datasets/All_call_classes/Split_data_controlled/OpenSoundScape/Call_audios/padded_3s/SL07_Trial_1_trim_16.25666921_16.85062706_Cheer.WAV,0.0,3.0,False,False,False,False,True,False,False,False,False,False,False
/home/Shelby/blackbird_calls/Experiments/Detection_of_calls/Datasets/All_call_classes/Split_data_controlled/OpenSoundScape/Call_audios/padded_3s/SL42_Trial_2_trim_58.53854538_58.64681532_E.WAV,0.0,3.0,False,False,False,False,False,False,False,True,False,False,False
/home/Shelby/blackbird_calls/Experiments/Detection_of_calls/Datasets/All_call_classes/Split_data_controlled/OpenSoundScape/Call_audios/padded_3s/AZ13_Trial_2_trim_44.8317873_44.89645027_Check.WAV,0.0,3.0,False,False,False,True,False,False,False,False,False,False,False
/home/Shelby/blackbird_calls/Experiments/Detection_of_calls/Datasets/All_call_classes/Split_data_controlled/OpenSoundScape/Call_audios/padded_3s/SL16_Trial_1_trim_44.98286049_45.09781969_Check.WAV,0.0,3.0,False,False,False,True,False,False,False,False,False,False,False
/home/Shelby/blackbird_calls/Experiments/Detection_of_calls/Datasets/All_call_classes/Split_data_controlled/OpenSoundScape/Call_audios/padded_3s/SL02_Trial_1_trim_55.12320656_55.21422019_Check.WAV,0.0,3.0,False,False,False,True,False,False,False,False,False,False,False
/home/Shelby/blackbird_calls/Experiments/Detection_of_calls/Datasets/All_call_classes/Split_data_controlled/OpenSoundScape/Call_audios/padded_3s/SL17a_Trial_3_trim_0.09160852_1.011857741_Chits.WAV,0.0,3.0,False,False,False,False,False,True,False,False,False,False,False
/home/Shelby/blackbird_calls/Experiments/Detection_of_calls/Datasets/All_call_classes/Split_data_controlled/OpenSoundScape/Call_audios/padded_3s/SL22_Trial_2_trim_56.49425413_56.60251875_Check.WAV,0.0,3.0,False,False,False,True,False,False,False,False,False,False,False
/home/Shelby/blackbird_calls/Experiments/Detection_of_calls/Datasets/All_call_classes/Split_data_controlled/OpenSoundScape/Call_audios/padded_3s/SL42_Trial_1_trim_3.889734108_3.968893021_Check.WAV,0.0,3.0,False,False,False,True,False,False,False,False,False,False,False
/home/Shelby/blackbird_calls/Experiments/Detection_of_calls/Datasets/All_call_classes/Split_data_controlled/OpenSoundScape/Call_audios/padded_3s/SL42_Trial_1_trim_7.834737423_7.945143276_E.WAV,0.0,3.0,False,False,False,False,False,False,False,True,False,False,False
/home/Shelby/blackbird_calls/Experiments/Detection_of_calls/Datasets/All_call_classes/Split_data_controlled/OpenSoundScape/Call_audios/padded_3s/SL42_Trial_1_trim_24.92565807_25.07147712_I.WAV,0.0,3.0,False,False,False,False,False,False,True,False,False,False,False
/home/Shelby/blackbird_calls/Experiments/Detection_of_calls/Datasets/All_call_classes/Split_data_controlled/OpenSoundScape/Call_audios/padded_3s/AZ15_Trial_1_trim_49.5529649_49.64876152_Check.WAV,0.0,3.0,False,False,False,True,False,False,False,False,False,False,False
/home/Shelby/blackbird_calls/Experiments/Detection_of_calls/Datasets/All_call_classes/Split_data_controlled/OpenSoundScape/Call_audios/padded_3s/SL42_Trial_3_trim_45.35306679_45.45613871_Check.WAV,0.0,3.0,False,False,False,True,False,False,False,False,False,False,False
/home/Shelby/blackbird_calls/Experiments/Detection_of_calls/Datasets/All_call_classes/Split_data_controlled/OpenSoundScape/Call_audios/padded_3s/SL22_Trial_2_trim_34.34071528_34.46147197_Check.WAV,0.0,3.0,False,False,False,True,False,False,False,False,False,False,False
/home/Shelby/blackbird_calls/Experiments/Detection_of_calls/Datasets/All_call_classes/Split_data_controlled/OpenSoundScape/Call_audios/padded_3s/SL51_Trial_2_trim_1.601067084_1.671855486_Check.WAV,0.0,3.0,False,False,False,True,False,False,False,False,False,False,False
/home/Shelby/blackbird_calls/Experiments/Detection_of_calls/Datasets/All_call_classes/Split_data_controlled/OpenSoundScape/Call_audios/padded_3s/EF01_Trial_3_trim_18.14340829_18.46729963_O.WAV,0.0,3.0,False,False,False,False,False,False,False,True,False,False,False
/home/Shelby/blackbird_calls/Experiments/Detection_of_calls/Datasets/All_call_classes/Split_data_controlled/OpenSoundScape/Call_audios/padded_3s/SL21_Trial_1_trim_8.996202452_9.611617252_K.WAV,0.0,3.0,False,False,False,False,False,False,False,False,False,False,True
/home/Shelby/blackbird_calls/Experiments/Detection_of_calls/Datasets/All_call_classes/Split_data_controlled/OpenSoundScape/Call_audios/padded_3s/AZ13_Trial_1_trim_18.2018373_18.27130304_Check.WAV,0.0,3.0,False,False,False,True,False,False,False,False,False,False,False
/home/Shelby/blackbird_calls/Experiments/Detection_of_calls/Datasets/All_call_classes/Split_data_controlled/OpenSoundScape/Call_audios/padded_3s/SL51_Trial_3_trim_14.42988163_14.5152695_Check.WAV,0.0,3.0,False,False,False,True,False,False,False,False,False,False,False
/home/Shelby/blackbird_calls/Experiments/Detection_of_calls/Datasets/All_call_classes/Split_data_controlled/OpenSoundScape/Call_audios/padded_3s/SL07_Trial_1_trim_36.4316827_36.56580222_D.WAV,0.0,3.0,False,False,False,False,False,False,True,False,False,False,False
/home/Shelby/blackbird_calls/Experiments/Detection_of_calls/Datasets/All_call_classes/Split_data_controlled/OpenSoundScape/Call_audios/padded_3s/AZ15_Trial_1_trim_17.27786526_17.35929238_Check.WAV,0.0,3.0,False,False,False,True,False,False,False,False,False,False,False
/home/Shelby/blackbird_calls/Experiments/Detection_of_calls/Datasets/All_call_classes/Split_data_controlled/OpenSoundScape/Call_audios/padded_3s/SL02_Trial_3_trim_46.79819204_46.87722515_Check.WAV,0.0,3.0,False,False,False,True,False,False,False,False,False,False,False
/home/Shelby/blackbird_calls/Experiments/Detection_of_calls/Datasets/All_call_classes/Split_data_controlled/OpenSoundScape/Call_audios/padded_3s/SL52_Trial_1_trim_27.91331014_28.0299028_Check.WAV,0.0,3.0,False,False,False,True,False,False,False,False,False,False,False
/home/Shelby/blackbird_calls/Experiments/Detection_of_calls/Datasets/All_call_classes/Split_data_controlled/OpenSoundScape/Call_audios/padded_3s/SL42_Trial_1_trim_27.64671515_28.20291067_Cheer.WAV,0.0,3.0,False,False,False,False,True,False,False,False,False,False,False
/home/Shelby/blackbird_calls/Experiments/Detection_of_calls/Datasets/All_call_classes/Split_data_controlled/OpenSoundScape/Call_audios/padded_3s/AZ15_Trial_1_trim_46.77173205_46.91542697_M.WAV,0.0,3.0,True,False,False,False,False,False,False,False,False,False,False
/home/Shelby/blackbird_calls/Experiments/Detection_of_calls/Datasets/All_call_classes/Split_data_controlled/OpenSoundScape/Call_audios/padded_3s/SL42_Trial_3_trim_47.64257263_47.7338649_E.WAV,0.0,3.0,False,False,False,False,False,False,False,True,False,False,False
/home/Shelby/blackbird_calls/Experiments/Detection_of_calls/Datasets/All_call_classes/Split_data_controlled/OpenSoundScape/Call_audios/padded_3s/SL10_Trial_3_trim_52.64706494_53.31768914_Cheer.WAV,0.0,3.0,False,False,False,False,True,False,False,False,False,False,False
/home/Shelby/blackbird_calls/Experiments/Detection_of_calls/Datasets/All_call_classes/Split_data_controlled/OpenSoundScape/Call_audios/padded_3s/SL17b_Trial_2_trim_1.361460633_1.473442244_Check.WAV,0.0,3.0,False,False,False,True,False,False,False,False,False,False,False
/home/Shelby/blackbird_calls/Experiments/Detection_of_calls/Datasets/All_call_classes/Split_data_controlled/OpenSoundScape/Call_audios/padded_3s/SL17a_Trial_3_trim_29.60773668_29.68134691_Check.WAV,0.0,3.0,False,False,False,True,False,False,False,False,False,False,False
/home/Shelby/blackbird_calls/Experiments/Detection_of_calls/Datasets/All_call_classes/Split_data_controlled/OpenSoundScape/Call_audios/padded_3s/SL16_Trial_2_trim_41.09709324_41.15748785_Check.WAV,0.0,3.0,False,False,False,True,False,False,False,False,False,False,False
/home/Shelby/blackbird_calls/Experiments/Detection_of_calls/Datasets/All_call_classes/Split_data_controlled/OpenSoundScape/Call_audios/padded_3s/SL43_Trial_2_trim_54.64176375_55.40794782_Cheer.WAV,0.0,3.0,False,False,False,False,True,False,False,False,False,False,False
/home/Shelby/blackbird_calls/Experiments/Detection_of_calls/Datasets/All_call_classes/Split_data_controlled/OpenSoundScape/Call_audios/padded_3s/SL38_Trial_3_trim_15.54654249_16.68544724_Cheer.WAV,0.0,3.0,False,False,False,False,True,False,False,False,False,False,False
/home/Shelby/blackbird_calls/Experiments/Detection_of_calls/Datasets/All_call_classes/Split_data_controlled/OpenSoundScape/Call_audios/padded_3s/AZ08_Trial_3_trim_28.77993707_28.88493378_Check.WAV,0.0,3.0,False,False,False,True,False,False,False,False,False,False,False
/home/Shelby/blackbird_calls/Experiments/Detection_of_calls/Datasets/All_call_classes/Split_data_controlled/OpenSoundScape/Call_audios/padded_3s/SL11_Trial_2_trim_11.51624871_12.01177428_G.WAV,0.0,3.0,False,False,False,False,False,False,False,False,True,False,False
/home/Shelby/blackbird_calls/Experiments/Detection_of_calls/Datasets/All_call_classes/Split_data_controlled/OpenSoundScape/Call_audios/padded_3s/SL21_Trial_3_trim_24.1166173_24.21388978_Check.WAV,0.0,3.0,False,False,False,True,False,False,False,False,False,False,False
/home/Shelby/blackbird_calls/Experiments/Detection_of_calls/Datasets/All_call_classes/Split_data_controlled/OpenSoundScape/Call_audios/padded_3s/SL02_Trial_2_trim_33.14273362_33.21699294_Check.WAV,0.0,3.0,False,False,False,True,False,False,False,False,False,False,False
/home/Shelby/blackbird_calls/Experiments/Detection_of_calls/Datasets/All_call_classes/Split_data_controlled/OpenSoundScape/Call_audios/padded_3s/SL17a_Trial_3_trim_4.07657913_4.530457706_Chits.WAV,0.0,3.0,False,False,False,False,False,True,False,False,False,False,False
/home/Shelby/blackbird_calls/Experiments/Detection_of_calls/Datasets/All_call_classes/Split_data_controlled/OpenSoundScape/Call_audios/padded_3s/EF01_Trial_3_trim_30.14758143_30.31247157_Check.WAV,0.0,3.0,False,False,False,True,False,False,False,False,False,False,False
/home/Shelby/blackbird_calls/Experiments/Detection_of_calls/Datasets/All_call_classes/Split_data_controlled/OpenSoundScape/Call_audios/padded_3s/SL30_Trial_2_trim_4.012210346_4.507097594_Cheer.WAV,0.0,3.0,False,False,False,False,True,False,False,False,False,False,False
/home/Shelby/blackbird_calls/Experiments/Detection_of_calls/Datasets/All_call_classes/Split_data_controlled/OpenSoundScape/Call_audios/padded_3s/SL42_Trial_2_trim_42.80276924_42.87564324_Check.WAV,0.0,3.0,False,False,False,True,False,False,False,False,False,False,False
/home/Shelby/blackbird_calls/Experiments/Detection_of_calls/Datasets/All_call_classes/Split_data_controlled/OpenSoundScape/Call_audios/padded_3s/AZ15_Trial_1_trim_57.65651298_57.74751976_Check.WAV,0.0,3.0,False,False,False,True,False,False,False,False,False,False,False
/home/Shelby/blackbird_calls/Experiments/Detection_of_calls/Datasets/All_call_classes/Split_data_controlled/OpenSoundScape/Call_audios/padded_3s/SL36_Trial_1_trim_34.59087383_34.72412353_Check.WAV,0.0,3.0,False,False,False,True,False,False,False,False,False,False,False
/home/Shelby/blackbird_calls/Experiments/Detection_of_calls/Datasets/All_call_classes/Split_data_controlled/OpenSoundScape/Call_audios/padded_3s/SL51_Trial_3_trim_45.98205178_46.0851061_Check.WAV,0.0,3.0,False,False,False,True,False,False,False,False,False,False,False
/home/Shelby/blackbird_calls/Experiments/Detection_of_calls/Datasets/All_call_classes/Split_data_controlled/OpenSoundScape/Call_audios/padded_3s/SL38_Trial_3_trim_57.66351318_57.7447148_Check.WAV,0.0,3.0,False,False,False,True,False,False,False,False,False,False,False
/home/Shelby/blackbird_calls/Experiments/Detection_of_calls/Datasets/All_call_classes/Split_data_controlled/OpenSoundScape/Call_audios/padded_3s/SL50_Trial_1_trim_4.955336427_5.188528729_M.WAV,0.0,3.0,True,False,False,False,False,False,False,False,False,False,False
/home/Shelby/blackbird_calls/Experiments/Detection_of_calls/Datasets/All_call_classes/Split_data_controlled/OpenSoundScape/Call_audios/padded_3s/SL21_Trial_3_trim_55.59242746_55.74570532_Check.WAV,0.0,3.0,False,False,False,True,False,False,False,False,False,False,False
/home/Shelby/blackbird_calls/Experiments/Detection_of_calls/Datasets/All_call_classes/Split_data_controlled/OpenSoundScape/Call_audios/padded_3s/SL22_Trial_1_trim_48.46875086_48.56589899_C.WAV,0.0,3.0,False,False,True,False,False,False,False,False,False,False,False
/home/Shelby/blackbird_calls/Experiments/Detection_of_calls/Datasets/All_call_classes/Split_data_controlled/OpenSoundScape/Call_audios/padded_3s/SL22_Trial_1_trim_49.343084_49.45495154_C.WAV,0.0,3.0,False,False,True,False,False,False,False,False,False,False,False
/home/Shelby/blackbird_calls/Experiments/Detection_of_calls/Datasets/All_call_classes/Split_data_controlled/OpenSoundScape/Call_audios/padded_3s/SL52_Trial_1_trim_42.88922847_42.98500101_Check.WAV,0.0,3.0,False,False,False,True,False,False,False,False,False,False,False
/home/Shelby/blackbird_calls/Experiments/Detection_of_calls/Datasets/All_call_classes/Split_data_controlled/OpenSoundScape/Call_audios/padded_3s/AZ13_Trial_2_trim_32.08956638_32.46077972_Chits.WAV,0.0,3.0,False,False,False,False,False,True,False,False,False,False,False
/home/Shelby/blackbird_calls/Experiments/Detection_of_calls/Datasets/All_call_classes/Split_data_controlled/OpenSoundScape/Call_audios/padded_3s/AZ13_Trial_3_trim_15.68728759_15.7543454_Check.WAV,0.0,3.0,False,False,False,True,False,False,False,False,False,False,False
/home/Shelby/blackbird_calls/Experiments/Detection_of_calls/Datasets/All_call_classes/Split_data_controlled/OpenSoundScape/Call_audios/padded_3s/SL43_Trial_2_trim_30.32466109_30.50371498_Check.WAV,0.0,3.0,False,False,False,True,False,False,False,False,False,False,False
/home/Shelby/blackbird_calls/Experiments/Detection_of_calls/Datasets/All_call_classes/Split_data_controlled/OpenSoundScape/Call_audios/padded_3s/SL16_Trial_1_trim_30.86539286_30.97077213_Check.WAV,0.0,3.0,False,False,False,True,False,False,False,False,False,False,False
/home/Shelby/blackbird_calls/Experiments/Detection_of_calls/Datasets/All_call_classes/Split_data_controlled/OpenSoundScape/Call_audios/padded_3s/SL51_Trial_3_trim_48.02677636_48.10627541_Check.WAV,0.0,3.0,False,False,False,True,False,False,False,False,False,False,False
/home/Shelby/blackbird_calls/Experiments/Detection_of_calls/Datasets/All_call_classes/Split_data_controlled/OpenSoundScape/Call_audios/padded_3s/SL42_Trial_1_trim_21.92786137_21.97785648_Check.WAV,0.0,3.0,False,False,False,True,False,False,False,False,False,False,False
/home/Shelby/blackbird_calls/Experiments/Detection_of_calls/Datasets/All_call_classes/Split_data_controlled/OpenSoundScape/Call_audios/padded_3s/SL42_Trial_2_trim_26.16216079_26.2371169_Check.WAV,0.0,3.0,False,False,False,True,False,False,False,False,False,False,False
/home/Shelby/blackbird_calls/Experiments/Detection_of_calls/Datasets/All_call_classes/Split_data_controlled/OpenSoundScape/Call_audios/padded_3s/AZ13_Trial_1_trim_16.75866458_16.80657198_Check.WAV,0.0,3.0,False,False,False,True,False,False,False,False,False,False,False
/home/Shelby/blackbird_calls/Experiments/Detection_of_calls/Datasets/All_call_classes/Split_data_controlled/OpenSoundScape/Call_audios/padded_3s/SL21_Trial_1_trim_47.24465941_47.3388856_Check.WAV,0.0,3.0,False,False,False,True,False,False,False,False,False,False,False
/home/Shelby/blackbird_calls/Experiments/Detection_of_calls/Datasets/All_call_classes/Split_data_controlled/OpenSoundScape/Call_audios/padded_3s/AZ02_Trial_3_trim_22.23593613_22.31736806_Check.WAV,0.0,3.0,False,False,False,True,False,False,False,False,False,False,False
/home/Shelby/blackbird_calls/Experiments/Detection_of_calls/Datasets/All_call_classes/Split_data_controlled/OpenSoundScape/Call_audios/padded_3s/SL54_Trial_1_trim_21.15259996_21.34692396_B.WAV,0.0,3.0,False,True,False,False,False,False,False,False,False,False,False
/home/Shelby/blackbird_calls/Experiments/Detection_of_calls/Datasets/All_call_classes/Split_data_controlled/OpenSoundScape/Call_audios/padded_3s/AZ13_Trial_1_trim_28.12274768_28.17544583_Check.WAV,0.0,3.0,False,False,False,True,False,False,False,False,False,False,False
/home/Shelby/blackbird_calls/Experiments/Detection_of_calls/Datasets/All_call_classes/Split_data_controlled/OpenSoundScape/Call_audios/padded_3s/SL26_Trial_1_trim_59.1781921_59.29007965_Check.WAV,0.0,3.0,False,False,False,True,False,False,False,False,False,False,False
/home/Shelby/blackbird_calls/Experiments/Detection_of_calls/Datasets/All_call_classes/Split_data_controlled/OpenSoundScape/Call_audios/padded_3s/SL02_Trial_1_trim_8.363523903_8.432981671_Check.WAV,0.0,3.0,False,False,False,True,False,False,False,False,False,False,False
/home/Shelby/blackbird_calls/Experiments/Detection_of_calls/Datasets/All_call_classes/Split_data_controlled/OpenSoundScape/Call_audios/padded_3s/AZ13_Trial_1_trim_6.130527661_6.183225809_Check.WAV,0.0,3.0,False,False,False,True,False,False,False,False,False,False,False
/home/Shelby/blackbird_calls/Experiments/Detection_of_calls/Datasets/All_call_classes/Split_data_controlled/OpenSoundScape/Call_audios/padded_3s/SL17a_Trial_3_trim_58.85687713_58.9380756_Check.WAV,0.0,3.0,False,False,False,True,False,False,False,False,False,False,False
/home/Shelby/blackbird_calls/Experiments/Detection_of_calls/Datasets/All_call_classes/Split_data_controlled/OpenSoundScape/Call_audios/padded_3s/SL42_Trial_3_trim_44.13387325_44.23989008_E.WAV,0.0,3.0,False,False,False,False,False,False,False,True,False,False,False
/home/Shelby/blackbird_calls/Experiments/Detection_of_calls/Datasets/All_call_classes/Split_data_controlled/OpenSoundScape/Call_audios/padded_3s/SL22_Trial_1_trim_18.31966004_18.40797651_Check.WAV,0.0,3.0,False,False,False,True,False,False,False,False,False,False,False
/home/Shelby/blackbird_calls/Experiments/Detection_of_calls/Datasets/All_call_classes/Split_data_controlled/OpenSoundScape/Call_audios/padded_3s/SL07_Trial_3_trim_54.97229896_55.23094982_D.WAV,0.0,3.0,False,False,False,False,False,False,True,False,False,False,False
/home/Shelby/blackbird_calls/Experiments/Detection_of_calls/Datasets/All_call_classes/Split_data_controlled/OpenSoundScape/Call_audios/padded_3s/AZ13_Trial_2_trim_59.09372622_59.16796889_Check.WAV,0.0,3.0,False,False,False,True,False,False,False,False,False,False,False
/home/Shelby/blackbird_calls/Experiments/Detection_of_calls/Datasets/All_call_classes/Split_data_controlled/OpenSoundScape/Call_audios/padded_3s/AZ13_Trial_3_trim_42.42845948_42.50030713_Check.WAV,0.0,3.0,False,False,False,True,False,False,False,False,False,False,False
/home/Shelby/blackbird_calls/Experiments/Detection_of_calls/Datasets/All_call_classes/Split_data_controlled/OpenSoundScape/Call_audios/padded_3s/SL36_Trial_1_trim_6.992153104_7.07335214_Check.WAV,0.0,3.0,False,False,False,True,False,False,False,False,False,False,False
/home/Shelby/blackbird_calls/Experiments/Detection_of_calls/Datasets/All_call_classes/Split_data_controlled/OpenSoundScape/Call_audios/padded_3s/SL16_Trial_2_trim_15.38530008_15.70338197_E.WAV,0.0,3.0,False,False,False,False,False,False,False,True,False,False,False
/home/Shelby/blackbird_calls/Experiments/Detection_of_calls/Datasets/All_call_classes/Split_data_controlled/OpenSoundScape/Call_audios/padded_3s/AZ02_Trial_2_trim_1.199372969_1.657466812_K.WAV,0.0,3.0,False,False,False,False,False,False,False,False,False,False,True
/home/Shelby/blackbird_calls/Experiments/Detection_of_calls/Datasets/All_call_classes/Split_data_controlled/OpenSoundScape/Call_audios/padded_3s/SL17a_Trial_3_trim_23.35826699_23.61227244_K.WAV,0.0,3.0,False,False,False,False,False,False,False,False,False,False,True
/home/Shelby/blackbird_calls/Experiments/Detection_of_calls/Datasets/All_call_classes/Split_data_controlled/OpenSoundScape/Call_audios/padded_3s/SL52_Trial_1_trim_29.69967627_29.81210491_Check.WAV,0.0,3.0,False,False,False,True,False,False,False,False,False,False,False
/home/Shelby/blackbird_calls/Experiments/Detection_of_calls/Datasets/All_call_classes/Split_data_controlled/OpenSoundScape/Call_audios/padded_3s/SL51_Trial_1_trim_30.56552167_31.18974507_Cheer.WAV,0.0,3.0,False,False,False,False,True,False,False,False,False,False,False
/home/Shelby/blackbird_calls/Experiments/Detection_of_calls/Datasets/All_call_classes/Split_data_controlled/OpenSoundScape/Call_audios/padded_3s/EF04_Trial_3_trim_18.05885722_18.41862923_G.WAV,0.0,3.0,False,False,False,False,False,False,False,False,True,False,False
/home/Shelby/blackbird_calls/Experiments/Detection_of_calls/Datasets/All_call_classes/Split_data_controlled/OpenSoundScape/Call_audios/padded_3s/AZ13_Trial_1_trim_41.66087247_41.73991969_Check.WAV,0.0,3.0,False,False,False,True,False,False,False,False,False,False,False
/home/Shelby/blackbird_calls/Experiments/Detection_of_calls/Datasets/All_call_classes/Split_data_controlled/OpenSoundScape/Call_audios/padded_3s/SL07_Trial_1_trim_1.432204814_1.504054554_Check.WAV,0.0,3.0,False,False,False,True,False,False,False,False,False,False,False
/home/Shelby/blackbird_calls/Experiments/Detection_of_calls/Datasets/All_call_classes/Split_data_controlled/OpenSoundScape/Call_audios/padded_3s/SL22_Trial_1_trim_49.7047258_49.80187392_Check.WAV,0.0,3.0,False,False,False,True,False,False,False,False,False,False,False
/home/Shelby/blackbird_calls/Experiments/Detection_of_calls/Datasets/All_call_classes/Split_data_controlled/OpenSoundScape/Call_audios/padded_3s/SL52_Trial_1_trim_50.09784939_50.21027803_Check.WAV,0.0,3.0,False,False,False,True,False,False,False,False,False,False,False
